q_e,eps_ratio,branch_id,type,residual
0.012500000000000001,1,0,nr,2.776e-16
0.025000000000000001,1,0,nr,2.776e-16
0.037500000000000006,1,0,nr,2.776e-16
0.050000000000000003,1,0,nr,2.776e-16
0.0625,1,0,nr,2.776e-16
0.074999999999999997,1,0,nr,2.776e-16
0.087500000000000008,1,0,nr,2.776e-16
0.10000000000000001,1,0,nr,2.776e-16
0.1125,1,0,nr,2.776e-16
0.125,1,0,nr,2.776e-16
0.13750000000000001,1,0,nr,2.776e-16
0.15000000000000002,1,0,nr,2.776e-16
0.16250000000000003,1,0,nr,2.776e-16
0.17500000000000002,1,0,nr,2.776e-16
0.18750000000000003,1,0,nr,2.776e-16
0.20000000000000001,1,0,nr,2.776e-16
0.21250000000000002,1,0,nr,2.776e-16
0.22500000000000003,1,0,nr,2.776e-16
0.23750000000000002,1,0,nr,2.776e-16
0.25,1,0,nr,2.776e-16
0.26250000000000001,1,0,nr,2.776e-16
0.27500000000000002,1,0,nr,2.776e-16
0.28750000000000003,1,0,nr,2.776e-16
0.30000000000000004,1,0,nr,2.776e-16
0.31250000000000006,1,0,nr,2.776e-16
0.32500000000000001,1,0,nr,2.776e-16
0.33750000000000002,1,0,nr,2.776e-16
0.35000000000000003,1,0,nr,2.776e-16
0.36250000000000004,1,0,nr,2.776e-16
0.37500000000000006,1,0,nr,2.776e-16
0.38750000000000001,1,0,nr,2.776e-16
0.40000000000000002,1,0,nr,2.776e-16
0.41250000000000003,1,0,nr,2.776e-16
0.42500000000000004,1,0,nr,2.776e-16
0.43750000000000006,1,0,nr,2.776e-16
0.45000000000000001,1,0,nr,2.776e-16
0.46250000000000002,1,0,nr,2.776e-16
0.47500000000000003,1,0,nr,2.776e-16
0.48750000000000004,1,0,nr,2.776e-16
0.5,1,0,nr,2.776e-16
0.51249999999999996,1,0,nr,2.776e-16
0.52500000000000002,1,0,nr,2.776e-16
0.53749999999999998,1,0,nr,2.776e-16
0.54999999999999993,1,0,nr,2.776e-16
0.5625,1,0,nr,2.776e-16
0.57499999999999996,1,0,nr,2.776e-16
0.58750000000000002,1,0,nr,2.776e-16
0.59999999999999998,1,0,nr,2.776e-16
0.61250000000000004,1,0,nr,2.776e-16
0.625,1,0,nr,2.776e-16
0.63749999999999996,1,0,nr,2.776e-16
0.65000000000000002,1,0,nr,2.776e-16
0.66249999999999998,1,0,nr,2.776e-16
0.67500000000000004,1,0,nr,2.776e-16
0.6875,1,0,nr,2.776e-16
0.69999999999999996,1,0,nr,2.776e-16
0.71250000000000002,1,0,nr,2.776e-16
0.72499999999999998,1,0,nr,2.776e-16
0.73750000000000004,1,0,nr,2.776e-16
0.75,1,0,nr,2.776e-16
0.76249999999999996,1,0,nr,2.776e-16
0.77500000000000002,1,0,nr,2.776e-16
0.78749999999999998,1,0,nr,2.776e-16
0.80000000000000004,1,0,nr,2.776e-16
0.8125,1,0,nr,2.776e-16
0.82499999999999996,1,0,nr,2.776e-16
0.83750000000000002,1,0,nr,2.776e-16
0.84999999999999998,1,0,nr,2.776e-16
0.86250000000000004,1,0,nr,2.776e-16
0.875,1,0,nr,2.776e-16
0.88749999999999996,1,0,nr,2.776e-16
0.90000000000000002,1,0,nr,2.776e-16
0.91249999999999998,1,0,nr,2.776e-16
0.92500000000000004,1,0,nr,2.776e-16
0.9375,1,0,nr,2.776e-16
0.94999999999999996,1,0,nr,2.776e-16
0.96250000000000002,1,0,nr,2.776e-16
0.97499999999999998,1,0,nr,2.776e-16
0.98750000000000004,1,0,nr,2.776e-16
1,1,0,nr,2.776e-16
1.0125,1,0,nr,2.776e-16
1.0249999999999999,1,0,nr,2.776e-16
1.0375000000000001,1,0,nr,2.776e-16
1.05,1,0,nr,2.776e-16
1.0625,1,0,nr,2.776e-16
1.075,1,0,nr,2.776e-16
1.0874999999999999,1,0,nr,2.776e-16
1.1000000000000001,1,0,nr,2.776e-16
1.1125,1,0,nr,2.776e-16
1.125,1,0,nr,2.776e-16
1.1375,1,0,nr,2.776e-16
1.1499999999999999,1,0,nr,2.776e-16
1.1625000000000001,1,0,nr,2.776e-16
1.175,1,0,nr,2.776e-16
1.1875,1,0,nr,2.776e-16
1.2,1,0,nr,2.776e-16
1.2125000000000001,1,0,nr,2.776e-16
1.2250000000000001,1,0,nr,2.776e-16
1.2375,1,0,nr,2.776e-16
1.25,1,0,nr,2.776e-16
1.2625,1,0,nr,2.776e-16
1.2750000000000001,1,0,nr,2.776e-16
1.2875000000000001,1,0,nr,2.776e-16
1.3,1,0,nr,2.776e-16
1.3125,1,0,nr,2.776e-16
1.325,1,0,nr,2.776e-16
1.3375000000000001,1,0,nr,2.776e-16
1.3500000000000001,1,0,nr,2.776e-16
1.3625,1,0,nr,2.776e-16
1.375,1,0,nr,2.776e-16
1.3875,1,0,nr,2.776e-16
1.4000000000000001,1,0,nr,2.776e-16
1.4125000000000001,1,0,nr,2.776e-16
1.425,1,0,nr,2.776e-16
1.4375,1,0,nr,2.776e-16
1.45,1,0,nr,2.776e-16
1.4625000000000001,1,0,nr,2.776e-16
1.4750000000000001,1,0,nr,2.776e-16
1.4875,1,0,nr,2.776e-16
1.5,1,0,nr,2.776e-16
1.5125,1,0,nr,2.776e-16
1.5250000000000001,1,0,nr,2.776e-16
1.5375000000000001,1,0,nr,2.776e-16
1.55,1,0,nr,2.776e-16
1.5625,1,0,nr,2.776e-16
1.575,1,0,nr,2.776e-16
1.5875000000000001,1,0,nr,2.776e-16
1.6000000000000001,1,0,nr,2.776e-16
1.6125,1,0,nr,2.776e-16
1.625,1,0,nr,2.776e-16
1.6375,1,0,nr,2.776e-16
1.6500000000000001,1,0,nr,2.776e-16
1.6625000000000001,1,0,nr,2.776e-16
1.675,1,0,nr,2.776e-16
1.6875,1,0,nr,2.776e-16
1.7,1,0,nr,2.776e-16
1.7125000000000001,1,0,nr,2.776e-16
1.7250000000000001,1,0,nr,2.776e-16
1.7375,1,0,nr,2.776e-16
1.75,1,0,nr,2.776e-16
1.7625,1,0,nr,2.776e-16
1.7750000000000001,1,0,nr,2.776e-16
1.7875000000000001,1,0,nr,2.776e-16
1.8,1,0,nr,2.776e-16
1.8125,1,0,nr,2.776e-16
1.825,1,0,nr,2.776e-16
1.8375000000000001,1,0,nr,2.776e-16
1.8500000000000001,1,0,nr,2.776e-16
1.8625,1,0,nr,2.776e-16
1.875,1,0,nr,2.776e-16
1.8875,1,0,nr,2.776e-16
1.9000000000000001,1,0,nr,2.776e-16
1.9125000000000001,1,0,nr,2.776e-16
1.925,1,0,nr,2.776e-16
1.9375,1,0,nr,2.776e-16
1.95,1,0,nr,2.776e-16
1.9625000000000001,1,0,nr,2.776e-16
1.9750000000000001,1,0,nr,2.776e-16
1.9875,1,0,nr,2.776e-16
2,1,0,nr,2.776e-16
2.0125000000000002,1,0,nr,2.776e-16
2.0250000000000004,1,0,nr,2.776e-16
2.0375000000000001,1,0,nr,2.776e-16
2.0500000000000003,1,0,nr,2.776e-16
2.0625000000000004,1,0,nr,2.776e-16
2.0750000000000002,1,0,nr,2.776e-16
2.0875000000000004,1,0,nr,2.776e-16
2.1000000000000001,1,0,nr,2.776e-16
2.1125000000000003,1,0,nr,2.776e-16
2.1250000000000004,1,0,nr,2.776e-16
2.1375000000000002,1,0,nr,2.776e-16
2.1500000000000004,1,0,nr,2.776e-16
2.1625000000000001,1,0,nr,2.776e-16
2.1750000000000003,1,0,nr,2.776e-16
2.1875000000000004,1,0,nr,2.776e-16
2.2000000000000002,1,0,nr,2.776e-16
2.2125000000000004,1,0,nr,2.776e-16
2.2250000000000001,1,0,nr,2.776e-16
2.2375000000000003,1,0,nr,2.776e-16
2.2500000000000004,1,0,nr,2.776e-16
2.2625000000000002,1,0,nr,2.776e-16
2.2750000000000004,1,0,nr,2.776e-16
2.2875000000000001,1,0,nr,2.776e-16
2.3000000000000003,1,0,nr,2.776e-16
2.3125000000000004,1,0,nr,2.776e-16
2.3250000000000002,1,0,nr,2.776e-16
2.3375000000000004,1,0,nr,2.776e-16
2.3500000000000001,1,0,nr,2.776e-16
2.3625000000000003,1,0,nr,2.776e-16
2.3750000000000004,1,0,nr,2.776e-16
2.3875000000000002,1,0,nr,2.776e-16
2.4000000000000004,1,0,nr,2.776e-16
2.4125000000000005,1,0,nr,2.776e-16
2.4250000000000003,1,0,nr,2.776e-16
2.4375000000000004,1,0,nr,2.776e-16
2.4500000000000002,1,0,nr,2.776e-16
2.4625000000000004,1,0,nr,2.776e-16
2.4750000000000005,1,0,nr,2.776e-16
2.4875000000000003,1,0,nr,2.776e-16
2.5000000000000004,1,0,nr,2.776e-16
2.5125000000000002,1,0,nr,2.776e-16
2.5250000000000004,1,0,nr,2.776e-16
2.5375000000000005,1,0,nr,2.776e-16
2.5500000000000003,1,0,nr,2.776e-16
2.5625000000000004,1,0,nr,2.776e-16
2.5750000000000002,1,0,nr,2.776e-16
2.5875000000000004,1,0,nr,2.776e-16
2.6000000000000005,1,0,nr,2.776e-16
2.6125000000000003,1,0,nr,2.776e-16
2.6250000000000004,1,0,nr,2.776e-16
2.6375000000000002,1,0,nr,2.776e-16
2.6500000000000004,1,0,nr,2.776e-16
2.6625000000000005,1,0,nr,2.776e-16
2.6750000000000003,1,0,nr,2.776e-16
2.6875000000000004,1,0,nr,2.776e-16
2.7000000000000002,1,0,nr,2.776e-16
2.7125000000000004,1,0,nr,2.776e-16
2.7250000000000005,1,0,nr,2.776e-16
2.7375000000000003,1,0,nr,2.776e-16
2.7500000000000004,1,0,nr,2.776e-16
2.7625000000000002,1,0,nr,2.776e-16
2.7750000000000004,1,0,nr,2.776e-16
2.7875000000000005,1,0,nr,2.776e-16
2.8000000000000003,1,0,nr,2.776e-16
2.8125000000000004,1,0,nr,2.776e-16
2.8250000000000002,1,0,nr,2.776e-16
2.8375000000000004,1,0,nr,2.776e-16
2.8500000000000005,1,0,nr,2.776e-16
2.8625000000000003,1,0,nr,2.776e-16
2.8750000000000004,1,0,nr,2.776e-16
2.8875000000000002,1,0,nr,2.776e-16
2.9000000000000004,1,0,nr,2.776e-16
2.9125000000000005,1,0,nr,2.776e-16
2.9250000000000003,1,0,nr,2.776e-16
2.9375000000000004,1,0,nr,2.776e-16
2.9500000000000002,1,0,nr,2.776e-16
2.9625000000000004,1,0,nr,2.776e-16
2.9750000000000005,1,0,nr,2.776e-16
2.9875000000000003,1,0,nr,2.776e-16
3.0000000000000004,1,0,nr,2.776e-16
3.0125000000000002,1,0,nr,2.776e-16
3.0250000000000004,1,0,nr,2.776e-16
3.0375000000000005,1,0,nr,2.776e-16
3.0500000000000003,1,0,nr,2.776e-16
3.0625000000000004,1,0,nr,2.776e-16
3.0750000000000002,1,0,nr,2.776e-16
3.0875000000000004,1,0,nr,2.776e-16
3.1000000000000005,1,0,nr,2.776e-16
3.1125000000000003,1,0,nr,2.776e-16
3.1250000000000004,1,0,nr,2.776e-16
3.1375000000000002,1,0,nr,2.776e-16
3.1500000000000004,1,0,nr,2.776e-16
3.1625000000000005,1,0,nr,2.776e-16
3.1750000000000003,1,0,nr,2.776e-16
3.1875000000000004,1,0,nr,2.776e-16
3.2000000000000002,1,0,nr,2.776e-16
3.2125000000000004,1,0,nr,2.776e-16
3.2250000000000005,1,0,nr,2.776e-16
3.2375000000000003,1,0,nr,2.776e-16
3.2500000000000004,1,0,nr,2.776e-16
3.2625000000000002,1,0,nr,2.776e-16
3.2750000000000004,1,0,nr,2.776e-16
3.2875000000000005,1,0,nr,2.776e-16
3.3000000000000003,1,0,nr,2.776e-16
3.3125000000000004,1,0,nr,2.776e-16
3.3250000000000002,1,0,nr,2.776e-16
3.3375000000000004,1,0,nr,2.776e-16
3.3500000000000005,1,0,nr,2.776e-16
3.3625000000000003,1,0,nr,2.776e-16
3.3750000000000004,1,0,nr,2.776e-16
3.3875000000000002,1,0,nr,2.776e-16
3.4000000000000004,1,0,nr,2.776e-16
3.4125000000000005,1,0,nr,2.776e-16
3.4250000000000003,1,0,nr,2.776e-16
3.4375000000000004,1,0,nr,2.776e-16
3.4500000000000002,1,0,nr,2.776e-16
3.4625000000000004,1,0,nr,2.776e-16
3.4750000000000005,1,0,nr,2.776e-16
3.4875000000000003,1,0,nr,2.776e-16
3.5000000000000004,1,0,nr,2.776e-16
3.5125000000000002,1,0,nr,2.776e-16
3.5250000000000004,1,0,nr,2.776e-16
3.5375000000000005,1,0,nr,2.776e-16
3.5500000000000003,1,0,nr,2.776e-16
3.5625000000000004,1,0,nr,2.776e-16
3.5750000000000002,1,0,nr,2.776e-16
3.5875000000000004,1,0,nr,2.776e-16
3.6000000000000005,1,0,nr,2.776e-16
3.6125000000000003,1,0,nr,2.776e-16
3.6250000000000004,1,0,nr,2.776e-16
3.6375000000000002,1,0,nr,2.776e-16
3.6500000000000004,1,0,nr,2.776e-16
3.6625000000000005,1,0,nr,2.776e-16
3.6750000000000003,1,0,nr,2.776e-16
3.6875000000000004,1,0,nr,2.776e-16
3.7000000000000002,1,0,nr,2.776e-16
3.7125000000000004,1,0,nr,2.776e-16
3.7250000000000005,1,0,nr,2.776e-16
3.7375000000000003,1,0,nr,2.776e-16
3.7500000000000004,1,0,nr,2.776e-16
3.7625000000000002,1,0,nr,2.776e-16
3.7750000000000004,1,0,nr,2.776e-16
3.7875000000000005,1,0,nr,2.776e-16
3.8000000000000003,1,0,nr,2.776e-16
3.8125000000000004,1,0,nr,2.776e-16
3.8250000000000002,1,0,nr,2.776e-16
3.8375000000000004,1,0,nr,2.776e-16
3.8500000000000005,1,0,nr,2.776e-16
3.8625000000000003,1,0,nr,2.776e-16
3.8750000000000004,1,0,nr,2.776e-16
3.8875000000000002,1,0,nr,2.776e-16
3.9000000000000004,1,0,nr,2.776e-16
3.9125000000000005,1,0,nr,2.776e-16
3.9250000000000003,1,0,nr,2.776e-16
3.9375000000000004,1,0,nr,2.776e-16
3.9500000000000002,1,0,nr,2.776e-16
3.9625000000000004,1,0,nr,2.776e-16
3.9750000000000005,1,0,nr,2.776e-16
3.9875000000000003,1,0,nr,2.776e-16
4,1,0,nr,2.776e-16
4.0125000000000002,1,0,nr,2.776e-16
4.0250000000000004,1,0,nr,2.776e-16
4.0375000000000005,1,0,nr,2.776e-16
4.0500000000000007,1,0,nr,2.776e-16
4.0625,1,0,nr,2.776e-16
4.0750000000000002,1,0,nr,2.776e-16
4.0875000000000004,1,0,nr,2.776e-16
4.1000000000000005,1,0,nr,2.776e-16
4.1125000000000007,1,0,nr,2.776e-16
4.125,1,0,nr,2.776e-16
4.1375000000000002,1,0,nr,2.776e-16
4.1500000000000004,1,0,nr,2.776e-16
4.1625000000000005,1,0,nr,2.776e-16
4.1750000000000007,1,0,nr,2.776e-16
4.1875,1,0,nr,2.776e-16
4.2000000000000002,1,0,nr,2.776e-16
4.2125000000000004,1,0,nr,2.776e-16
4.2250000000000005,1,0,nr,2.776e-16
4.2375000000000007,1,0,nr,2.776e-16
4.25,1,0,nr,2.776e-16
4.2625000000000002,1,0,nr,2.776e-16
4.2750000000000004,1,0,nr,2.776e-16
4.2875000000000005,1,0,nr,2.776e-16
4.3000000000000007,1,0,nr,2.776e-16
4.3125,1,0,nr,2.776e-16
4.3250000000000002,1,0,nr,2.776e-16
4.3375000000000004,1,0,nr,2.776e-16
4.3500000000000005,1,0,nr,2.776e-16
4.3625000000000007,1,0,nr,2.776e-16
4.375,1,0,nr,2.776e-16
4.3875000000000002,1,0,nr,2.776e-16
4.4000000000000004,1,0,nr,2.776e-16
4.4125000000000005,1,0,nr,2.776e-16
4.4250000000000007,1,0,nr,2.776e-16
4.4375,1,0,nr,2.776e-16
4.4500000000000002,1,0,nr,2.776e-16
4.4625000000000004,1,0,nr,2.776e-16
4.4750000000000005,1,0,nr,2.776e-16
4.4875000000000007,1,0,nr,2.776e-16
4.5,1,0,nr,2.776e-16
4.5125000000000002,1,0,nr,2.776e-16
4.5250000000000004,1,0,nr,2.776e-16
4.5375000000000005,1,0,nr,2.776e-16
4.5500000000000007,1,0,nr,2.776e-16
4.5625,1,0,nr,2.776e-16
4.5750000000000002,1,0,nr,2.776e-16
4.5875000000000004,1,0,nr,2.776e-16
4.6000000000000005,1,0,nr,2.776e-16
4.6125000000000007,1,0,nr,2.776e-16
4.625,1,0,nr,2.776e-16
4.6375000000000002,1,0,nr,2.776e-16
4.6500000000000004,1,0,nr,2.776e-16
4.6625000000000005,1,0,nr,2.776e-16
4.6750000000000007,1,0,nr,2.776e-16
4.6875,1,0,nr,2.776e-16
4.7000000000000002,1,0,nr,2.776e-16
4.7125000000000004,1,0,nr,2.776e-16
4.7250000000000005,1,0,nr,2.776e-16
4.7375000000000007,1,0,nr,2.776e-16
4.75,1,0,nr,2.776e-16
4.7625000000000002,1,0,nr,2.776e-16
4.7750000000000004,1,0,nr,2.776e-16
4.7875000000000005,1,0,nr,2.776e-16
4.8000000000000007,1,0,nr,2.776e-16
4.8125000000000009,1,0,nr,2.776e-16
4.8250000000000002,1,0,nr,2.776e-16
4.8375000000000004,1,0,nr,2.776e-16
4.8500000000000005,1,0,nr,2.776e-16
4.8625000000000007,1,0,nr,2.776e-16
4.8750000000000009,1,0,nr,2.776e-16
4.8875000000000002,1,0,nr,2.776e-16
4.9000000000000004,1,0,nr,2.776e-16
4.9125000000000005,1,0,nr,2.776e-16
4.9250000000000007,1,0,nr,2.776e-16
4.9375000000000009,1,0,nr,2.776e-16
4.9500000000000002,1,0,nr,2.776e-16
4.9625000000000004,1,0,nr,2.776e-16
4.9750000000000005,1,0,nr,2.776e-16
4.9875000000000007,1,0,nr,2.776e-16
5.0000000000000009,1,0,nr,2.776e-16
5.0125000000000002,1,0,nr,2.776e-16
5.0250000000000004,1,0,nr,2.776e-16
5.0375000000000005,1,0,nr,2.776e-16
5.0500000000000007,1,0,nr,2.776e-16
5.0625000000000009,1,0,nr,2.776e-16
5.0750000000000002,1,0,nr,2.776e-16
5.0875000000000004,1,0,nr,2.776e-16
5.1000000000000005,1,0,nr,2.776e-16
5.1125000000000007,1,0,nr,2.776e-16
5.1250000000000009,1,0,nr,2.776e-16
5.1375000000000002,1,0,nr,2.776e-16
5.1500000000000004,1,0,nr,2.776e-16
5.1625000000000005,1,0,nr,2.776e-16
5.1750000000000007,1,0,nr,2.776e-16
5.1875000000000009,1,0,nr,2.776e-16
5.2000000000000002,1,0,nr,2.776e-16
5.2125000000000004,1,0,nr,2.776e-16
5.2250000000000005,1,0,nr,2.776e-16
5.2375000000000007,1,0,nr,2.776e-16
5.2500000000000009,1,0,nr,2.776e-16
5.2625000000000002,1,0,nr,2.776e-16
5.2750000000000004,1,0,nr,2.776e-16
5.2875000000000005,1,0,nr,2.776e-16
5.3000000000000007,1,0,nr,2.776e-16
5.3125000000000009,1,0,nr,2.776e-16
5.3250000000000002,1,0,nr,2.776e-16
5.3375000000000004,1,0,nr,2.776e-16
5.3500000000000005,1,0,nr,2.776e-16
5.3625000000000007,1,0,nr,2.776e-16
5.3750000000000009,1,0,nr,2.776e-16
5.3875000000000002,1,0,nr,2.776e-16
5.4000000000000004,1,0,nr,2.776e-16
5.4125000000000005,1,0,nr,2.776e-16
5.4250000000000007,1,0,nr,2.776e-16
5.4375000000000009,1,0,nr,2.776e-16
5.4500000000000002,1,0,nr,2.776e-16
5.4625000000000004,1,0,nr,2.776e-16
5.4750000000000005,1,0,nr,2.776e-16
5.4875000000000007,1,0,nr,2.776e-16
5.5000000000000009,1,0,nr,2.776e-16
5.5125000000000002,1,0,nr,2.776e-16
5.5250000000000004,1,0,nr,2.776e-16
5.5375000000000005,1,0,nr,2.776e-16
5.5500000000000007,1,0,nr,2.776e-16
5.5625000000000009,1,0,nr,2.776e-16
5.5750000000000002,1,0,nr,2.776e-16
5.5875000000000004,1,0,nr,2.776e-16
5.6000000000000005,1,0,nr,2.776e-16
5.6125000000000007,1,0,nr,2.776e-16
5.6250000000000009,1,0,nr,2.776e-16
5.6375000000000002,1,0,nr,2.776e-16
5.6500000000000004,1,0,nr,2.776e-16
5.6625000000000005,1,0,nr,2.776e-16
5.6750000000000007,1,0,nr,2.776e-16
5.6875000000000009,1,0,nr,2.776e-16
5.7000000000000002,1,0,nr,2.776e-16
5.7125000000000004,1,0,nr,2.776e-16
5.7250000000000005,1,0,nr,2.776e-16
5.7375000000000007,1,0,nr,2.776e-16
5.7500000000000009,1,0,nr,2.776e-16
5.7625000000000002,1,0,nr,2.776e-16
5.7750000000000004,1,0,nr,2.776e-16
5.7875000000000005,1,0,nr,2.776e-16
5.8000000000000007,1,0,nr,2.776e-16
5.8125000000000009,1,0,nr,2.776e-16
5.8250000000000002,1,0,nr,2.776e-16
5.8375000000000004,1,0,nr,2.776e-16
5.8500000000000005,1,0,nr,2.776e-16
5.8625000000000007,1,0,nr,2.776e-16
5.8750000000000009,1,0,nr,2.776e-16
5.8875000000000002,1,0,nr,2.776e-16
5.9000000000000004,1,0,nr,2.776e-16
5.9125000000000005,1,0,nr,2.776e-16
5.9250000000000007,1,0,nr,2.776e-16
5.9375000000000009,1,0,nr,2.776e-16
5.9500000000000002,1,0,nr,2.776e-16
5.9625000000000004,1,0,nr,2.776e-16
5.9750000000000005,1,0,nr,2.776e-16
5.9875000000000007,1,0,nr,2.776e-16
6.0000000000000009,1,0,nr,2.776e-16
6.0125000000000002,1,0,nr,2.776e-16
6.0250000000000004,1,0,nr,2.776e-16
6.0375000000000005,1,0,nr,2.776e-16
6.0500000000000007,1,0,nr,2.776e-16
6.0625000000000009,1,0,nr,2.776e-16
6.0750000000000002,1,0,nr,2.776e-16
6.0875000000000004,1,0,nr,2.776e-16
6.1000000000000005,1,0,nr,2.776e-16
6.1125000000000007,1,0,nr,2.776e-16
6.1250000000000009,1,0,nr,2.776e-16
6.1375000000000002,1,0,nr,2.776e-16
6.1500000000000004,1,0,nr,2.776e-16
6.1625000000000005,1,0,nr,2.776e-16
6.1750000000000007,1,0,nr,2.776e-16
6.1875000000000009,1,0,nr,2.776e-16
6.2000000000000002,1,0,nr,2.776e-16
6.2125000000000004,1,0,nr,2.776e-16
6.2250000000000005,1,0,nr,2.776e-16
6.2375000000000007,1,0,nr,2.776e-16
6.2500000000000009,1,0,nr,2.776e-16
6.2625000000000002,1,0,nr,2.776e-16
6.2750000000000004,1,0,nr,2.776e-16
6.2875000000000005,1,0,nr,2.776e-16
6.3000000000000007,1,0,nr,2.776e-16
6.3125000000000009,1,0,nr,2.776e-16
6.3250000000000002,1,0,nr,2.776e-16
6.3375000000000004,1,0,nr,2.776e-16
6.3500000000000005,1,0,nr,2.776e-16
6.3625000000000007,1,0,nr,2.776e-16
6.3750000000000009,1,0,nr,2.776e-16
6.3875000000000002,1,0,nr,2.776e-16
6.4000000000000004,1,0,nr,2.776e-16
6.4125000000000005,1,0,nr,2.776e-16
6.4250000000000007,1,0,nr,2.776e-16
6.4375000000000009,1,0,nr,2.776e-16
6.4500000000000002,1,0,nr,2.776e-16
6.4625000000000004,1,0,nr,2.776e-16
6.4750000000000005,1,0,nr,2.776e-16
6.4875000000000007,1,0,nr,2.776e-16
6.5000000000000009,1,0,nr,2.776e-16
6.5125000000000002,1,0,nr,2.776e-16
6.5250000000000004,1,0,nr,2.776e-16
6.5375000000000005,1,0,nr,2.776e-16
6.5500000000000007,1,0,nr,2.776e-16
6.5625000000000009,1,0,nr,2.776e-16
6.5750000000000002,1,0,nr,2.776e-16
6.5875000000000004,1,0,nr,2.776e-16
6.6000000000000005,1,0,nr,2.776e-16
6.6125000000000007,1,0,nr,2.776e-16
6.6250000000000009,1,0,nr,2.776e-16
6.6375000000000002,1,0,nr,2.776e-16
6.6500000000000004,1,0,nr,2.776e-16
6.6625000000000005,1,0,nr,2.776e-16
6.6750000000000007,1,0,nr,2.776e-16
6.6875000000000009,1,0,nr,2.776e-16
6.7000000000000002,1,0,nr,2.776e-16
6.7125000000000004,1,0,nr,2.776e-16
6.7250000000000005,1,0,nr,2.776e-16
6.7375000000000007,1,0,nr,2.776e-16
6.7500000000000009,1,0,nr,2.776e-16
6.7625000000000002,1,0,nr,2.776e-16
6.7750000000000004,1,0,nr,2.776e-16
6.7875000000000005,1,0,nr,2.776e-16
6.8000000000000007,1,0,nr,2.776e-16
6.8125000000000009,1,0,nr,2.776e-16
6.8250000000000002,1,0,nr,2.776e-16
6.8375000000000004,1,0,nr,2.776e-16
6.8500000000000005,1,0,nr,2.776e-16
6.8625000000000007,1,0,nr,2.776e-16
6.8750000000000009,1,0,nr,2.776e-16
6.8875000000000002,1,0,nr,2.776e-16
6.9000000000000004,1,0,nr,2.776e-16
6.9125000000000005,1,0,nr,2.776e-16
6.9250000000000007,1,0,nr,2.776e-16
6.9375000000000009,1,0,nr,2.776e-16
6.9500000000000002,1,0,nr,2.776e-16
6.9625000000000004,1,0,nr,2.776e-16
6.9750000000000005,1,0,nr,2.776e-16
6.9875000000000007,1,0,nr,2.776e-16
7.0000000000000009,1,0,nr,2.776e-16
7.0125000000000002,1,0,nr,2.776e-16
7.0250000000000004,1,0,nr,2.776e-16
7.0375000000000005,1,0,nr,2.776e-16
7.0500000000000007,1,0,nr,2.776e-16
7.0625000000000009,1,0,nr,2.776e-16
7.0750000000000002,1,0,nr,2.776e-16
7.0875000000000004,1,0,nr,2.776e-16
7.1000000000000005,1,0,nr,2.776e-16
7.1125000000000007,1,0,nr,2.776e-16
7.1250000000000009,1,0,nr,2.776e-16
7.1375000000000002,1,0,nr,2.776e-16
7.1500000000000004,1,0,nr,2.776e-16
7.1625000000000005,1,0,nr,2.776e-16
7.1750000000000007,1,0,nr,2.776e-16
7.1875000000000009,1,0,nr,2.776e-16
7.2000000000000002,1,0,nr,2.776e-16
7.2125000000000004,1,0,nr,2.776e-16
7.2250000000000005,1,0,nr,2.776e-16
7.2375000000000007,1,0,nr,2.776e-16
7.2500000000000009,1,0,nr,2.776e-16
7.2625000000000002,1,0,nr,2.776e-16
7.2750000000000004,1,0,nr,2.776e-16
7.2875000000000005,1,0,nr,2.776e-16
7.3000000000000007,1,0,nr,2.776e-16
7.3125000000000009,1,0,nr,2.776e-16
7.3250000000000002,1,0,nr,2.776e-16
7.3375000000000004,1,0,nr,2.776e-16
7.3500000000000005,1,0,nr,2.776e-16
7.3625000000000007,1,0,nr,2.776e-16
7.3750000000000009,1,0,nr,2.776e-16
7.3875000000000002,1,0,nr,2.776e-16
7.4000000000000004,1,0,nr,2.776e-16
7.4125000000000005,1,0,nr,2.776e-16
7.4250000000000007,1,0,nr,2.776e-16
7.4375000000000009,1,0,nr,2.776e-16
7.4500000000000002,1,0,nr,2.776e-16
7.4625000000000004,1,0,nr,2.776e-16
7.4750000000000005,1,0,nr,2.776e-16
7.4875000000000007,1,0,nr,2.776e-16
7.5000000000000009,1,0,nr,2.776e-16
7.5125000000000002,1,0,nr,2.776e-16
7.5250000000000004,1,0,nr,2.776e-16
7.5375000000000005,1,0,nr,2.776e-16
7.5500000000000007,1,0,nr,2.776e-16
7.5625000000000009,1,0,nr,2.776e-16
7.5750000000000002,1,0,nr,2.776e-16
7.5875000000000004,1,0,nr,2.776e-16
7.6000000000000005,1,0,nr,2.776e-16
7.6125000000000007,1,0,nr,2.776e-16
7.6250000000000009,1,0,nr,2.776e-16
7.6375000000000002,1,0,nr,2.776e-16
7.6500000000000004,1,0,nr,2.776e-16
7.6625000000000005,1,0,nr,2.776e-16
7.6750000000000007,1,0,nr,2.776e-16
7.6875000000000009,1,0,nr,2.776e-16
7.7000000000000002,1,0,nr,2.776e-16
7.7125000000000004,1,0,nr,2.776e-16
7.7250000000000005,1,0,nr,2.776e-16
7.7375000000000007,1,0,nr,2.776e-16
7.7500000000000009,1,0,nr,2.776e-16
7.7625000000000002,1,0,nr,2.776e-16
7.7750000000000004,1,0,nr,2.776e-16
7.7875000000000005,1,0,nr,2.776e-16
7.8000000000000007,1,0,nr,2.776e-16
7.8125000000000009,1,0,nr,2.776e-16
7.8250000000000002,1,0,nr,2.776e-16
7.8375000000000004,1,0,nr,2.776e-16
7.8500000000000005,1,0,nr,2.776e-16
7.8625000000000007,1,0,nr,2.776e-16
7.8750000000000009,1,0,nr,2.776e-16
7.8875000000000002,1,0,nr,2.776e-16
7.9000000000000004,1,0,nr,2.776e-16
7.9125000000000005,1,0,nr,2.776e-16
7.9250000000000007,1,0,nr,2.776e-16
7.9375000000000009,1,0,nr,2.776e-16
7.9500000000000002,1,0,nr,2.776e-16
7.9625000000000004,1,0,nr,2.776e-16
7.9750000000000005,1,0,nr,2.776e-16
7.9875000000000007,1,0,nr,2.776e-16
8,1,0,nr,2.776e-16
8.0124999999999993,1,0,nr,2.776e-16
8.0250000000000004,1,0,nr,2.776e-16
8.0374999999999996,1,0,nr,2.776e-16
8.0499999999999989,1,0,nr,2.776e-16
8.0625,1,0,nr,2.776e-16
8.0749999999999993,1,0,nr,2.776e-16
8.0875000000000004,1,0,nr,2.776e-16
8.0999999999999996,1,0,nr,2.776e-16
8.1124999999999989,1,0,nr,2.776e-16
8.125,1,0,nr,2.776e-16
8.1374999999999993,1,0,nr,2.776e-16
8.1500000000000004,1,0,nr,2.776e-16
8.1624999999999996,1,0,nr,2.776e-16
8.1749999999999989,1,0,nr,2.776e-16
8.1875,1,0,nr,2.776e-16
8.1999999999999993,1,0,nr,2.776e-16
8.2125000000000004,1,0,nr,2.776e-16
8.2249999999999996,1,0,nr,2.776e-16
8.2374999999999989,1,0,nr,2.776e-16
8.25,1,0,nr,2.776e-16
8.2624999999999993,1,0,nr,2.776e-16
8.2750000000000004,1,0,nr,2.776e-16
8.2874999999999996,1,0,nr,2.776e-16
8.2999999999999989,1,0,nr,2.776e-16
8.3125,1,0,nr,2.776e-16
8.3249999999999993,1,0,nr,2.776e-16
8.3375000000000004,1,0,nr,2.776e-16
8.3499999999999996,1,0,nr,2.776e-16
8.3624999999999989,1,0,nr,2.776e-16
8.375,1,0,nr,2.776e-16
8.3874999999999993,1,0,nr,2.776e-16
8.4000000000000004,1,0,nr,2.776e-16
8.4124999999999996,1,0,nr,2.776e-16
8.4249999999999989,1,0,nr,2.776e-16
8.4375,1,0,nr,2.776e-16
8.4499999999999993,1,0,nr,2.776e-16
8.4625000000000004,1,0,nr,2.776e-16
8.4749999999999996,1,0,nr,2.776e-16
8.4874999999999989,1,0,nr,2.776e-16
8.5,1,0,nr,2.776e-16
8.5124999999999993,1,0,nr,2.776e-16
8.5250000000000004,1,0,nr,2.776e-16
8.5374999999999996,1,0,nr,2.776e-16
8.5499999999999989,1,0,nr,2.776e-16
8.5625,1,0,nr,2.776e-16
8.5749999999999993,1,0,nr,2.776e-16
8.5875000000000004,1,0,nr,2.776e-16
8.5999999999999996,1,0,nr,2.776e-16
8.6124999999999989,1,0,nr,2.776e-16
8.625,1,0,nr,2.776e-16
8.6374999999999993,1,0,nr,2.776e-16
8.6500000000000004,1,0,nr,2.776e-16
8.6624999999999996,1,0,nr,2.776e-16
8.6749999999999989,1,0,nr,2.776e-16
8.6875,1,0,nr,2.776e-16
8.6999999999999993,1,0,nr,2.776e-16
8.7125000000000004,1,0,nr,2.776e-16
8.7249999999999996,1,0,nr,2.776e-16
8.7374999999999989,1,0,nr,2.776e-16
8.75,1,0,nr,2.776e-16
8.7624999999999993,1,0,nr,2.776e-16
8.7750000000000004,1,0,nr,2.776e-16
8.7874999999999996,1,0,nr,2.776e-16
8.7999999999999989,1,0,nr,2.776e-16
8.8125,1,0,nr,2.776e-16
8.8249999999999993,1,0,nr,2.776e-16
8.8375000000000004,1,0,nr,2.776e-16
8.8499999999999996,1,0,nr,2.776e-16
8.8624999999999989,1,0,nr,2.776e-16
8.875,1,0,nr,2.776e-16
8.8874999999999993,1,0,nr,2.776e-16
8.9000000000000004,1,0,nr,2.776e-16
8.9124999999999996,1,0,nr,2.776e-16
8.9249999999999989,1,0,nr,2.776e-16
8.9375,1,0,nr,2.776e-16
8.9499999999999993,1,0,nr,2.776e-16
8.9625000000000004,1,0,nr,2.776e-16
8.9749999999999996,1,0,nr,2.776e-16
8.9874999999999989,1,0,nr,2.776e-16
9,1,0,nr,2.776e-16
9.0124999999999993,1,0,nr,2.776e-16
9.0250000000000004,1,0,nr,2.776e-16
9.0374999999999996,1,0,nr,2.776e-16
9.0499999999999989,1,0,nr,2.776e-16
9.0625,1,0,nr,2.776e-16
9.0749999999999993,1,0,nr,2.776e-16
9.0875000000000004,1,0,nr,2.776e-16
9.0999999999999996,1,0,nr,2.776e-16
9.1124999999999989,1,0,nr,2.776e-16
9.125,1,0,nr,2.776e-16
9.1374999999999993,1,0,nr,2.776e-16
9.1500000000000004,1,0,nr,2.776e-16
9.1624999999999996,1,0,nr,2.776e-16
9.1749999999999989,1,0,nr,2.776e-16
9.1875,1,0,nr,2.776e-16
9.1999999999999993,1,0,nr,2.776e-16
9.2125000000000004,1,0,nr,2.776e-16
9.2249999999999996,1,0,nr,2.776e-16
9.2374999999999989,1,0,nr,2.776e-16
9.25,1,0,nr,2.776e-16
9.2624999999999993,1,0,nr,2.776e-16
9.2750000000000004,1,0,nr,2.776e-16
9.2874999999999996,1,0,nr,2.776e-16
9.2999999999999989,1,0,nr,2.776e-16
9.3125,1,0,nr,2.776e-16
9.3249999999999993,1,0,nr,2.776e-16
9.3375000000000004,1,0,nr,2.776e-16
9.3499999999999996,1,0,nr,2.776e-16
9.3624999999999989,1,0,nr,2.776e-16
9.375,1,0,nr,2.776e-16
9.3874999999999993,1,0,nr,2.776e-16
9.4000000000000004,1,0,nr,2.776e-16
9.4124999999999996,1,0,nr,2.776e-16
9.4249999999999989,1,0,nr,2.776e-16
9.4375,1,0,nr,2.776e-16
9.4499999999999993,1,0,nr,2.776e-16
9.4625000000000004,1,0,nr,2.776e-16
9.4749999999999996,1,0,nr,2.776e-16
9.4874999999999989,1,0,nr,2.776e-16
9.5,1,0,nr,2.776e-16
9.5124999999999993,1,0,nr,2.776e-16
9.5250000000000004,1,0,nr,2.776e-16
9.5374999999999996,1,0,nr,2.776e-16
9.5499999999999989,1,0,nr,2.776e-16
9.5625,1,0,nr,2.776e-16
9.5749999999999993,1,0,nr,2.776e-16
9.5875000000000004,1,0,nr,2.776e-16
9.5999999999999996,1,0,nr,2.776e-16
9.6125000000000007,1,0,nr,2.776e-16
9.625,1,0,nr,2.776e-16
9.6374999999999993,1,0,nr,2.776e-16
9.6500000000000004,1,0,nr,2.776e-16
9.6624999999999996,1,0,nr,2.776e-16
9.6750000000000007,1,0,nr,2.776e-16
9.6875,1,0,nr,2.776e-16
9.6999999999999993,1,0,nr,2.776e-16
9.7125000000000004,1,0,nr,2.776e-16
9.7249999999999996,1,0,nr,2.776e-16
9.7375000000000007,1,0,nr,2.776e-16
9.75,1,0,nr,2.776e-16
9.7624999999999993,1,0,nr,2.776e-16
9.7750000000000004,1,0,nr,2.776e-16
9.7874999999999996,1,0,nr,2.776e-16
9.8000000000000007,1,0,nr,2.776e-16
9.8125,1,0,nr,2.776e-16
9.8249999999999993,1,0,nr,2.776e-16
9.8375000000000004,1,0,nr,2.776e-16
9.8499999999999996,1,0,nr,2.776e-16
9.8625000000000007,1,0,nr,2.776e-16
9.875,1,0,nr,2.776e-16
9.8874999999999993,1,0,nr,2.776e-16
9.9000000000000004,1,0,nr,2.776e-16
9.9124999999999996,1,0,nr,2.776e-16
9.9250000000000007,1,0,nr,2.776e-16
9.9375,1,0,nr,2.776e-16
9.9499999999999993,1,0,nr,2.776e-16
9.9625000000000004,1,0,nr,2.776e-16
9.9749999999999996,1,0,nr,2.776e-16
9.9875000000000007,1,0,nr,2.776e-16
10,1,0,nr,2.776e-16
1.5375000000000001,14.792798625744801,1,nr,2.240e-13
1.55,14.568407683812108,1,nr,1.765e-13
1.5625,14.349427960394362,1,nr,3.824e-14
1.575,14.135688970903077,1,nr,6.403e-17
1.5875000000000001,13.927026923229599,1,nr,6.150e-16
1.6000000000000001,13.723284405377774,1,nr,1.989e-13
1.6125,13.524310089994476,1,nr,5.561e-14
1.625,13.329958454728093,1,nr,4.455e-17
1.6375,13.140089517505549,1,nr,6.703e-13
1.6500000000000001,12.954568585748222,1,nr,2.534e-14
1.6625000000000001,12.773266018819916,1,nr,2.108e-13
1.675,12.596057002743329,1,nr,1.971e-16
1.6875,12.422821336611324,1,nr,2.544e-13
1.7,12.253443229959748,1,nr,1.959e-13
1.7125000000000001,12.087811110419933,1,nr,2.603e-13
1.7250000000000001,11.925817441128848,1,nr,5.296e-16
1.7375,11.767358547275631,1,nr,3.643e-16
1.75,11.612334451316343,1,nr,2.941e-16
1.7625,11.460648716322755,1,nr,1.730e-16
1.7750000000000001,11.312208297036534,1,nr,4.987e-17
1.7875000000000001,11.166923398188914,1,nr,4.023e-16
1.8,11.02470733968517,1,nr,1.389e-14
1.8125,10.885476428277066,1,nr,5.368e-16
1.825,10.749149835366815,1,nr,9.573e-14
1.8375000000000001,10.615649480616312,1,nr,1.299e-16
1.8500000000000001,10.484899921035549,1,nr,2.016e-15
1.8625,10.356828245276303,1,nr,3.956e-16
1.875,10.231363972836235,1,nr,5.846e-16
1.8875,10.108438957923711,1,nr,2.397e-13
1.9000000000000001,9.9879872977417214,1,nr,3.050e-13
1.9125000000000001,9.8699452449473277,1,nr,6.246e-16
1.925,9.7542511240797456,1,nr,8.885e-14
1.9375,9.6408452517656524,1,nr,3.579e-16
1.95,9.5296698604747991,1,nr,2.037e-14
1.9625000000000001,9.4206690256812191,1,nr,6.697e-16
1.9750000000000001,9.3137885962333264,1,nr,1.982e-13
1.9875,9.2089761277895779,1,nr,1.584e-13
2,9.1061808191485625,1,nr,2.560e-16
2.0125000000000002,9.0053534513471174,1,nr,2.861e-16
2.0250000000000004,8.9064463293837868,1,nr,1.036e-15
2.0375000000000001,8.809413226433513,1,nr,7.033e-14
2.0500000000000003,8.7142093304414647,1,nr,1.186e-13
2.0625000000000004,8.6207911929749077,1,nr,5.857e-17
2.0750000000000002,8.5291166802246323,1,nr,1.490e-13
2.0875000000000004,8.4391449260624825,1,nr,1.445e-13
2.1000000000000001,8.3508362870402024,1,nr,2.976e-16
2.1125000000000003,8.2641522992522649,1,nr,1.501e-13
2.1250000000000004,8.1790556369746934,1,nr,1.826e-13
2.1375000000000002,8.09551007298451,1,nr,4.532e-16
2.1500000000000004,8.013480440492172,1,nr,3.671e-13
2.1625000000000001,7.9329325966200104,1,nr,4.960e-13
2.1750000000000003,7.8538333873309227,1,nr,2.765e-13
2.1875000000000004,7.7761506137644529,1,nr,1.539e-16
2.2000000000000002,7.6998529999082299,1,nr,7.822e-15
2.2125000000000004,7.6249101615453503,1,nr,3.229e-15
2.2250000000000001,7.5512925764144132,1,nr,2.494e-16
2.2375000000000003,7.4789715555360354,1,nr,2.645e-13
2.2500000000000004,7.4079192156528366,1,nr,6.020e-13
2.2625000000000002,7.3381084527289735,1,nr,5.816e-13
2.2750000000000004,7.2695129164644721,1,nr,8.425e-14
2.2875000000000001,7.2021069857805102,1,nr,1.907e-16
2.3000000000000003,7.1358657452416647,1,nr,5.104e-16
2.3125000000000004,7.0707649623563338,1,nr,1.600e-16
2.3250000000000002,7.0067810657320475,1,nr,9.635e-16
2.3375000000000004,6.9438911240432768,1,nr,3.701e-13
2.3500000000000001,6.8820728257838146,1,nr,7.111e-16
2.3625000000000003,6.8213044597502499,1,nr,4.539e-16
2.3750000000000004,6.7615648962591459,1,nr,2.601e-16
2.3875000000000002,6.70283356903143,1,nr,8.426e-13
2.4000000000000004,6.6450904577539145,1,nr,1.341e-12
2.4125000000000005,6.5883160712141713,1,nr,7.350e-13
2.4250000000000003,6.5324914311400093,1,nr,1.183e-15
2.4375000000000004,6.4775980564878912,1,nr,9.726e-13
2.4500000000000002,6.4236179483952176,1,nr,6.409e-13
2.4625000000000004,6.3705335755874399,1,nr,4.634e-16
2.4750000000000005,6.3183278603292754,1,nr,8.388e-13
2.4875000000000003,6.2669841648684681,1,nr,1.994e-16
2.5000000000000004,6.2164862783085617,1,nr,2.665e-16
2.5125000000000002,6.1668184039757463,1,nr,7.342e-16
2.5250000000000004,6.117965147182149,1,nr,1.097e-12
2.5375000000000005,6.0699115034279805,1,nr,5.291e-15
2.5500000000000003,6.0226428469576714,1,nr,1.232e-12
2.5625000000000004,5.9761449197607703,1,nr,0.000e+00
2.5750000000000002,5.9304038208595076,1,nr,3.364e-16
2.5875000000000004,5.8854059960144403,1,nr,6.064e-16
2.6000000000000005,5.8411382277220296,1,nr,4.048e-16
2.6125000000000003,5.7975876255469334,1,nr,1.400e-12
2.6250000000000004,5.754741616777495,1,nr,5.443e-14
2.6375000000000002,5.7125879373301816,1,nr,1.467e-12
2.6500000000000004,5.6711146230134428,1,nr,3.388e-16
2.6625000000000005,5.6303100009679259,1,nr,3.672e-12
2.6750000000000003,5.5901626815020942,1,nr,5.958e-12
2.6875000000000004,5.5506615499433574,1,nr,4.754e-16
2.7000000000000002,5.5117957590803046,1,nr,6.796e-16
2.7125000000000004,5.4735547214725342,1,nr,1.131e-12
2.7250000000000005,5.4359281022214994,1,nr,5.442e-16
2.7375000000000003,5.3989058118355313,1,nr,8.132e-13
2.7500000000000004,5.3624779993632208,1,nr,6.126e-16
2.7625000000000002,5.3266350456611473,1,nr,2.043e-16
2.7750000000000004,5.2913675568913181,1,nr,1.362e-15
2.7875000000000005,5.2566663581679611,1,nr,8.853e-16
2.8000000000000003,5.2225224873779927,1,nr,1.910e-12
2.8125000000000004,5.1889271891802782,1,nr,8.805e-13
2.8250000000000002,5.1558719091122729,1,nr,6.809e-16
2.8375000000000004,5.1233482878870893,1,nr,1.569e-12
2.8500000000000005,5.0913481558250275,1,nr,1.225e-15
2.8625000000000003,5.059863527368198,1,nr,2.170e-14
2.8750000000000004,5.028886595783896,1,nr,1.000e-12
2.8875000000000002,4.998409727946953,1,nr,1.594e-12
2.9000000000000004,4.9684254592388557,1,nr,1.597e-12
2.9125000000000005,4.9389264885571231,1,nr,9.867e-13
2.9250000000000003,4.9099056734215871,1,nr,1.160e-14
2.9375000000000004,4.8813560251721952,1,nr,6.781e-17
2.9500000000000002,4.8532707042581,1,nr,1.836e-12
2.9625000000000004,4.8256430156160492,1,nr,9.478e-16
2.9750000000000005,4.7984664040783942,1,nr,1.652e-12
2.9875000000000003,4.7717344499350798,1,nr,1.622e-15
3.0000000000000004,4.7454408644643138,1,nr,5.400e-16
3.0125000000000002,4.7195794856028739,1,nr,2.212e-13
3.0250000000000004,4.6941442736228831,1,nr,7.552e-13
3.0375000000000005,4.6691293068766138,1,nr,7.812e-13
3.0500000000000003,4.6445287775778157,1,nr,2.755e-13
3.0625000000000004,4.6203369876254872,1,nr,5.369e-16
3.0750000000000002,4.596548344464793,1,nr,6.703e-17
3.0875000000000004,4.5731573569707731,1,nr,2.074e-12
3.1000000000000005,4.5501586313940861,1,nr,8.170e-12
3.1125000000000003,4.5275468671813837,1,nr,2.399e-12
3.1250000000000004,4.50531685313201,1,nr,2.666e-16
3.1375000000000002,4.4834634631512058,1,nr,1.738e-12
3.1500000000000004,4.461981652358884,1,nr,0.000e+00
3.1625000000000005,4.4408664530010835,1,nr,3.317e-16
3.1750000000000003,4.420112970473336,1,nr,4.247e-12
3.1875000000000004,4.399716379246108,1,nr,1.084e-13
3.2000000000000002,4.3796719189189472,1,nr,1.420e-13
3.2125000000000004,4.3599748901115154,1,nr,8.567e-16
3.2250000000000005,4.340620650458721,1,nr,5.263e-16
3.2375000000000003,4.3216046105508319,1,nr,1.314e-16
3.2500000000000004,4.3029222298612755,1,nr,2.162e-12
3.2625000000000002,4.2845690126835922,1,nr,2.252e-13
3.2750000000000004,4.2665405039971454,1,nr,1.960e-16
3.2875000000000005,4.2488322853855029,1,nr,1.135e-12
3.3000000000000003,4.2314399709011141,1,nr,5.858e-16
3.3125000000000004,4.2143592029004555,1,nr,4.304e-13
3.3250000000000002,4.1975856479045861,1,nr,2.125e-12
3.3375000000000004,4.1811149924277426,1,nr,1.036e-15
3.3500000000000005,4.1649429387666776,1,nr,3.037e-15
3.3625000000000003,4.1490652008442348,1,nr,7.485e-13
3.3750000000000004,4.1334775000036261,1,nr,1.424e-12
3.3875000000000002,4.1181755608194894,1,nr,1.671e-12
3.4000000000000004,4.1031551069169376,1,nr,1.651e-12
3.4125000000000005,4.0884118568071148,1,nr,1.398e-12
3.4250000000000003,4.0739415197447029,1,nr,8.087e-13
3.4375000000000004,4.0597397916166855,1,nr,6.879e-14
3.4500000000000002,4.0458023508733802,1,nr,8.281e-16
3.4625000000000004,4.0321248545171064,1,nr,8.903e-16
3.4750000000000005,4.0187029341477336,1,nr,9.588e-13
3.4875000000000003,4.0055321921023008,1,nr,5.071e-16
3.5000000000000004,3.9926081976597896,1,nr,1.517e-12
3.5125000000000002,3.9799264834069326,1,nr,4.549e-15
3.5250000000000004,3.9674825416654662,1,nr,9.463e-16
3.5375000000000005,3.9552718211125604,1,nr,1.004e-11
3.5500000000000003,3.9432897236315889,1,nr,1.062e-12
3.5625000000000004,3.9315316011078956,1,nr,3.141e-17
3.5750000000000002,3.9199927527633212,1,nr,6.588e-16
3.5875000000000004,3.9086684224902748,1,nr,7.012e-13
3.6000000000000005,3.8975537965279177,1,nr,1.092e-12
3.6125000000000003,3.8866440014064798,1,nr,6.252e-17
3.6250000000000004,3.8759341021927125,1,nr,1.187e-15
3.6375000000000002,3.8654191010888943,1,nr,3.432e-16
3.6500000000000004,3.8550939363721408,1,nr,1.676e-12
3.6625000000000005,3.8449534817114652,1,nr,1.339e-15
3.6750000000000003,3.8349925459389089,1,nr,1.712e-16
3.6875000000000004,3.8252058732089145,1,nr,6.944e-12
3.7000000000000002,3.8155881435883212,1,nr,2.642e-16
3.7125000000000004,3.806133974297778,1,nr,3.107e-16
3.7250000000000005,3.7968379212113996,1,nr,1.553e-17
3.7375000000000003,3.7876944810651425,1,nr,5.264e-13
3.7500000000000004,3.7786980941353114,1,nr,2.895e-13
3.7625000000000002,3.7698431474718639,1,nr,6.970e-15
3.7750000000000004,3.7611239787065553,1,nr,6.908e-16
3.7875000000000005,3.7525348804269782,1,nr,3.636e-13
3.8000000000000003,3.744070105125465,1,nr,1.202e-13
3.8125000000000004,3.7357238707128717,1,nr,4.817e-16
3.8250000000000002,3.7274903666063004,1,nr,3.070e-16
3.8375000000000004,3.7193637603643395,1,nr,4.561e-14
3.8500000000000005,3.7113382048595667,1,nr,2.394e-16
3.8625000000000003,3.7034078459639037,1,nr,1.278e-13
3.8750000000000004,3.6955668307008303,1,nr,1.239e-11
3.8875000000000002,3.6878093159738587,1,nr,1.174e-13
3.9000000000000004,3.6801294773928248,1,nr,7.325e-13
3.9125000000000005,3.672521518884158,1,nr,8.281e-14
3.9250000000000003,3.6649796823223539,1,nr,8.549e-16
3.9375000000000004,3.6574982575236921,1,nr,4.164e-16
3.9500000000000002,3.6500715924464737,1,nr,1.150e-13
3.9625000000000004,3.6426941035220626,1,nr,3.060e-14
3.9750000000000005,3.6353602860697953,1,nr,1.681e-12
3.9875000000000003,3.6280647246971389,1,nr,1.584e-14
4,3.6208021036885158,1,nr,3.821e-12
4.0125000000000002,3.613567217162422,1,nr,5.110e-15
4.0250000000000004,3.6063549791637923,1,nr,3.167e-12
4.0375000000000005,3.5991604333034823,1,nr,2.081e-15
4.0500000000000007,3.5919787622246133,1,nr,3.258e-13
4.0625,3.5848052965092179,1,nr,1.804e-15
4.0750000000000002,3.5776355231933787,1,nr,2.090e-12
4.0875000000000004,3.5704650937212294,1,nr,9.725e-17
4.1000000000000005,3.5632898312548655,1,nr,8.508e-12
4.1125000000000007,3.5561057374821394,1,nr,9.304e-15
4.125,3.5489089984738063,1,nr,1.083e-11
4.1375000000000002,3.5416959901992557,1,nr,3.381e-14
4.1500000000000004,3.5344632828307709,1,nr,5.839e-12
4.1625000000000005,3.5272076447335063,1,nr,7.957e-14
4.1750000000000007,3.5199260452707186,1,nr,2.051e-13
4.1875,3.5126156570874243,1,nr,5.015e-16
4.2000000000000002,3.5052738574401134,1,nr,7.455e-15
4.2125000000000004,3.4978982287938214,1,nr,3.373e-17
4.2250000000000005,3.4904865586263978,1,nr,3.711e-14
4.2375000000000007,3.4830368384751935,1,nr,4.766e-16
4.25,3.4755472622515478,1,nr,7.030e-14
4.2625000000000002,3.4680162238521901,1,nr,6.531e-16
4.2750000000000004,3.4604423141078624,1,nr,7.012e-14
4.2875000000000005,3.4528243171045712,1,nr,1.285e-15
4.3000000000000007,3.4451612059272274,1,nr,1.535e-14
4.3125,3.4374521378685401,1,nr,1.134e-12
4.3250000000000002,3.4296964491699446,1,nr,1.856e-11
4.3375000000000004,3.4218936492095922,1,nr,1.369e-12
4.3500000000000005,3.414043414622502,1,nr,6.415e-16
4.3625000000000007,3.4061455826666562,1,nr,1.028e-12
4.375,3.3982001446127148,1,nr,7.205e-16
4.3875000000000002,3.3902072388091287,1,nr,6.861e-14
4.4000000000000004,3.3821671435583816,1,nr,2.951e-12
4.4125000000000005,3.374080269861627,1,nr,1.392e-15
4.4250000000000007,3.3659471541205379,1,nr,1.472e-12
4.4375,3.3577684507179852,1,nr,3.705e-16
4.4500000000000002,3.3495449246713882,1,nr,4.471e-16
4.4625000000000004,3.3412774442687767,1,nr,3.168e-12
4.4750000000000005,3.3329669737808016,1,nr,3.015e-16
4.4875000000000007,3.3246145663142688,1,nr,2.275e-16
4.5,3.3162213567304031,1,nr,4.073e-12
4.5125000000000002,3.3077885547429529,1,nr,5.369e-16
4.5250000000000004,3.2993174382353665,1,nr,7.715e-16
4.5375000000000005,3.2908093466942678,1,nr,2.932e-12
4.5500000000000007,3.2822656749117187,1,nr,1.074e-11
4.5625,3.2736878668678902,1,nr,2.355e-16
4.5750000000000002,3.2650774099553552,1,nr,4.706e-14
4.5875000000000004,3.2564358292893933,1,nr,9.499e-12
4.6000000000000005,3.2477646823587989,1,nr,1.038e-15
4.6125000000000007,3.239065554006312,1,nr,3.214e-16
4.625,3.2303400515004577,1,nr,1.157e-12
4.6375000000000002,3.221589800008402,1,nr,1.468e-11
4.6500000000000004,3.2128164382106164,1,nr,4.087e-16
4.6625000000000005,3.2040216143565217,1,nr,1.233e-15
4.6750000000000007,3.1952069823269396,1,nr,6.105e-13
4.6875,3.1863741981457521,1,nr,1.658e-11
4.7000000000000002,3.1775249165803685,1,nr,3.344e-16
4.7125000000000004,3.1686607881904019,1,nr,8.407e-17
4.7250000000000005,3.1597834563335541,1,nr,2.536e-16
4.7375000000000007,3.1508945546084641,1,nr,1.172e-11
4.75,3.1419957043475009,1,nr,3.029e-11
4.7625000000000002,3.1330885126108901,1,nr,3.438e-16
4.7750000000000004,3.124174569833237,1,nr,0.000e+00
4.7875000000000005,3.1152554482741577,1,nr,1.623e-12
4.8000000000000007,3.1063327002477013,1,nr,2.802e-11
4.8125000000000009,3.0974078565520657,1,nr,1.970e-11
4.8250000000000002,3.088482425410267,1,nr,6.177e-16
4.8375000000000004,3.0795578909478105,1,nr,4.435e-16
4.8500000000000005,3.070635712414743,1,nr,1.116e-11
4.8625000000000007,3.0617173231385815,1,nr,2.331e-11
4.8750000000000009,3.0528041299257214,1,nr,9.005e-16
4.8875000000000002,3.0438975121667271,1,nr,1.357e-15
4.9000000000000004,3.0349988214934296,1,nr,3.910e-15
4.9125000000000005,3.0261093812717239,1,nr,3.440e-11
4.9250000000000007,3.0172304861571106,1,nr,2.692e-12
4.9375000000000009,3.0083634020735359,1,nr,1.845e-16
4.9500000000000002,2.9995093657945096,1,nr,2.224e-15
4.9625000000000004,2.9906695849867768,1,nr,1.836e-11
4.9750000000000005,2.9818452380904978,1,nr,3.167e-12
4.9875000000000007,2.9730374744811368,1,nr,2.818e-16
5.0000000000000009,2.9642474144287836,1,nr,1.321e-15
5.0125000000000002,2.9554761493300048,1,nr,1.177e-11
5.0250000000000004,2.9467247418478335,1,nr,6.033e-14
5.0375000000000005,2.9379942262250656,1,nr,2.867e-16
5.0500000000000007,2.9292856084944399,1,nr,9.596e-16
5.0625000000000009,2.9205998668426179,1,nr,2.022e-11
5.0750000000000002,2.9119379518945396,1,nr,1.935e-15
5.0875000000000004,2.9033007872068306,1,nr,4.856e-16
5.1000000000000005,2.8946892695560655,1,nr,1.950e-16
5.1125000000000007,2.8861042694055663,1,nr,3.105e-11
5.1250000000000009,2.8775466314243605,1,nr,1.375e-15
5.1375000000000002,2.8690171747804962,1,nr,1.183e-15
5.1500000000000004,2.8605166937978637,1,nr,1.882e-11
5.1625000000000005,2.852045958311435,1,nr,1.092e-15
5.1750000000000007,2.8436057142837292,1,nr,4.981e-16
5.1875000000000009,2.8351966842153389,1,nr,3.324e-12
5.2000000000000002,2.8268195677010759,1,nr,1.454e-15
5.2125000000000004,2.8184750419569387,1,nr,7.546e-16
5.2250000000000005,2.8101637623275977,1,nr,2.462e-12
5.2375000000000007,2.8018863628142174,1,nr,5.569e-16
5.2500000000000009,2.7936434566112935,1,nr,1.016e-15
5.2625000000000002,2.7854356366282644,1,nr,1.626e-11
5.2750000000000004,2.7772634759809161,1,nr,1.072e-15
5.2875000000000005,2.7691275285914649,1,nr,1.536e-15
5.3000000000000007,2.7610283296128113,1,nr,3.448e-11
5.3125000000000009,2.7529663960649309,1,nr,2.574e-16
5.3250000000000002,2.744942227170728,1,nr,9.608e-12
5.3375000000000004,2.7369563050471086,1,nr,6.728e-16
5.3500000000000005,2.7290090950792032,1,nr,7.263e-16
5.3625000000000007,2.7211010464621568,1,nr,2.922e-11
5.3750000000000009,2.7132325927326195,1,nr,1.564e-16
5.3875000000000002,2.7054041521281027,1,nr,1.498e-11
5.4000000000000004,2.6976161281593942,1,nr,5.234e-16
5.4125000000000005,2.6898689100600164,1,nr,3.889e-11
5.4250000000000007,2.6821628732762717,1,nr,3.679e-16
5.4375000000000009,2.6744983797798239,1,nr,1.053e-15
5.4500000000000002,2.6668757786741897,1,nr,1.583e-16
5.4625000000000004,2.6592954065430776,1,nr,2.748e-15
5.4750000000000005,2.6517575878930386,1,nr,6.882e-16
5.4875000000000007,2.6442626355706049,1,nr,4.242e-16
5.5000000000000009,2.6368108511709654,1,nr,1.328e-15
5.5125000000000002,2.6294025254381523,1,nr,8.775e-16
5.5250000000000004,2.6220379386567316,1,nr,7.190e-16
5.5375000000000005,2.6147173610435752,1,nr,2.078e-11
5.5500000000000007,2.6074410530797327,1,nr,1.121e-15
5.5625000000000009,2.6002092659638243,1,nr,3.446e-12
5.5750000000000002,2.5930222418772169,1,nr,2.408e-16
5.5875000000000004,2.5858802144077844,1,nr,4.282e-11
5.6000000000000005,2.5787834087821682,1,nr,6.703e-16
5.6125000000000007,2.5717320423682577,1,nr,2.628e-11
5.6250000000000009,2.5647263248590355,1,nr,4.886e-11
5.6375000000000002,2.5577664586681377,1,nr,1.478e-15
5.6500000000000004,2.5508526391443955,1,nr,3.069e-11
5.6625000000000005,2.5439850549544221,1,nr,2.422e-16
5.6750000000000007,2.5371638883940792,1,nr,4.178e-11
5.6875000000000009,2.5303893156567061,1,nr,5.802e-12
5.7000000000000002,2.5236615069973261,1,nr,2.028e-15
5.7125000000000004,2.5169806272000699,1,nr,5.880e-11
5.7250000000000005,2.5103468356250365,1,nr,2.974e-12
5.7375000000000007,2.5037602867187245,1,nr,1.302e-11
5.7500000000000009,2.497221130034939,1,nr,3.839e-11
5.7625000000000002,2.4907295105575016,1,nr,4.834e-12
5.7750000000000004,2.4842855690019947,1,nr,1.091e-11
5.7875000000000005,2.4778894419577124,1,nr,6.903e-12
5.8000000000000007,2.4715412621301072,1,nr,2.116e-12
5.8125000000000009,2.4652411585696927,1,nr,3.101e-13
5.8250000000000002,2.4589892568743914,1,nr,2.783e-12
5.8375000000000004,2.4527856793871994,1,nr,2.572e-11
5.8500000000000005,2.4466305454104949,1,nr,4.367e-11
5.8625000000000007,2.4405239714016842,1,nr,2.539e-11
5.8750000000000009,2.4344660710335977,1,nr,6.651e-12
5.8875000000000002,2.4284569555770341,1,nr,4.719e-11
5.9000000000000004,2.4224967339670522,1,nr,9.671e-16
5.9125000000000005,2.4165855128798914,1,nr,1.530e-15
5.9250000000000007,2.4107233970447819,1,nr,2.199e-15
5.9375000000000009,2.4049104893101876,1,nr,4.845e-13
5.9500000000000002,2.3991468907942859,1,nr,3.707e-11
5.9625000000000004,2.3934327011049525,1,nr,3.660e-11
5.9750000000000005,2.3877680182702719,1,nr,3.072e-15
5.9875000000000007,2.3821529391376473,1,nr,2.908e-15
6.0000000000000009,2.3765875592914441,1,nr,3.731e-16
6.0125000000000002,2.3710719732496393,1,nr,5.323e-17
6.0250000000000004,2.3656062745594055,1,nr,1.249e-15
6.0375000000000005,2.3601905559183742,1,nr,4.973e-11
6.0500000000000007,2.3548249091782241,1,nr,3.657e-12
6.0625000000000009,2.3495094256153566,1,nr,2.681e-11
6.0750000000000002,2.3442441958452913,1,nr,5.981e-11
6.0875000000000004,2.3390293100322141,1,nr,4.157e-11
6.1000000000000005,2.3338648577403966,1,nr,1.141e-11
6.1125000000000007,2.3287509283035832,1,nr,8.934e-16
6.1250000000000009,2.3236876106705773,1,nr,4.721e-16
6.1375000000000002,2.318674993512444,1,nr,1.152e-15
6.1500000000000004,2.3137131652716874,1,nr,1.045e-16
6.1625000000000005,2.3088022141942512,1,nr,1.043e-15
6.1750000000000007,2.3039422283583186,1,nr,1.041e-16
6.1875000000000009,2.2991332957068016,1,nr,3.031e-11
6.2000000000000002,2.2943755039812754,1,nr,6.173e-11
6.2125000000000004,2.2896689409478732,1,nr,2.011e-11
6.2250000000000005,2.2850136940891259,1,nr,7.705e-13
6.2375000000000007,2.2804098508027253,1,nr,1.389e-15
6.2500000000000009,2.2758574983330062,1,nr,1.488e-15
6.2625000000000002,2.2713567237243546,1,nr,1.536e-15
6.2750000000000004,2.2669076137916537,1,nr,3.575e-16
6.2875000000000005,2.2625102550718408,1,nr,4.075e-16
6.3000000000000007,2.2581647337657569,1,nr,2.591e-15
6.3125000000000009,2.2538711356696739,1,nr,4.053e-16
6.3250000000000002,2.2496295460849391,1,nr,2.925e-11
6.3375000000000004,2.2454400497835256,1,nr,4.031e-16
6.3500000000000005,2.2413027307946405,1,nr,1.909e-15
6.3625000000000007,2.2372176724026769,1,nr,1.553e-15
6.3750000000000009,2.2331849569653683,1,nr,1.648e-15
6.3875000000000002,2.2292046657904594,1,nr,1.123e-11
6.4000000000000004,2.2252768789618078,1,nr,1.092e-15
6.4125000000000005,2.2214016752170003,1,nr,2.970e-16
6.4250000000000007,2.2175791317235971,1,nr,1.776e-15
6.4375000000000009,2.2138093239058492,1,nr,9.837e-16
6.4500000000000002,2.2100923252546565,1,nr,6.264e-11
6.4625000000000004,2.2064282069775389,1,nr,3.030e-15
6.4750000000000005,2.2028170380030776,1,nr,4.871e-16
6.4875000000000007,2.19925888448059,1,nr,1.752e-11
6.5000000000000009,2.1957538095910785,1,nr,2.903e-16
6.5125000000000002,2.1923018732964605,1,nr,1.350e-15
6.5250000000000004,2.1889031319545378,1,nr,1.057e-15
6.5375000000000005,2.1855576380193926,1,nr,1.916e-15
6.5500000000000007,2.1822654396795373,1,nr,1.909e-16
6.5625000000000009,2.1790265804821782,1,nr,6.658e-16
6.5750000000000002,2.1758410989359533,1,nr,3.791e-16
6.5875000000000004,2.1727090280915009,1,nr,1.983e-15
6.6000000000000005,2.1696303950866107,1,nr,3.028e-11
6.6125000000000007,2.1666052207436239,1,nr,1.219e-15
6.6250000000000009,2.163633518953628,1,nr,9.343e-17
6.6375000000000002,2.1607152962882399,1,nr,0.000e+00
6.6500000000000004,2.1578505513970665,1,nr,4.730e-15
6.6625000000000005,2.1550392744610374,1,nr,1.392e-11
6.6750000000000007,2.152281446571279,1,nr,3.774e-15
6.6875000000000009,2.1495770391550098,1,nr,3.592e-11
6.7000000000000002,2.1469260133485171,1,nr,2.102e-15
6.7125000000000004,2.1443283192149831,1,nr,3.570e-11
6.7250000000000005,2.1417838951156392,1,nr,1.632e-15
6.7375000000000007,2.1392926670734691,1,nr,3.001e-11
6.7500000000000009,2.1368545478110099,1,nr,2.160e-15
6.7625000000000002,2.1344694361553578,1,nr,4.894e-11
6.7750000000000004,2.1321372161881911,1,nr,8.040e-16
6.7875000000000005,2.1298577562532301,1,nr,3.984e-12
6.8000000000000007,2.127630908304869,1,nr,8.866e-17
6.8125000000000009,2.1254565068890949,1,nr,6.183e-16
6.8250000000000002,2.1233343682658008,1,nr,2.288e-15
6.8375000000000004,2.1212642894576148,1,nr,1.753e-16
6.8500000000000005,2.1192460473003196,1,nr,3.076e-11
6.8625000000000007,2.1172793973836206,1,nr,2.610e-16
6.8750000000000009,2.1153640731857544,1,nr,5.202e-16
6.8875000000000002,2.1134997849037487,1,nr,2.937e-15
6.9000000000000004,2.1116862184815735,1,nr,8.606e-17
6.9125000000000005,2.1099230345381641,1,nr,9.407e-13
6.9250000000000007,2.1082098673012375,1,nr,2.563e-16
6.9375000000000009,2.1065463235263038,1,nr,2.469e-15
6.9500000000000002,2.104931981419722,1,nr,6.726e-13
6.9625000000000004,2.1033663895561641,1,nr,8.454e-16
6.9750000000000005,2.1018490657972744,1,nr,1.264e-15
6.9875000000000007,2.1003794962243743,1,nr,3.778e-16
7.0000000000000009,2.0989571340845208,1,nr,1.072e-11
7.0125000000000002,2.0975813987248548,1,nr,2.502e-16
7.0250000000000004,2.0962516746306719,1,nr,4.156e-17
7.0375000000000005,2.094967310387049,1,nr,1.239e-13
7.0500000000000007,2.0937276177576787,1,nr,4.956e-16
7.0625000000000009,2.0925318707745637,1,nr,1.894e-15
7.0750000000000002,2.0913793048854541,1,nr,3.694e-16
7.0875000000000004,2.0902691161592011,1,nr,1.473e-15
7.1000000000000005,2.0892004605357686,1,nr,4.357e-11
7.1125000000000007,2.0881724532868629,1,nr,1.017e-15
7.1250000000000009,2.0871841682216399,1,nr,5.275e-16
7.1375000000000002,2.0862346374365455,1,nr,1.174e-15
7.1500000000000004,2.085322850827934,1,nr,1.049e-15
7.1625000000000005,2.0844477558408236,1,nr,1.854e-11
7.1750000000000007,2.0836082573840971,1,nr,1.983e-11
7.1875000000000009,2.0828032176634164,1,nr,6.812e-16
7.2000000000000002,2.0820314565062654,1,nr,6.397e-16
7.2125000000000004,2.0812917514742644,1,nr,1.556e-15
7.2250000000000005,2.0805828383467584,1,nr,1.433e-15
7.2375000000000007,2.0799034116926531,1,nr,5.032e-13
7.2500000000000009,2.0792521256115633,1,nr,2.152e-11
7.2625000000000002,2.0786275947391237,1,nr,4.173e-11
7.2750000000000004,2.0780283951393348,1,nr,2.351e-11
7.2875000000000005,2.077453065876703,1,nr,6.907e-16
7.3000000000000007,2.0769001103413083,1,nr,4.730e-16
7.3125000000000009,2.0763679979195802,1,nr,1.358e-15
7.3250000000000002,2.0758551659024476,1,nr,1.180e-15
7.3375000000000004,2.0753600215315275,1,nr,1.512e-15
7.3500000000000005,2.0748809442486658,1,nr,4.341e-13
7.3625000000000007,2.0744162881298651,1,nr,7.974e-12
7.3750000000000009,2.073964384514126,1,nr,1.886e-11
7.3875000000000002,2.0735235447937201,1,nr,2.820e-11
7.4000000000000004,2.0730920633749523,1,nr,3.370e-11
7.4125000000000005,2.0726682207989127,1,nr,3.476e-11
7.4250000000000007,2.0722502870253741,1,nr,7.728e-16
7.4375000000000009,2.0718365247570554,1,nr,2.965e-16
7.4500000000000002,2.071425193070092,1,nr,1.401e-15
7.4625000000000004,2.0710145509520252,1,nr,1.194e-15
7.4750000000000005,2.0706028610197653,1,nr,8.468e-16
7.4875000000000007,2.0701883932937015,1,nr,2.141e-11
7.5000000000000009,2.069769428943788,1,nr,5.713e-13
7.5125000000000002,2.0693442642357973,1,nr,3.448e-12
7.5250000000000004,2.0689112142439372,1,nr,6.874e-12
7.5375000000000005,2.068468616714993,1,nr,9.451e-12
7.5500000000000007,2.0680148358192474,1,nr,1.047e-11
7.5625000000000009,2.0675482658471127,1,nr,9.794e-12
7.5750000000000002,2.0670673348214486,1,nr,9.865e-17
7.5875000000000004,2.0665705079772416,1,nr,1.126e-15
7.6000000000000005,2.0660562911777758,1,nr,3.523e-11
7.6125000000000007,2.0655232340172076,1,nr,4.429e-12
7.6250000000000009,2.0649699330517675,1,nr,1.967e-15
7.6375000000000002,2.0643950344940238,1,nr,4.463e-14
7.6500000000000004,2.0637972369397732,1,nr,7.064e-12
7.6625000000000005,2.0631752937988024,1,nr,4.586e-11
7.6750000000000007,2.0625280155926657,1,nr,1.804e-15
7.6875000000000009,2.0618542717323014,1,nr,6.817e-12
7.7000000000000002,2.0611529924607042,1,nr,4.992e-12
7.7125000000000004,2.0604231702424674,1,nr,1.165e-12
7.7250000000000005,2.0596638609909332,1,nr,2.758e-11
7.7375000000000007,2.0588741851114141,1,nr,5.688e-16
7.7500000000000009,2.0580533280828681,1,nr,2.445e-16
7.7625000000000002,2.0572005410797787,1,nr,2.334e-11
7.7750000000000004,2.0563151410710026,1,nr,1.639e-11
7.7875000000000005,2.0553965108916956,1,nr,2.623e-12
7.8000000000000007,2.0544440989482999,1,nr,1.651e-15
7.8125000000000009,2.0534574187320476,1,nr,3.727e-16
7.8250000000000002,2.0524360481678507,1,nr,4.461e-11
7.8375000000000004,2.0513796286300399,1,nr,3.155e-11
7.8500000000000005,2.0502878640052615,1,nr,2.565e-12
7.8625000000000007,2.0491605193702611,1,nr,4.621e-16
7.8750000000000009,2.0479974195490591,1,nr,2.066e-15
7.8875000000000002,2.0467984475775949,1,nr,4.442e-11
7.9000000000000004,2.045563543116828,1,nr,1.296e-11
7.9125000000000005,2.0442927004128113,1,nr,1.706e-16
7.9250000000000007,2.0429859666601051,1,nr,8.565e-17
7.9375000000000009,2.041643439837725,1,nr,2.818e-11
7.9500000000000002,2.040265266765207,1,nr,4.654e-12
7.9625000000000004,2.0388516408429291,1,nr,0.000e+00
7.9750000000000005,2.0374028000383513,1,nr,1.741e-15
7.9875000000000007,2.0359190246333125,1,nr,5.325e-11
8,2.0344006349213903,1,nr,1.053e-15
8.0124999999999993,2.0328479892176432,1,nr,1.762e-15
8.0250000000000004,2.0312614814082535,1,nr,1.331e-11
8.0374999999999996,2.0296415388915929,1,nr,5.331e-16
8.0499999999999989,2.0279886203197064,1,nr,8.923e-17
8.0625,2.0263032135047343,1,nr,0.000e+00
8.0749999999999993,2.0245858332792968,1,nr,1.170e-15
8.0875000000000004,2.0228370194346339,1,nr,1.717e-15
8.0999999999999996,2.0210573347022378,1,nr,2.459e-12
8.1124999999999989,2.019247362796412,1,nr,9.112e-17
8.125,2.0174077065016189,1,nr,2.745e-16
8.1374999999999993,2.0155389858611121,1,nr,4.926e-11
8.1500000000000004,2.0136418363035951,1,nr,5.536e-16
8.1624999999999996,2.0117169071272114,1,nr,1.946e-15
8.1749999999999989,2.0097648596748248,1,nr,1.023e-15
8.1875,2.0077863658637476,1,nr,2.522e-15
8.1999999999999993,2.005782106668609,1,nr,1.497e-11
8.2125000000000004,2.0037527707280254,1,nr,9.418e-16
8.2249999999999996,2.0016990529414205,1,nr,9.456e-17
8.2374999999999989,1.9996216532465931,1,nr,5.696e-16
8.25,1.9975212753861205,1,nr,1.144e-15
8.2624999999999993,1.9953986257927181,1,nr,4.769e-11
8.2750000000000004,1.9932544124381011,1,nr,9.607e-17
8.2874999999999996,1.9910893439969155,1,nr,7.715e-16
8.2999999999999989,1.9889041287445548,1,nr,1.162e-15
8.3125,1.986699473766411,1,nr,1.263e-15
8.3249999999999993,1.9844760841289018,1,nr,3.902e-16
8.3375000000000004,1.9822346621260074,1,nr,4.896e-15
8.3499999999999996,1.9799759065802685,1,nr,7.277e-12
8.3624999999999989,1.9777005122124827,1,nr,2.959e-15
8.375,1.9754091690507978,1,nr,7.069e-11
8.3874999999999993,1.9731025618018079,1,nr,9.933e-17
8.4000000000000004,1.9707813695719516,1,nr,6.978e-16
8.4124999999999996,1.9684462651977503,1,nr,1.300e-15
8.4249999999999989,1.966097914954871,1,nr,8.029e-16
8.4375,1.963736978172876,1,nr,1.611e-15
8.4499999999999993,1.9613641069112304,1,nr,3.233e-15
8.4625000000000004,1.9589799456718788,1,nr,0.000e+00
8.4749999999999996,1.9565851311463074,1,nr,5.389e-15
8.4874999999999989,1.9541802919950846,1,nr,2.142e-15
8.5,1.9517660486578745,1,nr,2.404e-15
8.5124999999999993,1.9493430131920857,1,nr,4.977e-15
8.5250000000000004,1.9469117891382648,1,nr,6.999e-15
8.5374999999999996,1.9444729714105391,1,nr,7.225e-16
8.5499999999999989,1.9420271462103662,1,nr,8.695e-15
8.5625,1.9395748909620476,1,nr,2.906e-15
8.5749999999999993,1.9371167742683804,1,nr,6.141e-15
8.5875000000000004,1.9346533558850816,1,nr,1.774e-15
8.5999999999999996,1.9321851867124762,1,nr,7.586e-15
8.6124999999999989,1.9297128088032367,1,nr,1.311e-15
8.625,1.9272367553848,1,nr,5.415e-15
8.6374999999999993,1.924757550895382,1,nr,1.423e-15
8.6500000000000004,1.9222757110323523,1,nr,2.589e-15
8.6624999999999996,1.9197917428120059,1,nr,1.271e-15
8.6749999999999989,1.9173061446396333,1,nr,2.812e-15
8.6875,1.914819406389022,1,nr,5.318e-17
8.6999999999999993,1.9123320094904328,1,nr,7.088e-15
8.7125000000000004,1.9098444270262716,1,nr,1.068e-15
8.7249999999999996,1.9073571238336069,1,nr,1.177e-15
8.7374999999999989,1.9048705566220099,1,nr,3.573e-11
8.75,1.902385174041977,1,nr,3.920e-15
8.7624999999999993,1.8999014168733501,1,nr,8.672e-11
8.7750000000000004,1.8974197181666954,1,nr,5.389e-15
8.7874999999999996,1.8949405031891868,1,nr,2.934e-11
8.7999999999999989,1.8924641898013255,1,nr,1.622e-15
8.8125,1.8899911884063112,1,nr,5.956e-13
8.8249999999999993,1.8875219021807841,1,nr,2.819e-15
8.8375000000000004,1.8850567271736209,1,nr,2.094e-12
8.8499999999999996,1.8825960524499865,1,nr,3.126e-15
8.8624999999999989,1.880140260237376,1,nr,1.180e-11
8.875,1.8776897260457406,1,nr,2.643e-15
8.8874999999999993,1.8752448188463064,1,nr,3.251e-11
8.9000000000000004,1.8728059011431069,1,nr,1.120e-15
8.9124999999999996,1.8703733292210645,1,nr,6.682e-11
8.9249999999999989,1.8679474531242883,1,nr,2.736e-15
8.9375,1.8655286169703935,1,nr,9.571e-11
8.9499999999999993,1.8631171590340221,1,nr,1.343e-15
8.9625000000000004,1.8607134117276545,1,nr,3.685e-11
8.9749999999999996,1.8583177019906847,1,nr,1.564e-15
8.9874999999999989,1.8559303512231018,1,nr,1.332e-15
9,1.8535516755267663,1,nr,1.346e-15
9.0124999999999993,1.8511819857923368,1,nr,2.061e-16
9.0250000000000004,1.8488215878362733,1,nr,2.268e-15
9.0374999999999996,1.8464707825271605,1,nr,3.232e-15
9.0499999999999989,1.8441298659099039,1,nr,2.125e-15
9.0625,1.8417991293276845,1,nr,1.740e-15
9.0749999999999993,1.8394788595532838,1,nr,5.106e-11
9.0875000000000004,1.8371693388478185,1,nr,1.188e-15
9.0999999999999996,1.834870845190786,1,nr,6.911e-12
9.1124999999999989,1.8325836522831169,1,nr,3.474e-15
9.125,1.8303080296990963,1,nr,9.983e-13
9.1374999999999993,1.8280442429934569,1,nr,2.120e-11
9.1500000000000004,1.8257925538162751,1,nr,1.276e-11
9.1624999999999996,1.8235532199901594,1,nr,2.629e-11
9.1749999999999989,1.8213264956014663,1,nr,2.115e-11
9.1875,1.8191126311352757,1,nr,3.346e-12
9.1999999999999993,1.816911873549897,1,nr,4.806e-16
9.2125000000000004,1.814724466342301,1,nr,3.731e-12
9.2249999999999996,1.8125506496635617,1,nr,1.646e-15
9.2374999999999989,1.8103906604064781,1,nr,9.800e-11
9.25,1.808244732183967,1,nr,1.370e-15
9.2624999999999993,1.8061130956208657,1,nr,2.463e-16
9.2750000000000004,1.8039959782122288,1,nr,2.221e-11
9.2874999999999996,1.8018936044775327,1,nr,6.284e-16
9.2999999999999989,1.7998061960513365,1,nr,1.212e-11
9.3125,1.797733971709027,1,nr,4.199e-15
9.3249999999999993,1.7956771474229063,1,nr,2.288e-15
9.3375000000000004,1.7936359364389971,1,nr,8.434e-16
9.3499999999999996,1.791610549314306,1,nr,1.522e-15
9.3624999999999989,1.7896011939492864,1,nr,7.683e-11
9.375,1.7876080757171022,1,nr,4.879e-16
9.3874999999999993,1.7856313973302771,1,nr,2.815e-15
9.4000000000000004,1.7836713590480617,1,nr,1.406e-15
9.4124999999999996,1.7817281586210139,1,nr,1.457e-15
9.4249999999999989,1.7798019913286223,1,nr,2.729e-11
9.4375,1.777893050032211,1,nr,1.292e-15
9.4499999999999993,1.7760015251311747,1,nr,1.021e-15
9.4625000000000004,1.7741276046376218,1,nr,2.414e-15
9.4749999999999996,1.7722714741541361,1,nr,1.392e-15
9.4874999999999989,1.7704333168836623,1,nr,6.414e-16
9.5,1.7686133136283568,1,nr,3.841e-15
9.5124999999999993,1.7668116427834448,1,nr,7.456e-16
9.5250000000000004,1.765028480327909,1,nr,8.553e-12
9.5374999999999996,1.7632639997982176,1,nr,5.464e-15
9.5499999999999989,1.7615183722859353,1,nr,2.965e-15
9.5625,1.7597917663806995,1,nr,4.411e-11
9.5749999999999993,1.7580843481975144,1,nr,2.320e-15
9.5875000000000004,1.7563962812347171,1,nr,1.368e-15
9.5999999999999996,1.754727726412296,1,nr,7.837e-11
9.6125000000000007,1.7530788420609411,1,nr,4.452e-15
9.625,1.7514497836938649,1,nr,8.361e-16
9.6374999999999993,1.7498407041175488,1,nr,2.940e-11
9.6500000000000004,1.7482517533052839,1,nr,8.062e-15
9.6624999999999996,1.7466830782698926,1,nr,1.401e-15
9.6750000000000007,1.7451348230484931,1,nr,1.812e-15
9.6875,1.74360712857738,1,nr,4.079e-15
9.6999999999999993,1.7421001326007901,1,nr,9.735e-15
9.7125000000000004,1.7406139695654357,1,nr,7.193e-16
9.7249999999999996,1.7391487705073954,1,nr,2.870e-15
9.7375000000000007,1.7377046629313189,1,nr,1.329e-14
9.75,1.736281770681668,1,nr,1.733e-15
9.7624999999999993,1.7348802138014932,1,nr,1.838e-11
9.7750000000000004,1.7335001084094714,1,nr,8.519e-15
9.7874999999999996,1.7321415665021889,1,nr,7.181e-15
9.8000000000000007,1.7308046958363998,1,nr,2.017e-16
9.8125,1.7294895997361499,1,nr,7.041e-16
9.8249999999999993,1.7281963769176838,1,nr,1.484e-14
9.8375000000000004,1.7269251213009167,1,nr,5.801e-15
9.8499999999999996,1.7256759218119027,1,nr,3.690e-15
9.8625000000000007,1.7244488621760385,1,nr,2.088e-15
9.875,1.7232440207021102,1,nr,1.289e-14
9.8874999999999993,1.722061470056937,1,nr,5.241e-15
9.9000000000000004,1.720901277030731,1,nr,2.268e-15
9.9124999999999996,1.7197635022761639,1,nr,6.648e-11
9.9250000000000007,1.7186482001389538,1,nr,9.115e-15
9.9375,1.7175554182269586,1,nr,1.642e-14
9.9499999999999993,1.7164851973060877,1,nr,6.333e-15
9.9625000000000004,1.7154375709349374,1,nr,3.011e-15
9.9749999999999996,1.7144125651911069,1,nr,1.937e-16
9.9875000000000007,1.7134101983718526,1,nr,1.033e-14
10,1.7124304806859809,1,nr,1.367e-14
2.4250000000000003,14.992952988177743,2,nr,1.039e-12
2.4375000000000004,14.852954351523344,2,nr,1.062e-12
2.4500000000000002,14.715208409559425,2,nr,9.255e-12
2.4625000000000004,14.579671661614995,2,nr,7.086e-14
2.4750000000000005,14.446301750351479,2,nr,1.234e-15
2.4875000000000003,14.315057428326718,2,nr,7.585e-13
2.5000000000000004,14.185898526123246,2,nr,3.090e-16
2.5125000000000002,14.058785921490218,2,nr,6.999e-13
2.5250000000000004,13.933681509575218,2,nr,7.979e-13
2.5375000000000005,13.810548174223044,2,nr,7.429e-16
2.5500000000000003,13.689349760278271,2,nr,2.836e-13
2.5625000000000004,13.570051046881215,2,nr,6.559e-13
2.5750000000000002,13.452617721653894,2,nr,1.425e-12
2.5875000000000004,13.337016355854573,2,nr,5.576e-16
2.6000000000000005,13.223214380293214,2,nr,1.250e-12
2.6125000000000003,13.111180062195473,2,nr,1.239e-15
2.6250000000000004,13.000882482754005,2,nr,1.858e-16
2.6375000000000002,12.892291515531779,2,nr,1.981e-15
2.6500000000000004,12.785377805552624,2,nr,1.608e-15
2.6625000000000005,12.680112749127805,2,nr,3.507e-12
2.6750000000000003,12.576468474309813,2,nr,5.560e-16
2.6875000000000004,12.474417822127741,2,nr,2.776e-13
2.7000000000000002,12.373934328284026,2,nr,7.534e-13
2.7125000000000004,12.274992205583791,2,nr,1.109e-15
2.7250000000000005,12.17756632687564,2,nr,1.715e-12
2.7375000000000003,12.081632208608456,2,nr,1.290e-15
2.7500000000000004,11.987165994838012,2,nr,2.454e-16
2.7625000000000002,11.894144441836273,2,nr,5.682e-13
2.7750000000000004,11.802544903131963,2,nr,1.783e-12
2.7875000000000005,11.712345315050239,2,nr,7.325e-16
2.8000000000000003,11.623524182657697,2,nr,1.255e-12
2.8125000000000004,11.53606056621785,2,nr,2.128e-15
2.8250000000000002,11.449934067955418,2,nr,4.491e-15
2.8375000000000004,11.365124819304086,2,nr,4.903e-12
2.8500000000000005,11.281613468405371,2,nr,2.416e-15
2.8625000000000003,11.199381168147593,2,nr,3.504e-13
2.8750000000000004,11.118409564302555,2,nr,1.404e-12
2.8875000000000002,11.038680784151447,2,nr,1.128e-12
2.9000000000000004,10.96017742533941,2,nr,1.006e-11
2.9125000000000005,10.882882544880793,2,nr,1.786e-12
2.9250000000000003,10.8067796488067,2,nr,1.011e-15
2.9375000000000004,10.731852681485446,2,nr,5.926e-16
2.9500000000000002,10.658086015604265,2,nr,1.664e-12
2.9625000000000004,10.585464442157168,2,nr,4.122e-16
2.9750000000000005,10.513973160590705,2,nr,7.875e-13
2.9875000000000003,10.44359776918078,2,nr,1.197e-12
3.0000000000000004,10.374324255463923,2,nr,3.965e-13
3.0125000000000002,10.306138986795037,2,nr,1.045e-15
3.0250000000000004,10.23902870099273,2,nr,7.037e-13
3.0375000000000005,10.172980497031929,2,nr,1.651e-12
3.0500000000000003,10.107981825759939,2,nr,1.635e-12
3.0625000000000004,10.044020480612502,2,nr,6.918e-13
3.0750000000000002,9.9810845883070893,2,nr,3.985e-16
3.0875000000000004,9.9191625994830499,2,nr,5.283e-13
3.1000000000000005,9.8582432792560635,2,nr,1.390e-12
3.1125000000000003,9.7983156976465047,2,nr,1.315e-12
3.1250000000000004,9.7393692198554724,2,nr,3.131e-13
3.1375000000000002,9.6813934963575257,2,nr,1.170e-15
3.1500000000000004,9.6243784527793856,2,nr,2.955e-13
3.1625000000000005,9.5683142795051044,2,nr,1.220e-12
3.1750000000000003,9.5131914209888695,2,nr,1.274e-12
3.1875000000000004,9.4590005647136906,2,nr,5.979e-13
3.2000000000000002,9.4057326297750752,2,nr,9.245e-16
3.2125000000000004,9.3533787550319456,2,nr,1.064e-12
3.2250000000000005,9.3019302867973614,2,nr,2.153e-16
3.2375000000000003,9.2513787659569537,2,nr,5.356e-17
3.2500000000000004,9.2017159145744838,2,nr,1.599e-16
3.2625000000000002,9.1529336218270885,2,nr,1.158e-12
3.2750000000000004,9.1050239292996249,2,nr,1.556e-13
3.2875000000000005,9.0579790154963042,2,nr,1.069e-12
3.3000000000000003,9.0117911796554999,2,nr,6.781e-16
3.3125000000000004,8.9664528246327926,2,nr,4.150e-16
3.3250000000000002,8.9219564389791657,2,nr,5.160e-16
3.3375000000000004,8.8782945780302889,2,nr,7.924e-13
3.3500000000000005,8.835459844039061,2,nr,1.531e-16
3.3625000000000003,8.7934448652362924,2,nr,6.591e-13
3.3750000000000004,8.7522422738689087,2,nr,1.009e-16
3.3875000000000002,8.7118446830619938,2,nr,1.405e-15
3.4000000000000004,8.6722446625829797,2,nr,7.487e-16
3.4125000000000005,8.6334347134018685,2,nr,5.373e-13
3.4250000000000003,8.5954072410835565,2,nr,7.404e-16
3.4375000000000004,8.5581545279604718,2,nr,5.596e-13
3.4500000000000002,8.521668704161323,2,nr,1.269e-15
3.4625000000000004,8.4859417174302987,2,nr,7.769e-16
3.4750000000000005,8.4509653018672726,2,nr,2.415e-16
3.4875000000000003,8.4167309455809782,2,nr,5.764e-16
3.5000000000000004,8.3832298573726636,2,nr,3.778e-13
3.5125000000000002,8.3504529325545853,2,nr,3.802e-16
3.5250000000000004,8.3183907180153795,2,nr,2.909e-13
3.5375000000000005,8.2870333767450752,2,nr,4.704e-16
3.5500000000000003,8.2563706519598465,2,nr,9.361e-17
3.5625000000000004,8.2263918311171,2,nr,2.329e-17
3.5750000000000002,8.1970857100543135,2,nr,6.721e-16
3.5875000000000004,8.1684405575836685,2,nr,1.629e-13
3.6000000000000005,8.1404440808934755,2,nr,4.363e-16
3.6125000000000003,8.1130833921409344,2,nr,1.489e-13
3.6250000000000004,8.0863449766944271,2,nr,4.554e-16
3.6375000000000002,8.0602146634868745,2,nr,4.101e-12
3.6500000000000004,8.0346775979276472,2,nr,6.212e-15
3.6625000000000005,8.0097182181833588,2,nr,2.048e-15
3.6750000000000003,7.9853202349658661,2,nr,7.222e-12
3.6875000000000004,7.9614666157245475,2,nr,3.800e-16
3.7000000000000002,7.9381395740751239,2,nr,1.629e-14
3.7125000000000004,7.9153205643451985,2,nr,5.641e-12
3.7250000000000005,7.8929902825316498,2,nr,9.753e-15
3.7375000000000003,7.8711286741389808,2,nr,2.986e-16
3.7500000000000004,7.8497149489308944,2,nr,1.744e-15
3.7625000000000002,7.8287276037119664,2,nr,2.402e-14
3.7750000000000004,7.8081444531364275,2,nr,4.190e-14
3.7875000000000005,7.7879426689797491,2,nr,5.034e-14
3.8000000000000003,7.768098828042862,2,nr,5.110e-14
3.8125000000000004,7.748588968748729,2,nr,3.986e-14
3.8250000000000002,7.7293886563457637,2,nr,1.133e-14
3.8375000000000004,7.7104730564853661,2,nr,3.076e-12
3.8500000000000005,7.6918170166895274,2,nr,6.201e-16
3.8625000000000003,7.6733951553478601,2,nr,4.145e-14
3.8750000000000004,7.6551819571222559,2,nr,2.208e-13
3.8875000000000002,7.6371518741967019,2,nr,2.103e-12
3.9000000000000004,7.6192794321362847,2,nr,9.553e-15
3.9125000000000005,7.6015393390531507,2,nr,2.733e-12
3.9250000000000003,7.5839065969454822,2,nr,7.545e-15
3.9375000000000004,7.5663566137171134,2,nr,1.597e-13
3.9500000000000002,7.5488653142331898,2,nr,1.924e-14
3.9625000000000004,7.531409249189438,2,nr,1.014e-14
3.9750000000000005,7.513965700102907,2,nr,1.120e-12
3.9875000000000003,7.4965127790972357,2,nr,2.929e-14
4,7.479029522028009,2,nr,3.698e-12
4.0125000000000002,7.4614959739306368,2,nr,4.813e-14
4.0250000000000004,7.4438932653695273,2,nr,5.852e-12
4.0375000000000005,7.4262036791393031,2,nr,4.788e-14
4.0500000000000007,7.4084107065687519,2,nr,8.348e-16
4.0625,7.390499092544113,2,nr,1.512e-14
4.0750000000000002,7.3724548695234429,2,nr,1.144e-13
4.0875000000000004,7.3542653801033673,2,nr,2.128e-16
4.1000000000000005,7.3359192883954538,2,nr,4.113e-14
4.1125000000000007,7.3174065805288677,2,nr,1.129e-13
4.125,7.2987185547656086,2,nr,0.000e+00
4.1375000000000002,7.2798478018744825,2,nr,1.827e-12
4.1500000000000004,7.2607881765737918,2,nr,1.889e-14
4.1625000000000005,7.241534760802109,2,nr,2.710e-14
4.1750000000000007,7.2220838199325685,2,nr,4.996e-17
4.1875,7.2024327527429115,2,nr,4.752e-14
4.2000000000000002,7.1825800362464651,2,nr,8.135e-16
4.2125000000000004,7.1625251663497211,2,nr,6.669e-16
4.2250000000000005,7.1422685953127525,2,nr,2.569e-13
4.2375000000000007,7.1218116669443656,2,nr,3.082e-13
4.25,7.1011565504128296,2,nr,2.424e-13
4.2625000000000002,7.0803061734709365,2,nr,3.270e-14
4.2750000000000004,7.0592641558347387,2,nr,1.613e-16
4.2875000000000005,7.0380347433626138,2,nr,4.343e-16
4.3000000000000007,7.0166227436116593,2,nr,8.838e-13
4.3125,6.9950334632408451,2,nr,1.163e-15
4.3250000000000002,6.9732726477061897,2,nr,1.454e-15
4.3375000000000004,6.9513464235156759,2,nr,1.192e-12
4.3500000000000005,6.9292612433467928,2,nr,1.141e-16
4.3625000000000007,6.9070238342298973,2,nr,2.419e-12
4.375,6.8846411488277077,2,nr,9.894e-16
4.3875000000000002,6.8621203200604706,2,nr,3.289e-12
4.4000000000000004,6.8394686188609271,2,nr,2.969e-16
4.4125000000000005,6.8166934153396577,2,nr,3.583e-12
4.4250000000000007,6.793802142974144,2,nr,2.121e-15
4.4375,6.770802266100417,2,nr,1.649e-12
4.4500000000000002,6.7477012502534164,2,nr,1.051e-15
4.4625000000000004,6.7245065355375591,2,nr,6.244e-17
4.4750000000000005,6.7012255126760811,2,nr,4.359e-12
4.4875000000000007,6.6778655016815005,2,nr,1.911e-16
4.5,6.6544337330693182,2,nr,6.432e-17
4.5125000000000002,6.6309373312572895,2,nr,4.019e-12
4.5250000000000004,6.6073833001935967,2,nr,1.190e-11
4.5375000000000005,6.5837785109267255,2,nr,9.934e-16
4.5500000000000007,6.560129691152734,2,nr,1.450e-13
4.5625,6.5364434162285665,2,nr,1.064e-11
4.5750000000000002,6.5127261018639908,2,nr,3.408e-16
4.5875000000000004,6.4889839983320865,2,nr,5.504e-16
4.6000000000000005,6.4652231857115678,2,nr,5.921e-13
4.6125000000000007,6.4414495705009029,2,nr,1.504e-11
4.625,6.4176688831002053,2,nr,2.829e-15
4.6375000000000002,6.3938866764876554,2,nr,1.428e-16
4.6500000000000004,6.3701083253916018,2,nr,2.012e-13
4.6625000000000005,6.3463390264776312,2,nr,1.861e-11
4.6750000000000007,6.3225837989697284,2,nr,1.246e-15
4.6875,6.2988474861550454,2,nr,1.257e-15
4.7000000000000002,6.2751347569974492,2,nr,4.137e-13
4.7125000000000004,6.2514501084550727,2,nr,2.379e-11
4.7250000000000005,6.2277978681989143,2,nr,6.071e-16
4.7375000000000007,6.2041821973117379,2,nr,6.122e-16
4.75,6.1806070937360502,2,nr,8.873e-12
4.7625000000000002,6.1570763955387191,2,nr,6.069e-12
4.7750000000000004,6.1335937846546651,2,nr,7.842e-17
4.7875000000000005,6.110162790508177,2,nr,9.250e-13
4.8000000000000007,6.0867867939712399,2,nr,5.921e-12
4.8125000000000009,6.0634690313177178,2,nr,8.029e-16
4.8250000000000002,6.0402125981873809,2,nr,1.842e-12
4.8375000000000004,6.0170204536852925,2,nr,1.549e-15
4.8500000000000005,5.9938954244395619,2,nr,7.392e-16
4.8625000000000007,5.9708402086786343,2,nr,2.544e-11
4.8750000000000009,5.9478573801905315,2,nr,2.583e-15
4.8875000000000002,5.9249493925323016,2,nr,1.180e-11
4.9000000000000004,5.9021185828554259,2,nr,2.282e-15
4.9125000000000005,5.8793671758446004,2,nr,7.660e-16
4.9250000000000007,5.8566972876554901,2,nr,3.256e-15
4.9375000000000009,5.8341109296720806,2,nr,3.451e-16
4.9500000000000002,5.8116100122447065,2,nr,6.947e-16
4.9625000000000004,5.7891963483416484,2,nr,3.496e-16
4.9750000000000005,5.7668716571192924,2,nr,5.366e-15
4.9875000000000007,5.7446375674077768,2,nr,9.737e-16
5.0000000000000009,5.7224956211098599,2,nr,5.166e-15
5.0125000000000002,5.7004472765206078,2,nr,1.451e-11
5.0250000000000004,5.6784939115015822,2,nr,2.795e-15
5.0375000000000005,5.6566368267047924,2,nr,7.254e-16
5.0500000000000007,5.6348772485198566,2,nr,1.824e-15
5.0625000000000009,5.6132163320710342,2,nr,9.172e-16
5.0750000000000002,5.5916551640688503,2,nr,5.534e-16
5.0875000000000004,5.5701947655846871,2,nr,3.722e-12
5.1000000000000005,5.5488360947247584,2,nr,2.610e-15
5.1125000000000007,5.5275800492508589,2,nr,3.280e-15
5.1250000000000009,5.5064274690725936,2,nr,2.732e-15
5.1375000000000002,5.4853791386976667,2,nr,1.453e-11
5.1500000000000004,5.4644357895390305,2,nr,9.514e-16
5.1625000000000005,5.4435981022667166,2,nr,1.243e-15
5.1750000000000007,5.4228667089197957,2,nr,1.057e-15
5.1875000000000009,5.4022421950647184,2,nr,1.930e-15
5.2000000000000002,5.3817251018315755,2,nr,4.992e-15
5.2125000000000004,5.3613159278871096,2,nr,1.655e-15
5.2250000000000005,5.3410151313345322,2,nr,7.763e-12
5.2375000000000007,5.3208231315534089,2,nr,3.290e-11
5.2500000000000009,5.3007403109929419,2,nr,4.369e-11
5.2625000000000002,5.2807670168428986,2,nr,4.068e-11
5.2750000000000004,5.2609035626987879,2,nr,2.281e-11
5.2875000000000005,5.2411502301444965,2,nr,4.488e-16
5.3000000000000007,5.2215072702811085,2,nr,4.004e-15
5.3125000000000009,5.2019749052369022,2,nr,1.055e-15
5.3250000000000002,5.18255332955545,2,nr,1.663e-15
5.3375000000000004,5.163242711579719,2,nr,6.221e-15
5.3500000000000005,5.1440431947757146,2,nr,1.167e-15
5.3625000000000007,5.1249548990049156,2,nr,8.291e-12
5.3750000000000009,5.1059779217658079,2,nr,1.771e-11
5.3875000000000002,5.0871123393827853,2,nr,1.741e-15
5.4000000000000004,5.0683582081079868,2,nr,1.644e-15
5.4125000000000005,5.0497155652866619,2,nr,8.240e-16
5.4250000000000007,5.0311844303853999,2,nr,3.770e-15
5.4375000000000009,5.0127648060274401,2,nr,2.123e-15
5.4500000000000002,4.9944566789838882,2,nr,1.661e-15
5.4625000000000004,4.9762600211303907,2,nr,2.705e-15
5.4750000000000005,4.9581747903706477,2,nr,1.199e-15
5.4875000000000007,4.9402009315301969,2,nr,4.901e-12
5.5000000000000009,4.9223383772072422,2,nr,2.802e-15
5.5125000000000002,4.9045870486254302,2,nr,4.722e-16
5.5250000000000004,4.8869468564170884,2,nr,2.024e-15
5.5375000000000005,4.8694177014108293,2,nr,5.266e-17
5.5500000000000007,4.8519994753810289,2,nr,1.345e-15
5.5625000000000009,4.8346920617748657,2,nr,1.136e-15
5.5750000000000002,4.8174953364158579,2,nr,2.884e-15
5.5875000000000004,4.8004091681905701,2,nr,1.382e-11
5.6000000000000005,4.7834334196804527,2,nr,3.714e-16
5.6125000000000007,4.7665679478488538,2,nr,1.986e-11
5.6250000000000009,4.7498126046338145,2,nr,2.728e-11
5.6375000000000002,4.7331672375518883,2,nr,2.023e-15
5.6500000000000004,4.7166316902308862,2,nr,4.041e-11
5.6625000000000005,4.7002058031254181,2,nr,2.259e-12
5.6750000000000007,4.6838894138573917,2,nr,4.390e-15
5.6875000000000009,4.667682357929726,2,nr,2.083e-15
5.7000000000000002,4.6515844691771218,2,nr,4.855e-11
5.7125000000000004,4.6355955802018958,2,nr,7.826e-12
5.7250000000000005,4.6197155230366524,2,nr,7.125e-12
5.7375000000000007,4.6039441294672994,2,nr,3.578e-11
5.7500000000000009,4.5882812315998853,2,nr,1.897e-11
5.7625000000000002,4.5727266622421645,2,nr,2.575e-12
5.7750000000000004,4.5572802553938647,2,nr,1.960e-13
5.7875000000000005,4.5419418467126969,2,nr,3.141e-11
5.8000000000000007,4.5267112738307453,2,nr,4.951e-11
5.8125000000000009,4.5115883769991454,2,nr,4.758e-15
5.8250000000000002,4.4965729991906507,2,nr,4.255e-15
5.8375000000000004,4.4816649867493377,2,nr,2.136e-16
5.8500000000000005,4.4668641896801926,2,nr,2.082e-15
5.8625000000000007,4.4521704620560998,2,nr,4.054e-15
5.8750000000000009,4.4375836624009066,2,nr,3.492e-12
5.8875000000000002,4.4231036540616087,2,nr,8.221e-12
5.9000000000000004,4.4087303055934637,2,nr,4.663e-11
5.9125000000000005,4.3944634910462232,2,nr,2.353e-11
5.9250000000000007,4.380303090505703,2,nr,3.369e-11
5.9375000000000009,4.366248990263248,2,nr,7.951e-16
5.9500000000000002,4.3523010832128417,2,nr,5.214e-15
5.9625000000000004,4.3384592692625485,2,nr,8.986e-16
5.9750000000000005,4.324723455619627,2,nr,1.028e-11
5.9875000000000007,4.3110935571621471,2,nr,1.054e-16
6.0000000000000009,4.2975694967370837,2,nr,7.626e-16
6.0125000000000002,4.2841512055484516,2,nr,4.250e-11
6.0250000000000004,4.2708386233890856,2,nr,2.777e-15
6.0375000000000005,4.2576316991325385,2,nr,4.602e-15
6.0500000000000007,4.2445303908851368,2,nr,3.751e-11
6.0625000000000009,4.2315346664602238,2,nr,1.354e-15
6.0750000000000002,4.2186445035420999,2,nr,3.688e-15
6.0875000000000004,4.2058598901468942,2,nr,1.917e-15
6.1000000000000005,4.1931808248690778,2,nr,2.068e-16
6.1125000000000007,4.1806073172108364,2,nr,0.000e+00
6.1250000000000009,4.1681393878952351,2,nr,6.685e-16
6.1375000000000002,4.1557770691772618,2,nr,3.795e-15
6.1500000000000004,4.1435204051526631,2,nr,2.045e-15
6.1625000000000005,4.1313694520644519,2,nr,3.365e-15
6.1750000000000007,4.1193242786196,2,nr,3.277e-11
6.1875000000000009,4.1073849662267641,2,nr,5.067e-17
6.2000000000000002,4.0955516094216735,2,nr,1.313e-15
6.2125000000000004,4.0838243160349803,2,nr,2.114e-15
6.2250000000000005,4.0722032075471288,2,nr,4.515e-16
6.2375000000000007,4.0606884193628208,2,nr,3.999e-15
6.2500000000000009,4.0492801010968451,2,nr,8.185e-12
6.2625000000000002,4.0379784168352062,2,nr,1.638e-15
6.2750000000000004,4.0267835454392733,2,nr,8.009e-15
6.2875000000000005,4.015695680778304,2,nr,5.073e-15
6.3000000000000007,4.0047150319940892,2,nr,2.298e-11
6.3125000000000009,3.9938418237938795,2,nr,4.886e-15
6.3250000000000002,3.9830762965973534,2,nr,1.654e-15
6.3375000000000004,3.972418706859866,2,nr,1.308e-15
6.3500000000000005,3.9618693272442322,2,nr,1.544e-15
6.3625000000000007,3.9514284468355867,2,nr,6.724e-16
6.3750000000000009,3.9410963713326135,2,nr,1.721e-15
6.3875000000000002,3.9308734232228111,2,nr,2.570e-15
6.4000000000000004,3.9207599419400552,2,nr,3.790e-16
6.4125000000000005,3.9107562840025745,2,nr,1.037e-15
6.4250000000000007,3.9008628231291986,2,nr,8.446e-16
6.4375000000000009,3.8910799503316502,2,nr,1.681e-15
6.4500000000000002,3.8814080739803969,2,nr,8.362e-16
6.4625000000000004,3.8718476198413869,2,nr,3.328e-15
6.4750000000000005,3.8623990310807743,2,nr,1.196e-15
6.4875000000000007,3.8530627682345107,2,nr,6.404e-16
6.5000000000000009,3.8438393091393857,2,nr,3.640e-16
6.5125000000000002,3.8347291488130395,2,nr,1.940e-11
6.5250000000000004,3.8257327993411141,2,nr,2.430e-15
6.5375000000000005,3.8168507895808652,2,nr,1.074e-15
6.5500000000000007,3.8080836649874952,2,nr,2.403e-15
6.5625000000000009,3.7994319872641258,2,nr,3.504e-11
6.5750000000000002,3.7908963339003452,2,nr,1.848e-15
6.5875000000000004,3.7824772978805763,2,nr,6.122e-15
6.6000000000000005,3.77417548698353,2,nr,2.260e-15
6.6125000000000007,3.7659915232479779,2,nr,1.728e-15
6.6250000000000009,3.7579260422491942,2,nr,1.976e-15
6.6375000000000002,3.7499796922949864,2,nr,1.011e-13
6.6500000000000004,3.7421531335175646,2,nr,1.357e-15
6.6625000000000005,3.7344470368733478,2,nr,4.161e-11
6.6750000000000007,3.7268620828945536,2,nr,9.215e-16
6.6875000000000009,3.7193989606481375,2,nr,3.444e-11
6.7000000000000002,3.7120583660202024,2,nr,1.654e-16
6.7125000000000004,3.7048410004391634,2,nr,4.846e-12
6.7250000000000005,3.6977475689655845,2,nr,1.877e-15
6.7375000000000007,3.690778778464487,2,nr,9.730e-16
6.7500000000000009,3.6839353355394389,2,nr,2.497e-15
6.7625000000000002,3.6772179442523125,2,nr,8.800e-16
6.7750000000000004,3.6706273036533354,2,nr,3.258e-15
6.7875000000000005,3.6641641050950371,2,nr,7.046e-12
6.8000000000000007,3.6578290292920927,2,nr,1.724e-15
6.8125000000000009,3.6516227431992614,2,nr,3.892e-16
6.8250000000000002,3.6455458965535983,2,nr,2.706e-15
6.8375000000000004,3.6395991181982654,2,nr,1.899e-11
6.8500000000000005,3.6337830121707637,2,nr,4.575e-16
6.8625000000000007,3.6280981533324486,2,nr,1.590e-15
6.8750000000000009,3.6225450829229668,2,nr,2.030e-15
6.8875000000000002,3.61712430362999,2,nr,1.195e-15
6.9000000000000004,3.6118362744040042,2,nr,5.932e-16
6.9125000000000005,3.6066814049300184,2,nr,7.363e-16
6.9250000000000007,3.6016600497607421,2,nr,3.656e-16
6.9375000000000009,3.5967725021063583,2,nr,1.380e-15
6.9500000000000002,3.5920189872781565,2,nr,3.606e-16
6.9625000000000004,3.5873996557860304,2,nr,1.289e-15
6.9750000000000005,3.5829145760928882,2,nr,2.063e-15
6.9875000000000007,3.5785637270325288,2,nr,4.945e-16
7.0000000000000009,3.5743469898860738,2,nr,2.218e-11
7.0125000000000002,3.5702641402411661,2,nr,4.181e-16
7.0250000000000004,3.5663148393269859,2,nr,1.385e-15
7.0375000000000005,3.5624986253964006,2,nr,6.877e-16
7.0500000000000007,3.5588149046605797,2,nr,2.526e-11
7.0625000000000009,3.555262942011904,2,nr,6.788e-16
7.0750000000000002,3.5518418518630623,2,nr,6.745e-17
7.0875000000000004,3.5485505885371862,2,nr,2.185e-11
7.1000000000000005,3.5453879368058598,2,nr,1.665e-16
7.1125000000000007,3.5423525026048481,2,nr,9.600e-16
7.1250000000000009,3.5394427035480236,2,nr,7.808e-12
7.1375000000000002,3.5366567599356804,2,nr,1.799e-15
7.1500000000000004,3.5339926858618562,2,nr,1.707e-11
7.1625000000000005,3.531448280954959,2,nr,3.559e-16
7.1750000000000007,3.5290211223349228,2,nr,1.333e-11
7.1875000000000009,3.5267085575954851,2,nr,8.323e-16
7.2000000000000002,3.5245076981841552,2,nr,3.393e-12
7.2125000000000004,3.5224154140116015,2,nr,6.023e-16
7.2250000000000005,3.5204283288900884,2,nr,6.310e-16
7.2375000000000007,3.5185428172733362,2,nr,1.261e-11
7.2500000000000009,3.5167550023378924,2,nr,9.384e-17
7.2625000000000002,3.5150607553930544,2,nr,7.011e-12
7.2750000000000004,3.5134556970599422,2,nr,8.636e-12
7.2875000000000005,3.5119352001488733,2,nr,4.021e-16
7.3000000000000007,3.5104943942011357,2,nr,1.171e-15
7.3125000000000009,3.5091281721929422,2,nr,2.275e-12
7.3250000000000002,3.5078311991063305,2,nr,5.308e-12
7.3375000000000004,3.5065979226152582,2,nr,7.643e-17
7.3500000000000005,3.5054225858291987,2,nr,1.190e-15
7.3625000000000007,3.5042992421989467,2,nr,5.646e-13
7.3750000000000009,3.5032217724338519,2,nr,1.387e-12
7.3875000000000002,3.5021839034524813,2,nr,1.442e-16
7.4000000000000004,3.5011792292305266,2,nr,9.854e-17
7.4125000000000005,3.5002012334600088,2,nr,1.543e-11
7.4250000000000007,3.4992433137215913,2,nr,5.098e-14
7.4375000000000009,3.4982988072910679,2,nr,3.289e-13
7.4500000000000002,3.4973610178450976,2,nr,1.157e-15
7.4625000000000004,3.4964232433095002,2,nr,6.930e-16
7.4750000000000005,3.4954788042789793,2,nr,1.832e-11
7.4875000000000007,3.4945210726991349,2,nr,5.881e-14
7.5000000000000009,3.4935435008287885,2,nr,2.568e-13
7.5125000000000002,3.4925396495774357,2,nr,2.243e-13
7.5250000000000004,3.4915032164855928,2,nr,7.047e-13
7.5375000000000005,3.4904280626755022,2,nr,1.371e-14
7.5500000000000007,3.4893082385964984,2,nr,6.003e-12
7.5625000000000009,3.4881380082844355,2,nr,5.073e-16
7.5750000000000002,3.4869118717859453,2,nr,5.173e-13
7.5875000000000004,3.4856245856999513,2,nr,1.230e-13
7.6000000000000005,3.4842711814533649,2,nr,1.739e-15
7.6125000000000007,3.4828469812832097,2,nr,6.237e-16
7.6250000000000009,3.4813476117618674,2,nr,2.350e-13
7.6375000000000002,3.4797690147877605,2,nr,2.099e-11
7.6500000000000004,3.4781074561287526,2,nr,7.270e-16
7.6625000000000005,3.476359531160611,2,nr,6.463e-13
7.6750000000000007,3.4745221684561844,2,nr,3.512e-16
7.6875000000000009,3.4725926306991743,2,nr,2.247e-15
7.7000000000000002,3.4705685133859929,2,nr,6.794e-13
7.7125000000000004,3.4684477413435384,2,nr,1.201e-15
7.7250000000000005,3.4662285632432015,2,nr,4.159e-12
7.7375000000000007,3.4639095442495864,2,nr,5.258e-16
7.7500000000000009,3.4614895570863946,2,nr,8.580e-12
7.7625000000000002,3.4589677715463063,2,nr,4.326e-16
7.7750000000000004,3.4563436429088989,2,nr,1.144e-11
7.7875000000000005,3.4536168991118785,2,nr,1.349e-16
7.8000000000000007,3.4507875273068249,2,nr,7.489e-12
7.8125000000000009,3.447855759516969,2,nr,5.471e-16
7.8250000000000002,3.4448220580326669,2,nr,8.264e-16
7.8375000000000004,3.4416871003662539,2,nr,3.408e-11
7.8500000000000005,3.4384517640072594,2,nr,1.048e-15
7.8625000000000007,3.4351171114907397,2,nr,4.740e-13
7.8750000000000009,3.4316843751088744,2,nr,2.519e-11
7.8875000000000002,3.4281549423132227,2,nr,8.569e-16
7.9000000000000004,3.4245303410592487,2,nr,1.655e-15
7.9125000000000005,3.420812225944696,2,nr,2.739e-11
7.9250000000000007,3.4170023644866103,2,nr,1.022e-15
7.9375000000000009,3.4131026242994262,2,nr,6.622e-16
7.9500000000000002,3.4091149605066251,2,nr,5.190e-16
7.9625000000000004,3.405041404031957,2,nr,1.537e-13
7.9750000000000005,3.4008840504148736,2,nr,3.429e-11
7.9875000000000007,3.3966450494222338,2,nr,3.792e-16
8,3.3923265950291848,2,nr,1.910e-15
8.0124999999999993,3.3879309164576705,2,nr,2.387e-15
8.0250000000000004,3.3834602695756431,2,nr,2.327e-16
8.0374999999999996,3.3789169290568646,2,nr,7.034e-16
8.0499999999999989,3.3743031811463524,2,nr,2.047e-15
8.0625,3.3696213170303451,2,nr,2.380e-15
8.0749999999999993,3.3648736267872126,2,nr,2.318e-15
8.0875000000000004,3.360062393894073,2,nr,8.096e-13
8.0999999999999996,3.3551898902629644,2,nr,7.671e-12
8.1124999999999989,3.3502583717678882,2,nr,1.481e-11
8.125,3.3452700742569172,2,nr,1.724e-11
8.1374999999999993,3.3402272100022432,2,nr,1.328e-11
8.1500000000000004,3.3351319645634709,2,nr,4.969e-12
8.1624999999999996,3.3299864940362487,2,nr,3.151e-12
8.1749999999999989,3.3247929226620569,2,nr,1.692e-16
8.1875,3.3195533407542657,2,nr,1.534e-15
8.1999999999999993,3.314269802964116,2,nr,3.860e-15
8.2125000000000004,3.3089443268000758,2,nr,8.636e-17
8.2249999999999996,3.3035788914165516,2,nr,2.608e-16
8.2374999999999989,3.2981754366376177,2,nr,5.338e-15
8.25,3.2927358621962308,2,nr,3.171e-15
8.2624999999999993,3.2872620271692439,2,nr,9.839e-15
8.2750000000000004,3.2817557495897405,2,nr,1.097e-14
8.2874999999999996,3.2762188062193598,2,nr,3.950e-15
8.2999999999999989,3.2706529324646212,2,nr,4.516e-16
8.3125,3.2650598224230101,2,nr,2.084e-12
8.3249999999999993,3.2594411290395566,2,nr,2.559e-15
8.3375000000000004,3.25379846437745,2,nr,9.195e-16
8.3499999999999996,3.2481333999636499,2,nr,4.439e-15
8.3624999999999989,3.242447467225904,2,nr,8.929e-15
8.375,3.2367421579949105,2,nr,7.670e-15
8.3874999999999993,3.231018925067886,2,nr,2.822e-15
8.4000000000000004,3.225279182842987,2,nr,5.405e-11
8.4124999999999996,3.219524307887951,2,nr,2.187e-15
8.4249999999999989,3.2137556398230891,2,nr,4.492e-15
8.4375,3.2079744818674083,2,nr,1.076e-14
8.4499999999999993,3.2021821016871939,2,nr,1.805e-14
8.4625000000000004,3.1963797321550329,2,nr,6.404e-15
8.4749999999999996,3.1905685721435346,2,nr,2.047e-15
8.4874999999999989,3.1847497873314197,2,nr,6.857e-16
8.5,3.1789245110181255,2,nr,1.476e-15
8.5124999999999993,3.1730938449437209,2,nr,6.229e-15
8.5250000000000004,3.1672588601111675,2,nr,1.877e-14
8.5374999999999996,3.1614205976083984,2,nr,6.683e-15
8.5499999999999989,3.1555800694277898,2,nr,3.506e-16
8.5625,3.1497382592811891,2,nr,1.811e-15
8.5749999999999993,3.1438961234086107,2,nr,3.232e-15
8.5875000000000004,3.1380545913790963,2,nr,6.439e-15
8.5999999999999996,3.1322145668824226,2,nr,1.445e-14
8.6124999999999989,3.126376928510556,2,nr,7.356e-15
8.625,3.120542530527763,2,nr,2.307e-15
8.6374999999999993,3.1147122036287245,2,nr,7.718e-16
8.6500000000000004,3.1088867556838569,2,nr,1.859e-15
8.6624999999999996,3.1030669724713298,2,nr,1.295e-15
8.6749999999999989,3.0972536183953259,2,nr,1.341e-14
8.6875,3.0914474371902463,2,nr,4.119e-15
8.6999999999999993,3.0856491526105043,2,nr,3.975e-15
8.7125000000000004,3.0798594691058643,2,nr,2.885e-15
8.7249999999999996,3.074079072482125,2,nr,1.210e-15
8.7374999999999989,3.0683086305471479,2,nr,9.655e-15
8.75,3.0625487937422258,2,nr,6.877e-15
8.7624999999999993,3.0568001957588877,2,nr,7.531e-15
8.7750000000000004,3.0510634541412083,2,nr,2.871e-15
8.7874999999999996,3.0453391708506126,2,nr,9.154e-11
8.7999999999999989,3.039627932955459,2,nr,4.541e-15
8.8125,3.0339303129593529,2,nr,2.141e-15
8.8249999999999993,3.0282468695787839,2,nr,3.755e-15
8.8375000000000004,3.0225781481599774,2,nr,5.510e-15
8.8499999999999996,3.0169246812214316,2,nr,2.558e-15
8.8624999999999989,3.0112869889603626,2,nr,1.160e-15
8.875,3.0056655797464611,2,nr,2.378e-15
8.8874999999999993,3.0000609506040234,2,nr,3.012e-12
8.9000000000000004,2.994473587677652,2,nr,4.527e-15
8.9124999999999996,2.98890396669709,2,nr,6.488e-15
8.9249999999999989,2.9833525534160765,2,nr,1.223e-15
8.9375,2.9778198040509656,2,nr,2.967e-15
8.9499999999999993,2.9723061657041505,2,nr,5.858e-15
8.9625000000000004,2.9668120767777064,2,nr,4.146e-15
8.9749999999999996,2.9613379673768159,2,nr,1.160e-15
8.9874999999999989,2.9558842597033053,2,nr,1.694e-15
9,2.9504513684568945,2,nr,7.452e-11
9.0124999999999993,2.9450397011232723,2,nr,5.685e-13
9.0250000000000004,2.9396496585165961,2,nr,1.814e-11
9.0374999999999996,2.9342816349433396,2,nr,2.465e-16
9.0499999999999989,2.9289360186780136,2,nr,3.247e-15
9.0625,2.9236131922447774,2,nr,4.393e-15
9.0749999999999993,2.9183135327705783,2,nr,4.812e-15
9.0875000000000004,2.913037412305592,2,nr,5.604e-16
9.0999999999999996,2.9077851981263989,2,nr,6.155e-11
9.1124999999999989,2.9025572531233839,2,nr,3.168e-11
9.125,2.8973539359201439,2,nr,3.191e-11
9.1374999999999993,2.8921756014266746,2,nr,3.594e-11
9.1500000000000004,2.8870226008735482,2,nr,2.931e-15
9.1624999999999996,2.8818952822995239,2,nr,4.436e-15
9.1749999999999989,2.8767939907037769,2,nr,4.105e-15
9.1875,2.8717190683652172,2,nr,2.421e-15
9.1999999999999993,2.8666708550998043,2,nr,2.009e-15
9.2125000000000004,2.8616496885203313,2,nr,8.739e-16
9.2249999999999996,2.8566559042906907,2,nr,1.746e-15
9.2374999999999989,2.8516898363747218,2,nr,1.199e-15
9.25,2.8467518172797712,2,nr,1.470e-15
9.2624999999999993,2.8418421782950549,2,nr,2.203e-15
9.2750000000000004,2.8369612497249075,2,nr,5.704e-16
9.2874999999999996,2.8321093611169927,2,nr,2.957e-15
9.2999999999999989,2.8272868414855328,2,nr,7.069e-15
9.3125,2.8224940195295791,2,nr,3.056e-15
9.3249999999999993,2.8177312238463763,2,nr,1.188e-15
9.3375000000000004,2.812998783139792,2,nr,4.852e-16
9.3499999999999996,2.8082970264238409,2,nr,6.027e-15
9.3624999999999989,2.8036262832212193,2,nr,9.131e-16
9.375,2.7989868837568586,2,nr,1.555e-15
9.3874999999999993,2.7943791591463842,2,nr,4.815e-16
9.4000000000000004,2.7898034415694517,2,nr,4.321e-11
9.4124999999999996,2.7852600644975194,2,nr,2.344e-15
9.4249999999999989,2.780749362766902,2,nr,4.198e-15
9.4375,2.7762716728452981,2,nr,2.492e-15
9.4499999999999993,2.7718273329432539,2,nr,8.831e-15
9.4625000000000004,2.7674166831793565,2,nr,1.292e-14
9.4749999999999996,2.7630400657292413,2,nr,4.629e-15
9.4874999999999989,2.7586978249680736,2,nr,1.044e-14
9.5,2.7543903076062692,2,nr,1.308e-15
9.5124999999999993,2.7501178628180174,2,nr,4.382e-15
9.5250000000000004,2.7458808423622902,2,nr,1.092e-15
9.5374999999999996,2.7416796006959285,2,nr,6.066e-15
9.5499999999999989,2.7375144950783357,2,nr,1.323e-14
9.5625,2.7333858856672673,2,nr,1.288e-14
9.5749999999999993,2.7292941356052682,2,nr,5.648e-16
9.5875000000000004,2.7252396110960722,2,nr,3.582e-16
9.5999999999999996,2.7212226814703802,2,nr,3.876e-15
9.6125000000000007,2.7172437192403778,2,nr,2.145e-14
9.625,2.7133031001422312,2,nr,2.000e-14
9.6374999999999993,2.709401203165692,2,nr,6.054e-16
9.6500000000000004,2.7055384105702145,2,nr,6.534e-16
9.6624999999999996,2.7017151078863697,2,nr,1.217e-14
9.6750000000000007,2.6979316839018499,2,nr,2.434e-14
9.6875,2.6941885306308477,2,nr,7.153e-15
9.6999999999999993,2.6904860432659272,2,nr,4.057e-15
9.7125000000000004,2.6868246201109578,2,nr,1.517e-14
9.7249999999999996,2.6832046624941102,2,nr,2.041e-14
9.7375000000000007,2.6796265746593919,2,nr,2.345e-15
9.75,2.6760907636355991,2,nr,3.989e-15
9.7624999999999993,2.6725976390808741,2,nr,3.419e-14
9.7750000000000004,2.6691476131015532,2,nr,2.989e-15
9.7874999999999996,2.6657411000436948,2,nr,3.264e-15
9.8000000000000007,2.6623785162552918,2,nr,3.249e-14
9.8125,2.6590602798177101,2,nr,7.798e-15
9.8249999999999993,2.6557868102440989,2,nr,2.840e-15
9.8375000000000004,2.6525585281431865,2,nr,2.958e-14
9.8499999999999996,2.6493758548459416,2,nr,7.500e-16
9.8625000000000007,2.6462392119933944,2,nr,5.411e-15
9.875,2.6431490210829693,2,nr,2.831e-14
9.8874999999999993,2.6401057029712502,2,nr,9.237e-16
9.9000000000000004,2.6371096773308147,2,nr,2.132e-14
9.9124999999999996,2.6341613620584323,2,nr,5.669e-15
9.9250000000000007,2.6312611726322492,2,nr,4.275e-15
9.9375,2.6284095214154561,2,nr,1.647e-14
9.9499999999999993,2.6256068169035141,2,nr,3.601e-16
9.9625000000000004,2.6228534629126057,2,nr,2.507e-14
9.9749999999999996,2.6201498577062523,2,nr,8.017e-16
9.9875000000000007,2.6174963930577859,2,nr,2.773e-14
10,2.6148934532415717,2,nr,1.273e-11
3.3750000000000004,14.998154389467194,3,nr,5.438e-13
3.3875000000000002,14.91944973395249,3,nr,8.900e-14
3.4000000000000004,14.842283675404117,3,nr,1.467e-15
3.4125000000000005,14.766650131318316,3,nr,3.421e-16
3.4250000000000003,14.692543113022356,3,nr,4.767e-13
3.4375000000000004,14.619956656675164,3,nr,1.008e-15
3.4500000000000002,14.548884747267476,3,nr,1.958e-13
3.4625000000000004,14.479321235205171,3,nr,8.348e-14
3.4750000000000005,14.411259744928076,3,nr,1.635e-16
3.4875000000000003,14.344693575187586,3,nr,1.725e-14
3.5000000000000004,14.27961559056758,3,nr,2.119e-14
3.5125000000000002,14.21601810393606,3,nr,6.761e-16
3.5250000000000004,14.153892749603555,3,nr,1.110e-13
3.5375000000000005,14.093230347084226,3,nr,1.712e-13
3.5500000000000003,14.034020755497313,3,nr,7.264e-14
3.5625000000000004,13.976252718843078,3,nr,3.455e-16
3.5750000000000002,13.91991370260739,3,nr,1.180e-15
3.5875000000000004,13.864989722404953,3,nr,2.641e-16
3.6000000000000005,13.811465165682876,3,nr,1.497e-16
3.6125000000000003,13.759322607855854,3,nr,1.782e-14
3.6250000000000004,13.708542624631423,3,nr,4.570e-14
3.6375000000000002,13.6591036027142,3,nr,1.880e-14
3.6500000000000004,13.610981551538513,3,nr,1.995e-16
3.6625000000000005,13.564149919166876,3,nr,8.390e-15
3.6750000000000003,13.518579415980231,3,nr,1.135e-14
3.6875000000000004,13.474237850274088,3,nr,1.954e-15
3.7000000000000002,13.431089980329956,3,nr,4.943e-16
3.7125000000000004,13.389097387928297,3,nr,3.721e-15
3.7250000000000005,13.348218378578537,3,nr,1.349e-14
3.7375000000000003,13.308407913931152,3,nr,1.525e-14
3.7500000000000004,13.269617581868506,3,nr,1.988e-15
3.7625000000000002,13.231795609610611,3,nr,1.205e-16
3.7750000000000004,13.194886924788401,3,nr,4.118e-16
3.7875000000000005,13.158833268806786,3,nr,1.633e-14
3.8000000000000003,13.123573365919871,3,nr,2.109e-14
3.8125000000000004,13.089043150278842,3,nr,1.315e-14
3.8250000000000002,13.055176051792603,3,nr,2.058e-13
3.8375000000000004,13.021903339992697,3,nr,1.699e-16
3.8500000000000005,12.989154523314658,3,nr,7.941e-15
3.8625000000000003,12.956857799212511,3,nr,3.782e-12
3.8750000000000004,12.924940548852542,3,nr,1.170e-16
3.8875000000000002,12.893329867641491,3,nr,9.103e-15
3.9000000000000004,12.861953122430892,3,nr,3.667e-13
3.9125000000000005,12.830738523391902,3,nr,1.500e-16
3.9250000000000003,12.799615698850943,3,nr,2.232e-14
3.9375000000000004,12.768516260186008,3,nr,1.050e-12
3.9500000000000002,12.737374344261218,3,nr,2.074e-14
3.9625000000000004,12.706127121145093,3,nr,1.386e-14
3.9750000000000005,12.674715256271627,3,nr,3.491e-13
3.9875000000000003,12.643083317319915,3,nr,1.770e-17
4,12.611180118215,3,nr,2.476e-14
4.0125000000000002,12.578958994723736,3,nr,4.854e-16
4.0250000000000004,12.546378008298948,3,nr,3.589e-14
4.0375000000000005,12.513400077207837,3,nr,1.263e-15
4.0500000000000007,12.479993036097252,3,nr,2.143e-15
4.0625,12.446129627158482,3,nr,2.864e-14
4.0750000000000002,12.411787427736384,3,nr,4.683e-14
4.0875000000000004,12.376948720598918,3,nr,4.690e-14
4.1000000000000005,12.341600314079381,3,nr,3.095e-14
4.1125000000000007,12.305733319932864,3,nr,7.955e-15
4.125,12.269342897027899,3,nr,4.735e-16
4.1375000000000002,12.232427968957833,3,nr,1.957e-14
4.1500000000000004,12.19499092334887,3,nr,8.816e-15
4.1625000000000005,12.157037300124474,3,nr,8.708e-14
4.1750000000000007,12.118575475296586,3,nr,7.468e-16
4.1875,12.079616346084741,3,nr,1.387e-15
4.2000000000000002,12.040173022297882,3,nr,5.409e-15
4.2125000000000004,12.000260528085148,3,nr,1.433e-14
4.2250000000000005,11.959895517301998,3,nr,2.319e-12
4.2375000000000007,11.919096005022224,3,nr,5.322e-16
4.25,11.87788111679752,3,nr,5.844e-16
4.2625000000000002,11.836270857047641,3,nr,4.859e-13
4.2750000000000004,11.794285896879186,3,nr,2.541e-15
4.2875000000000005,11.751947381624101,3,nr,1.096e-12
4.3000000000000007,11.709276757695218,3,nr,2.375e-16
4.3125,11.666295618298289,3,nr,9.937e-13
4.3250000000000002,11.623025567030677,3,nr,1.025e-15
4.3375000000000004,11.579488098550797,3,nr,9.404e-16
4.3500000000000005,11.535704495064431,3,nr,6.143e-13
4.3625000000000007,11.491695737565296,3,nr,2.420e-12
4.375,11.447482430572155,3,nr,3.444e-12
4.3875000000000002,11.403084739192654,3,nr,1.306e-15
4.4000000000000004,11.358522337352596,3,nr,2.383e-15
4.4125000000000005,11.313814365952355,3,nr,1.396e-15
4.4250000000000007,11.268979400033221,3,nr,3.807e-16
4.4375,11.224035423815739,3,nr,1.212e-15
4.4500000000000002,11.178999812713421,3,nr,1.508e-15
4.4625000000000004,11.133889321441933,3,nr,7.353e-16
4.4750000000000005,11.088720077424833,3,nr,1.088e-15
4.4875000000000007,11.043507578769001,3,nr,9.863e-16
4.5,10.998266696152578,3,nr,1.175e-15
4.5125000000000002,10.953011678034805,3,nr,7.734e-16
4.5250000000000004,10.907756158659749,3,nr,0.000e+00
4.5375000000000005,10.862513168384362,3,nr,1.219e-15
4.5500000000000007,10.81729514593852,3,nr,1.565e-11
4.5625,10.772113952112315,3,nr,1.653e-11
4.5750000000000002,10.726980884894969,3,nr,1.735e-11
4.5875000000000004,10.681906695278276,3,nr,1.806e-11
4.6000000000000005,10.636901604121567,3,nr,1.745e-11
4.6125000000000007,10.591975318983934,3,nr,1.610e-11
4.625,10.547137051765592,3,nr,1.403e-11
4.6375000000000002,10.502395536254351,3,nr,1.185e-11
4.6500000000000004,10.457759045760115,3,nr,2.569e-15
4.6625000000000005,10.413235410600885,3,nr,3.417e-16
4.6750000000000007,10.368832035540114,3,nr,2.072e-16
4.6875,10.324555916836468,3,nr,3.700e-15
4.7000000000000002,10.280413659052279,3,nr,3.802e-12
4.7125000000000004,10.236411491437684,3,nr,1.758e-11
4.7250000000000005,10.192555284084566,3,nr,1.512e-15
4.7375000000000007,10.148850563278419,3,nr,1.454e-15
4.75,10.105302526832796,3,nr,2.790e-12
4.7625000000000002,10.061916058623982,3,nr,8.154e-16
4.7750000000000004,10.018695742798428,3,nr,2.021e-15
4.7875000000000005,9.9756458774258654,3,nr,1.314e-11
4.8000000000000007,9.9327704876266338,3,nr,3.431e-15
4.8125000000000009,9.8900733383748669,3,nr,2.442e-13
4.8250000000000002,9.8475579465694789,3,nr,2.096e-15
4.8375000000000004,9.8052275928141999,3,nr,2.465e-12
4.8500000000000005,9.7630853326345441,3,nr,3.160e-16
4.8625000000000007,9.7211340072671355,3,nr,1.584e-11
4.8750000000000009,9.6793762540334107,3,nr,1.767e-15
4.8875000000000002,9.6378145161107867,3,nr,1.701e-15
4.9000000000000004,9.5964510521279056,3,nr,7.350e-16
4.9125000000000005,9.5552879451580957,3,nr,5.182e-12
4.9250000000000007,9.5143271113698731,3,nr,3.402e-15
4.9375000000000009,9.4735703083403315,3,nr,2.508e-15
4.9500000000000002,9.4330191429196706,3,nr,4.212e-16
4.9625000000000004,9.3926750787997904,3,nr,4.329e-15
4.9750000000000005,9.3525394437176885,3,nr,2.479e-15
4.9875000000000007,9.3126134363349742,3,nr,1.808e-15
5.0000000000000009,9.2728981328031939,3,nr,2.688e-15
5.0125000000000002,9.2333944930280989,3,nr,1.747e-15
5.0250000000000004,9.1941033666457006,3,nr,1.319e-15
5.0375000000000005,9.1550254987226474,3,nr,6.382e-14
5.0500000000000007,9.1161615351928607,3,nr,1.247e-15
5.0625000000000009,9.0775120280428894,3,nr,2.152e-15
5.0750000000000002,9.0390774402559586,3,nr,9.023e-17
5.0875000000000004,9.0008581505138547,3,nr,2.189e-11
5.1000000000000005,8.9628544577589242,3,nr,2.009e-15
5.1125000000000007,8.9250665853489135,3,nr,5.519e-13
5.1250000000000009,8.8874946852754864,3,nr,2.865e-15
5.1375000000000002,8.8501388420004332,3,nr,2.425e-12
5.1500000000000004,8.8129990761756254,3,nr,1.869e-15
5.1625000000000005,8.7760753482029585,3,nr,1.879e-16
5.1750000000000007,8.7393675616004263,3,nr,7.084e-15
5.1875000000000009,8.7028755662329385,3,nr,6.077e-15
5.2000000000000002,8.6665991613859195,3,nr,4.199e-15
5.2125000000000004,8.6305380987170093,3,nr,3.493e-11
5.2250000000000005,8.5946920849623041,3,nr,8.143e-15
5.2375000000000007,8.5590607847905567,3,nr,3.340e-15
5.2500000000000009,8.523643823166779,3,nr,1.070e-15
5.2625000000000002,8.4884407878759287,3,nr,4.299e-15
5.2750000000000004,8.4534512318255182,3,nr,2.895e-15
5.2875000000000005,8.4186746752615065,3,nr,8.721e-15
5.3000000000000007,8.3841106078841214,3,nr,3.265e-15
5.3125000000000009,8.3497584908686253,3,nr,1.888e-15
5.3250000000000002,8.31561775881889,3,nr,4.889e-11
5.3375000000000004,8.2816878214953817,3,nr,2.002e-16
5.3500000000000005,8.2479680658105323,3,nr,2.110e-15
5.3625000000000007,8.2144578572809497,3,nr,2.370e-15
5.3750000000000009,8.1811565417549588,3,nr,3.187e-15
5.3875000000000002,8.1480634469303528,3,nr,3.553e-16
5.4000000000000004,8.1151778838309987,3,nr,4.826e-12
5.4125000000000005,8.0824991482071447,3,nr,1.532e-15
5.4250000000000007,8.0500265219082721,3,nr,1.152e-13
5.4375000000000009,8.0177592741552122,3,nr,4.316e-15
5.4500000000000002,7.9856966628161867,3,nr,5.692e-11
5.4625000000000004,7.9538379354690969,3,nr,1.147e-14
5.4750000000000005,7.9221823307889894,3,nr,2.693e-15
5.4875000000000007,7.890729079419029,3,nr,5.788e-11
5.5000000000000009,7.8594774050212717,3,nr,3.123e-16
5.5125000000000002,7.8284265255062353,3,nr,5.372e-15
5.5250000000000004,7.7975756537564651,3,nr,1.620e-15
5.5375000000000005,7.7669239986815786,3,nr,6.363e-15
5.5500000000000007,7.7364707660907772,3,nr,1.705e-15
5.5625000000000009,7.7062151595491644,3,nr,1.856e-11
5.5750000000000002,7.6761563812355726,3,nr,3.106e-11
5.5875000000000004,7.646293632723995,3,nr,2.195e-11
5.6000000000000005,7.6166261157527479,3,nr,2.245e-15
5.6125000000000007,7.5871530329730152,3,nr,9.255e-16
5.6250000000000009,7.5578735887062187,3,nr,3.071e-15
5.6375000000000002,7.5287869896135264,3,nr,3.393e-15
5.6500000000000004,7.4998924453814348,3,nr,6.815e-12
5.6625000000000005,7.471189169415263,3,nr,5.348e-11
5.6750000000000007,7.4426763793477937,3,nr,2.963e-15
5.6875000000000009,7.4143532979111102,3,nr,3.370e-11
5.7000000000000002,7.3862191532669428,3,nr,3.244e-11
5.7125000000000004,7.358273179773045,3,nr,2.995e-16
5.7250000000000005,7.330514618534969,3,nr,3.181e-12
5.7375000000000007,7.3029427178911224,3,nr,3.287e-11
5.7500000000000009,7.2755567340895047,3,nr,7.383e-13
5.7625000000000002,7.2483559316794421,3,nr,5.082e-13
5.7750000000000004,7.221339584183049,3,nr,2.525e-11
5.7875000000000005,7.194506974505571,3,nr,3.012e-12
5.8000000000000007,7.167857395545167,3,nr,5.346e-11
5.8125000000000009,7.141390150694277,3,nr,5.419e-15
5.8250000000000002,7.1151045542004576,3,nr,3.247e-12
5.8375000000000004,7.0889999318297923,3,nr,4.012e-11
5.8500000000000005,7.0630756213561368,3,nr,2.124e-11
5.8625000000000007,7.0373309728680029,3,nr,2.125e-15
5.8750000000000009,7.0117653494939125,3,nr,1.857e-16
5.8875000000000002,6.9863781277319044,3,nr,3.340e-15
5.9000000000000004,6.961168697990388,3,nr,5.931e-15
5.9125000000000005,6.9361364650660198,3,nr,5.739e-15
5.9250000000000007,6.9112808486305388,3,nr,1.796e-15
5.9375000000000009,6.8866012837193296,3,nr,6.171e-15
5.9500000000000002,6.8620972212225606,3,nr,7.663e-15
5.9625000000000004,6.8377681283795626,3,nr,9.201e-15
5.9750000000000005,6.813613489277385,3,nr,5.721e-15
5.9875000000000007,6.7896328053456063,3,nr,2.254e-11
6.0000000000000009,6.7658255959078959,3,nr,3.817e-15
6.0125000000000002,6.7421913986121726,3,nr,6.000e-15
6.0250000000000004,6.7187297700381974,3,nr,2.603e-15
6.0375000000000005,6.6954402861852902,3,nr,9.245e-15
6.0500000000000007,6.6723225430197211,3,nr,8.808e-16
6.0625000000000009,6.6493761570436476,3,nr,5.421e-11
6.0750000000000002,6.6266007657497079,3,nr,5.309e-15
6.0875000000000004,6.603996028397404,3,nr,4.472e-15
6.1000000000000005,6.5815616263862937,3,nr,3.024e-15
6.1125000000000007,6.5592972639612404,3,nr,2.279e-11
6.1250000000000009,6.5372026687531966,3,nr,3.668e-15
6.1375000000000002,6.5152775924867665,3,nr,4.114e-15
6.1500000000000004,6.4935218115254578,3,nr,2.379e-15
6.1625000000000005,6.4719351275643842,3,nr,6.053e-16
6.1750000000000007,6.4505173682855714,3,nr,2.011e-16
6.1875000000000009,6.4292683880383672,3,nr,4.808e-15
6.2000000000000002,6.4081880685367603,3,nr,8.482e-16
6.2125000000000004,6.3872763195741369,3,nr,4.970e-17
6.2250000000000005,6.3665330797561221,3,nr,6.634e-15
6.2375000000000007,6.3459583172519967,3,nr,1.035e-15
6.2500000000000009,6.3255520305651727,3,nr,2.209e-15
6.2625000000000002,6.3053142493232528,3,nr,1.027e-15
6.2750000000000004,6.2852450350879705,3,nr,4.234e-15
6.2875000000000005,6.2653444821854762,3,nr,3.779e-15
6.3000000000000007,6.2456127185571235,3,nr,2.845e-15
6.3125000000000009,6.2260499066310784,3,nr,3.839e-15
6.3250000000000002,6.2066562442147575,3,nr,2.865e-15
6.3375000000000004,6.1874319654081642,3,nr,6.367e-15
6.3500000000000005,6.1683773415380356,3,nr,1.986e-15
6.3625000000000007,6.1494926821301439,3,nr,4.042e-11
6.3750000000000009,6.1307783357959735,3,nr,7.484e-16
6.3875000000000002,6.1122346914036045,3,nr,4.466e-15
6.4000000000000004,6.09386217891472,3,nr,5.089e-15
6.4125000000000005,6.0756612705041473,3,nr,8.280e-16
6.4250000000000007,6.0576324815904004,3,nr,3.841e-15
6.4375000000000009,6.0397763718920032,3,nr,1.551e-11
6.4500000000000002,6.0220935465403285,3,nr,6.687e-15
6.4625000000000004,6.0045846570741768,3,nr,4.811e-11
6.4750000000000005,5.9872504027219797,3,nr,1.250e-15
6.4875000000000007,5.970091531243936,3,nr,8.868e-16
6.5000000000000009,5.9531088402720984,3,nr,1.674e-15
6.5125000000000002,5.9363031783032234,3,nr,2.626e-16
6.5250000000000004,5.9196754458080498,3,nr,2.803e-11
6.5375000000000005,5.9032265963909332,3,nr,4.748e-15
6.5500000000000007,5.8869576377248194,3,nr,2.743e-15
6.5625000000000009,5.8708696327415595,3,nr,4.256e-16
6.5750000000000002,5.8549637005833421,3,nr,3.606e-13
6.5875000000000004,5.8392410176002612,3,nr,5.034e-16
6.6000000000000005,5.8237028182832402,3,nr,4.164e-15
6.6125000000000007,5.8083503961422567,3,nr,1.983e-15
6.6250000000000009,5.7931851045114406,3,nr,1.148e-15
6.6375000000000002,5.7782083572717253,3,nr,1.058e-15
6.6500000000000004,5.7634216294749505,3,nr,3.229e-16
6.6625000000000005,5.7488264578531583,3,nr,8.009e-16
6.6750000000000007,5.7344244412120595,3,nr,2.997e-11
6.6875000000000009,5.7202172405671847,3,nr,1.576e-16
6.7000000000000002,5.7062065793639052,3,nr,2.422e-15
6.7125000000000004,5.6923942431503836,3,nr,3.719e-15
6.7250000000000005,5.678782079282211,3,nr,1.536e-16
6.7375000000000007,5.6653719962649278,3,nr,3.503e-15
6.7500000000000009,5.6521659628226599,3,nr,5.285e-16
6.7625000000000002,5.6391660066392353,3,nr,2.993e-16
6.7750000000000004,5.6263742127322915,3,nr,2.225e-16
6.7875000000000005,5.6137927214172088,3,nr,1.690e-15
6.8000000000000007,5.6014237258139081,3,nr,2.039e-15
6.8125000000000009,5.5892694688598539,3,nr,2.069e-11
6.8250000000000002,5.577332239675199,3,nr,2.145e-16
6.8375000000000004,5.5656143695179177,3,nr,9.208e-16
6.8500000000000005,5.5541182267768363,3,nr,9.226e-12
6.8625000000000007,5.5428462113832255,3,nr,1.529e-15
6.8750000000000009,5.5318007484107365,3,nr,8.260e-16
6.8875000000000002,5.5209842806539271,3,nr,4.772e-16
6.9000000000000004,5.5103992603224405,3,nr,5.807e-15
6.9125000000000005,5.5000481396421179,3,nr,1.920e-11
6.9250000000000007,5.4899333602157636,3,nr,3.422e-13
6.9375000000000009,5.4800573413846569,3,nr,2.505e-11
6.9500000000000002,5.4704224668234689,3,nr,2.142e-15
6.9625000000000004,5.4610310702384632,3,nr,2.829e-15
6.9750000000000005,5.4518854190389936,3,nr,6.365e-17
6.9875000000000007,5.4429876967143827,3,nr,7.563e-16
7.0000000000000009,5.4343399833712862,3,nr,1.634e-11
7.0125000000000002,5.4259442345957858,3,nr,3.460e-15
7.0250000000000004,5.4178022582447385,3,nr,1.836e-16
7.0375000000000005,5.4099156896159242,3,nr,2.631e-13
7.0500000000000007,5.4022859644494154,3,nr,1.800e-15
7.0625000000000009,5.3949142900384208,3,nr,2.261e-13
7.0750000000000002,5.3878016143695584,3,nr,7.161e-12
7.0875000000000004,5.3809485932791086,3,nr,6.412e-16
7.1000000000000005,5.374355555850129,3,nr,7.281e-12
7.1125000000000007,5.3680224679778226,3,nr,1.856e-11
7.1250000000000009,5.3619488942252556,3,nr,1.247e-15
7.1375000000000002,5.3561339587020846,3,nr,6.179e-16
7.1500000000000004,5.3505763043554753,3,nr,5.567e-17
7.1625000000000005,5.3452740518429227,3,nr,1.104e-16
7.1750000000000007,5.3402247579443936,3,nr,1.176e-15
7.1875000000000009,5.3354253741480697,3,nr,7.868e-16
7.2000000000000002,5.3308722059605547,3,nr,2.691e-15
7.2125000000000004,5.3265608735909646,3,nr,2.350e-15
7.2250000000000005,5.3224862747356578,3,nr,6.095e-16
7.2375000000000007,5.3186425502579917,3,nr,4.154e-12
7.2500000000000009,5.3150230536630243,3,nr,7.692e-13
7.2625000000000002,5.3116203251698808,3,nr,1.453e-15
7.2750000000000004,5.308426071526954,3,nr,2.087e-12
7.2875000000000005,5.3054311523434761,3,nr,1.359e-15
7.3000000000000007,5.3026255739741925,3,nr,9.847e-13
7.3125000000000009,5.2999984919163419,3,nr,8.370e-16
7.3250000000000002,5.2975382224510676,3,nr,2.897e-13
7.3375000000000004,5.2952322643458158,3,nr,6.767e-12
7.3500000000000005,5.293067331208956,3,nr,9.974e-13
7.3625000000000007,5.2910293947125293,3,nr,1.310e-15
7.3750000000000009,5.2891037392097067,3,nr,5.326e-13
7.3875000000000002,5.2872750273037363,3,nr,8.067e-17
7.4000000000000004,5.2855273762778712,3,nr,1.239e-16
7.4125000000000005,5.2838444446388015,3,nr,7.976e-13
7.4250000000000007,5.2822095278840466,3,nr,1.103e-15
7.4375000000000009,5.2806056622737803,3,nr,1.062e-11
7.4500000000000002,5.2790157351989881,3,nr,4.231e-13
7.4625000000000004,5.2774226001632618,3,nr,1.298e-16
7.4750000000000005,5.2758091949848636,3,nr,4.854e-12
7.4875000000000007,5.2741586606197908,3,nr,5.346e-14
7.5000000000000009,5.2724544589688751,3,nr,1.791e-13
7.5125000000000002,5.2706804872258601,3,nr,1.182e-13
7.5250000000000004,5.2688211869904453,3,nr,8.316e-12
7.5375000000000005,5.2668616460417441,3,nr,1.046e-12
7.5500000000000007,5.2647876913568981,3,nr,3.886e-12
7.5625000000000009,5.2625859715430821,3,nr,3.282e-15
7.5750000000000002,5.260244027862937,3,nr,7.097e-14
7.5875000000000004,5.2577503529180971,3,nr,2.280e-15
7.6000000000000005,5.2550944364172008,3,nr,1.077e-14
7.6125000000000007,5.2522667979456052,3,nr,2.115e-12
7.6250000000000009,5.249259006863074,3,nr,5.747e-16
7.6375000000000002,5.2460636897157826,3,nr,7.657e-13
7.6500000000000004,5.2426745259475949,3,nr,4.772e-16
7.6625000000000005,5.2390862326991341,3,nr,1.069e-16
7.6750000000000007,5.2352945398453654,3,nr,1.148e-14
7.6875000000000009,5.231296156402828,3,nr,7.419e-13
7.7000000000000002,5.2270887295771322,3,nr,2.416e-12
7.7125000000000004,5.2226707977216735,3,nr,1.522e-15
7.7250000000000005,5.2180417385033016,3,nr,1.787e-15
7.7375000000000007,5.2132017134338255,3,nr,7.329e-16
7.7500000000000009,5.20815160999501,3,nr,1.252e-15
7.7625000000000002,5.2028929823669827,3,nr,4.196e-15
7.7750000000000004,5.1974279917488513,3,nr,1.753e-11
7.7875000000000005,5.1917593470054229,3,nr,1.798e-11
7.8000000000000007,5.1858902466079693,3,nr,8.979e-12
7.8125000000000009,5.1798243221753566,3,nr,4.190e-16
7.8250000000000002,5.1735655842785695,3,nr,1.270e-15
7.8375000000000004,5.1671183708254667,3,nr,1.581e-11
7.8500000000000005,5.1604872984649139,3,nr,6.257e-12
7.8625000000000007,5.1536772168052636,3,nr,1.248e-15
7.8750000000000009,5.1466931661967719,3,nr,7.481e-12
7.8875000000000002,5.1395403384920506,3,nr,1.976e-15
7.9000000000000004,5.1322240411274418,3,nr,1.288e-16
7.9125000000000005,5.1247496644770383,3,nr,3.255e-16
7.9250000000000007,5.1171226522256097,3,nr,2.040e-15
7.9375000000000009,5.1093484747628883,3,nr,1.330e-16
7.9500000000000002,5.1014326054136516,3,nr,2.956e-15
7.9625000000000004,5.0933804993513334,3,nr,8.146e-16
7.9750000000000005,5.0851975750291922,3,nr,3.894e-12
7.9875000000000007,5.0768891979364001,3,nr,9.702e-16
8,5.0684606665591447,3,nr,9.102e-16
8.0124999999999993,5.0599172002796502,3,nr,7.073e-16
8.0250000000000004,5.0512639291359198,3,nr,2.143e-16
8.0374999999999996,5.0425058852221918,3,nr,8.659e-16
8.0499999999999989,5.0336479955917763,3,nr,1.895e-15
8.0625,5.0246950765110325,3,nr,1.546e-15
8.0749999999999993,5.0156518289154812,3,nr,1.643e-11
8.0875000000000004,5.0065228350035174,3,nr,2.101e-15
8.0999999999999996,4.9973125556493416,3,nr,7.499e-15
8.1124999999999989,4.9880253288528547,3,nr,6.882e-16
8.125,4.9786653687948386,3,nr,1.775e-15
8.1374999999999993,4.9692367656016003,3,nr,3.661e-15
8.1500000000000004,4.9597434856680183,3,nr,3.694e-15
8.1624999999999996,4.9501893724773751,3,nr,1.204e-11
8.1749999999999989,4.9405781478058808,3,nr,1.521e-12
8.1875,4.9309134133799066,3,nr,1.614e-16
8.1999999999999993,4.9211986527052822,3,nr,7.896e-15
8.2125000000000004,4.9114372332535963,3,nr,7.142e-15
8.2249999999999996,4.9016324088095846,3,nr,8.278e-17
8.2374999999999989,4.8917873219974597,3,nr,9.933e-15
8.25,4.8819050069401637,3,nr,1.170e-14
8.2624999999999993,4.8719883920214553,3,nr,9.500e-15
8.2750000000000004,4.8620403027239325,3,nr,1.325e-14
8.2874999999999996,4.8520634645194001,3,nr,1.215e-14
8.2999999999999989,4.8420605057910597,3,nr,1.267e-14
8.3125,4.832033960769774,3,nr,1.898e-14
8.3249999999999993,4.8219862724691156,3,nr,1.445e-14
8.3375000000000004,4.811919795606042,3,nr,7.099e-15
8.3499999999999996,4.8018367994960851,3,nr,7.686e-15
8.3624999999999989,4.7917394709135976,3,nr,1.755e-14
8.375,4.7816299169091581,3,nr,1.858e-14
8.3874999999999993,4.7715101675776079,3,nr,1.815e-14
8.4000000000000004,4.7613821787713615,3,nr,1.285e-14
8.4124999999999996,4.751247834754702,3,nr,1.220e-14
8.4249999999999989,4.7411089507956792,3,nr,3.720e-15
8.4375,4.7309672756930228,3,nr,4.960e-15
8.4499999999999993,4.7208244942362381,3,nr,9.415e-16
8.4625000000000004,4.710682229597543,3,nr,6.061e-15
8.4749999999999996,4.7005420456549807,3,nr,6.954e-15
8.4874999999999989,4.6904054492463532,3,nr,2.874e-15
8.5,4.6802738923785823,3,nr,7.646e-11
8.5124999999999993,4.67014877422924,3,nr,2.425e-11
8.5250000000000004,4.6600314434016568,3,nr,1.155e-12
8.5374999999999996,4.6499231997363184,3,nr,1.077e-15
8.5499999999999989,4.6398252962756397,3,nr,4.034e-15
8.5625,4.6297389411250807,3,nr,3.065e-15
8.5749999999999993,4.6196652992349909,3,nr,1.540e-15
8.5875000000000004,4.6096054941263418,3,nr,8.484e-16
8.5999999999999996,4.5995606095567787,3,nr,2.156e-15
8.6124999999999989,4.5895316911283395,3,nr,2.619e-15
8.625,4.5795197478385274,3,nr,2.023e-15
8.6374999999999993,4.5695257535764897,3,nr,2.133e-15
8.6500000000000004,4.5595506485660451,3,nr,5.304e-15
8.6624999999999996,4.5495953407573602,3,nr,1.229e-15
8.6749999999999989,4.539660707168987,3,nr,2.570e-15
8.6875,4.5297475951820516,3,nr,5.675e-16
8.6999999999999993,4.5198568237882997,3,nr,2.382e-15
8.7125000000000004,4.5099891847929676,3,nr,2.779e-12
8.7249999999999996,4.5001454439863711,3,nr,2.650e-11
8.7374999999999989,4.4903263422035353,3,nr,6.724e-11
8.75,4.4805325965702272,3,nr,1.417e-15
8.7624999999999993,4.4707649012950137,3,nr,4.579e-15
8.7750000000000004,4.4610239288874531,3,nr,2.745e-15
8.7874999999999996,4.4513103310339357,3,nr,7.940e-15
8.7999999999999989,4.4416247395529265,3,nr,1.858e-15
8.8125,4.4319677673005478,3,nr,1.596e-15
8.8249999999999993,4.4223400090455138,3,nr,9.549e-15
8.8375000000000004,4.4127420423147097,3,nr,3.395e-15
8.8499999999999996,4.4031744282107068,3,nr,4.019e-15
8.8624999999999989,4.3936377122025219,3,nr,1.369e-15
8.875,4.3841324248907094,3,nr,2.664e-15
8.8874999999999993,4.3746590827480745,3,nr,4.394e-15
8.9000000000000004,4.3652181888467743,3,nr,4.059e-11
8.9124999999999996,4.3558102335046396,3,nr,3.922e-15
8.9249999999999989,4.3464356950568064,3,nr,3.197e-15
8.9375,4.337095040411822,3,nr,7.705e-15
8.9499999999999993,4.3277887257350871,3,nr,7.878e-16
8.9625000000000004,4.3185171970554297,3,nr,4.243e-15
8.9749999999999996,4.3092808908641471,3,nr,1.171e-15
8.9874999999999989,4.3000802346983225,3,nr,3.291e-12
9,4.2909156477039421,3,nr,4.856e-15
9.0124999999999993,4.2817875411957687,3,nr,4.546e-15
9.0250000000000004,4.2726963191878058,3,nr,3.388e-15
9.0374999999999996,4.2636423789221078,3,nr,4.647e-15
9.0499999999999989,4.2546261114015254,3,nr,9.171e-11
9.0625,4.2456479017957767,3,nr,4.718e-11
9.0749999999999993,4.2367081300796707,3,nr,3.528e-11
9.0875000000000004,4.2278071714740904,3,nr,1.056e-10
9.0999999999999996,4.2189453967091852,3,nr,8.915e-12
9.1124999999999989,4.2101231728497002,3,nr,4.152e-13
9.125,4.2013408634526552,3,nr,8.460e-11
9.1374999999999993,4.1925988290646536,3,nr,3.275e-15
9.1500000000000004,4.1838974278375476,3,nr,9.872e-11
9.1624999999999996,4.1752370156673013,3,nr,5.066e-11
9.1749999999999989,4.1666179468794544,3,nr,1.597e-15
9.1875,4.1580405745177318,3,nr,3.070e-15
9.1999999999999993,4.1495052507330756,3,nr,8.650e-11
9.2125000000000004,4.1410123273233168,3,nr,4.862e-15
9.2249999999999996,4.1325621559277481,3,nr,4.761e-15
9.2374999999999989,4.1241550886212082,3,nr,4.429e-15
9.25,4.1157914782104728,3,nr,2.741e-15
9.2624999999999993,4.1074716786450036,3,nr,7.236e-15
9.2750000000000004,4.0991960454052423,3,nr,8.930e-15
9.2874999999999996,4.0909649358883957,3,nr,7.349e-15
9.2999999999999989,4.0827787097920636,3,nr,9.278e-15
9.3125,4.0746377295176437,3,nr,9.434e-11
9.3249999999999993,4.0665423604426563,3,nr,5.186e-15
9.3375000000000004,4.0584929715157685,3,nr,8.850e-16
9.3499999999999996,4.0504899354189687,3,nr,1.338e-15
9.3624999999999989,4.0425336290529836,3,nr,4.699e-15
9.375,4.0346244339028701,3,nr,4.399e-11
9.3874999999999993,4.0267627363637528,3,nr,7.653e-15
9.4000000000000004,4.0189489282195057,3,nr,7.951e-16
9.4124999999999996,4.0111834069175254,3,nr,5.498e-15
9.4249999999999989,4.0034665759967805,3,nr,6.748e-15
9.4375,3.9957988454549613,3,nr,3.207e-15
9.4499999999999993,3.9881806321263378,3,nr,1.562e-14
9.4625000000000004,3.9806123600599816,3,nr,4.546e-15
9.4749999999999996,3.9730944608986101,3,nr,1.391e-14
9.4874999999999989,3.9656273742577421,3,nr,3.374e-15
9.5,3.9582115481053823,3,nr,2.147e-14
9.5124999999999993,3.9508474391418513,3,nr,5.207e-15
9.5250000000000004,3.9435355131798628,3,nr,1.279e-14
9.5374999999999996,3.9362762455243501,3,nr,7.830e-15
9.5499999999999989,3.9290701213520656,3,nr,1.009e-14
9.5625,3.921917636090329,3,nr,2.194e-14
9.5749999999999993,3.9148192957795582,3,nr,6.087e-11
9.5875000000000004,3.9077756175255627,3,nr,3.153e-14
9.5999999999999996,3.900787129721023,3,nr,1.605e-15
9.6125000000000007,3.8938543725692254,3,nr,1.333e-14
9.625,3.8869778983753558,3,nr,2.322e-14
9.6374999999999993,3.8801582719251111,3,nr,2.178e-15
9.6500000000000004,3.873396070842527,3,nr,2.966e-14
9.6624999999999996,3.8666918859415547,3,nr,1.726e-14
9.6750000000000007,3.860046321545771,3,nr,9.113e-11
9.6875,3.8534599959442972,3,nr,3.117e-14
9.6999999999999993,3.8469335414740677,3,nr,2.386e-14
9.7125000000000004,3.8404676050743412,3,nr,3.844e-16
9.7249999999999996,3.8340628484636894,3,nr,7.935e-15
9.7375000000000007,3.8277199484464117,3,nr,5.192e-14
9.75,3.8214395971761927,3,nr,8.134e-15
9.7624999999999993,3.8152225023990556,3,nr,2.257e-15
9.7750000000000004,3.8090693876723929,3,nr,1.076e-14
9.7874999999999996,3.8029809925575697,3,nr,4.742e-14
9.8000000000000007,3.7969580727823389,3,nr,3.051e-14
9.8125,3.7910014003698747,3,nr,6.892e-15
9.8249999999999993,3.7851117637298488,3,nr,7.307e-16
9.8375000000000004,3.7792899677079501,3,nr,3.268e-15
9.8499999999999996,3.773536833588615,3,nr,2.328e-14
9.8625000000000007,3.7678531990460615,3,nr,4.877e-14
9.875,3.762239918038095,3,nr,4.436e-14
9.8874999999999993,3.7566978606367947,3,nr,1.982e-14
9.9000000000000004,3.751227912789155,3,nr,5.363e-15
9.9124999999999996,3.7458309760013639,3,nr,4.804e-15
9.9250000000000007,3.7405079669386563,3,nr,7.808e-16
9.9375,3.7352598169328828,3,nr,2.499e-15
9.9499999999999993,3.7300874713890591,3,nr,1.711e-15
9.9625000000000004,3.7249918890816169,3,nr,8.081e-14
9.9749999999999996,3.7199740413303002,3,nr,8.163e-13
9.9875000000000007,3.7150349110657856,3,nr,5.544e-11
10,3.7101754916343812,3,nr,2.578e-15
4.3500000000000005,-9.8307833554365445,4,nr,2.494e-13
4.3625000000000007,-9.274529673959675,4,nr,1.315e-16
4.375,-8.7602524675303481,4,nr,4.253e-14
4.3875000000000002,-8.2838871949844037,4,nr,3.890e-16
4.4000000000000004,-7.8418471701875916,4,nr,1.854e-16
4.4125000000000005,-7.4309578743146343,4,nr,4.477e-13
4.4250000000000007,-7.0484015509276903,4,nr,9.099e-16
4.4375,-6.6916702858349586,4,nr,8.113e-17
4.4500000000000002,-6.3585261204704384,4,nr,1.067e-15
4.4625000000000004,-6.0469670197986591,4,nr,2.710e-16
4.4750000000000005,-5.7551977341027589,4,nr,1.034e-13
4.4875000000000007,-5.4816047672945354,4,nr,2.410e-16
4.5,-5.2247348041487838,4,nr,2.179e-16
4.5125000000000002,-4.9832760613109262,4,nr,4.001e-15
4.5250000000000004,-4.756042118397164,4,nr,7.588e-17
4.5375000000000005,-4.5419578596602452,4,nr,1.486e-16
4.5500000000000007,-4.3400472175183777,4,nr,1.469e-14
4.5625,-4.1494224590669022,4,nr,1.471e-15
4.5750000000000002,-3.9692747977772904,4,nr,2.734e-15
4.5875000000000004,-3.7988661465306262,4,nr,6.569e-15
4.6000000000000005,-3.6375218563320475,4,nr,1.618e-14
4.6125000000000007,-3.4846243085018953,4,nr,1.594e-15
4.625,-3.3396072477447865,4,nr,1.696e-15
4.6375000000000002,-3.2019507599294608,4,nr,1.757e-16
4.6500000000000004,-3.0711768122090741,4,nr,4.090e-16
4.6625000000000005,-2.9468452847627162,4,nr,1.841e-16
4.6750000000000007,-2.8285504332750624,4,nr,2.973e-14
4.6875,-2.7159177296202839,4,nr,2.452e-16
4.7000000000000002,-2.6086010353002749,4,nr,3.850e-14
4.7125000000000004,-2.5062800682536746,4,nr,1.322e-16
4.7250000000000005,-2.408658128785222,4,nr,4.977e-14
4.7375000000000007,-2.315460054830897,4,nr,1.569e-16
4.75,-2.2264303805264714,4,nr,3.398e-16
4.7625000000000002,-2.1413316753623888,4,nr,2.057e-16
4.7750000000000004,-2.0599430439863595,4,nr,3.377e-16
4.7875000000000005,-1.9820587691777256,4,nr,8.680e-17
4.8000000000000007,-1.9074870826151866,4,nr,2.994e-17
4.8125000000000009,-1.8360490498937558,4,nr,1.639e-16
4.8250000000000002,-1.7675775578368069,4,nr,2.550e-13
4.8375000000000004,-1.7019163935479196,4,nr,3.183e-16
4.8500000000000005,-1.638919405814991,4,nr,1.538e-13
4.8625000000000007,-1.5784497406267453,4,nr,2.808e-13
4.8750000000000009,-1.520379143372157,4,nr,7.380e-17
4.8875000000000002,-1.4645873211966176,4,nr,4.561e-14
4.9000000000000004,-1.4109613596866883,4,nr,1.913e-16
4.9125000000000005,-1.359395188634855,4,nr,1.164e-13
4.9250000000000007,-1.3097890922637492,4,nr,1.938e-14
4.9375000000000009,-1.2620492597164323,4,nr,1.507e-16
4.9500000000000002,-1.2160873721024614,4,nr,8.710e-17
4.9625000000000004,-1.1718202227345216,4,nr,1.077e-16
4.9750000000000005,-1.1291693675546395,4,nr,3.706e-13
4.9875000000000007,-1.0880608030479884,4,nr,1.229e-12
5.0000000000000009,-1.0484246692062913,4,nr,1.145e-12
5.0125000000000002,-1.0101949753244808,4,nr,1.266e-12
5.0250000000000004,-0.97330934669455005,4,nr,1.562e-12
5.0375000000000005,-0.93770879035965193,4,nr,2.161e-12
5.0500000000000007,-0.903337478334996,4,nr,1.940e-12
5.0625000000000009,-0.87014254679041525,4,nr,7.016e-12
5.0750000000000002,-0.83807390999686682,4,nr,2.780e-12
5.0875000000000004,-0.80708408751526628,4,nr,0.000e+00
5.1000000000000005,-0.77712804397173063,4,nr,2.353e-16
5.1125000000000007,-0.74816304006416523,4,nr,3.750e-12
5.1250000000000009,-0.72014849406524806,4,nr,3.519e-12
5.1375000000000002,-0.69304585287491494,4,nr,4.905e-12
5.1500000000000004,-0.66681847205950673,4,nr,3.876e-17
5.1625000000000005,-0.64143150393122361,4,nr,2.590e-16
5.1750000000000007,-0.616851793332309,4,nr,5.118e-17
5.1875000000000009,-0.59304778025168325,4,nr,7.534e-12
5.2000000000000002,-0.56998940903925621,4,nr,3.523e-16
5.2125000000000004,-0.54764804332939943,4,nr,1.018e-11
5.2250000000000005,-0.52599638690437456,4,nr,1.333e-16
5.2375000000000007,-0.50500840916247258,4,nr,1.165e-13
5.2500000000000009,-0.48465927580136486,4,nr,8.994e-13
5.2625000000000002,-0.46492528361422869,4,nr,5.295e-14
5.2750000000000004,-0.44578379946151403,4,nr,3.218e-16
5.2875000000000005,-0.42721320305371285,4,nr,6.383e-17
5.3000000000000007,-0.40919283323294142,4,nr,6.103e-12
5.3125000000000009,-0.39170293760245378,4,nr,1.242e-16
5.3250000000000002,-0.37472462507258159,4,nr,1.096e-12
5.3375000000000004,-0.35823982146617639,4,nr,1.294e-11
5.3500000000000005,-0.34223122750916152,4,nr,2.280e-16
5.3625000000000007,-0.32668227965126484,4,nr,9.325e-17
5.3750000000000009,-0.31157711280610723,4,nr,6.573e-17
5.3875000000000002,-0.29690052552556889,4,nr,1.073e-16
5.4000000000000004,-0.28263794707994799,4,nr,1.554e-16
5.4125000000000005,-0.26877540645802006,4,nr,1.616e-11
5.4250000000000007,-0.25529950301555643,4,nr,1.244e-16
5.4375000000000009,-0.24219737905396024,4,nr,3.011e-16
5.4500000000000002,-0.22945669355566445,4,nr,9.642e-12
5.4625000000000004,-0.21706559770893424,4,nr,2.784e-16
5.4750000000000005,-0.20501271152076961,4,nr,9.652e-13
5.4875000000000007,-0.1932871019195844,4,nr,5.676e-16
5.5000000000000009,-0.18187826190957415,4,nr,3.115e-16
5.5125000000000002,-0.17077609088620824,4,nr,3.064e-17
5.5250000000000004,-0.15997087600663301,4,nr,5.819e-14
5.5375000000000005,-0.14945327452575999,4,nr,1.793e-11
5.5500000000000007,-0.13921429717471956,4,nr,2.170e-11
5.5625000000000009,-0.12924529208062438,4,nr,2.256e-11
5.5750000000000002,-0.11953792997838891,4,nr,1.708e-11
5.5875000000000004,-0.1100841899510962,4,nr,3.050e-17
5.6000000000000005,-0.10087634568414906,4,nr,8.752e-17
5.6125000000000007,-0.091906952842724751,4,nr,1.178e-15
5.6250000000000009,-0.083168836789594303,4,nr,1.965e-15
5.6375000000000002,-0.074655081004742732,4,nr,1.498e-11
5.6500000000000004,-0.066359016131105439,4,nr,5.982e-16
5.6625000000000005,-0.058274209399805481,4,nr,2.306e-15
5.6750000000000007,-0.050394454785013823,4,nr,1.356e-16
5.6875000000000009,-0.042713763479623801,4,nr,3.910e-15
5.7000000000000002,-0.035226354893234252,4,nr,6.353e-17
5.7125000000000004,-0.027926648071448859,4,nr,4.534e-15
5.7250000000000005,-0.020809253523722517,4,nr,1.289e-16
5.7375000000000007,-0.013868965437831445,4,nr,2.039e-15
5.7500000000000009,-0.0071007542600648194,4,nr,4.427e-15
5.7750000000000004,0.0059387164060652094,4,nr,1.816e-15
5.7875000000000005,0.01221921574785818,4,nr,8.493e-15
5.8000000000000007,0.018346130463546505,4,nr,3.335e-15
5.8125000000000009,0.024323708609869175,4,nr,1.611e-16
5.8250000000000002,0.030156059841975079,4,nr,1.002e-11
5.8375000000000004,0.035847160732992281,4,nr,2.221e-15
5.8500000000000005,0.041400859932277823,4,nr,7.289e-15
5.8625000000000007,0.046820882994696375,4,nr,1.202e-14
5.8750000000000009,0.052110837071989755,4,nr,1.536e-14
5.8875000000000002,0.05727421536919676,4,nr,1.758e-14
5.9000000000000004,0.06231440141220642,4,nr,1.940e-14
5.9125000000000005,0.067234673130891834,4,nr,2.063e-14
5.9250000000000007,0.072038206766889518,4,nr,2.092e-14
5.9375000000000009,0.076728080614582236,4,nr,1.845e-14
5.9500000000000002,0.081307278603379121,4,nr,1.265e-14
5.9625000000000004,0.085778693728953401,4,nr,4.066e-15
5.9750000000000005,0.090145131348179183,4,nr,1.883e-11
5.9875000000000007,0.094409312292103739,4,nr,5.924e-17
6.0000000000000009,0.098573875961034146,4,nr,8.248e-15
6.0125000000000002,0.10264138314521191,4,nr,3.519e-14
6.0250000000000004,0.10661431883954089,4,nr,2.837e-14
6.0375000000000005,0.11049509490051719,4,nr,1.917e-15
6.0500000000000007,0.11428605260256496,4,nr,7.953e-16
6.0625000000000009,0.11798946509198978,4,nr,3.145e-14
6.0750000000000002,0.12160753974257606,4,nr,3.725e-14
6.0875000000000004,0.12514242042804974,4,nr,3.031e-11
6.1000000000000005,0.12859618964381905,4,nr,1.366e-14
6.1125000000000007,0.13197087069614089,4,nr,5.968e-14
6.1250000000000009,0.13526842959453486,4,nr,3.779e-11
6.1375000000000002,0.13849077709035318,4,nr,2.077e-14
6.1500000000000004,0.14163977040051676,4,nr,5.609e-14
6.1625000000000005,0.14471721510993052,4,nr,1.432e-16
6.1750000000000007,0.14772486682578997,4,nr,7.551e-14
6.1875000000000009,0.15066443283904624,4,nr,9.421e-15
6.2000000000000002,0.15353757371170576,4,nr,2.534e-14
6.2125000000000004,0.15634590480414273,4,nr,5.256e-14
6.2250000000000005,0.15909099774598431,4,nr,5.427e-15
6.2375000000000007,0.16177438185186463,4,nr,9.235e-14
6.2500000000000009,0.16439754548554839,4,nr,5.984e-16
6.2625000000000002,0.16696193737331805,4,nr,1.156e-13
6.2750000000000004,0.16946896787023999,4,nr,1.281e-15
6.2875000000000005,0.17192001017961378,4,nr,1.239e-13
6.3000000000000007,0.17431640152937294,4,nr,2.369e-15
6.3125000000000009,0.17665944430530989,4,nr,1.099e-13
6.3250000000000002,0.17895040714485028,4,nr,1.335e-14
6.3375000000000004,0.18119052599108831,4,nr,6.394e-14
6.3500000000000005,0.1833810051105188,4,nr,5.945e-14
6.3625000000000007,0.1855230180742648,4,nr,9.146e-15
6.3750000000000009,0.18761770870584715,4,nr,1.728e-13
6.3875000000000002,0.18966619199527066,4,nr,7.240e-16
6.4000000000000004,0.19166955498248006,4,nr,1.423e-13
6.4125000000000005,0.19362885760981433,4,nr,4.209e-14
6.4250000000000007,0.19554513354547501,4,nr,1.231e-14
6.4375000000000009,0.19741939097956909,4,nr,2.249e-13
6.4500000000000002,0.19925261339296266,4,nr,5.800e-15
6.4625000000000004,0.20104576030000995,4,nr,6.467e-14
6.4750000000000005,0.20279976796748575,4,nr,1.807e-13
6.4875000000000007,0.20451555010858991,4,nr,1.454e-15
6.5000000000000009,0.20619399855517909,4,nr,9.088e-14
6.5125000000000002,0.20783598390717156,4,nr,1.815e-13
6.5250000000000004,0.20944235616095697,4,nr,2.918e-15
6.5375000000000005,0.2110139453181252,4,nr,6.511e-14
6.5500000000000007,0.2125515619738278,4,nr,2.453e-13
6.5625000000000009,0.21405599788650689,4,nr,1.511e-14
6.5750000000000002,0.21552802653022868,4,nr,1.248e-14
6.5875000000000004,0.21696840362855269,4,nr,2.258e-13
6.6000000000000005,0.21837786767258849,4,nr,8.919e-14
6.6125000000000007,0.21975714042202435,4,nr,9.220e-17
6.6250000000000009,0.22110692739168269,4,nr,7.980e-14
6.6375000000000002,0.22242791832226466,4,nr,2.634e-13
6.6500000000000004,0.22372078763727357,4,nr,4.199e-14
6.6625000000000005,0.22498619488236971,4,nr,1.863e-11
6.6750000000000007,0.22622478517108546,4,nr,9.323e-14
6.6875000000000009,0.22743718956983261,4,nr,2.497e-13
6.7000000000000002,0.22862402553385772,4,nr,5.034e-14
6.7125000000000004,0.22978589728366755,4,nr,2.807e-16
6.7250000000000005,0.23092339618958665,4,nr,4.341e-14
6.7375000000000007,0.23203710114144915,4,nr,1.980e-13
6.7500000000000009,0.23312757890811822,4,nr,1.111e-13
6.7625000000000002,0.23419538448624289,4,nr,7.450e-15
6.7750000000000004,0.23524106143993342,4,nr,2.173e-15
6.7875000000000005,0.23626514223016998,4,nr,7.242e-14
6.8000000000000007,0.2372681485355152,4,nr,1.766e-13
6.8125000000000009,0.23825059156390277,4,nr,7.394e-14
6.8250000000000002,0.23921297235570124,4,nr,5.617e-15
6.8375000000000004,0.24015578205608934,4,nr,1.573e-10
6.8500000000000005,0.24107950231724856,4,nr,3.689e-14
6.8625000000000007,0.24198460534768754,4,nr,1.119e-13
6.8750000000000009,0.24287155441500669,4,nr,8.354e-14
6.8875000000000002,0.24374080399583747,4,nr,1.946e-14
6.9000000000000004,0.24459280005765641,4,nr,1.925e-16
6.9125000000000005,0.24542798031062191,4,nr,1.446e-15
6.9250000000000007,0.24624677445337653,4,nr,2.921e-14
6.9375000000000009,0.24704960441275189,4,nr,6.253e-14
6.9500000000000002,0.24783688457767661,4,nr,4.461e-14
6.9625000000000004,0.2486090220274092,4,nr,1.295e-14
6.9750000000000005,0.24936641675459167,4,nr,1.701e-15
6.9875000000000007,0.25010946189053607,4,nr,5.719e-11
7.0000000000000009,0.25083854388005267,4,nr,3.947e-15
7.0125000000000002,0.25155404276547932,4,nr,1.454e-14
7.0250000000000004,0.25225633231413647,4,nr,1.920e-14
7.0375000000000005,0.2529457802553749,4,nr,1.067e-14
7.0500000000000007,0.25362274846778549,4,nr,2.498e-15
7.0625000000000009,0.25428759317000271,4,nr,9.809e-17
7.0750000000000002,0.25494066510310259,4,nr,3.523e-11
7.0875000000000004,0.25558230973091861,4,nr,4.134e-11
7.1000000000000005,0.25621286740101012,4,nr,0.000e+00
7.1125000000000007,0.25683267351340211,4,nr,9.851e-17
7.1250000000000009,0.25744205872332371,4,nr,3.944e-16
7.1375000000000002,0.25804134910921511,4,nr,1.605e-10
7.1500000000000004,0.25863086623936615,4,nr,5.161e-11
7.1625000000000005,0.25921092754657554,4,nr,1.568e-10
7.1750000000000007,0.25978184632777207,4,nr,3.313e-11
7.1875000000000009,0.26034393182891857,4,nr,2.015e-10
7.2000000000000002,0.26089748970378168,4,nr,3.961e-16
7.2125000000000004,0.26144282179399581,4,nr,1.486e-16
7.2250000000000005,0.26198022656412417,4,nr,7.930e-16
7.2375000000000007,0.26250999912522854,4,nr,8.900e-15
7.2500000000000009,0.26303243140689864,4,nr,8.233e-15
7.2625000000000002,0.26354781230302071,4,nr,4.440e-15
7.2750000000000004,0.26405642781577277,4,nr,3.052e-15
7.2875000000000005,0.26455856119796395,4,nr,2.705e-15
7.3000000000000007,0.26505449310444185,4,nr,9.069e-11
7.3125000000000009,0.26554450167828325,4,nr,6.451e-16
7.3250000000000002,0.26602886279502175,4,nr,8.461e-15
7.3375000000000004,0.26650785009306732,4,nr,3.172e-14
7.3500000000000005,0.2669817351623508,4,nr,7.361e-14
7.3625000000000007,0.26745078766811192,4,nr,1.285e-13
7.3750000000000009,0.26791527548434341,4,nr,1.593e-13
7.3875000000000002,0.26837546482610669,4,nr,1.251e-13
7.4000000000000004,0.26883162038138536,4,nr,7.419e-14
7.4125000000000005,0.26928400544178438,4,nr,2.447e-14
7.4250000000000007,0.26973288203270002,4,nr,2.501e-15
7.4375000000000009,0.27017851104281204,4,nr,5.112e-16
7.4500000000000002,0.27062115235300277,4,nr,7.775e-15
7.4625000000000004,0.27106106496475774,4,nr,5.518e-14
7.4750000000000005,0.27149850712809998,4,nr,1.799e-13
7.4875000000000007,0.27193373646911284,4,nr,3.936e-13
7.5000000000000009,0.27236701011709186,4,nr,6.738e-13
7.5125000000000002,0.27279858483156993,4,nr,8.364e-13
7.5250000000000004,0.27322871712802538,4,nr,6.985e-13
7.5375000000000005,0.27365766340531422,4,nr,4.611e-13
7.5500000000000007,0.27408568007094247,4,nr,2.113e-13
7.5625000000000009,0.27451302366700941,4,nr,4.623e-14
7.5750000000000002,0.27493995098456736,4,nr,9.747e-11
7.5875000000000004,0.27536671924486023,4,nr,3.529e-15
7.6000000000000005,0.27579358611257543,4,nr,5.921e-14
7.6125000000000007,0.27622080993251585,4,nr,2.719e-13
7.6250000000000009,0.2766486497982184,4,nr,7.195e-13
7.6375000000000002,0.27707736568735131,4,nr,1.399e-12
7.6500000000000004,0.27750721858606109,4,nr,2.332e-12
7.6625000000000005,0.27793847061030186,4,nr,2.167e-12
7.6750000000000007,0.2783713851315322,4,nr,1.644e-12
7.6875000000000009,0.27880622689715218,4,nr,9.478e-13
7.7000000000000002,0.2792432621523428,4,nr,3.392e-13
7.7125000000000004,0.27968275876061249,4,nr,3.311e-14
7.7250000000000005,0.28012498632329652,4,nr,3.801e-16
7.7375000000000007,0.28057021629786649,4,nr,3.431e-14
7.7500000000000009,0.28101872211486695,4,nr,2.747e-13
7.7625000000000002,0.28147077929317144,4,nr,9.382e-13
7.7750000000000004,0.28192666555338203,4,nr,2.089e-12
7.7875000000000005,0.2823866609290584,4,nr,3.531e-12
7.8000000000000007,0.28285104787650012,4,nr,3.847e-12
7.8125000000000009,0.28332011137643381,4,nr,2.894e-12
7.8250000000000002,0.28379413904290113,4,nr,1.591e-12
7.8375000000000004,0.28427342121844434,4,nr,4.944e-13
7.8500000000000005,0.28475825106998431,4,nr,2.400e-14
7.8625000000000007,0.28524892467917329,4,nr,2.111e-15
7.8750000000000009,0.28574574112768536,4,nr,1.225e-13
7.8875000000000002,0.28624900257678398,4,nr,7.352e-13
7.9000000000000004,0.28675901434040979,4,nr,2.108e-12
7.9125000000000005,0.28727608495117729,4,nr,4.072e-12
7.9250000000000007,0.28780052621979751,4,nr,4.861e-12
7.9375000000000009,0.28833265327878405,4,nr,3.491e-12
7.9500000000000002,0.28887278463012317,4,nr,1.652e-12
7.9625000000000004,0.28942124216918808,4,nr,3.241e-13
7.9750000000000005,0.28997835120074494,4,nr,1.749e-11
7.9875000000000007,0.29054444045462152,4,nr,4.071e-14
8,0.29111984205335562,4,nr,5.322e-13
8.0124999999999993,0.29170489150990964,4,nr,1.979e-12
8.0250000000000004,0.29229992767443513,4,nr,4.220e-12
8.0374999999999996,0.29290529267786491,4,nr,4.621e-12
8.0499999999999989,0.29352133184574886,4,nr,2.779e-12
8.0625,0.29414839360553607,4,nr,8.326e-13
8.0749999999999993,0.29478682935606221,4,nr,2.002e-14
8.0875000000000004,0.29543699331846734,4,nr,1.576e-14
8.0999999999999996,0.29609924235902102,4,nr,4.403e-13
8.1124999999999989,0.29677393578280231,4,nr,1.929e-12
8.125,0.29746143509589545,4,nr,4.177e-12
8.1374999999999993,0.29816210373524216,4,nr,3.360e-12
8.1500000000000004,0.29887630675543975,4,nr,1.334e-12
8.1624999999999996,0.29960441049156922,4,nr,9.039e-14
8.1749999999999989,0.30034678216700683,4,nr,5.954e-15
8.1875,0.30110378946483718,4,nr,3.516e-13
8.1999999999999993,0.30187580005267578,4,nr,1.753e-12
8.2125000000000004,0.30266318106003326,4,nr,3.313e-12
8.2249999999999996,0.30346629849930323,4,nr,1.919e-12
8.2374999999999989,0.30428551664385806,4,nr,3.406e-13
8.25,0.30512119734079296,4,nr,7.870e-17
8.2624999999999993,0.30597369926965345,4,nr,1.670e-13
8.2750000000000004,0.30684337714106669,4,nr,1.211e-12
8.2874999999999996,0.30773058083393529,4,nr,2.327e-12
8.2999999999999989,0.30863565446431246,4,nr,1.094e-12
8.3125,0.30955893539715179,4,nr,6.628e-14
8.3249999999999993,0.31050075318403048,4,nr,1.053e-14
8.3375000000000004,0.31146142843717878,4,nr,4.262e-13
8.3499999999999996,0.31244127163645252,4,nr,1.567e-12
8.3624999999999989,0.31344058186965218,4,nr,9.505e-13
8.375,0.31445964550352645,4,nr,7.752e-14
8.3874999999999993,0.31549873479726154,4,nr,7.555e-15
8.4000000000000004,0.31655810644753718,4,nr,3.363e-13
8.4124999999999996,0.31763800007941329,4,nr,1.045e-12
8.4249999999999989,0.31873863668005209,4,nr,4.025e-13
8.4375,0.31986021700678563,4,nr,1.070e-10
8.4499999999999993,0.32100291983093915,4,nr,5.186e-14
8.4625000000000004,0.32216690044305574,4,nr,4.970e-13
8.4749999999999996,0.32335228873841615,4,nr,4.161e-13
8.4874999999999989,0.32455918757862856,4,nr,1.704e-14
8.5,0.32578767103206685,4,nr,1.313e-14
8.5124999999999993,0.32703778263709393,4,nr,2.591e-13
8.5250000000000004,0.32830953368656407,4,nr,2.586e-13
8.5374999999999996,0.32960290154447547,4,nr,7.586e-15
8.5499999999999989,0.33091782801349284,4,nr,1.326e-14
8.5625,0.33225421776611846,4,nr,1.856e-13
8.5749999999999993,0.33361193685959567,4,nr,1.026e-13
8.5875000000000004,0.33499081134996989,4,nr,2.635e-13
8.5999999999999996,0.33639062602579284,4,nr,2.827e-14
8.6124999999999989,0.33781112327659157,4,nr,1.148e-13
8.625,0.3392520021173448,4,nr,1.315e-14
8.6374999999999993,0.3407129173847861,4,nr,1.224e-15
8.6500000000000004,0.34219347912288517,4,nr,5.173e-14
8.6624999999999996,0.34369325217405922,4,nr,2.558e-14
8.6749999999999989,0.34521175599011283,4,nr,3.164e-16
8.6875,0.34674846467648407,4,nr,1.548e-14
8.6999999999999993,0.34830280728022306,4,nr,2.159e-14
8.7125000000000004,0.34987416832747098,4,nr,1.447e-11
8.7249999999999996,0.35146188863919769,4,nr,4.147e-15
8.7374999999999989,0.35306526636039171,4,nr,1.256e-14
8.75,0.35468355830348297,4,nr,5.660e-11
8.7624999999999993,0.35631598158009897,4,nr,1.890e-15
8.7750000000000004,0.357961715312617,4,nr,6.008e-15
8.7874999999999996,0.35961990283203565,4,nr,5.292e-11
8.7999999999999989,0.36128965398791807,4,nr,9.022e-16
8.8125,0.36297004756882306,4,nr,2.126e-15
8.8249999999999993,0.364660134145466,4,nr,2.886e-11
8.8375000000000004,0.36635893894837918,4,nr,1.099e-15
8.8499999999999996,0.36806546487188774,4,nr,4.735e-16
8.8624999999999989,0.36977869572747407,4,nr,8.684e-12
8.875,0.37149759951077033,4,nr,1.469e-16
8.8874999999999993,0.37322113175592692,4,nr,1.234e-11
8.9000000000000004,0.37494823895291518,4,nr,3.302e-13
8.9124999999999996,0.37667786199623232,4,nr,6.407e-16
8.9249999999999989,0.3784089395514072,4,nr,1.050e-10
8.9375,0.38014041157985928,4,nr,1.796e-11
8.9499999999999993,0.3818712223837864,4,nr,1.446e-16
8.9625000000000004,0.38360032411980743,4,nr,2.114e-11
8.9749999999999996,0.38532667977378848,4,nr,1.670e-13
8.9874999999999989,0.38704926615083385,4,nr,4.362e-11
9,0.38876707670106075,4,nr,7.033e-16
9.0124999999999993,0.3904791242657813,4,nr,1.719e-11
9.0250000000000004,0.39218444344091141,4,nr,7.474e-12
9.0374999999999996,0.39388209296802773,4,nr,7.868e-17
9.0499999999999989,0.39557115776999707,4,nr,5.642e-11
9.0625,0.39725075080748701,4,nr,5.751e-16
9.0749999999999993,0.39892001487196022,4,nr,1.928e-16
9.0875000000000004,0.40057812394480879,4,nr,1.018e-10
9.0999999999999996,0.40222428440214553,4,nr,2.063e-15
9.1124999999999989,0.40385773628507693,4,nr,6.784e-17
9.125,0.40547775389201701,4,nr,1.090e-10
9.1374999999999993,0.40708364667413999,4,nr,3.602e-15
9.1500000000000004,0.40867475943664788,4,nr,1.302e-15
9.1624999999999996,0.41025047288906868,4,nr,4.912e-11
9.1749999999999989,0.41181020359513537,4,nr,6.003e-15
9.1875,0.4133534040774377,4,nr,3.270e-15
9.1999999999999993,0.4148795625354052,4,nr,1.005e-16
9.2125000000000004,0.41638820259348647,4,nr,7.292e-15
9.2249999999999996,0.41787888286277619,4,nr,1.296e-14
9.2374999999999989,0.41935119640393864,4,nr,8.657e-16
9.25,0.42080477009220663,4,nr,3.325e-15
9.2624999999999993,0.42223926389562616,4,nr,2.879e-14
9.2750000000000004,0.42365437007766577,4,nr,5.660e-15
9.2874999999999996,0.42504981233561845,4,nr,5.228e-12
9.2999999999999989,0.4264253448775267,4,nr,2.178e-14
9.3125,0.42778075146950278,4,nr,3.753e-14
9.3249999999999993,0.42911584442471046,4,nr,2.490e-15
9.3375000000000004,0.43043046358020515,4,nr,7.344e-16
9.3499999999999996,0.43172447524630242,4,nr,4.954e-14
9.3624999999999989,0.43299777114347843,4,nr,4.505e-14
9.375,0.43425026733172561,4,nr,2.962e-15
9.3874999999999993,0.43548190313875218,4,nr,3.654e-15
9.4000000000000004,0.43669264009162551,4,nr,7.141e-14
9.4124999999999996,0.43788246085711585,4,nr,7.522e-14
9.4249999999999989,0.43905136819428769,4,nr,5.818e-15
9.4375,0.4401993839046584,4,nr,1.033e-10
9.4499999999999993,0.44132654791585013,4,nr,6.436e-14
9.4625000000000004,0.44243291710103116,4,nr,1.532e-13
9.4749999999999996,0.44351856450467941,4,nr,4.079e-14
9.4874999999999989,0.44458357830777756,4,nr,6.100e-16
9.5,0.44562806093587842,4,nr,1.402e-14
9.5124999999999993,0.4466521281765411,4,nr,1.344e-13
9.5250000000000004,0.44765590832707131,4,nr,1.839e-13
9.5374999999999996,0.44863954137227335,4,nr,4.326e-14
9.5499999999999989,0.44960317819407197,4,nr,9.318e-16
9.5625,0.45054697981148562,4,nr,1.322e-14
9.5749999999999993,0.45147111665230477,4,nr,1.450e-13
9.5875000000000004,0.45237576785584899,4,nr,2.769e-13
9.5999999999999996,0.45326112060653034,4,nr,1.181e-13
9.6125000000000007,0.45412736949752092,4,nr,1.424e-14
9.625,0.4549747159131699,4,nr,7.511e-11
9.6374999999999993,0.45580336751205536,4,nr,4.670e-14
9.6500000000000004,0.45661353755875578,4,nr,2.184e-13
9.6624999999999996,0.45740544452410387,4,nr,3.541e-13
9.6750000000000007,0.45817931153214586,4,nr,1.701e-13
9.6875,0.4589353659052362,4,nr,3.382e-14
9.6999999999999993,0.45967383872360573,4,nr,3.252e-16
9.7125000000000004,0.46039496440848743,4,nr,8.294e-15
9.7249999999999996,0.46109898032957641,4,nr,1.198e-13
9.7375000000000007,0.46178612643526451,4,nr,3.103e-13
9.75,0.46245664490481642,4,nr,4.303e-13
9.7624999999999993,0.46311077982170434,4,nr,2.231e-13
9.7750000000000004,0.4637487768666872,4,nr,6.752e-14
9.7874999999999996,0.46437088303133678,4,nr,6.149e-15
9.8000000000000007,0.46497734633939503,4,nr,6.741e-11
9.8125,0.46556841564332424,4,nr,2.580e-14
9.8249999999999993,0.46614434029532925,4,nr,1.436e-13
9.8375000000000004,0.46670537002412665,4,nr,3.112e-13
9.8499999999999996,0.46725175468472141,4,nr,4.406e-13
9.8625000000000007,0.46778374407974521,4,nr,3.445e-13
9.875,0.46830158778456155,4,nr,1.769e-13
9.8874999999999993,0.46880553498673788,4,nr,6.214e-14
9.9000000000000004,0.46929583433669758,4,nr,9.887e-15
9.9124999999999996,0.46977273381084428,4,nr,4.857e-16
9.9250000000000007,0.47023648058575829,4,nr,1.671e-15
9.9375,0.47068732092299898,4,nr,3.620e-14
9.9499999999999993,0.47112550006394843,4,nr,1.218e-13
9.9625000000000004,0.4715512621341485,4,nr,2.296e-13
9.9749999999999996,0.47196485005660999,4,nr,3.270e-13
9.9875000000000007,0.47236650547360481,4,nr,3.834e-13
10,0.47275646867654886,4,nr,2.856e-13
4.7375000000000007,14.978544922762209,5,nr,2.402e-15
4.75,14.910063021740701,5,nr,1.459e-13
4.7625000000000002,14.841913401774423,5,nr,1.660e-15
4.7750000000000004,14.77410036400004,5,nr,2.115e-15
4.7875000000000005,14.706627828232286,5,nr,1.400e-15
4.8000000000000007,14.639499354703085,5,nr,9.672e-16
4.8125000000000009,14.572718164619612,5,nr,5.485e-15
4.8250000000000002,14.506287159594956,5,nr,7.498e-12
4.8375000000000004,14.440208940058605,5,nr,2.195e-12
4.8500000000000005,14.374485822545235,5,nr,5.412e-16
4.8625000000000007,14.309119856194986,5,nr,4.682e-16
4.8750000000000009,14.244112838209116,5,nr,3.858e-15
4.8875000000000002,14.179466328521581,5,nr,9.533e-16
4.9000000000000004,14.115181663645988,5,nr,2.163e-12
4.9125000000000005,14.051259969750808,5,nr,1.617e-15
4.9250000000000007,13.987702175039358,5,nr,1.549e-15
4.9375000000000009,13.924509021413989,5,nr,5.753e-16
4.9500000000000002,13.86168107552316,5,nr,1.574e-15
4.9625000000000004,13.79921873919103,5,nr,6.849e-15
4.9750000000000005,13.73712225927571,5,nr,4.546e-15
4.9875000000000007,13.675391736995575,5,nr,1.256e-11
5.0000000000000009,13.614027136692382,5,nr,1.197e-15
5.0125000000000002,13.553028294245037,5,nr,1.292e-15
5.0250000000000004,13.492394924852796,5,nr,7.633e-15
5.0375000000000005,13.432126630522076,5,nr,2.097e-15
5.0500000000000007,13.372222907095809,5,nr,1.935e-15
5.0625000000000009,13.312683150910134,5,nr,8.857e-15
5.0750000000000002,13.253506665090987,5,nr,9.897e-15
5.0875000000000004,13.194692665510997,5,nr,8.437e-15
5.1000000000000005,13.136240286425728,5,nr,2.800e-15
5.1125000000000007,13.078148585807464,5,nr,4.454e-15
5.1250000000000009,13.020416550405281,5,nr,2.016e-11
5.1375000000000002,12.963043100464759,5,nr,4.233e-15
5.1500000000000004,12.906027094370534,5,nr,3.332e-15
5.1625000000000005,12.849367332812532,5,nr,5.865e-15
5.1750000000000007,12.793062562902668,5,nr,7.115e-15
5.1875000000000009,12.737111482006734,5,nr,4.236e-15
5.2000000000000002,12.681512741386015,5,nr,4.637e-15
5.2125000000000004,12.626264949648059,5,nr,1.950e-15
5.2250000000000005,12.571366676017353,5,nr,4.016e-15
5.2375000000000007,12.516816453435734,5,nr,7.976e-15
5.2500000000000009,12.462612781502139,5,nr,4.394e-15
5.2625000000000002,12.408754129260496,5,nr,2.474e-15
5.2750000000000004,12.355238937848682,5,nr,8.888e-12
5.2875000000000005,12.302065622985372,5,nr,1.518e-15
5.3000000000000007,12.24923257739553,5,nr,4.179e-15
5.3125000000000009,12.196738173026176,5,nr,7.901e-16
5.3250000000000002,12.14458076321462,5,nr,2.529e-15
5.3375000000000004,12.092758684722098,5,nr,1.603e-14
5.3500000000000005,12.04127025967003,5,nr,1.549e-15
5.3625000000000007,11.990113797380969,5,nr,2.177e-12
5.3750000000000009,11.939287596122599,5,nr,1.037e-14
5.3875000000000002,11.888789944781038,5,nr,4.648e-15
5.4000000000000004,11.838619124432864,5,nr,3.143e-15
5.4125000000000005,11.788773409855756,5,nr,2.543e-16
5.4250000000000007,11.739251070960814,5,nr,1.429e-15
5.4375000000000009,11.690050374157934,5,nr,4.241e-13
5.4500000000000002,11.641169583655747,5,nr,2.258e-15
5.4625000000000004,11.592606962703654,5,nr,1.544e-15
5.4750000000000005,11.544360774773027,5,nr,5.058e-15
5.4875000000000007,11.496429284687308,5,nr,7.089e-15
5.5000000000000009,11.448810759700228,5,nr,1.572e-14
5.5125000000000002,11.401503470526476,5,nr,1.235e-14
5.5250000000000004,11.354505692327503,5,nr,4.429e-15
5.5375000000000005,11.307815705655033,5,nr,7.571e-16
5.5500000000000007,11.261431797355021,5,nr,8.267e-15
5.5625000000000009,11.215352261439913,5,nr,1.348e-11
5.5750000000000002,11.169575399893082,5,nr,7.404e-15
5.5875000000000004,11.124099523523167,5,nr,5.391e-15
5.6000000000000005,11.078922952678044,5,nr,7.823e-15
5.6125000000000007,11.034044018012825,5,nr,2.110e-16
5.6250000000000009,10.989461061198538,5,nr,9.429e-15
5.6375000000000002,10.94517243561258,5,nr,2.211e-12
5.6500000000000004,10.901176507025372,5,nr,6.124e-11
5.6625000000000005,10.857471654129339,5,nr,1.350e-11
5.6750000000000007,10.814056269424089,5,nr,6.246e-15
5.6875000000000009,10.770928759546358,5,nr,2.628e-11
5.7000000000000002,10.728087545984296,5,nr,7.357e-15
5.7125000000000004,10.685531065709423,5,nr,5.238e-12
5.7250000000000005,10.643257771656852,5,nr,5.677e-11
5.7375000000000007,10.601266133242962,5,nr,5.029e-12
5.7500000000000009,10.559554637086915,5,nr,2.178e-14
5.7625000000000002,10.518121787352976,5,nr,8.681e-12
5.7750000000000004,10.476966106405216,5,nr,6.207e-11
5.7875000000000005,10.436086135144444,5,nr,5.376e-11
5.8000000000000007,10.395480433906194,5,nr,3.493e-11
5.8125000000000009,10.355147582451735,5,nr,5.675e-12
5.8250000000000002,10.315086180925386,5,nr,2.800e-12
5.8375000000000004,10.275294850136069,5,nr,4.106e-11
5.8500000000000005,10.235772232063267,5,nr,2.838e-15
5.8625000000000007,10.196516990507753,5,nr,9.329e-15
5.8750000000000009,10.157527811450825,5,nr,3.932e-15
5.8875000000000002,10.118803403656875,5,nr,3.084e-11
5.9000000000000004,10.080342499118965,5,nr,5.838e-15
5.9125000000000005,10.042143853699915,5,nr,3.878e-15
5.9250000000000007,10.004206247571638,5,nr,6.245e-11
5.9375000000000009,9.9665284856956191,5,nr,3.288e-15
5.9500000000000002,9.9291093986093415,5,nr,3.476e-11
5.9625000000000004,9.8919478426853527,5,nr,6.082e-15
5.9750000000000005,9.855042700954316,5,nr,5.715e-12
5.9875000000000007,9.8183928835244121,5,nr,3.395e-15
6.0000000000000009,9.7819973282679147,5,nr,1.329e-14
6.0125000000000002,9.7458550014014111,5,nr,8.580e-16
6.0250000000000004,9.7099648981284048,5,nr,3.004e-13
6.0375000000000005,9.6743260433040845,5,nr,4.233e-11
6.0500000000000007,9.6389374920229987,5,nr,6.710e-15
6.0625000000000009,9.6037983304730581,5,nr,3.552e-15
6.0750000000000002,9.5689076764862619,5,nr,1.694e-15
6.0875000000000004,9.5342646803615594,5,nr,1.142e-11
6.1000000000000005,9.4998685255872584,5,nr,4.990e-12
6.1125000000000007,9.4657184296847756,5,nr,9.867e-15
6.1250000000000009,9.4318136449632792,5,nr,5.221e-15
6.1375000000000002,9.3981534594098317,5,nr,1.364e-15
6.1500000000000004,9.364737197547548,5,nr,2.079e-11
6.1625000000000005,9.3315642213929468,5,nr,3.109e-15
6.1750000000000007,9.2986339313232396,5,nr,6.995e-16
6.1875000000000009,9.2659457671457233,5,nr,4.280e-15
6.2000000000000002,9.2334992090828205,5,nr,4.461e-16
6.2125000000000004,9.2012937788477114,5,nr,6.170e-15
6.2250000000000005,9.1693290407549526,5,nr,6.536e-15
6.2375000000000007,9.1376046028763742,5,nr,8.464e-15
6.2500000000000009,9.1061201182443252,5,nr,4.237e-15
6.2625000000000002,9.0748752861022961,5,nr,5.546e-12
6.2750000000000004,9.0438698532212065,5,nr,1.592e-15
6.2875000000000005,9.0131036152351118,5,nr,9.313e-15
6.3000000000000007,8.9825764180797893,5,nr,8.836e-15
6.3125000000000009,8.9522881594554224,5,nr,1.425e-15
6.3250000000000002,8.9222387903646201,5,nr,4.726e-15
6.3375000000000004,8.8924283167118823,5,nr,7.990e-15
6.3500000000000005,8.8628568009695297,5,nr,2.617e-15
6.3625000000000007,8.8335243639124741,5,nr,5.391e-15
6.3750000000000009,8.8044311864315699,5,nr,1.559e-11
6.3875000000000002,8.7755775113787422,5,nr,6.705e-15
6.4000000000000004,8.7469636455942457,5,nr,1.013e-14
6.4125000000000005,8.7185899618723077,5,nr,1.270e-15
6.4250000000000007,8.6904569011137998,5,nr,3.154e-15
6.4375000000000009,8.662564974520663,5,nr,4.477e-16
6.4500000000000002,8.6349147658823231,5,nr,2.460e-12
6.4625000000000004,8.6075069339574721,5,nr,7.597e-15
6.4750000000000005,8.5803422149283417,5,nr,4.386e-16
6.4875000000000007,8.5534214249705478,5,nr,5.661e-15
6.5000000000000009,8.5267454628984325,5,nr,6.917e-16
6.5125000000000002,8.5003153129119617,5,nr,4.806e-15
6.5250000000000004,8.4741320474373527,5,nr,1.022e-15
6.5375000000000005,8.4481968300629031,5,nr,5.579e-15
6.5500000000000007,8.422510918569408,5,nr,5.032e-15
6.5625000000000009,8.3970756680541339,5,nr,9.152e-15
6.5750000000000002,8.3718925341462409,5,nr,2.806e-15
6.5875000000000004,8.3469630763106721,5,nr,4.010e-15
6.6000000000000005,8.3222889612365201,5,nr,3.733e-15
6.6125000000000007,8.2978719663043456,5,nr,3.862e-15
6.6250000000000009,8.2737139831254911,5,nr,3.031e-15
6.6375000000000002,8.2498170211404442,5,nr,7.490e-12
6.6500000000000004,8.2261832112962505,5,nr,1.645e-15
6.6625000000000005,8.2028148096974309,5,nr,7.531e-15
6.6750000000000007,8.1797142013594328,5,nr,1.567e-11
6.6875000000000009,8.1568839039592884,5,nr,1.067e-15
6.7000000000000002,8.1343265714574819,5,nr,1.064e-11
6.7125000000000004,8.112044997825322,5,nr,2.914e-15
6.7250000000000005,8.090042120671491,5,nr,2.382e-11
6.7375000000000007,8.0683210245870818,5,nr,1.831e-15
6.7500000000000009,8.0468849446692996,5,nr,3.263e-15
6.7625000000000002,8.025737269491156,5,nr,8.253e-15
6.7750000000000004,8.004881544060293,5,nr,1.996e-12
6.7875000000000005,7.9843214723905938,5,nr,2.003e-11
6.8000000000000007,7.9640609195931962,5,nr,6.951e-16
6.8125000000000009,7.9441039137442555,5,nr,2.063e-15
6.8250000000000002,7.9244546468554136,5,nr,2.825e-11
6.8375000000000004,7.9051174755325055,5,nr,3.967e-15
6.8500000000000005,7.8860969204304281,5,nr,2.527e-15
6.8625000000000007,7.8673976652345026,5,nr,1.643e-15
6.8750000000000009,7.8490245542428445,5,nr,2.483e-12
6.8875000000000002,7.8309825888230611,5,nr,1.284e-16
6.9000000000000004,7.8132769224458611,5,nr,2.539e-15
6.9125000000000005,7.795912854034925,5,nr,3.700e-15
6.9250000000000007,7.7788958194768574,5,nr,3.223e-12
6.9375000000000009,7.762231380971528,5,nr,1.347e-15
6.9500000000000002,7.7459252140191142,5,nr,9.676e-16
6.9625000000000004,7.7299830916335894,5,nr,1.691e-14
6.9750000000000005,7.7144108655415531,5,nr,1.357e-11
6.9875000000000007,7.699214444022684,5,nr,2.017e-11
7.0000000000000009,7.6843997658806478,5,nr,1.171e-11
7.0125000000000002,7.669972770266595,5,nr,2.739e-14
7.0250000000000004,7.6559393619253919,5,nr,2.469e-15
7.0375000000000005,7.642305371422184,5,nr,1.552e-15
7.0500000000000007,7.6290765098006315,5,nr,1.598e-11
7.0625000000000009,7.6162583174882554,5,nr,1.405e-15
7.0750000000000002,7.6038561065531258,5,nr,1.757e-11
7.0875000000000004,7.5918748967171386,5,nr,1.054e-16
7.1000000000000005,7.5803193436889451,5,nr,3.642e-16
7.1125000000000007,7.5691936606485921,5,nr,7.137e-12
7.1250000000000009,7.5585015318690809,5,nr,1.501e-11
7.1375000000000002,7.5482460187924429,5,nr,1.535e-11
7.1500000000000004,7.5384294585330771,5,nr,1.183e-11
7.1625000000000005,7.5290533551512144,5,nr,5.131e-12
7.1750000000000007,7.5201182641295841,5,nr,6.855e-12
7.1875000000000009,7.5116236709538029,5,nr,2.391e-16
7.2000000000000002,7.5035678646690593,5,nr,5.285e-12
7.2125000000000004,7.4959478082383866,5,nr,6.080e-16
7.2250000000000005,7.4887590070931971,5,nr,2.820e-12
7.2375000000000007,7.4819953786311855,5,nr,3.435e-16
7.2500000000000009,7.4756491249330965,5,nr,4.988e-16
7.2625000000000002,7.4697106121699584,5,nr,9.469e-14
7.2750000000000004,7.4641682600380701,5,nr,3.724e-13
7.2875000000000005,7.4590084452292889,5,nr,2.311e-13
7.3000000000000007,7.4542154230822408,5,nr,1.177e-14
7.3125000000000009,7.4497712717685562,5,nr,1.192e-14
7.3250000000000002,7.4456558633584091,5,nr,7.116e-16
7.3375000000000004,7.4418468659377588,5,nr,1.114e-15
7.3500000000000005,7.4383197805642114,5,nr,9.128e-13
7.3625000000000007,7.4350480162080599,5,nr,6.139e-13
7.3750000000000009,7.4320030049977834,5,nr,1.002e-15
7.3875000000000002,7.4291543589294955,5,nr,4.030e-13
7.4000000000000004,7.4264700679432449,5,nr,2.830e-16
7.4125000000000005,7.4239167378158584,5,nr,5.017e-13
7.4250000000000007,7.4214598647019976,5,nr,5.484e-17
7.4375000000000009,7.4190641416977092,5,nr,2.771e-13
7.4500000000000002,7.4166937912261544,5,nr,1.231e-15
7.4625000000000004,7.4143129158715819,5,nr,6.788e-14
7.4750000000000005,7.4118858592014778,5,nr,1.479e-13
7.4875000000000007,7.4093775675458282,5,nr,8.317e-13
7.5000000000000009,7.4067539434584546,5,nr,4.127e-13
7.5125000000000002,7.4039821817838796,5,nr,3.201e-12
7.5250000000000004,7.4010310799344463,5,nr,4.343e-13
7.5375000000000005,7.3978713151234947,5,nr,2.992e-16
7.5500000000000007,7.3944756823523257,5,nr,8.604e-17
7.5625000000000009,7.3908192890024624,5,nr,4.810e-13
7.5750000000000002,7.3868797032079669,5,nr,1.499e-12
7.5875000000000004,7.3826370551279581,5,nr,6.821e-16
7.6000000000000005,7.3780740917874885,5,nr,4.440e-16
7.6125000000000007,7.3731761877263402,5,nr,1.568e-16
7.6250000000000009,7.3679313147932008,5,nr,4.073e-16
7.6375000000000002,7.3623299755002343,5,nr,9.349e-13
7.6500000000000004,7.3563651049596066,5,nr,2.530e-13
7.6625000000000005,7.3500319467773325,5,nr,2.196e-15
7.6750000000000007,7.3433279084551657,5,nr,9.453e-17
7.6875000000000009,7.3362524016470658,5,nr,1.332e-12
7.7000000000000002,7.3288066723465253,5,nr,9.681e-16
7.7125000000000004,7.3209936256688506,5,nr,2.203e-12
7.7250000000000005,7.3128176492188475,5,nr,3.970e-16
7.7375000000000007,7.3042844386615791,5,nr,2.161e-15
7.7500000000000009,7.2954008282297629,5,nr,1.089e-12
7.7625000000000002,7.2861746285714624,5,nr,8.086e-12
7.7750000000000004,7.2766144735762408,5,nr,1.471e-11
7.7875000000000005,7.266729677481119,5,nr,1.913e-11
7.8000000000000007,7.2565301029650042,5,nr,2.023e-11
7.8125000000000009,7.2460260406513957,5,nr,1.418e-11
7.8250000000000002,7.2352281001074328,5,nr,1.188e-12
7.8375000000000004,7.2241471121572953,5,nr,3.910e-16
7.8500000000000005,7.2127940420625558,5,nr,1.075e-15
7.8625000000000007,7.2011799131872554,5,nr,1.906e-11
7.8750000000000009,7.1893157405078592,5,nr,1.104e-15
7.8875000000000002,7.1772124729422728,5,nr,2.709e-15
7.9000000000000004,7.1648809444189219,5,nr,2.745e-15
7.9125000000000005,7.1523318322901295,5,nr,2.418e-15
7.9250000000000007,7.139575622752286,5,nr,2.389e-15
7.9375000000000009,7.1266225824332761,5,nr,1.861e-16
7.9500000000000002,7.1134827354904919,5,nr,1.068e-15
7.9625000000000004,7.1001658455862628,5,nr,2.630e-12
7.9750000000000005,7.0866814021353575,5,nr,1.224e-15
7.9875000000000007,7.0730386103240912,5,nr,1.305e-15
8,7.0592463843319653,5,nr,2.180e-15
8.0124999999999993,7.0453133433875905,5,nr,1.308e-11
8.0250000000000004,7.0312478101458078,5,nr,2.233e-15
8.0374999999999996,7.0170578112329176,5,nr,2.670e-15
8.0499999999999989,7.0027510793119392,5,nr,3.741e-15
8.0625,6.9883350567073919,5,nr,5.957e-15
8.0749999999999993,6.9738169001447794,5,nr,9.215e-16
8.0875000000000004,6.9592034864502024,5,nr,3.154e-15
8.0999999999999996,6.9445014190099039,5,nr,7.248e-16
8.1124999999999989,6.9297170348240495,5,nr,7.108e-15
8.125,6.9148564120117921,5,nr,2.000e-15
8.1374999999999993,6.8999253776448723,5,nr,2.096e-15
8.1500000000000004,6.8849295158049104,5,nr,4.463e-15
8.1624999999999996,6.8698741757753989,5,nr,3.592e-15
8.1749999999999989,6.8547644802931496,5,nr,6.177e-16
8.1875,6.8396053337963458,5,nr,1.248e-15
8.1999999999999993,6.8244014306167076,5,nr,1.969e-15
8.2125000000000004,6.8091572630726764,5,nr,2.942e-15
8.2249999999999996,6.7938771294284761,5,nr,3.853e-15
8.2374999999999989,6.7785651416907386,5,nr,8.913e-15
8.25,6.7632252332204157,5,nr,4.171e-15
8.2624999999999993,6.7478611661427648,5,nr,1.411e-14
8.2750000000000004,6.7324765385423708,5,nr,2.214e-14
8.2874999999999996,6.7170747914342916,5,nr,1.805e-14
8.2999999999999989,6.701659215504816,5,nr,1.203e-14
8.3125,6.686232957618798,5,nr,1.537e-15
8.3249999999999993,6.6707990270920385,5,nr,1.206e-15
8.3375000000000004,6.6553603017159739,5,nr,3.342e-11
8.3499999999999996,6.6399195336304766,5,nr,4.375e-15
8.3624999999999989,6.6244793547667911,5,nr,5.996e-15
8.375,6.6090422823336619,5,nr,6.220e-16
8.3874999999999993,6.5936107238829731,5,nr,8.057e-15
8.4000000000000004,6.5781869822417853,5,nr,4.419e-15
8.4124999999999996,6.56277326022325,5,nr,1.744e-14
8.4249999999999989,6.547371665136148,5,nr,2.131e-14
8.4375,6.531984213100027,5,nr,2.201e-14
8.4499999999999993,6.5166128331724309,5,nr,1.799e-14
8.4625000000000004,6.501259371295534,5,nr,1.549e-14
8.4749999999999996,6.4859255940689469,5,nr,6.763e-15
8.4874999999999989,6.4706131923556143,5,nr,6.049e-15
8.5,6.4553237847150351,5,nr,3.880e-11
8.5124999999999993,6.440058920760551,5,nr,4.307e-12
8.5250000000000004,6.4248200841715608,5,nr,5.774e-15
8.5374999999999996,6.4096086958395873,5,nr,1.355e-15
8.5499999999999989,6.3944261166625047,5,nr,1.752e-15
8.5625,6.3792736503075922,5,nr,2.691e-15
8.5749999999999993,6.3641525458314208,5,nr,0.000e+00
8.5875000000000004,6.3490640001846428,5,nr,8.899e-15
8.5999999999999996,6.3340091606057261,5,nr,1.093e-14
8.6124999999999989,6.3189891269088827,5,nr,8.738e-15
8.625,6.3040049536712592,5,nr,2.508e-16
8.6374999999999993,6.289057652324149,5,nr,1.865e-15
8.6500000000000004,6.2741481931529544,5,nr,4.455e-15
8.6624999999999996,6.2592775072102844,5,nr,5.084e-17
8.6749999999999989,6.2444464881464237,5,nr,6.791e-15
8.6875,6.2296559939612699,5,nr,5.947e-15
8.6999999999999993,6.2149068486816352,5,nr,4.323e-15
8.7125000000000004,6.200199843982082,5,nr,5.412e-11
8.7249999999999996,6.1855357406511891,5,nr,2.800e-15
8.7374999999999989,6.1709152702117596,5,nr,1.587e-14
8.75,6.1563391361895778,5,nr,3.655e-16
8.7624999999999993,6.1418080155424235,5,nr,3.301e-15
8.7750000000000004,6.1273225599471122,5,nr,7.674e-15
8.7874999999999996,6.1128833970490843,5,nr,7.802e-15
8.7999999999999989,6.0984911316626356,5,nr,5.023e-15
8.8125,6.0841463469244523,5,nr,2.439e-15
8.8249999999999993,6.0698496054027551,5,nr,4.785e-16
8.8375000000000004,6.0556014501644349,5,nr,7.542e-15
8.8499999999999996,6.0414024058024038,5,nr,6.411e-15
8.8624999999999989,6.0272529794252474,5,nr,9.800e-15
8.875,6.0131536616112147,5,nr,1.932e-15
8.8874999999999993,5.9991049273284469,5,nr,9.976e-15
8.9000000000000004,5.9851072368260034,5,nr,1.111e-11
8.9124999999999996,5.9711610364786791,5,nr,7.989e-15
8.9249999999999989,5.9572667596435158,5,nr,8.976e-15
8.9375,5.9434248274359254,5,nr,3.249e-16
8.9499999999999993,5.9296356495206846,5,nr,1.003e-15
8.9625000000000004,5.9158996248630231,5,nr,4.073e-15
8.9749999999999996,5.9022171424600103,5,nr,0.000e+00
8.9874999999999989,5.8885885820508532,5,nr,5.783e-15
9,5.8750143148075296,5,nr,9.074e-14
9.0124999999999993,5.8614947040067689,5,nr,1.840e-15
9.0250000000000004,5.8480301056850932,5,nr,2.728e-16
9.0374999999999996,5.8346208692853372,5,nr,3.480e-11
9.0499999999999989,5.8212673382403812,5,nr,2.759e-15
9.0625,5.8079698506631132,5,nr,5.157e-15
9.0749999999999993,5.7947287398578871,5,nr,2.324e-11
9.0875000000000004,5.7815443349804259,5,nr,3.576e-11
9.0999999999999996,5.768416961517369,5,nr,3.222e-11
9.1124999999999989,5.755346941950509,5,nr,8.205e-12
9.125,5.7423345962627108,5,nr,2.292e-11
9.1374999999999993,5.7293802424953268,5,nr,3.158e-11
9.1500000000000004,5.7164841972817007,5,nr,4.635e-15
9.1624999999999996,5.7036467763630618,5,nr,7.777e-15
9.1749999999999989,5.6908682951602589,5,nr,7.621e-15
9.1875,5.6781490692662624,5,nr,4.087e-15
9.1999999999999993,5.6654894149725417,5,nr,1.003e-14
9.2125000000000004,5.6528896497850543,5,nr,6.118e-16
9.2249999999999996,5.6403500929377994,5,nr,2.227e-15
9.2374999999999989,5.6278710659047011,5,nr,2.170e-15
9.25,5.6154528929105174,5,nr,9.562e-15
9.2624999999999993,5.6030959014415211,5,nr,1.596e-15
9.2750000000000004,5.5908004227566765,5,nr,6.643e-15
9.2874999999999996,5.5785667923999833,5,nr,2.695e-15
9.2999999999999989,5.5663953507147017,5,nr,2.744e-15
9.3125,5.5542864433601657,5,nr,1.557e-15
9.3249999999999993,5.5422404218318224,5,nr,8.360e-15
9.3375000000000004,5.5302576439851991,5,nr,7.994e-15
9.3499999999999996,5.5183384745644481,5,nr,7.388e-15
9.3624999999999989,5.506483285736147,5,nr,1.650e-15
9.375,5.4946924576476883,5,nr,8.003e-11
9.3874999999999993,5.4829663788800467,5,nr,7.675e-15
9.4000000000000004,5.4713054471881071,5,nr,3.167e-16
9.4124999999999996,5.4597100698935144,5,nr,7.831e-11
9.4249999999999989,5.4481806644552098,5,nr,2.177e-14
9.4375,5.4367176592145636,5,nr,8.264e-15
9.4499999999999993,5.4253214937986813,5,nr,6.099e-15
9.4625000000000004,5.4139926198114852,5,nr,6.182e-15
9.4749999999999996,5.4027315014247037,5,nr,3.194e-14
9.4874999999999989,5.3915386159986074,5,nr,1.387e-14
9.5,5.3804144547148303,5,nr,4.008e-15
9.5124999999999993,5.3693595232214548,5,nr,3.583e-16
9.5250000000000004,5.3583743422911647,5,nr,2.029e-14
9.5374999999999996,5.3474594484927307,5,nr,4.366e-14
9.5499999999999989,5.3366153948764428,5,nr,1.319e-14
9.5625,5.3258427516735631,5,nr,3.573e-15
9.5749999999999993,5.315142107010578,5,nr,9.520e-16
9.5875000000000004,5.304514067638209,5,nr,7.182e-15
9.5999999999999996,5.2939592596755576,5,nr,1.678e-14
9.6125000000000007,5.283478329369526,5,nr,2.825e-14
9.625,5.2730719438696427,5,nr,5.116e-14
9.6374999999999993,5.2627407920182234,5,nr,5.452e-14
9.6500000000000004,5.2524855851558288,5,nr,5.555e-14
9.6624999999999996,5.2423070579419226,5,nr,4.712e-14
9.6750000000000007,5.2322059691899367,5,nr,4.340e-14
9.6875,5.2221831027169436,5,nr,5.043e-14
9.6999999999999993,5.2122392682067051,5,nr,4.976e-14
9.7125000000000004,5.2023753020855601,5,nr,5.647e-14
9.7249999999999996,5.19259206841003,5,nr,6.469e-14
9.7375000000000007,5.182890459764665,5,nr,5.664e-14
9.75,5.173271398169156,5,nr,4.458e-14
9.7624999999999993,5.1637358359920995,5,nr,3.415e-14
9.7750000000000004,5.1542847568698127,5,nr,8.986e-15
9.7874999999999996,5.1449191766237767,5,nr,1.214e-11
9.8000000000000007,5.1356401441993578,5,nr,1.810e-15
9.8125,5.1264487425456471,5,nr,1.132e-14
9.8249999999999993,5.1173460895604359,5,nr,5.265e-14
9.8375000000000004,5.1083333389679142,5,nr,3.731e-14
9.8499999999999996,5.0994116812004666,5,nr,5.719e-15
9.8625000000000007,5.0905823442538107,5,nr,2.183e-15
9.875,5.0818465945116627,5,nr,3.077e-14
9.8874999999999993,5.0732057375332298,5,nr,3.846e-14
9.9000000000000004,5.0646611187945574,5,nr,4.354e-15
9.9124999999999996,5.0562141243749812,5,nr,3.389e-15
9.9250000000000007,5.0478661815773487,5,nr,4.849e-14
9.9375,5.0396187594707387,5,nr,4.085e-15
9.9499999999999993,5.0314733693425699,5,nr,1.679e-14
9.9625000000000004,5.0234315650449517,5,nr,3.387e-14
9.9749999999999996,5.0154949432194575,5,nr,2.359e-15
9.9875000000000007,5.0076651433823587,5,nr,4.250e-14
10,4.999943847848507,5,nr,3.441e-12
5.6375000000000002,14.982500095739654,6,nr,4.291e-15
5.6500000000000004,14.920658860937174,6,nr,2.435e-11
5.6625000000000005,14.859226693998977,6,nr,7.145e-15
5.6750000000000007,14.798200980844673,6,nr,9.907e-15
5.6875000000000009,14.73757913282698,6,nr,9.914e-15
5.7000000000000002,14.677358587270776,6,nr,6.222e-11
5.7125000000000004,14.617536808086207,6,nr,5.381e-15
5.7250000000000005,14.558111286043252,6,nr,6.281e-11
5.7375000000000007,14.499079539370184,6,nr,7.727e-12
5.7500000000000009,14.440439114362816,6,nr,7.219e-14
5.7625000000000002,14.382187585611012,6,nr,1.694e-11
5.7750000000000004,14.324322556576515,6,nr,4.801e-12
5.7875000000000005,14.266841660086357,6,nr,3.088e-15
5.8000000000000007,14.209742558708351,6,nr,2.147e-12
5.8125000000000009,14.153022945279618,6,nr,4.791e-11
5.8250000000000002,14.096680543248814,6,nr,1.232e-14
5.8375000000000004,14.040713107326193,6,nr,4.255e-15
5.8500000000000005,13.985118423764673,6,nr,1.012e-11
5.8625000000000007,13.929894310899414,6,nr,1.052e-12
5.8750000000000009,13.875038619644705,6,nr,1.677e-12
5.8875000000000002,13.8205492339308,6,nr,7.726e-15
5.9000000000000004,13.766424071224854,6,nr,5.329e-15
5.9125000000000005,13.712661083021219,6,nr,7.956e-15
5.9250000000000007,13.659258255384627,6,nr,6.591e-11
5.9375000000000009,13.60621360935375,6,nr,1.392e-15
5.9500000000000002,13.553525201733876,6,nr,1.678e-15
5.9625000000000004,13.501191125408987,6,nr,2.198e-15
5.9750000000000005,13.449209510059012,6,nr,3.573e-11
5.9875000000000007,13.39757852266662,6,nr,8.445e-15
6.0000000000000009,13.346296368274006,6,nr,6.138e-15
6.0125000000000002,13.295361290492099,6,nr,1.764e-15
6.0250000000000004,13.244771572233683,6,nr,1.234e-11
6.0375000000000005,13.194525536401354,6,nr,5.022e-11
6.0500000000000007,13.144621546649608,6,nr,3.453e-11
6.0625000000000009,13.095058008071071,6,nr,2.087e-11
6.0750000000000002,13.04583336798262,6,nr,6.298e-15
6.0875000000000004,12.996946116872786,6,nr,3.777e-15
6.1000000000000005,12.948394789136737,6,nr,9.616e-15
6.1125000000000007,12.900177964032375,6,nr,5.325e-15
6.1250000000000009,12.8522942666169,6,nr,5.761e-15
6.1375000000000002,12.804742368727872,6,nr,2.054e-11
6.1500000000000004,12.757520990060328,6,nr,1.706e-15
6.1625000000000005,12.710628899171763,6,nr,2.549e-15
6.1750000000000007,12.664064914702783,6,nr,8.960e-16
6.1875000000000009,12.61782790653147,6,nr,2.974e-16
6.2000000000000002,12.571916797035573,6,nr,5.775e-15
6.2125000000000004,12.526330562408846,6,nr,7.519e-15
6.2250000000000005,12.481068234043182,6,nr,1.859e-15
6.2375000000000007,12.436128899980073,6,nr,8.279e-15
6.2500000000000009,12.391511706435251,6,nr,2.423e-15
6.2625000000000002,12.347215859400581,6,nr,1.254e-15
6.2750000000000004,12.303240626327236,6,nr,1.152e-15
6.2875000000000005,12.259585337870188,6,nr,5.700e-11
6.3000000000000007,12.216249389870061,6,nr,2.469e-15
6.3125000000000009,12.173232245062731,6,nr,1.355e-14
6.3250000000000002,12.130533435379139,6,nr,1.597e-15
6.3375000000000004,12.088152563983284,6,nr,4.669e-16
6.3500000000000005,12.046089307568339,6,nr,6.497e-16
6.3625000000000007,12.004343418745288,6,nr,1.052e-14
6.3750000000000009,11.962914728554624,6,nr,6.143e-15
6.3875000000000002,11.921803149107582,6,nr,3.280e-15
6.4000000000000004,11.881008676363413,6,nr,1.267e-15
6.4125000000000005,11.840531393049796,6,nr,1.259e-15
6.4250000000000007,11.800371471733516,6,nr,1.429e-15
6.4375000000000009,11.76052917804892,6,nr,2.661e-16
6.4500000000000002,11.721004874092044,6,nr,3.522e-16
6.4625000000000004,11.681799021988354,6,nr,3.322e-15
6.4750000000000005,11.642912187642613,6,nr,1.154e-14
6.4875000000000007,11.604345044679235,6,nr,1.636e-15
6.5000000000000009,11.56609837858225,6,nr,4.272e-16
6.5125000000000002,11.528173091043621,6,nr,3.815e-15
6.5250000000000004,11.490570204529241,6,nr,3.616e-15
6.5375000000000005,11.453290867071964,6,nr,3.253e-15
6.5500000000000007,11.416336357300798,6,nr,1.985e-15
6.5625000000000009,11.379708089703515,6,nr,2.225e-11
6.5750000000000002,11.34340762021812,6,nr,4.715e-15
6.5875000000000004,11.307436651902808,6,nr,5.076e-15
6.6000000000000005,11.271797041125525,6,nr,5.589e-15
6.6125000000000007,11.23649080384862,6,nr,7.910e-17
6.6250000000000009,11.201520122275531,6,nr,2.272e-15
6.6375000000000002,11.166887351779396,6,nr,6.054e-15
6.6500000000000004,11.132595028131107,6,nr,2.767e-15
6.6625000000000005,11.098645875030394,6,nr,3.348e-15
6.6750000000000007,11.065042811959467,6,nr,2.750e-11
6.6875000000000009,11.031788962234081,6,nr,1.491e-16
6.7000000000000002,10.998887661621351,6,nr,1.771e-15
6.7125000000000004,10.966342466895577,6,nr,2.920e-15
6.7250000000000005,10.934157164942235,6,nr,3.393e-15
6.7375000000000007,10.902335782020456,6,nr,1.214e-15
6.7500000000000009,10.87088259328589,6,nr,2.542e-15
6.7625000000000002,10.839802132521948,6,nr,5.574e-12
6.7750000000000004,10.809099202070065,6,nr,5.520e-15
6.7875000000000005,10.778778882823749,6,nr,1.432e-15
6.8000000000000007,10.74884654437065,6,nr,1.954e-15
6.8125000000000009,10.719307855078819,6,nr,1.821e-11
6.8250000000000002,10.690168792020801,6,nr,7.890e-16
6.8375000000000004,10.661435650906668,6,nr,7.142e-16
6.8500000000000005,10.633115055385018,6,nr,3.783e-15
6.8625000000000007,10.605213966071183,6,nr,8.228e-16
6.8750000000000009,10.577739688809737,6,nr,3.811e-15
6.8875000000000002,10.550699882057012,6,nr,2.466e-16
6.9000000000000004,10.524102563124876,6,nr,1.116e-11
6.9125000000000005,10.497956112913528,6,nr,3.600e-16
6.9250000000000007,10.472269279010506,6,nr,2.071e-15
6.9375000000000009,10.447051176382599,6,nr,2.043e-15
6.9500000000000002,10.422311285570526,6,nr,1.899e-15
6.9625000000000004,10.398059447632219,6,nr,1.759e-15
6.9750000000000005,10.374305855284375,6,nr,1.644e-11
6.9875000000000007,10.351061039670178,6,nr,1.488e-15
7.0000000000000009,10.32833585158917,6,nr,1.249e-15
7.0125000000000002,10.306141436953466,6,nr,5.886e-16
7.0250000000000004,10.284489204842707,6,nr,6.515e-12
7.0375000000000005,10.263390787521491,6,nr,5.965e-12
7.0500000000000007,10.242857990875798,6,nr,7.067e-13
7.0625000000000009,10.222902734431267,6,nr,4.096e-12
7.0750000000000002,10.203536979007149,6,nr,1.486e-11
7.0875000000000004,10.184772640898156,6,nr,8.166e-13
7.1000000000000005,10.166621491101795,6,nr,9.626e-17
7.1125000000000007,10.149095037486772,6,nr,7.293e-12
7.1250000000000009,10.132204389058799,6,nr,9.804e-16
7.1375000000000002,10.115960100153723,6,nr,2.299e-16
7.1500000000000004,10.100371993755846,6,nr,2.718e-16
7.1625000000000005,10.085448962413359,6,nr,7.585e-16
7.1750000000000007,10.071198746232939,6,nr,5.715e-16
7.1875000000000009,10.057627687611275,6,nr,7.709e-12
7.2000000000000002,10.044740463224192,6,nr,2.444e-13
7.2125000000000004,10.03253979423542,6,nr,5.059e-12
7.2250000000000005,10.021026137573628,6,nr,1.204e-15
7.2375000000000007,10.010197361159843,6,nr,1.803e-15
7.2500000000000009,10.000048408701797,6,nr,2.020e-12
7.2625000000000002,9.9905709602196495,6,nr,5.989e-17
7.2750000000000004,9.9817530969621178,6,nr,3.747e-16
7.2875000000000005,9.9735789806476749,6,nr,2.886e-13
7.3000000000000007,9.9660285590664284,6,nr,7.907e-16
7.3125000000000009,9.9590773113485156,6,nr,9.626e-14
7.3250000000000002,9.9526960475197832,6,nr,5.004e-13
7.3375000000000004,9.946850777494685,6,nr,5.623e-17
7.3500000000000005,9.9415026645788132,6,nr,2.975e-16
7.3625000000000007,9.9366080774220773,6,nr,6.740e-16
7.3750000000000009,9.9321187523104761,6,nr,1.239e-15
7.3875000000000002,9.9279820743665326,6,nr,7.673e-13
7.4000000000000004,9.9241414818823781,6,nr,2.475e-13
7.4125000000000005,9.9205369927156717,6,nr,6.628e-12
7.4250000000000007,9.9171058457306103,6,nr,1.877e-16
7.4375000000000009,9.9137832436221149,6,nr,2.211e-13
7.4500000000000002,9.9105031782716129,6,nr,1.162e-12
7.4625000000000004,9.9071993132973564,6,nr,1.150e-12
7.4750000000000005,9.9038058953616783,6,nr,1.105e-12
7.4875000000000007,9.9002586629151281,6,nr,1.112e-14
7.5000000000000009,9.896495720697736,6,nr,3.382e-13
7.5125000000000002,9.8924583501306227,6,nr,6.537e-13
7.5250000000000004,9.8880917289724763,6,nr,1.121e-15
7.5375000000000005,9.8833455389558456,6,nr,6.719e-16
7.5500000000000007,9.8781744462981571,6,nr,1.487e-15
7.5625000000000009,9.8725384467462138,6,nr,4.180e-16
7.5750000000000002,9.8664030736630917,6,nr,7.484e-13
7.5875000000000004,9.8597394738992765,6,nr,3.242e-12
7.6000000000000005,9.8525243613993254,6,nr,1.335e-15
7.6125000000000007,9.8447398628703002,6,nr,2.584e-16
7.6250000000000009,9.8363732720631347,6,nr,2.901e-13
7.6375000000000002,9.8274167312371645,6,nr,1.927e-14
7.6500000000000004,9.8178668581408068,6,nr,5.380e-16
7.6625000000000005,9.8077243363197919,6,nr,1.260e-16
7.6750000000000007,9.7969934849521714,6,nr,2.094e-12
7.6875000000000009,9.7856818223962563,6,nr,7.698e-13
7.7000000000000002,9.7737996354238419,6,nr,8.783e-16
7.7125000000000004,9.761359563573766,6,nr,4.124e-12
7.7250000000000005,9.7483762058984773,6,nr,1.857e-15
7.7375000000000007,9.7348657553350471,6,nr,1.289e-15
7.7500000000000009,9.7208456637277241,6,nr,4.331e-12
7.7625000000000002,9.7063343394012467,6,nr,1.033e-11
7.7750000000000004,9.6913508775953918,6,nr,1.275e-11
7.7875000000000005,9.6759148231873908,6,nr,8.817e-12
7.8000000000000007,9.6600459643502088,6,nr,4.018e-14
7.8125000000000009,9.6437641552960667,6,nr,8.611e-16
7.8250000000000002,9.6270891658424382,6,nr,2.539e-12
7.8375000000000004,9.6100405555770703,6,nr,4.930e-14
7.8500000000000005,9.5926375699686499,6,nr,1.115e-15
7.8625000000000007,9.5748990561719722,6,nr,2.536e-15
7.8750000000000009,9.5568433960699117,6,nr,1.370e-15
7.8875000000000002,9.5384884544175605,6,nr,5.119e-15
7.9000000000000004,9.5198515400256483,6,nr,2.034e-15
7.9125000000000005,9.500949378112562,6,nr,1.180e-11
7.9250000000000007,9.4817980922239826,6,nr,4.948e-15
7.9375000000000009,9.4624131939791081,6,nr,3.072e-15
7.9500000000000002,9.4428095797166058,6,nr,3.057e-15
7.9625000000000004,9.4230015324746912,6,nr,7.298e-16
7.9750000000000005,9.4030027285317175,6,nr,2.282e-15
7.9875000000000007,9.3828262475499997,6,nr,2.815e-15
8,9.3624845855811252,6,nr,3.362e-15
8.0124999999999993,9.3419896702898644,6,nr,2.250e-15
8.0250000000000004,9.3213528778513925,6,nr,3.910e-16
8.0374999999999996,9.3005850510483707,6,nr,1.965e-11
8.0499999999999989,9.279696518282222,6,nr,4.014e-16
8.0625,9.2586971128823876,6,nr,1.762e-15
8.0749999999999993,9.2375961929445598,6,nr,2.814e-15
8.0875000000000004,9.2164026609879688,6,nr,4.864e-15
8.0999999999999996,9.1951249835569371,6,nr,4.182e-12
8.1124999999999989,9.173771210509873,6,nr,1.353e-15
8.125,9.1523489939554814,6,nr,7.060e-15
8.1374999999999993,9.1308656066593947,6,nr,8.746e-16
8.1500000000000004,9.1093279599490913,6,nr,7.373e-16
8.1624999999999996,9.0877426210157246,6,nr,1.491e-15
8.1749999999999989,9.0661158295989459,6,nr,6.785e-15
8.1875,9.0444535140321616,6,nr,2.820e-15
8.1999999999999993,9.0227613066376833,6,nr,1.310e-14
8.2125000000000004,9.001044558469415,6,nr,1.635e-15
8.2249999999999996,8.9793083534070153,6,nr,4.719e-16
8.2374999999999989,8.95755752161031,6,nr,1.478e-14
8.25,8.9357966523471113,6,nr,4.573e-15
8.2624999999999993,8.9140301062104292,6,nr,5.185e-15
8.2750000000000004,8.8922620267430919,6,nr,1.448e-14
8.2874999999999996,8.8704963514901891,6,nr,3.303e-16
8.2999999999999989,8.8487368224999301,6,nr,1.667e-16
8.3125,8.8269869962951706,6,nr,1.867e-14
8.3249999999999993,8.8052502533569346,6,nr,4.633e-11
8.3375000000000004,8.7835298070064312,6,nr,2.396e-15
8.3499999999999996,8.7618287121150811,6,nr,2.287e-14
8.3624999999999989,8.7401498729934026,6,nr,1.964e-11
8.375,8.7184960511041965,6,nr,5.527e-15
8.3874999999999993,8.6968698723771531,6,nr,2.741e-14
8.4000000000000004,8.6752738339847131,6,nr,6.356e-11
8.4124999999999996,8.6537103110181466,6,nr,1.167e-15
8.4249999999999989,8.6321815624187455,6,nr,2.578e-14
8.4375,8.6106897370711373,6,nr,4.101e-15
8.4499999999999993,8.5892368792332192,6,nr,4.498e-15
8.4625000000000004,8.56782493382034,6,nr,2.616e-14
8.4749999999999996,8.5464557513921271,6,nr,1.545e-14
8.4874999999999989,8.5251310928879303,6,nr,2.087e-11
8.5,8.5038526340757503,6,nr,1.886e-15
8.5124999999999993,8.48262196987557,6,nr,3.160e-14
8.5250000000000004,8.4614406183242661,6,nr,1.824e-14
8.5374999999999996,8.4403100244273936,6,nr,3.918e-11
8.5499999999999989,8.4192315638485233,6,nr,3.720e-15
8.5625,8.3982065462358495,6,nr,1.808e-14
8.5749999999999993,8.3772362186234481,6,nr,2.927e-14
8.5875000000000004,8.3563217684825588,6,nr,1.631e-14
8.5999999999999996,8.3354643266924953,6,nr,5.038e-15
8.6124999999999989,8.3146649703532365,6,nr,4.816e-15
8.625,8.2939247254600872,6,nr,2.345e-15
8.6374999999999993,8.2732445694480923,6,nr,1.249e-14
8.6500000000000004,8.2526254336135914,6,nr,1.990e-14
8.6624999999999996,8.2320682054197025,6,nr,2.217e-14
8.6749999999999989,8.2115737306923098,6,nr,1.922e-14
8.6875,8.1911428157124764,6,nr,3.778e-15
8.6999999999999993,8.1707762292113646,6,nr,9.331e-15
8.7125000000000004,8.1504747042728685,6,nr,4.890e-15
8.7249999999999996,8.1302389401706776,6,nr,8.019e-11
8.7374999999999989,8.1100696039964966,6,nr,7.213e-12
8.75,8.089967332513492,6,nr,2.738e-11
8.7624999999999993,8.0699327336011919,6,nr,8.242e-11
8.7750000000000004,8.0499663876712244,6,nr,2.623e-11
8.7874999999999996,8.0300688494257724,6,nr,6.682e-12
8.7999999999999989,8.010240648934829,6,nr,7.480e-11
8.8125,7.9904822930692463,6,nr,2.063e-15
8.8249999999999993,7.9707942668924714,6,nr,2.652e-16
8.8375000000000004,7.951177034708258,6,nr,5.984e-15
8.8499999999999996,7.9316310413278339,6,nr,1.450e-14
8.8624999999999989,7.9121567131788373,6,nr,5.506e-15
8.875,7.8927544593901224,6,nr,1.055e-14
8.8874999999999993,7.8734246728359283,6,nr,1.235e-15
8.9000000000000004,7.8541677311418034,6,nr,6.106e-15
8.9124999999999996,7.8349839976539961,6,nr,2.536e-12
8.9249999999999989,7.8158738223787019,6,nr,5.508e-15
8.9375,7.7968375428805592,6,nr,1.731e-14
8.9499999999999993,7.7778754851635918,6,nr,6.690e-15
8.9625000000000004,7.7589879645151827,6,nr,7.567e-15
8.9749999999999996,7.740175286332283,6,nr,1.917e-11
8.9874999999999989,7.7214377468957078,6,nr,1.047e-15
9,7.702775634189269,6,nr,5.661e-15
9.0124999999999993,7.6841892286080435,6,nr,4.386e-15
9.0250000000000004,7.6656788036953278,6,nr,8.304e-11
9.0374999999999996,7.6472446269498047,6,nr,3.628e-15
9.0499999999999989,7.6288869603327303,6,nr,1.453e-15
9.0625,7.6106060611518007,6,nr,3.523e-11
9.0749999999999993,7.5924021825947765,6,nr,1.673e-15
9.0875000000000004,7.5742755744800778,6,nr,2.950e-11
9.0999999999999996,7.5562264838503186,6,nr,2.352e-11
9.1124999999999989,7.5382551555952952,6,nr,5.552e-11
9.125,7.5203618331569384,6,nr,4.062e-11
9.1374999999999993,7.5025467589956287,6,nr,1.621e-14
9.1500000000000004,7.484810175399657,6,nr,6.787e-12
9.1624999999999996,7.4671523249493443,6,nr,1.827e-15
9.1749999999999989,7.4495734511485141,6,nr,6.204e-11
9.1875,7.4320737990997436,6,nr,7.486e-16
9.1999999999999993,7.4146536159382004,6,nr,6.102e-11
9.2125000000000004,7.3973131516382029,6,nr,2.458e-15
9.2249999999999996,7.3800526594021374,6,nr,1.506e-11
9.2374999999999989,7.3628723963912277,6,nr,1.463e-15
9.25,7.3457726242874113,6,nr,1.677e-14
9.2624999999999993,7.3287536098725505,6,nr,7.941e-15
9.2750000000000004,7.3118156256489346,6,nr,3.182e-15
9.2874999999999996,7.2949589504435046,6,nr,1.974e-12
9.2999999999999989,7.2781838700240078,6,nr,7.333e-15
9.3125,7.2614906777151704,6,nr,3.940e-15
9.3249999999999993,7.2448796750271978,6,nr,1.980e-11
9.3375000000000004,7.2283511723138236,6,nr,4.616e-15
9.3499999999999996,7.211905489374355,6,nr,1.171e-14
9.3624999999999989,7.1955429561578903,6,nr,8.388e-15
9.375,7.1792639134109084,6,nr,3.706e-15
9.3874999999999993,7.1630687133656092,6,nr,1.858e-14
9.4000000000000004,7.1469577204379471,6,nr,7.264e-15
9.4124999999999996,7.1309313119412261,6,nr,4.985e-15
9.4249999999999989,7.114989878816175,6,nr,1.956e-13
9.4375,7.0991338263792345,6,nr,2.137e-15
9.4499999999999993,7.083363575089126,6,nr,1.491e-14
9.4625000000000004,7.0676795613345869,6,nr,2.955e-14
9.4749999999999996,7.0520822382429831,6,nr,2.026e-14
9.4874999999999989,7.0365720765120034,6,nr,7.653e-15
9.5,7.0211495652652722,6,nr,3.836e-15
9.5124999999999993,7.005815212933574,6,nr,6.877e-15
9.5250000000000004,6.9905695481627284,6,nr,1.471e-15
9.5374999999999996,6.9754131207496624,6,nr,1.868e-15
9.5499999999999989,6.9603465026080142,6,nr,1.860e-15
9.5625,6.9453702887647024,6,nr,2.302e-15
9.5749999999999993,6.930485098388889,6,nr,8.465e-16
9.5875000000000004,6.9156915758547566,6,nr,1.338e-15
9.5999999999999996,6.9009903918395752,6,nr,1.178e-14
9.6125000000000007,6.8863822444585105,6,nr,1.849e-14
9.625,6.8718678604376047,6,nr,2.858e-14
9.6374999999999993,6.8574479963263757,6,nr,6.485e-14
9.6500000000000004,6.843123439751527,6,nr,6.020e-14
9.6624999999999996,6.8288950107128521,6,nr,2.158e-14
9.6750000000000007,6.8147635629409233,6,nr,6.303e-11
9.6875,6.8007299851939065,6,nr,1.611e-15
9.6999999999999993,6.7867952028646483,6,nr,3.296e-14
9.7125000000000004,6.7729601792834604,6,nr,6.729e-14
9.7249999999999996,6.7592259173328255,6,nr,1.265e-14
9.7375000000000007,6.7455934610062913,6,nr,2.494e-15
9.75,6.7320638970343847,6,nr,4.918e-14
9.7624999999999993,6.7186383565612866,6,nr,3.863e-14
9.7750000000000004,6.705318016871777,6,nr,3.710e-15
9.7874999999999996,6.6921041031691573,6,nr,4.770e-14
9.8000000000000007,6.6789978904029725,6,nr,1.837e-14
9.8125,6.6660007051460113,6,nr,1.328e-15
9.8249999999999993,6.6531139275196773,6,nr,6.263e-14
9.8375000000000004,6.6403389931650478,6,nr,2.266e-15
9.8499999999999996,6.6276773952581598,6,nr,7.290e-14
9.8625000000000007,6.6151306865651787,6,nr,2.059e-15
9.875,6.602700481534713,6,nr,6.500e-14
9.8874999999999993,6.5903884584208452,6,nr,2.278e-15
9.9000000000000004,6.5781963614322141,6,nr,4.994e-14
9.9124999999999996,6.566126002898387,6,nr,1.742e-15
9.9250000000000007,6.554179265446022,6,nr,1.225e-14
9.9375,6.542358104173247,6,nr,5.076e-14
9.9499999999999993,6.5306645488109583,6,nr,3.391e-15
9.9625000000000004,6.5191007058557826,6,nr,1.184e-14
9.9749999999999996,6.507668760658869,6,nr,4.589e-14
9.9875000000000007,6.4963709794503268,6,nr,7.694e-15
10,6.4852097112776477,6,nr,2.799e-15
6.5250000000000004,14.969694124278229,7,nr,2.661e-11
6.5375000000000005,14.919246879424445,7,nr,5.125e-15
6.5500000000000007,14.869207397007912,7,nr,9.832e-16
6.5625000000000009,14.819576943172537,7,nr,4.354e-11
6.5750000000000002,14.770356960927989,7,nr,3.299e-15
6.5875000000000004,14.721549078496272,7,nr,4.623e-15
6.6000000000000005,14.673155117623166,7,nr,4.974e-15
6.6125000000000007,14.625177102758846,7,nr,4.692e-15
6.6250000000000009,14.577617270616146,7,nr,2.013e-15
6.6375000000000002,14.530478080306553,7,nr,1.686e-15
6.6500000000000004,14.483762224057543,7,nr,1.972e-15
6.6625000000000005,14.43747263853966,7,nr,5.254e-15
6.6750000000000007,14.391612516832012,7,nr,8.911e-16
6.6875000000000009,14.346185321054657,7,nr,5.068e-15
6.7000000000000002,14.301194795695862,7,nr,1.598e-15
6.7125000000000004,14.256644981660939,7,nr,1.221e-15
6.7250000000000005,14.212540231067933,7,nr,1.775e-15
6.7375000000000007,14.168885222812614,7,nr,2.596e-15
6.7500000000000009,14.125684978922164,7,nr,3.467e-16
6.7625000000000002,14.082944881712002,7,nr,2.260e-15
6.7750000000000004,14.040670691754517,7,nr,1.623e-15
6.7875000000000005,13.9988685666607,7,nr,1.670e-15
6.8000000000000007,13.957545080665881,7,nr,1.055e-15
6.8125000000000009,13.916707244998891,7,nr,2.018e-15
6.8250000000000002,13.876362528998827,7,nr,1.670e-15
6.8375000000000004,13.836518881925109,7,nr,3.802e-16
6.8500000000000005,13.797184755384093,7,nr,4.687e-15
6.8625000000000007,13.758369126268024,7,nr,6.347e-15
6.8750000000000009,13.720081520068883,7,nr,3.281e-15
6.8875000000000002,13.682332034390143,7,nr,2.335e-15
6.9000000000000004,13.645131362431206,7,nr,2.950e-15
6.9125000000000005,13.608490816162883,7,nr,9.883e-16
6.9250000000000007,13.572422348844198,7,nr,5.726e-16
6.9375000000000009,13.536938576451153,7,nr,3.101e-15
6.9500000000000002,13.502052797493668,7,nr,1.388e-15
6.9625000000000004,13.467779010586648,7,nr,6.558e-16
6.9750000000000005,13.434131929035463,7,nr,1.906e-11
6.9875000000000007,13.401126991362604,7,nr,3.069e-15
7.0000000000000009,13.36878036718533,7,nr,8.651e-12
7.0125000000000002,13.337108956280133,7,nr,3.020e-15
7.0250000000000004,13.306130380366357,7,nr,0.000e+00
7.0375000000000005,13.275862964979446,7,nr,1.633e-15
7.0500000000000007,13.246325709944042,7,nr,0.000e+00
7.0625000000000009,13.217538245844215,7,nr,1.436e-12
7.0750000000000002,13.189520773864858,7,nr,3.370e-12
7.0875000000000004,13.162293986036637,7,nr,2.724e-15
7.1000000000000005,13.135878962293713,7,nr,9.525e-16
7.1125000000000007,13.110297040833517,7,nr,1.381e-15
7.1250000000000009,13.085569657436368,7,nr,7.879e-16
7.1375000000000002,13.061718149461077,7,nr,1.763e-15
7.1500000000000004,13.038763519844697,7,nr,6.508e-12
7.1625000000000005,13.016726156496082,7,nr,4.564e-16
7.1750000000000007,12.99562550222816,7,nr,6.522e-16
7.1875000000000009,12.975479671434966,7,nr,1.081e-15
7.2000000000000002,12.956305009562367,7,nr,7.084e-16
7.2125000000000004,12.938115593254739,7,nr,3.910e-12
7.2250000000000005,12.920922670468414,7,nr,1.597e-15
7.2375000000000007,12.904734042015834,7,nr,1.083e-13
7.2500000000000009,12.889553389526919,7,nr,2.073e-13
7.2625000000000002,12.87537955800815,7,nr,1.413e-15
7.2750000000000004,12.862205806259615,7,nr,1.124e-15
7.2875000000000005,12.85001904345566,7,nr,1.680e-13
7.3000000000000007,12.838799076026687,7,nr,8.468e-14
7.3125000000000009,12.828517894978182,7,nr,6.316e-14
7.3250000000000002,12.819139039415861,7,nr,9.051e-14
7.3375000000000004,12.810617076853207,7,nr,4.681e-16
7.3500000000000005,12.802897243905711,7,nr,4.743e-13
7.3625000000000007,12.795915291545525,7,nr,7.706e-16
7.3750000000000009,12.789597576371467,7,nr,4.937e-14
7.3875000000000002,12.783861432553337,7,nr,2.639e-13
7.4000000000000004,12.778615848249769,7,nr,3.113e-13
7.4125000000000005,12.77376245516947,7,nr,2.317e-13
7.4250000000000007,12.769196821590651,7,nr,9.585e-14
7.4375000000000009,12.764810018822894,7,nr,4.533e-15
7.4500000000000002,12.760490410719767,7,nr,3.942e-13
7.4625000000000004,12.756125597651204,7,nr,5.798e-15
7.4750000000000005,12.75160443258849,7,nr,1.052e-13
7.4875000000000007,12.746819019326084,7,nr,2.237e-13
7.5000000000000009,12.741666602756226,7,nr,3.042e-13
7.5125000000000002,12.736051268376437,7,nr,2.207e-13
7.5250000000000004,12.729885382277606,7,nr,8.081e-13
7.5375000000000005,12.723090721925148,7,nr,1.612e-15
7.5500000000000007,12.715599269794259,7,nr,1.290e-13
7.5625000000000009,12.707353664195445,7,nr,7.263e-13
7.5750000000000002,12.698307321733999,7,nr,7.751e-16
7.5875000000000004,12.688424262592537,7,nr,0.000e+00
7.6000000000000005,12.677678681873868,7,nr,7.089e-16
7.6125000000000007,12.666054317199183,7,nr,8.017e-14
7.6250000000000009,12.65354366525106,7,nr,8.413e-16
7.6375000000000002,12.640147098332612,7,nr,8.517e-15
7.6500000000000004,12.625871927511856,7,nr,4.180e-13
7.6625000000000005,12.610731452430338,7,nr,5.075e-13
7.6750000000000007,12.594744030440378,7,nr,9.406e-16
7.6875000000000009,12.577932190086933,7,nr,1.596e-16
7.7000000000000002,12.56032180674802,7,nr,3.252e-13
7.7125000000000004,12.541941351874707,7,nr,6.572e-12
7.7250000000000005,12.522821221757011,7,nr,5.482e-16
7.7375000000000007,12.502993147757842,7,nr,6.874e-16
7.7500000000000009,12.482489686029449,7,nr,1.436e-11
7.7625000000000002,12.461343783037055,7,nr,1.084e-11
7.7750000000000004,12.4395884115123,7,nr,1.090e-15
7.7875000000000005,12.417256270011602,7,nr,8.274e-12
7.8000000000000007,12.394379539563481,7,nr,1.885e-16
7.8125000000000009,12.37098969041454,7,nr,1.425e-11
7.8250000000000002,12.347117332350953,7,nr,9.775e-17
7.8375000000000004,12.322792102467059,7,nr,1.542e-15
7.8500000000000005,12.298042584234985,7,nr,5.065e-16
7.8625000000000007,12.272896253361072,7,nr,1.082e-15
7.8750000000000009,12.247379445478714,7,nr,1.783e-15
7.8875000000000002,12.221517341840178,7,nr,3.041e-15
7.9000000000000004,12.195333969551632,7,nr,5.842e-12
7.9125000000000005,12.16885221335799,7,nr,1.324e-15
7.9250000000000007,12.142093836606389,7,nr,2.244e-16
7.9375000000000009,12.115079509059743,7,nr,5.203e-13
7.9500000000000002,12.087828840018448,7,nr,4.113e-15
7.9625000000000004,12.060360415181661,7,nr,1.189e-11
7.9750000000000005,12.032691836002019,7,nr,5.379e-16
7.9875000000000007,12.004839760798431,7,nr,0.000e+00
8,11.976819946451235,7,nr,1.479e-15
8.0124999999999993,11.948647290435687,7,nr,2.939e-15
8.0250000000000004,11.920335872485021,7,nr,1.705e-11
8.0374999999999996,11.891898995482867,7,nr,4.505e-16
8.0499999999999989,11.863349225560635,7,nr,3.785e-15
8.0625,11.834698430719364,7,nr,5.955e-16
8.0749999999999993,11.80595781828484,7,nr,7.378e-16
8.0875000000000004,11.777137970812046,7,nr,2.991e-15
8.0999999999999996,11.748248880466797,7,nr,5.509e-15
8.1124999999999989,11.719299981837867,7,nr,2.302e-15
8.125,11.690300183188459,7,nr,2.657e-11
8.1374999999999993,11.661257896043836,7,nr,5.937e-15
8.1500000000000004,11.632181063487302,7,nr,1.202e-14
8.1624999999999996,11.603077186628495,7,nr,1.539e-15
8.1749999999999989,11.573953349865796,7,nr,2.446e-15
8.1875,11.544816244651475,7,nr,1.650e-15
8.1999999999999993,11.51567219193142,7,nr,2.655e-15
8.2125000000000004,11.486527163302846,7,nr,1.127e-14
8.2249999999999996,11.457386800950841,7,nr,1.907e-14
8.2374999999999989,11.42825643642459,7,nr,8.384e-15
8.25,11.399141108313824,7,nr,1.109e-15
8.2624999999999993,11.370045578885515,7,nr,1.350e-12
8.2750000000000004,11.340974349733701,7,nr,4.444e-15
8.2874999999999996,11.311931676511916,7,nr,1.673e-14
8.2999999999999989,11.282921582779352,7,nr,2.068e-14
8.3125,11.25394787303428,7,nr,2.745e-15
8.3249999999999993,11.225014144970809,7,nr,1.681e-13
8.3375000000000004,11.19612380100881,7,nr,7.539e-15
8.3499999999999996,11.167280059142669,7,nr,2.735e-14
8.3624999999999989,11.13848596314768,7,nr,3.448e-16
8.375,11.109744392186133,7,nr,8.695e-17
8.3874999999999993,11.081058069848998,7,nr,1.175e-14
8.4000000000000004,11.052429572668323,7,nr,2.325e-14
8.4124999999999996,11.023861338133527,7,nr,1.016e-14
8.4249999999999989,10.995355672238382,7,nr,1.046e-11
8.4375,10.966914756614985,7,nr,2.298e-14
8.4499999999999993,10.938540655200905,7,nr,2.279e-15
8.4625000000000004,10.910235320621702,7,nr,6.335e-11
8.4749999999999996,10.882000600023606,7,nr,3.967e-14
8.4874999999999989,10.85383824092396,7,nr,9.312e-16
8.5,10.825749896298754,7,nr,4.031e-15
8.5124999999999993,10.797737129705931,7,nr,2.397e-14
8.5250000000000004,10.76980141999729,7,nr,5.984e-15
8.5374999999999996,10.741944165791898,7,nr,2.714e-14
8.5499999999999989,10.714166689704296,7,nr,3.558e-15
8.5625,10.686470242342995,7,nr,2.225e-14
8.5749999999999993,10.658856006093355,7,nr,3.746e-15
8.5875000000000004,10.631325098697683,7,nr,1.125e-14
8.5999999999999996,10.603878576645457,7,nr,3.296e-15
8.6124999999999989,10.576517438384672,7,nr,1.509e-14
8.625,10.549242627365652,7,nr,2.734e-15
8.6374999999999993,10.522055034927075,7,nr,2.803e-14
8.6500000000000004,10.494955503013792,7,nr,7.101e-11
8.6624999999999996,10.467944826876783,7,nr,3.123e-14
8.6749999999999989,10.441023757338698,7,nr,1.115e-15
8.6875,10.414193003341301,7,nr,5.957e-15
8.6999999999999993,10.387453234073478,7,nr,3.410e-14
8.7125000000000004,10.360805081112106,7,nr,7.702e-16
8.7249999999999996,10.334249140440241,7,nr,5.825e-15
8.7374999999999989,10.307785974369255,7,nr,6.986e-15
8.75,10.281416113370398,7,nr,1.496e-14
8.7624999999999993,10.25514005782885,7,nr,2.883e-11
8.7750000000000004,10.228958279672517,7,nr,7.219e-15
8.7874999999999996,10.202871224038422,7,nr,5.039e-15
8.7999999999999989,10.176879310717844,7,nr,7.740e-15
8.8125,10.150982935647713,7,nr,9.559e-15
8.8249999999999993,10.125182472305141,7,nr,4.346e-11
8.8375000000000004,10.099478272985296,7,nr,1.142e-15
8.8499999999999996,10.073870670187404,7,nr,4.074e-15
8.8624999999999989,10.048359977730895,7,nr,5.472e-15
8.875,10.022946491986247,7,nr,1.017e-14
8.8874999999999993,9.9976304929947073,7,nr,1.054e-14
8.9000000000000004,9.9724122455559172,7,nr,3.762e-16
8.9124999999999996,9.9472920002754606,7,nr,6.193e-16
8.9249999999999989,9.9222699945746253,7,nr,5.422e-15
8.9375,9.8973464536650511,7,nr,6.755e-16
8.9499999999999993,9.8725215914904574,7,nr,5.900e-15
8.9625000000000004,9.8477956116376557,7,nr,1.095e-14
8.9749999999999996,9.8231687082190593,7,nr,9.729e-15
8.9874999999999989,9.7986410667285586,7,nr,5.529e-15
9,9.774212864872819,7,nr,6.038e-15
9.0124999999999993,9.7498842733717215,7,nr,3.482e-11
9.0250000000000004,9.7256554567655495,7,nr,8.929e-11
9.0374999999999996,9.7015265742056673,7,nr,5.909e-15
9.0499999999999989,9.6774977800794399,7,nr,7.344e-15
9.0625,9.6535692249106511,7,nr,2.053e-15
9.0749999999999993,9.6297410559803573,7,nr,1.767e-11
9.0875000000000004,9.6060134180702939,7,nr,1.891e-11
9.0999999999999996,9.5823864541317523,7,nr,3.337e-11
9.1124999999999989,9.5588603060032238,7,nr,1.224e-11
9.125,9.5354351150628354,7,nr,6.720e-11
9.1374999999999993,9.5121110228514638,7,nr,1.392e-14
9.1500000000000004,9.4888881718825182,7,nr,3.265e-15
9.1624999999999996,9.4657667061406556,7,nr,9.265e-16
9.1749999999999989,9.4427467718153899,7,nr,1.306e-14
9.1875,9.4198285179346914,7,nr,1.433e-11
9.1999999999999993,9.3970120970323574,7,nr,1.381e-14
9.2125000000000004,9.3742976657668375,7,nr,2.280e-15
9.2249999999999996,9.3516853856066593,7,nr,3.850e-15
9.2374999999999989,9.3291754234697564,7,nr,1.221e-14
9.25,9.3067679523863855,7,nr,1.365e-14
9.2624999999999993,9.2844631521640739,7,nr,1.417e-14
9.2750000000000004,9.2622612100590196,7,nr,6.627e-15
9.2874999999999996,9.2401623214555055,7,nr,6.479e-15
9.2999999999999989,9.2181666905543072,7,nr,6.064e-15
9.3125,9.1962745310716691,7,nr,7.228e-15
9.3249999999999993,9.1744860669501236,7,nr,1.047e-14
9.3375000000000004,9.1528015330824406,7,nr,6.821e-15
9.3499999999999996,9.1312211760502784,7,nr,2.737e-15
9.3624999999999989,9.1097452548548503,7,nr,1.026e-10
9.375,9.0883740418093577,7,nr,1.321e-14
9.3874999999999993,9.067107823089902,7,nr,2.788e-14
9.4000000000000004,9.0459468997879195,7,nr,6.094e-15
9.4124999999999996,9.0248915886187735,7,nr,2.255e-11
9.4249999999999989,9.0039422228309611,7,nr,1.106e-14
9.4375,8.9830991530361057,7,nr,2.397e-14
9.4499999999999993,8.9623627481741366,7,nr,3.010e-14
9.4625000000000004,8.9417333964270451,7,nr,1.337e-14
9.4749999999999996,8.9212115061960855,7,nr,9.821e-15
9.4874999999999989,8.9007975071069207,7,nr,1.424e-14
9.5,8.8804918510500457,7,nr,3.875e-15
9.5124999999999993,8.8602950132586287,7,nr,8.530e-15
9.5250000000000004,8.8402074934260622,7,nr,4.347e-15
9.5374999999999996,8.8202298168654938,7,nr,3.522e-15
9.5499999999999989,8.8003625357137665,7,nr,8.012e-15
9.5625,8.7806062301822632,7,nr,9.866e-15
9.5749999999999993,8.7609615098572675,7,nr,5.751e-15
9.5875000000000004,8.7414290150524732,7,nr,9.371e-16
9.5999999999999996,8.7220094182165582,7,nr,3.620e-14
9.6125000000000007,8.7027034253986226,7,nr,7.796e-14
9.625,8.6835117777743616,7,nr,4.289e-14
9.6374999999999993,8.6644352532365865,7,nr,5.499e-15
9.6500000000000004,8.6454746680526036,7,nr,5.274e-15
9.6624999999999996,8.626630878592243,7,nr,3.784e-14
9.6750000000000007,8.6079047831298414,7,nr,7.199e-14
9.6875,8.5892973237234216,7,nr,7.153e-15
9.6999999999999993,8.5708094881752572,7,nr,1.777e-15
9.7125000000000004,8.5524423120766091,7,nr,8.081e-14
9.7249999999999996,8.5341968809412396,7,nr,1.347e-14
9.7375000000000007,8.5160743324305876,7,nr,1.154e-14
9.75,8.4980758586754508,7,nr,7.923e-14
9.7624999999999993,8.480202708696746,7,nr,2.077e-15
9.7750000000000004,8.4624561909303715,7,nr,7.627e-14
9.7874999999999996,8.4448376758429298,7,nr,5.032e-11
9.8000000000000007,8.427348598753845,7,nr,6.504e-14
9.8125,8.4099904625332336,7,nr,1.730e-13
9.8249999999999993,8.3927648407356532,7,nr,7.773e-14
9.8375000000000004,8.3756733806150052,7,nr,1.025e-14
9.8499999999999996,8.3587178063593939,7,nr,3.903e-14
9.8625000000000007,8.341899922434008,7,nr,4.429e-14
9.875,8.3252216170520157,7,nr,3.106e-15
9.8874999999999993,8.3086848657725501,7,nr,3.087e-14
9.9000000000000004,8.2922917352270744,7,nr,5.474e-14
9.9124999999999996,8.2760443869726537,7,nr,3.512e-15
9.9250000000000007,8.2599450814678956,7,nr,4.267e-12
9.9375,8.2439961821801635,7,nr,1.907e-14
9.9499999999999993,8.2282001597839081,7,nr,4.389e-14
9.9625000000000004,8.212559596499414,7,nr,5.469e-14
9.9749999999999996,8.197077190505663,7,nr,3.501e-14
9.9875000000000007,8.1817557604484428,7,nr,2.033e-14
10,8.1665982500159373,7,nr,1.341e-14
7.7875000000000005,-9.8579211265712363,8,nr,1.948e-16
7.8000000000000007,-9.1329950742976429,8,nr,3.633e-16
7.8125000000000009,-8.4806148280039935,8,nr,2.182e-13
7.8250000000000002,-7.8914341160591803,8,nr,1.631e-16
7.8375000000000004,-7.3575646706205653,8,nr,6.827e-16
7.8500000000000005,-6.8723116198806498,8,nr,6.629e-17
7.8625000000000007,-6.4299632531030477,8,nr,3.736e-17
7.8750000000000009,-6.0256227551272969,8,nr,6.750e-13
7.8875000000000002,-5.6550726015768769,8,nr,1.278e-14
7.9000000000000004,-5.3146645663534402,8,nr,1.346e-16
7.9125000000000005,-5.0012299581215132,8,nr,3.823e-16
7.9250000000000007,-4.712005943877827,8,nr,7.150e-17
7.9375000000000009,-4.444574746984018,8,nr,7.918e-16
7.9500000000000002,-4.1968132115685837,8,nr,9.340e-17
7.9625000000000004,-3.9668507616585202,8,nr,3.384e-16
7.9750000000000005,-3.7530341954490485,8,nr,1.022e-14
7.9875000000000007,-3.5538980736539547,8,nr,6.740e-15
8,-3.3681397087327389,8,nr,1.528e-14
8.0124999999999993,-3.1945979558528337,8,nr,1.981e-15
8.0250000000000004,-3.0322351592576888,8,nr,4.774e-17
8.0374999999999996,-2.8801217287591632,8,nr,2.817e-13
8.0499999999999989,-2.737422917394245,8,nr,1.597e-16
8.0625,-2.6033874485073256,8,nr,3.648e-14
8.0749999999999993,-2.4773377023371399,8,nr,2.460e-16
8.0875000000000004,-2.3586612225208961,8,nr,4.288e-14
8.0999999999999996,-2.2468033434201931,8,nr,1.174e-16
8.1124999999999989,-2.1412607723684003,8,nr,8.791e-17
8.125,-2.0415759880776707,8,nr,1.157e-16
8.1374999999999993,-1.9473323386887964,8,nr,2.643e-16
8.1500000000000004,-1.858149741349431,8,nr,1.480e-13
8.1624999999999996,-1.773680900414051,8,nr,1.219e-13
8.1749999999999989,-1.6936079739733505,8,nr,1.546e-13
8.1875,-1.6176396289957045,8,nr,2.808e-13
8.1999999999999993,-1.5455084341274403,8,nr,1.394e-16
8.2125000000000004,-1.4769685465956708,8,nr,2.192e-16
8.2249999999999996,-1.4117936559172213,8,nr,1.006e-16
8.2374999999999989,-1.3497751522825328,8,nr,1.600e-14
8.25,-1.2907204919982866,8,nr,9.363e-17
8.2624999999999993,-1.2344517360953478,8,nr,1.126e-13
8.2750000000000004,-1.1808042414355591,8,nr,4.366e-17
8.2874999999999996,-1.1296254863636426,8,nr,7.726e-14
8.2999999999999989,-1.080774015324286,8,nr,1.613e-16
8.3125,-1.0341184888208863,8,nr,4.592e-13
8.3249999999999993,-0.9895368268752911,8,nr,1.785e-13
8.3375000000000004,-0.94691543555143032,8,nr,7.188e-17
8.3499999999999996,-0.9061485074876503,8,nr,1.015e-16
8.3624999999999989,-0.86713738839537302,8,nr,8.729e-17
8.375,-0.82979000249676549,8,nr,7.360e-14
8.3874999999999993,-0.79402033069332512,8,nr,1.305e-12
8.4000000000000004,-0.75974793600286539,8,nr,1.392e-13
8.4124999999999996,-0.72689753134915447,8,nr,1.141e-16
8.4249999999999989,-0.69539858552574774,8,nr,6.316e-17
8.4375,-0.66518496341019739,8,nr,3.572e-17
8.4499999999999993,-0.6361945971074997,8,nr,3.233e-16
8.4625000000000004,-0.60836918497914338,8,nr,5.975e-12
8.4749999999999996,-0.58165391596929805,8,nr,1.107e-16
8.4874999999999989,-0.55599721655237189,8,nr,2.050e-16
8.5,-0.53135051863343929,8,nr,1.104e-16
8.5124999999999993,-0.50766804604350202,8,nr,1.272e-11
8.5250000000000004,-0.48490661802901597,8,nr,8.361e-14
8.5374999999999996,-0.46302546863938376,8,nr,1.192e-11
8.5499999999999989,-0.4419860796479167,8,nr,7.434e-17
8.5625,-0.42175202706668058,8,nr,1.599e-16
8.5749999999999993,-0.40228883889136147,8,nr,1.786e-16
8.5875000000000004,-0.38356386400234577,8,nr,1.203e-11
8.5999999999999996,-0.36554615072585939,8,nr,2.862e-16
8.6124999999999989,-0.34820633477018342,8,nr,4.986e-13
8.625,-0.33151653514079166,8,nr,1.494e-16
8.6374999999999993,-0.31545025801902299,8,nr,1.748e-16
8.6500000000000004,-0.2999823075964419,8,nr,1.289e-14
8.6624999999999996,-0.28508870346990994,8,nr,1.262e-16
8.6749999999999989,-0.27074660406743217,8,nr,8.393e-17
8.6875,-0.25693423565786333,8,nr,7.092e-16
8.6999999999999993,-0.24363082653026433,8,nr,7.645e-16
8.7125000000000004,-0.23081654596537135,8,nr,5.734e-17
8.7249999999999996,-0.21847244765253782,8,nr,1.495e-15
8.7374999999999989,-0.20658041723313542,8,nr,9.352e-16
8.75,-0.19512312367626808,8,nr,7.862e-17
8.7624999999999993,-0.1840839742142929,8,nr,9.748e-16
8.7750000000000004,-0.17344707258529682,8,nr,3.138e-15
8.7874999999999996,-0.16319718034694777,8,nr,4.947e-15
8.7999999999999989,-0.15331968104166288,8,nr,5.603e-15
8.8125,-0.1438005470070364,8,nr,3.853e-15
8.8249999999999993,-0.13462630866191053,8,nr,3.235e-11
8.8375000000000004,-0.12578402591905496,8,nr,4.373e-16
8.8499999999999996,-0.11726126205412241,8,nr,1.455e-14
8.8624999999999989,-0.10904605903417044,8,nr,5.175e-15
8.875,-0.101126914988193,8,nr,2.918e-15
8.8874999999999993,-0.093492763175251764,8,nr,2.002e-14
8.9000000000000004,-0.08613295248116376,8,nr,4.269e-15
8.9124999999999996,-0.079037229293132102,8,nr,1.220e-14
8.9249999999999989,-0.072195720631840918,8,nr,4.632e-14
8.9375,-0.065598918429859987,8,nr,7.867e-16
8.9499999999999993,-0.05923766485054241,8,nr,1.273e-14
8.9625000000000004,-0.053103138551284144,8,nr,9.373e-14
8.9749999999999996,-0.047186841799619371,8,nr,1.012e-13
8.9874999999999989,-0.041480588360485023,8,nr,4.041e-14
9,-0.035976492075747525,8,nr,1.217e-14
9.0124999999999993,-0.03066695606897521,8,nr,3.709e-15
9.0250000000000004,-0.025544662509922354,8,nr,2.124e-15
9.0374999999999996,-0.020602562882273502,8,nr,3.738e-15
9.0499999999999989,-0.015833868703044846,8,nr,1.472e-14
9.0625,-0.011232042647779323,8,nr,6.849e-14
9.0749999999999993,-0.0067907900408997459,8,nr,2.651e-13
9.1124999999999989,0.0056290038340186454,8,nr,8.734e-14
9.125,0.0094863366531114501,8,nr,7.114e-15
9.1374999999999993,0.0132112060765104,8,nr,6.284e-13
9.1500000000000004,0.016808613097823819,8,nr,1.346e-12
9.1624999999999996,0.020283367881470282,8,nr,1.946e-14
9.1749999999999989,0.023640096295507045,8,nr,4.425e-13
9.1875,0.026883246276973739,8,nr,2.296e-12
9.1999999999999993,0.030017094027633969,8,nr,4.124e-12
9.2125000000000004,0.03304575003157071,8,nr,2.103e-12
9.2249999999999996,0.035973164940964877,8,nr,1.075e-12
9.2374999999999989,0.038803135285781568,8,nr,6.284e-13
9.25,0.041539309035723483,8,nr,3.644e-12
9.2624999999999993,0.044185191026588376,8,nr,2.199e-13
9.2750000000000004,0.046744148216432919,8,nr,5.883e-12
9.2874999999999996,0.04921941482551509,8,nr,2.495e-13
9.2999999999999989,0.051614097296592901,8,nr,6.892e-12
9.3125,0.053931179152645982,8,nr,9.973e-13
9.3249999999999993,0.056173525668326375,8,nr,4.949e-12
9.3375000000000004,0.058343888446480842,8,nr,5.355e-12
9.3499999999999996,0.060444909808248667,8,nr,5.789e-13
9.3624999999999989,0.062479127087070166,8,nr,1.992e-11
9.375,0.064448976768471208,8,nr,1.726e-13
9.3874999999999993,0.066356798462738426,8,nr,1.228e-11
9.4000000000000004,0.068204838819899111,8,nr,1.249e-11
9.4124999999999996,0.069995255214093013,8,nr,3.165e-11
9.4249999999999989,0.071730119416148874,8,nr,2.612e-11
9.4375,0.073411421015629016,8,nr,1.223e-11
9.4499999999999993,0.075041070811299779,8,nr,1.558e-10
9.4625000000000004,0.076620903957720074,8,nr,3.257e-11
9.4749999999999996,0.078152683296699291,8,nr,2.604e-11
9.4874999999999989,0.079638102076994732,8,nr,9.569e-14
9.5,0.081078787025562732,8,nr,1.989e-11
9.5124999999999993,0.082476301040229849,8,nr,7.379e-11
9.5250000000000004,0.083832145896100121,8,nr,9.310e-12
9.5374999999999996,0.085147764725078942,8,nr,1.231e-13
9.5499999999999989,0.086424544557092239,8,nr,5.056e-11
9.5625,0.087663818660062301,8,nr,8.996e-11
9.5749999999999993,0.088866868704858631,8,nr,1.204e-11
9.5875000000000004,0.090034927065448814,8,nr,2.065e-10
9.5999999999999996,0.091169178885177726,8,nr,4.716e-11
9.6125000000000007,0.09227076389553418,8,nr,1.419e-10
9.625,0.093340778577561553,8,nr,5.557e-11
9.6374999999999993,0.094380277747599051,8,nr,2.120e-12
9.6500000000000004,0.095390276510027849,8,nr,3.908e-12
9.6624999999999996,0.096371751801541727,8,nr,9.337e-11
9.6750000000000007,0.097325644058695704,8,nr,2.053e-10
9.6875,0.098252858768070259,8,nr,9.137e-11
9.6999999999999993,0.099154267788718164,8,nr,9.257e-12
9.7125000000000004,0.10003071096767797,8,nr,2.260e-10
9.7249999999999996,0.10088299741765124,8,nr,4.747e-11
9.7375000000000007,0.10171190666101455,8,nr,1.969e-10
9.75,0.10251819012474468,8,nr,2.979e-10
9.7624999999999993,0.10330257197627375,8,nr,1.191e-10
9.7750000000000004,0.10406575061884851,8,nr,1.858e-11
9.7874999999999996,0.10480839953082963,8,nr,5.110e-14
9.8000000000000007,0.10553116835375538,8,nr,1.684e-11
9.8125,0.10623468388322449,8,nr,1.400e-10
9.8249999999999993,0.1069195510260962,8,nr,3.182e-10
9.8375000000000004,0.10758635370310343,8,nr,3.200e-10
9.8499999999999996,0.10823565570440284,8,nr,1.796e-10
9.8625000000000007,0.10886800140478053,8,nr,4.826e-11
9.875,0.10948391679258271,8,nr,3.106e-12
9.8874999999999993,0.11008391003540285,8,nr,1.023e-13
9.9000000000000004,0.11066847225672284,8,nr,3.855e-11
9.9124999999999996,0.11123807823112541,8,nr,1.751e-10
9.9250000000000007,0.1117931870528683,8,nr,3.589e-10
9.9375,0.1123342428147083,8,nr,2.828e-10
9.9499999999999993,0.1128616750147842,8,nr,3.523e-10
9.9625000000000004,0.1133758993979686,8,nr,1.788e-10
9.9749999999999996,0.11387731839567411,8,nr,5.894e-11
9.9875000000000007,0.11436632164382776,8,nr,8.291e-12
10,0.11484328650876861,8,nr,4.300e-14
7.9750000000000005,14.974811392581259,9,nr,3.736e-15
7.9875000000000007,14.938185986166456,9,nr,5.222e-15
8,14.901402273057471,9,nr,6.029e-17
8.0124999999999993,14.864477698915714,9,nr,1.837e-15
8.0250000000000004,14.827428636153968,9,nr,8.769e-15
8.0374999999999996,14.790270449814175,9,nr,1.256e-11
8.0499999999999989,14.753017559954031,9,nr,3.268e-15
8.0625,14.715683500753892,9,nr,1.040e-15
8.0749999999999993,14.678280976052852,9,nr,3.693e-15
8.0875000000000004,14.640821911744384,9,nr,6.688e-16
8.0999999999999996,14.603317504937678,9,nr,1.221e-15
8.1124999999999989,14.565778270082003,9,nr,5.636e-15
8.125,14.528214082184457,9,nr,6.268e-15
8.1374999999999993,14.490634217266985,9,nr,2.751e-15
8.1500000000000004,14.453047390211228,9,nr,8.217e-15
8.1624999999999996,14.415461790132362,9,nr,1.208e-11
8.1749999999999989,14.377885113477197,9,nr,4.541e-15
8.1875,14.340324594864441,9,nr,4.390e-11
8.1999999999999993,14.302787035880675,9,nr,1.125e-14
8.2125000000000004,14.265278832247191,9,nr,3.736e-11
8.2249999999999996,14.227805998640378,9,nr,1.166e-14
8.2374999999999989,14.190374192487676,9,nr,2.677e-11
8.25,14.15298873575075,9,nr,1.388e-14
8.2624999999999993,14.115654635378775,9,nr,4.676e-15
8.2750000000000004,14.07837660256396,9,nr,1.009e-14
8.2874999999999996,14.041159070558212,9,nr,7.929e-15
8.2999999999999989,14.00400621140102,9,nr,8.091e-15
8.3125,13.966921951544856,9,nr,1.444e-14
8.3249999999999993,13.929909986467367,9,nr,6.665e-16
8.3375000000000004,13.89297379434009,9,nr,1.396e-14
8.3499999999999996,13.856116648819691,9,nr,4.159e-15
8.3624999999999989,13.819341631022086,9,nr,1.310e-14
8.375,13.782651640736129,9,nr,3.352e-14
8.3874999999999993,13.746049406929444,9,nr,5.577e-15
8.4000000000000004,13.709537497595209,9,nr,1.054e-15
8.4124999999999996,13.673118328984923,9,nr,2.640e-14
8.4249999999999989,13.636794174269523,9,nr,3.331e-14
8.4375,13.600567171667873,9,nr,1.044e-14
8.4499999999999993,13.564439332078459,9,nr,2.993e-15
8.4625000000000004,13.528412546248505,9,nr,1.426e-14
8.4749999999999996,13.492488591511304,9,nr,3.553e-14
8.4874999999999989,13.456669138121008,9,nr,3.421e-14
8.5,13.420955755211562,9,nr,1.083e-14
8.5124999999999993,13.385349916405106,9,nr,6.580e-16
8.5250000000000004,13.349853005092802,9,nr,1.892e-16
8.5374999999999996,13.31446631940987,9,nr,4.190e-15
8.5499999999999989,13.279191076924766,9,nr,2.300e-15
8.5625,13.244028419061252,9,nr,7.280e-15
8.5749999999999993,13.208979415270729,9,nr,4.462e-15
8.5875000000000004,13.174045066970926,9,nr,2.000e-15
8.5999999999999996,13.139226311266041,9,nr,1.275e-15
8.6124999999999989,13.104524024462313,9,nr,6.708e-15
8.625,13.069939025399814,9,nr,2.647e-11
8.6374999999999993,13.035472078558458,9,nr,6.679e-15
8.6500000000000004,13.001123897112155,9,nr,1.097e-14
8.6624999999999996,12.966895145670655,9,nr,2.235e-14
8.6749999999999989,12.932786442989983,9,nr,2.028e-14
8.6875,12.898798364498081,9,nr,6.453e-15
8.6999999999999993,12.864931444706519,9,nr,2.887e-11
8.7125000000000004,12.831186179452914,9,nr,1.522e-14
8.7249999999999996,12.797563028148017,9,nr,2.563e-14
8.7374999999999989,12.764062415757444,9,nr,1.633e-14
8.75,12.730684734801745,9,nr,1.478e-14
8.7624999999999993,12.697430347214596,9,nr,8.173e-15
8.7750000000000004,12.664299586120521,9,nr,5.224e-15
8.7874999999999996,12.6312927575296,9,nr,7.548e-15
8.7999999999999989,12.59841014195427,9,nr,6.521e-15
8.8125,12.565651995952988,9,nr,1.688e-15
8.8249999999999993,12.533018553605441,9,nr,7.302e-15
8.8375000000000004,12.500510027923275,9,nr,1.112e-14
8.8499999999999996,12.468126612200674,9,nr,5.453e-15
8.8624999999999989,12.435868481308248,9,nr,4.427e-15
8.875,12.403735792934082,9,nr,3.128e-15
8.8874999999999993,12.371728688775121,9,nr,4.528e-15
8.9000000000000004,12.339847295682135,9,nr,1.549e-14
8.9124999999999996,12.308091726761306,9,nr,3.498e-15
8.9249999999999989,12.276462082435252,9,nr,5.365e-15
8.9375,12.244958451462871,9,nr,1.422e-11
8.9499999999999993,12.213580911944153,9,nr,1.407e-15
8.9625000000000004,12.182329532241587,9,nr,4.578e-15
8.9749999999999996,12.151204371938611,9,nr,6.103e-16
8.9874999999999989,12.120205482724845,9,nr,2.426e-11
9,12.089332909241529,9,nr,1.139e-14
9.0124999999999993,12.058586689984482,9,nr,2.054e-15
9.0250000000000004,12.027966858071681,9,nr,9.804e-16
9.0374999999999996,11.997473442075632,9,nr,3.965e-15
9.0499999999999989,11.967106466803349,9,nr,9.816e-16
9.0625,11.936865954065384,9,nr,8.599e-15
9.0749999999999993,11.90675192341066,9,nr,8.437e-11
9.0875000000000004,11.876764392966054,9,nr,9.958e-12
9.0999999999999996,11.846903379953035,9,nr,3.595e-11
9.1124999999999989,11.817168901688438,9,nr,1.097e-10
9.125,11.787560975968907,9,nr,4.886e-15
9.1374999999999993,11.758079622136762,9,nr,7.295e-16
9.1500000000000004,11.728724861484867,9,nr,5.908e-15
9.1624999999999996,11.699496718065904,9,nr,7.747e-11
9.1749999999999989,11.670395219446497,9,nr,9.934e-16
9.1875,11.641420397221099,9,nr,1.035e-14
9.1999999999999993,11.612572287878102,9,nr,1.957e-14
9.2125000000000004,11.583850933403498,9,nr,1.393e-14
9.2249999999999996,11.555256381993326,9,nr,6.530e-15
9.2374999999999989,11.526788688752911,9,nr,6.385e-15
9.25,11.498447916402101,9,nr,9.455e-16
9.2624999999999993,11.470234135987948,9,nr,1.268e-15
9.2750000000000004,11.442147427606255,9,nr,3.580e-15
9.2874999999999996,11.414187881133595,9,nr,1.263e-15
9.2999999999999989,11.386355596971265,9,nr,4.718e-15
9.3125,11.3586506868028,9,nr,1.485e-14
9.3249999999999993,11.331073274366668,9,nr,1.067e-16
9.3375000000000004,11.303623496245782,9,nr,7.506e-15
9.3499999999999996,11.276301502675544,9,nr,7.141e-15
9.3624999999999989,11.249107458372228,9,nr,6.195e-15
9.375,11.222041543383444,9,nr,1.573e-14
9.3874999999999993,11.195103953962715,9,nr,7.368e-16
9.4000000000000004,11.168294903469933,9,nr,3.158e-14
9.4124999999999996,11.141614623299928,9,nr,1.208e-14
9.4249999999999989,11.115063363822665,9,nr,7.701e-11
9.4375,11.088641395466951,9,nr,1.075e-14
9.4499999999999993,11.062349009560807,9,nr,4.288e-14
9.4625000000000004,11.036186519579767,9,nr,8.192e-15
9.4749999999999996,11.010154262156558,9,nr,9.750e-16
9.4874999999999989,10.984252598244447,9,nr,5.110e-17
9.5,10.958481914306997,9,nr,2.773e-14
9.5124999999999993,10.932842623555796,9,nr,5.004e-14
9.5250000000000004,10.907335167239138,9,nr,4.724e-14
9.5374999999999996,10.881960015985104,9,nr,3.352e-14
9.5499999999999989,10.856717671201839,9,nr,2.402e-14
9.5625,10.831608666539291,9,nr,1.699e-14
9.5749999999999993,10.806633569415581,9,nr,2.417e-14
9.5875000000000004,10.781792982612149,9,nr,4.375e-14
9.5999999999999996,10.757087545941726,9,nr,5.979e-14
9.6125000000000007,10.732517937993483,9,nr,8.181e-14
9.625,10.708084877959713,9,nr,5.674e-14
9.6374999999999993,10.683789127549334,9,nr,3.430e-14
9.6500000000000004,10.659631492992501,9,nr,2.769e-15
9.6624999999999996,10.635612827142191,9,nr,1.613e-15
9.6750000000000007,10.611734031677919,9,nr,3.394e-14
9.6875,10.587996059417746,9,nr,7.436e-14
9.6999999999999993,10.564399916744069,9,nr,8.837e-15
9.7125000000000004,10.540946666150509,9,nr,5.173e-15
9.7249999999999996,10.517637428915446,9,nr,9.475e-14
9.7375000000000007,10.494473387909839,9,nr,5.373e-15
9.75,10.471455790546811,9,nr,2.395e-14
9.7624999999999993,10.448585951879634,9,nr,4.333e-14
9.7750000000000004,10.425865257856765,9,nr,4.806e-15
9.7874999999999996,10.403295168742002,9,nr,5.687e-14
9.8000000000000007,10.380877222707438,9,nr,2.102e-15
9.8125,10.358613039608981,9,nr,4.517e-14
9.8249999999999993,10.336504324952026,9,nr,2.403e-14
9.8375000000000004,10.314552874057597,9,nr,6.148e-15
9.8499999999999996,10.292760576436944,9,nr,7.711e-14
9.8625000000000007,10.271129420384614,9,nr,4.194e-15
9.875,10.249661497799153,9,nr,3.325e-16
9.8874999999999993,10.228359009239853,9,nr,5.599e-14
9.9000000000000004,10.207224269229183,9,nr,5.187e-14
9.9124999999999996,10.186259711809345,9,nr,1.567e-14
9.9250000000000007,10.165467896359928,9,nr,7.997e-17
9.9375,10.14485151367376,9,nr,2.903e-11
9.9499999999999993,10.124413392375912,9,nr,8.384e-15
9.9625000000000004,10.104156505451343,9,nr,7.521e-15
9.9749999999999996,10.084083977283688,9,nr,1.358e-14
9.9875000000000007,10.064199090806456,9,nr,8.119e-15
10,10.044505295004697,9,nr,3.002e-15
8.8874999999999993,14.995722792869238,10,nr,2.236e-14
8.9000000000000004,14.956476537445859,10,nr,1.664e-15
8.9124999999999996,14.917386929078161,10,nr,2.461e-14
8.9249999999999989,14.878453909512009,10,nr,1.918e-14
8.9375,14.839677409635263,10,nr,4.049e-16
8.9499999999999993,14.801057350497468,10,nr,6.543e-15
8.9625000000000004,14.762593644295189,10,nr,1.265e-14
8.9749999999999996,14.72428619532548,10,nr,2.214e-14
8.9874999999999989,14.686134900909863,10,nr,1.341e-14
9,14.648139652291171,10,nr,4.742e-15
9.0124999999999993,14.610300335513982,10,nr,3.708e-11
9.0250000000000004,14.572616832230642,10,nr,1.923e-14
9.0374999999999996,14.535089020615828,10,nr,2.025e-12
9.0499999999999989,14.497716776087531,10,nr,1.649e-15
9.0625,14.46049997215173,10,nr,2.078e-11
9.0749999999999993,14.423438481148079,10,nr,2.466e-11
9.0875000000000004,14.386532175031572,10,nr,1.665e-11
9.0999999999999996,14.349780926152347,10,nr,1.612e-12
9.1124999999999989,14.313184607947649,10,nr,9.834e-11
9.125,14.276743095628859,10,nr,1.922e-14
9.1374999999999993,14.240456267091028,10,nr,5.798e-11
9.1500000000000004,14.204324003458625,10,nr,1.051e-10
9.1624999999999996,14.16834618990328,10,nr,1.381e-14
9.1749999999999989,14.132522716231026,10,nr,5.006e-15
9.1875,14.096853477771495,10,nr,1.866e-14
9.1999999999999993,14.061338375989216,10,nr,6.245e-15
9.2125000000000004,14.025977319227717,10,nr,4.828e-15
9.2249999999999996,13.990770223434268,10,nr,7.990e-15
9.2374999999999989,13.95571701289041,10,nr,3.056e-15
9.25,13.920817620950183,10,nr,5.995e-15
9.2624999999999993,13.886071990787467,10,nr,1.593e-14
9.2750000000000004,13.851480076154216,10,nr,7.910e-15
9.2874999999999996,13.817041842151248,10,nr,2.739e-15
9.2999999999999989,13.782757266013352,10,nr,1.061e-14
9.3125,13.748626337910428,10,nr,2.729e-14
9.3249999999999993,13.71464906177612,10,nr,4.083e-11
9.3375000000000004,13.680825456099257,10,nr,7.022e-15
9.3499999999999996,13.647155554879491,10,nr,9.895e-15
9.3624999999999989,13.613639408416915,10,nr,7.512e-15
9.375,13.580277084269969,10,nr,5.380e-15
9.3874999999999993,13.547068668184616,10,nr,1.930e-14
9.4000000000000004,13.514014265063343,10,nr,1.095e-14
9.4124999999999996,13.481113999967063,10,nr,1.985e-15
9.4249999999999989,13.448368019152385,10,nr,7.495e-15
9.4375,13.415776491146792,10,nr,1.037e-15
9.4499999999999993,13.383339607864688,10,nr,4.014e-14
9.4625000000000004,13.351057585766901,10,nr,5.608e-15
9.4749999999999996,13.318930667067157,10,nr,1.378e-14
9.4874999999999989,13.286959120988177,10,nr,3.071e-14
9.5,13.255143245071379,10,nr,6.603e-16
9.5124999999999993,13.223483366543197,10,nr,2.609e-14
9.5250000000000004,13.191979843742258,10,nr,3.311e-14
9.5374999999999996,13.160633067611265,10,nr,1.032e-14
9.5499999999999989,13.129443463257468,10,nr,8.471e-16
9.5625,13.098411491586887,10,nr,4.481e-14
9.5749999999999993,13.06753765101633,10,nr,7.647e-14
9.5875000000000004,13.03682247926864,10,nr,3.815e-14
9.5999999999999996,13.006266555256477,10,nr,1.204e-14
9.6125000000000007,12.975870501059788,10,nr,1.396e-14
9.625,12.945634984003705,10,nr,1.123e-14
9.6374999999999993,12.91556071884253,10,nr,2.251e-14
9.6500000000000004,12.885648470056909,10,nr,1.904e-16
9.6624999999999996,12.855899054271145,10,nr,1.825e-14
9.6750000000000007,12.826313342798244,10,nr,1.898e-14
9.6875,12.796892264320823,10,nr,2.930e-14
9.6999999999999993,12.767636807716165,10,nr,9.637e-14
9.7125000000000004,12.738548025034452,10,nr,5.566e-14
9.7249999999999996,12.709627034640237,10,nr,4.841e-15
9.7375000000000007,12.680875024526356,10,nr,7.343e-15
9.75,12.652293255811744,10,nr,7.899e-14
9.7624999999999993,12.62388306643432,10,nr,3.713e-14
9.7750000000000004,12.595645875050433,10,nr,1.284e-14
9.7874999999999996,12.567583185154639,10,nr,1.023e-13
9.8000000000000007,12.539696589431603,10,nr,5.400e-15
9.8125,12.511987774355923,10,nr,4.248e-14
9.8249999999999993,12.484458525053135,10,nr,1.935e-14
9.8375000000000004,12.457110730438322,10,nr,6.753e-14
9.8499999999999996,12.429946388646947,10,nr,5.140e-12
9.8625000000000007,12.402967612786677,10,nr,7.496e-14
9.875,12.376176636990907,10,nr,9.157e-15
9.8874999999999993,12.349575822855501,10,nr,4.657e-15
9.9000000000000004,12.323167666213847,10,nr,7.515e-14
9.9124999999999996,12.296954804308703,10,nr,4.629e-14
9.9250000000000007,12.270940023368096,10,nr,7.530e-15
9.9375,12.245126266606638,10,nr,4.706e-15
9.9499999999999993,12.219516642674124,10,nr,1.552e-15
9.9625000000000004,12.194114434570857,10,nr,6.524e-15
9.9749999999999996,12.168923109050251,10,nr,2.095e-14
9.9875000000000007,12.14394632652802,10,nr,1.831e-14
10,12.119187951516169,10,nr,3.264e-15
9.7750000000000004,14.971861647979367,11,nr,4.463e-14
9.7874999999999996,14.937769235157734,11,nr,9.113e-14
9.8000000000000007,14.903878311757715,11,nr,3.512e-14
9.8125,14.870190588669372,11,nr,1.805e-15
9.8249999999999993,14.836707886623193,11,nr,2.658e-14
9.8375000000000004,14.803432142190445,11,nr,5.951e-14
9.8499999999999996,14.770365414156489,11,nr,7.359e-15
9.8625000000000007,14.73750989029271,11,nr,9.475e-14
9.875,14.704867894541968,11,nr,2.848e-11
9.8874999999999993,14.672441894720571,11,nr,8.754e-14
9.9000000000000004,14.640234510544394,11,nr,3.617e-15
9.9124999999999996,14.608248522379281,11,nr,5.919e-14
9.9250000000000007,14.576486880380843,11,nr,2.849e-14
9.9375,14.544952714277761,11,nr,3.084e-12
9.9499999999999993,14.513649343769846,11,nr,3.357e-14
9.9625000000000004,14.482580289563741,11,nr,7.203e-14
9.9749999999999996,14.45174928512902,11,nr,2.928e-14
9.9875000000000007,14.421160289171898,11,nr,4.240e-15
10,14.390817498893753,11,nr,1.014e-14
0.1125,-1.5045466553619644,1,sr,3.189e-09
0.125,-1.5056208500655623,1,sr,1.518e-09
0.16250000000000003,-1.5095464769720481,1,sr,8.919e-10
0.17500000000000002,-1.5110930982708988,1,sr,1.055e-09
0.18750000000000003,-1.5127608693193799,1,sr,7.364e-10
0.21250000000000002,-1.5164656115825603,1,sr,4.170e-11
0.22500000000000003,-1.518505704039165,1,sr,6.218e-10
0.23750000000000002,-1.5206731891268799,1,sr,1.271e-09
0.26250000000000001,-1.5253976656800621,1,sr,8.441e-10
0.27500000000000002,-1.5279585694973343,1,sr,4.889e-09
0.28750000000000003,-1.5306546912497294,1,sr,1.132e-09
0.30000000000000004,-1.5334882366324867,1,sr,3.252e-11
0.31250000000000006,-1.536461511799381,1,sr,1.284e-09
0.32500000000000001,-1.5395769237780603,1,sr,8.777e-12
0.33750000000000002,-1.5428369809264728,1,sr,7.012e-13
0.35000000000000003,-1.5462442934213327,1,sr,1.555e-12
0.36250000000000004,-1.549801573794501,1,sr,3.377e-09
0.37500000000000006,-1.5535116374936897,1,sr,9.322e-09
0.38750000000000001,-1.5573774035460484,1,sr,6.073e-09
0.40000000000000002,-1.5614018951714752,1,sr,1.946e-10
0.41250000000000003,-1.5655882405201651,1,sr,7.323e-13
0.43750000000000006,-1.5744595343465984,1,sr,7.802e-13
0.45000000000000001,-1.5791512709575659,1,sr,5.495e-12
0.46250000000000002,-1.5840184393594685,1,sr,2.156e-13
0.47500000000000003,-1.5890647049241269,1,sr,3.027e-09
0.48750000000000004,-1.594293843329043,1,sr,1.520e-11
0.5,-1.5997097417146284,1,sr,4.694e-10
0.51249999999999996,-1.6053163997816438,1,sr,8.821e-11
0.52500000000000002,-1.6111179310328025,1,sr,3.432e-09
0.53749999999999998,-1.6171185639712311,1,sr,5.723e-09
0.54999999999999993,-1.6233226436763852,1,sr,5.158e-09
0.5625,-1.6297346327369124,1,sr,2.112e-13
0.57499999999999996,-1.6363591132093624,1,sr,9.623e-12
0.58750000000000002,-1.6432007877691439,1,sr,1.564e-11
0.59999999999999998,-1.6502644813805707,1,sr,3.398e-09
0.61250000000000004,-1.6575551430060607,1,sr,2.413e-10
0.625,-1.6650778470226935,1,sr,1.314e-12
0.63749999999999996,-1.672837795179956,1,sr,6.151e-10
0.65000000000000002,-1.6808403182467597,1,sr,1.035e-13
0.66249999999999998,-1.689090877768477,1,sr,9.870e-10
0.67500000000000004,-1.6975950680097525,1,sr,2.364e-11
0.6875,-1.706358617687652,1,sr,1.348e-09
0.69999999999999996,-1.715387391882371,1,sr,1.497e-11
0.71250000000000002,-1.7246873940629124,1,sr,3.613e-12
0.72499999999999998,-1.734264767819564,1,sr,2.539e-11
0.73750000000000004,-1.7441257988587047,1,sr,2.305e-11
0.75,-1.754276916879473,1,sr,8.478e-12
0.76249999999999996,-1.7647246974418549,1,sr,2.954e-13
0.77500000000000002,-1.7754758637987866,1,sr,3.631e-13
0.78749999999999998,-1.7865372886781636,1,sr,6.025e-12
0.80000000000000004,-1.7979159959977098,1,sr,5.076e-13
0.8125,-1.8096191624973765,1,sr,1.161e-13
0.82499999999999996,-1.8216541192651752,1,sr,1.102e-12
0.83750000000000002,-1.834028353140102,1,sr,2.839e-13
0.84999999999999998,-1.8467495079662184,1,sr,3.288e-13
0.86250000000000004,-1.8598253856719562,1,sr,1.256e-14
0.875,-1.8732639471474808,1,sr,6.921e-15
0.88749999999999996,-1.8870733128883352,1,sr,5.294e-14
0.90000000000000002,-1.9012617633721138,1,sr,2.043e-14
0.91249999999999998,-1.9158377391311618,1,sr,4.042e-14
0.92500000000000004,-1.9308098404811431,1,sr,4.146e-14
0.9375,-1.9461868268619269,1,sr,1.078e-16
0.94999999999999996,-1.9619776157432747,1,sr,2.455e-14
0.96250000000000002,-1.9781912810439273,1,sr,7.647e-15
0.97499999999999998,-1.9948370510185234,1,sr,1.126e-10
0.98750000000000004,-2.0119243054799232,1,sr,6.480e-15
1,-2.0294625725205959,1,sr,1.204e-10
1.0125,-2.0474615242134302,1,sr,1.425e-14
1.0249999999999999,-2.0659309718428589,1,sr,6.395e-15
1.0375000000000001,-2.0848808599234938,1,sr,5.942e-12
1.05,-2.1043212594401308,1,sr,7.661e-15
1.0625,-2.1242623599218642,1,sr,2.376e-14
1.075,-2.1447144603553867,1,sr,6.317e-11
1.0874999999999999,-2.165687958860139,1,sr,3.452e-15
1.1000000000000001,-2.1871933408157926,1,sr,8.642e-15
1.1125,-2.2092411656655093,1,sr,1.007e-14
1.125,-2.2318420519143776,1,sr,7.145e-15
1.1375,-2.2550066603959933,1,sr,1.241e-13
1.1499999999999999,-2.2787456755910318,1,sr,8.083e-15
1.1625000000000001,-2.3030697848548036,1,sr,5.655e-15
1.175,-2.327989655391399,1,sr,1.369e-14
1.1875,-2.3535159088062501,1,sr,3.536e-15
1.2,-2.3796590930532631,1,sr,2.226e-11
1.2125000000000001,-2.4064296516404089,1,sr,8.888e-16
1.2250000000000001,-2.4338378897670818,1,sr,1.488e-11
1.2375,-2.4618939373980964,1,sr,2.519e-15
1.25,-2.4906077089447818,1,sr,7.543e-15
1.2625,-2.51998885931213,1,sr,1.007e-14
1.2750000000000001,-2.5500467362380999,1,sr,2.051e-12
1.2875000000000001,-2.5807903286115543,1,sr,1.710e-15
1.3,-2.612228210618373,1,sr,1.519e-15
1.3125,-2.6443684814705271,1,sr,1.366e-11
1.325,-2.677218700605339,1,sr,1.941e-15
1.3375000000000001,-2.7107858180005695,1,sr,2.431e-15
1.3500000000000001,-2.7450760996931254,1,sr,3.226e-12
1.3625,-2.7800950480844828,1,sr,4.609e-12
1.375,-2.815847317072147,1,sr,1.011e-15
1.3875,-2.8523366218452586,1,sr,1.575e-15
1.4000000000000001,-2.8895656432405592,1,sr,2.010e-12
1.4125000000000001,-2.927535926685537,1,sr,1.719e-11
1.425,-2.9662477757557433,1,sr,1.211e-15
1.4375,-3.0057001401815762,1,sr,4.247e-15
1.45,-3.0458904988687818,1,sr,1.390e-15
1.4625000000000001,-3.0868147376505601,1,sr,4.454e-16
1.4750000000000001,-3.1284670223174009,1,sr,5.146e-12
1.4875,-3.1708396672090116,1,sr,5.853e-16
1.5,-3.2139229996945686,1,sr,2.309e-12
1.5125,-3.2577052212869702,1,sr,4.241e-12
1.5250000000000001,-3.3021722658088808,1,sr,1.575e-15
1.5375000000000001,-3.3473076554646979,1,sr,8.114e-16
1.55,-3.3930923557386019,1,sr,2.330e-12
1.5625,-3.4395046300098779,1,sr,2.826e-13
1.575,-3.4865198950328264,1,sr,1.195e-15
1.5875000000000001,-3.5341105786129696,1,sr,5.476e-13
1.6000000000000001,-3.5822459807683291,1,sr,1.007e-15
1.6125,-3.6308921399283682,1,sr,1.003e-15
1.625,-3.6800117058293935,1,sr,1.296e-14
1.6375,-3.7295638208302804,1,sr,8.525e-14
1.6500000000000001,-3.779504011537695,1,sr,9.564e-14
1.6625000000000001,-3.8297840926918787,1,sr,1.851e-14
1.675,-3.8803520853775928,1,sr,8.256e-12
1.6875,-3.9311521515106902,1,sr,3.314e-15
1.7,-3.9821245471679876,1,sr,3.820e-16
1.7125000000000001,-4.0332055961671767,1,sr,3.122e-13
1.7250000000000001,-4.0843276867458167,1,sr,6.875e-14
1.7375,-4.1354192929124922,1,sr,7.631e-12
1.75,-4.1864050227723606,1,sr,8.555e-16
1.7625,-4.2372056950936097,1,sr,2.402e-15
1.7750000000000001,-4.2877384466276576,1,sr,1.849e-13
1.7875000000000001,-4.3379168707648068,1,sr,1.566e-13
1.8,-4.3876511892004233,1,sr,1.478e-13
1.8125,-4.4368484573332543,1,sr,5.759e-16
1.825,-4.4854128039659669,1,sr,4.868e-12
1.8375000000000001,-4.5332457053424777,1,sr,8.646e-14
1.8500000000000001,-4.5802462937227801,1,sr,1.584e-12
1.8625,-4.6263116990457203,1,sr,2.865e-16
1.875,-4.6713374234597111,1,sr,2.258e-16
1.8875,-4.7152177464354947,1,sr,1.045e-12
1.9000000000000001,-4.7578461587840106,1,sr,5.940e-14
1.9125000000000001,-4.7991158229989903,1,sr,1.910e-14
1.925,-4.8389200568063329,1,sr,2.405e-14
1.9375,-4.8771528367042718,1,sr,2.970e-16
1.95,-4.9137093175562638,1,sr,2.566e-14
1.9625000000000001,-4.9484863641037844,1,sr,2.811e-14
1.9750000000000001,-4.9813830898888405,1,sr,2.235e-16
1.9875,-5.012301398829389,1,sr,1.277e-15
2,-5.0411465244860096,1,sr,4.670e-16
2.0125000000000002,-5.0678275619230657,1,sr,2.825e-14
2.0250000000000004,-5.0922579870154436,1,sr,6.660e-16
2.0375000000000001,-5.1143561580594552,1,sr,5.116e-15
2.0500000000000003,-5.1340457946539262,1,sr,9.450e-15
2.0625000000000004,-5.1512564289746461,1,sr,6.398e-16
2.0750000000000002,-5.1659238248256019,1,sr,2.262e-16
2.0875000000000004,-5.1779903601655937,1,sr,1.906e-14
2.1000000000000001,-5.1874053691976707,1,sr,3.958e-16
2.1125000000000003,-5.194125440555708,1,sr,6.232e-15
2.1250000000000004,-5.1981146686319288,1,sr,1.577e-14
2.1375000000000002,-5.1993448556247062,1,sr,4.304e-15
2.1500000000000004,-5.1977956624744674,1,sr,1.587e-14
2.1625000000000001,-5.1934547074594866,1,sr,1.151e-14
2.1750000000000003,-5.1863176118337853,1,sr,5.940e-16
2.1875000000000004,-5.1763879925171983,1,sr,6.696e-16
2.2000000000000002,-5.1636774024515475,1,sr,8.822e-15
2.2125000000000004,-5.1482052198284416,1,sr,1.252e-14
2.2250000000000001,-5.1299984879558425,1,sr,4.284e-16
2.2375000000000003,-5.1090917080520493,1,sr,4.869e-15
2.2500000000000004,-5.0855265877568572,1,sr,2.309e-12
2.2625000000000002,-5.0593517483879316,1,sr,2.893e-15
2.2750000000000004,-5.0306223949523678,1,sr,1.932e-12
2.2875000000000001,-4.999399952114886,1,sr,2.759e-15
2.3000000000000003,-4.9657516706009712,1,sr,5.552e-13
2.3125000000000004,-4.9297502085334113,1,sr,7.134e-16
2.3250000000000002,-4.8914731914549652,1,sr,4.135e-16
2.3375000000000004,-4.8510027560231999,1,sr,2.483e-16
2.3500000000000001,-4.8084250814525555,1,sr,1.047e-14
2.3625000000000003,-4.7638299131623425,1,sr,7.594e-15
2.3750000000000004,-4.7173100827865513,1,sr,2.290e-16
2.3875000000000002,-4.6689610285721015,1,sr,6.974e-15
2.4000000000000004,-4.6188803199663706,1,sr,7.721e-15
2.4125000000000005,-4.5671671899406645,1,sr,6.626e-16
2.4250000000000003,-4.5139220783164946,1,sr,7.178e-15
2.4375000000000004,-4.4592461890549542,1,sr,4.402e-15
2.4500000000000002,-4.4032410641454556,1,sr,1.423e-14
2.4625000000000004,-4.3460081764042346,1,sr,8.793e-17
2.4750000000000005,-4.2876485431490092,1,sr,1.867e-14
2.4875000000000003,-4.228262362391737,1,sr,1.567e-14
2.5000000000000004,-4.1679486728488389,1,sr,1.870e-14
2.5125000000000002,-4.1068050387637962,1,sr,4.179e-16
2.5250000000000004,-4.0449272602193016,1,sr,4.833e-16
2.5375000000000005,-3.9824091093387941,1,sr,3.266e-16
2.5500000000000003,-3.9193420924994986,1,sr,4.918e-15
2.5625000000000004,-3.8558152384399116,1,sr,2.655e-16
2.5750000000000002,-3.7919149119155509,1,sr,2.283e-16
2.5875000000000004,-3.7277246523598957,1,sr,2.696e-14
2.6000000000000005,-3.6633250368301913,1,sr,2.294e-14
2.6125000000000003,-3.5987935663628261,1,sr,1.652e-14
2.6250000000000004,-3.5342045747422453,1,sr,9.122e-15
2.6375000000000002,-3.469629158573647,1,sr,2.288e-15
2.6500000000000004,-3.4051351274739705,1,sr,3.482e-13
2.6625000000000005,-3.3407869731087123,1,sr,1.352e-16
2.6750000000000003,-3.27664585583695,1,sr,2.033e-16
2.6875000000000004,-3.2127696075434837,1,sr,4.196e-14
2.7000000000000002,-3.1492127494259345,1,sr,1.289e-14
2.7125000000000004,-3.0860265233431412,1,sr,5.251e-16
2.7250000000000005,-3.023258935442064,1,sr,4.300e-14
2.7375000000000003,-2.9609548107711219,1,sr,3.290e-16
2.7500000000000004,-2.8991558576304746,1,sr,1.861e-14
2.7625000000000002,-2.8379007404697822,1,sr,6.029e-14
2.7750000000000004,-2.7772251601732649,1,sr,2.749e-16
2.7875000000000005,-2.7171619406425092,1,sr,2.835e-16
2.8000000000000003,-2.657741120652966,1,sr,7.597e-14
2.8125000000000004,-2.5989900500081151,1,sr,3.436e-14
2.8250000000000002,-2.5409334890876059,1,sr,7.825e-18
2.8375000000000004,-2.4835937109622965,1,sr,6.283e-14
2.8500000000000005,-2.4269906052989616,1,sr,2.411e-16
2.8625000000000003,-2.3711417833439428,1,sr,4.892e-17
2.8750000000000004,-2.316062683358787,1,sr,6.008e-17
2.8875000000000002,-2.261766675914159,1,sr,7.221e-17
2.9000000000000004,-2.2082651685301733,1,sr,1.126e-13
2.9125000000000005,-2.1555677092029062,1,sr,4.294e-16
2.9250000000000003,-2.1036820883963809,1,sr,9.554e-14
2.9375000000000004,-2.0526144391686425,1,sr,1.704e-13
2.9500000000000002,-2.0023693350984089,1,sr,7.135e-17
2.9625000000000004,-1.9529498857615546,1,sr,1.856e-13
2.9750000000000005,-1.9043578295525589,1,sr,4.257e-14
2.9875000000000003,-1.8565936236324929,1,sr,3.175e-16
3.0000000000000004,-1.8096565309009984,1,sr,1.597e-14
3.0125000000000002,-1.7635447038489054,1,sr,1.821e-13
3.0250000000000004,-1.7182552652247169,1,sr,2.377e-13
3.0375000000000005,-1.6737843854490011,1,sr,1.681e-13
3.0500000000000003,-1.6301273567602037,1,sr,1.586e-12
3.0625000000000004,-1.5872786640292997,1,sr,2.224e-16
3.0750000000000002,-1.5452320524216026,1,sr,5.741e-12
3.0875000000000004,-1.503980591524481,1,sr,1.765e-13
3.1000000000000005,-1.4635167367159945,1,sr,3.148e-13
3.1125000000000003,-1.4238323868632208,1,sr,2.502e-13
3.1250000000000004,-1.3849189392797974,1,sr,2.541e-15
3.1375000000000002,-1.3467673415201376,1,sr,3.186e-16
3.1500000000000004,-1.309368140258155,1,sr,1.191e-13
3.1625000000000005,-1.2727115273030281,1,sr,6.480e-13
3.1750000000000003,-1.2367873828625979,1,sr,5.113e-16
3.1875000000000004,-1.2015853161128522,1,sr,5.603e-16
3.2000000000000002,-1.1670947032366039,1,sr,5.886e-16
3.2125000000000004,-1.1333047229603925,1,sr,7.119e-13
3.2250000000000005,-1.1002043897269496,1,sr,7.757e-12
3.2375000000000003,-1.0677825847071536,1,sr,1.001e-12
3.2500000000000004,-1.0360280843535858,1,sr,3.222e-16
3.2625000000000002,-1.004929587290422,1,sr,3.882e-15
3.2750000000000004,-0.97447573895577744,1,sr,1.808e-13
3.2875000000000005,-0.94465515447769421,1,sr,9.092e-14
3.3000000000000003,-0.91545643976944002,1,sr,3.909e-16
3.3125000000000004,-0.88686821095258328,1,sr,2.572e-16
3.3250000000000002,-0.85887911219087265,1,sr,8.279e-13
3.3375000000000004,-0.83147783203982806,1,sr,1.845e-16
3.3500000000000005,-0.80465311835407216,1,sr,1.314e-13
3.3625000000000003,-0.77839379190627311,1,sr,1.613e-12
3.3750000000000004,-0.75268875873774932,1,sr,2.252e-12
3.3875000000000002,-0.72752702132281855,1,sr,2.445e-12
3.4000000000000004,-0.70289768865186886,1,sr,2.491e-12
3.4125000000000005,-0.67878998527926249,1,sr,1.513e-12
3.4250000000000003,-0.65519325938540907,1,sr,6.276e-12
3.4375000000000004,-0.63209699002500219,1,sr,6.533e-16
3.4500000000000002,-0.60949079334223888,1,sr,4.625e-13
3.4625000000000004,-0.5873644282574999,1,sr,1.384e-16
3.4750000000000005,-0.56570780122305597,1,sr,2.409e-16
3.4875000000000003,-0.54451097039811314,1,sr,5.283e-13
3.5000000000000004,-0.5237641491697772,1,sr,2.514e-12
3.5125000000000002,-0.50345770910508392,1,sr,3.535e-12
3.5250000000000004,-0.48358218234647238,1,sr,3.426e-12
3.5375000000000005,-0.46412826352638664,1,sr,1.836e-12
3.5500000000000003,-0.44508681122578198,1,sr,5.510e-12
3.5625000000000004,-0.4264488489584739,1,sr,1.778e-16
3.5750000000000002,-0.40820556590939922,1,sr,5.718e-12
3.5875000000000004,-0.39034831716530688,1,sr,7.950e-17
3.6000000000000005,-0.37286862362309109,1,sr,7.352e-12
3.6125000000000003,-0.35575817180261882,1,sr,2.422e-16
3.6250000000000004,-0.33900881307389014,1,sr,3.519e-12
3.6375000000000002,-0.32261256295053892,1,sr,9.258e-12
3.6500000000000004,-0.3065615999775203,1,sr,2.199e-16
3.6625000000000005,-0.29084826438791139,1,sr,1.016e-16
3.6750000000000003,-0.27546505676548311,1,sr,1.269e-16
3.6875000000000004,-0.26040463636865019,1,sr,2.037e-18
3.7000000000000002,-0.24565981938843579,1,sr,1.514e-16
3.7125000000000004,-0.23122357706429092,1,sr,1.318e-16
3.7250000000000005,-0.21708903368672586,1,sr,1.224e-16
3.7375000000000003,-0.20324946448450765,1,sr,1.253e-11
3.7500000000000004,-0.18969829352114853,1,sr,8.221e-13
3.7625000000000002,-0.17642909128114026,1,sr,1.836e-16
3.7750000000000004,-0.16343557248342483,1,sr,1.332e-11
3.7875000000000005,-0.15071159371745066,1,sr,3.737e-17
3.8000000000000003,-0.13825115085374359,1,sr,1.673e-11
3.8125000000000004,-0.12604837685056539,1,sr,9.607e-17
3.8250000000000002,-0.11409753898614376,1,sr,7.904e-12
3.8375000000000004,-0.10239303661296076,1,sr,3.631e-17
3.8500000000000005,-0.090929398454453692,1,sr,2.409e-17
3.8625000000000003,-0.079701280188376689,1,sr,1.343e-12
3.8750000000000004,-0.068703461865749008,1,sr,1.663e-11
3.8875000000000002,-0.057930845490269486,1,sr,2.049e-11
3.9000000000000004,-0.047378452236671531,1,sr,1.088e-16
3.9125000000000005,-0.037041420324263115,1,sr,1.048e-16
3.9250000000000003,-0.026915002230641558,1,sr,4.102e-17
3.9375000000000004,-0.01699456234366541,1,sr,4.438e-17
3.9500000000000002,-0.0072755744909099472,1,sr,7.985e-17
3.9750000000000005,0.011575617106826605,1,sr,2.298e-11
3.9875000000000003,0.02071634774135888,1,sr,1.082e-11
4,0.029672684686447404,1,sr,8.723e-18
4.0125000000000002,0.038448642781371903,1,sr,8.848e-17
4.0250000000000004,0.047048141470823111,1,sr,9.824e-12
4.0375000000000005,0.055475007159854747,1,sr,6.444e-12
4.0500000000000007,0.063732975296067404,1,sr,3.393e-17
4.0625,0.071825692664771734,1,sr,9.912e-12
4.0750000000000002,0.079756719461485895,1,sr,1.384e-17
4.0875000000000004,0.087529531336970834,1,sr,1.275e-16
4.1000000000000005,0.095147521524243356,1,sr,9.008e-13
4.1125000000000007,0.10261400280749564,1,sr,1.997e-16
4.125,0.10993220949879107,1,sr,1.566e-11
4.1375000000000002,0.11710529942380195,1,sr,3.770e-16
4.1500000000000004,0.12413635570318689,1,sr,1.126e-16
4.1625000000000005,0.13102838870077071,1,sr,3.339e-11
4.1750000000000007,0.13778433790066114,1,sr,3.473e-16
4.1875,0.14440707345851542,1,sr,6.691e-17
4.2000000000000002,0.15089939820173201,1,sr,3.395e-11
4.2125000000000004,0.15726404909536632,1,sr,5.322e-16
4.2250000000000005,0.16350369915979235,1,sr,1.824e-16
4.2375000000000007,0.16962095886435521,1,sr,1.183e-16
4.25,0.17561837784452686,1,sr,2.149e-11
4.2625000000000002,0.18149844636080026,1,sr,1.407e-16
4.2750000000000004,0.18726359695130726,1,sr,2.202e-16
4.2875000000000005,0.19291620577289104,1,sr,3.234e-16
4.3000000000000007,0.19845859411382952,1,sr,1.586e-16
4.3125,0.2038930297891732,1,sr,5.190e-17
4.3250000000000002,0.20922172851580118,1,sr,0.000e+00
4.3375000000000004,0.2144468552539894,1,sr,2.510e-16
4.3500000000000005,0.2195705255160979,1,sr,1.483e-16
4.3625000000000007,0.22459480664297432,1,sr,1.462e-16
4.375,0.22952171904869095,1,sr,4.809e-17
4.3875000000000002,0.2343532374342347,1,sr,2.374e-16
4.4000000000000004,0.23909129197076523,1,sr,3.754e-16
4.4125000000000005,0.24373776945306946,1,sr,4.640e-16
4.4250000000000007,0.24829451442383316,1,sr,2.295e-16
4.4375,0.25276333026934644,1,sr,2.727e-16
4.4500000000000002,0.25714598028727087,1,sr,4.502e-16
4.4625000000000004,0.26144418872707481,1,sr,1.785e-16
4.4750000000000005,0.26565964182602653,1,sr,4.442e-11
4.4875000000000007,0.26979398868542748,1,sr,8.781e-17
4.5,0.27384884245546537,1,sr,5.229e-16
4.5125000000000002,0.27782578104964117,1,sr,2.596e-16
4.5250000000000004,0.28172634816899744,1,sr,2.047e-16
4.5375000000000005,0.28555205418656671,1,sr,3.739e-11
4.5500000000000007,0.28930437692518718,1,sr,8.492e-17
4.5625,0.29298476267701817,1,sr,8.445e-17
4.5750000000000002,0.2965946268485749,1,sr,5.984e-16
4.5875000000000004,0.3001353548498808,1,sr,2.943e-12
4.6000000000000005,0.30360830284897738,1,sr,6.656e-16
4.6125000000000007,0.3070147985434396,1,sr,1.160e-15
4.625,0.31035614189412941,1,sr,1.987e-11
4.6375000000000002,0.3136336058076114,1,sr,1.643e-16
4.6500000000000004,0.3168484369210498,1,sr,8.187e-17
4.6625000000000005,0.32000185619752791,1,sr,6.527e-16
4.6750000000000007,0.32309505963273549,1,sr,4.879e-16
4.6875,0.32612921889243168,1,sr,2.432e-16
4.7000000000000002,0.32910548194148359,1,sr,8.084e-17
4.7125000000000004,0.33202497365631406,1,sr,4.837e-16
4.7250000000000005,0.3348887963992857,1,sr,5.517e-11
4.7375000000000007,0.33769803070885684,1,sr,7.221e-16
4.75,0.34045373565983988,1,sr,3.638e-11
4.7625000000000002,0.3431569495621889,1,sr,5.593e-16
4.7750000000000004,0.34580869051736063,1,sr,3.008e-11
4.7875000000000005,0.34840995687782295,1,sr,3.184e-16
4.8000000000000007,0.35096172771123818,1,sr,2.384e-16
4.8125000000000009,0.35346496339569133,1,sr,0.000e+00
4.8250000000000002,0.35592060604104153,1,sr,8.385e-12
4.8375000000000004,0.35832957998487575,1,sr,3.957e-16
4.8500000000000005,0.36069279219771577,1,sr,5.826e-11
4.8625000000000007,0.36301113286330428,1,sr,7.895e-17
4.8750000000000009,0.3652854755929828,1,sr,1.625e-11
4.8875000000000002,0.36751667803145049,1,sr,6.304e-16
4.9000000000000004,0.36970558222047833,1,sr,7.873e-17
4.9125000000000005,0.37185301496293788,1,sr,4.087e-16
4.9250000000000007,0.37395978824149478,1,sr,1.925e-16
4.9375000000000009,0.37602669959285012,1,sr,3.928e-16
4.9500000000000002,0.37805453247792803,1,sr,7.852e-16
4.9625000000000004,0.38004405664268581,1,sr,3.985e-13
4.9750000000000005,0.38199602846889513,1,sr,6.276e-16
4.9875000000000007,0.38391119131792673,1,sr,2.352e-16
5.0000000000000009,0.3857902758423532,1,sr,6.450e-11
5.0125000000000002,0.38763400041601481,1,sr,1.019e-15
5.0250000000000004,0.38944307124268734,1,sr,3.917e-16
5.0375000000000005,0.3912181828734001,1,sr,4.071e-16
5.0500000000000007,0.39296001840361855,1,sr,7.832e-16
5.0625000000000009,0.39466924979654372,1,sr,2.805e-11
5.0750000000000002,0.39634653812606935,1,sr,0.000e+00
5.0875000000000004,0.39799253394315065,1,sr,2.349e-16
5.1000000000000005,0.39960787747169924,1,sr,3.442e-11
5.1125000000000007,0.40119319885076443,1,sr,4.950e-11
5.1250000000000009,0.40274911856401713,1,sr,2.598e-16
5.1375000000000002,0.40427624743929436,1,sr,6.361e-16
5.1500000000000004,0.40577518710925703,1,sr,4.265e-11
5.1625000000000005,0.40724653010444922,1,sr,1.789e-13
5.1750000000000007,0.40869086022929924,1,sr,8.614e-16
5.1875000000000009,0.41010875266561841,1,sr,5.066e-13
5.2000000000000002,0.41150077427673876,1,sr,6.057e-11
5.2125000000000004,0.41286748374098203,1,sr,4.505e-11
5.2250000000000005,0.41420943186590636,1,sr,2.698e-11
5.2375000000000007,0.41552716179002369,1,sr,2.363e-12
5.2500000000000009,0.41682120906973952,1,sr,8.236e-12
5.2625000000000002,0.41809210200698083,1,sr,7.964e-13
5.2750000000000004,0.41934036177615042,1,sr,2.501e-12
5.2875000000000005,0.42056650264671042,1,sr,2.221e-11
5.3000000000000007,0.4217710321280313,1,sr,1.698e-11
5.3125000000000009,0.42295445124802794,1,sr,5.873e-11
5.3250000000000002,0.42411725453584087,1,sr,4.198e-11
5.3375000000000004,0.42525993049595145,1,sr,2.823e-11
5.3500000000000005,0.42638296143826393,1,sr,9.019e-16
5.3625000000000007,0.42748682391838783,1,sr,9.020e-16
5.3750000000000009,0.4285719887521382,1,sr,2.745e-16
5.3875000000000002,0.42963892121877695,1,sr,2.117e-11
5.4000000000000004,0.43068808123746471,1,sr,5.099e-16
5.4125000000000005,0.43171992346440308,1,sr,1.177e-15
5.4250000000000007,0.43273489749826366,1,sr,5.883e-16
5.4375000000000009,0.43373344799889157,1,sr,3.922e-17
5.4500000000000002,0.43471601483034916,1,sr,2.362e-11
5.4625000000000004,0.43568303323189755,1,sr,7.146e-16
5.4750000000000005,0.43663493389492708,1,sr,9.019e-16
5.4875000000000007,0.43757214315863491,1,sr,6.665e-16
5.5000000000000009,0.4384950831117802,1,sr,2.253e-16
5.5125000000000002,0.43940417174339219,1,sr,6.008e-11
5.5250000000000004,0.44029982299380638,1,sr,2.743e-16
5.5375000000000005,0.44118244703046255,1,sr,7.836e-16
5.5500000000000007,0.4420524502180756,1,sr,7.051e-16
5.5625000000000009,0.44291023531362494,1,sr,8.028e-16
5.5750000000000002,0.44375620156796114,1,sr,3.915e-16
5.5875000000000004,0.44459074481539684,1,sr,1.002e-10
5.6000000000000005,0.44541425770944693,1,sr,3.130e-16
5.6125000000000007,0.44622712958482547,1,sr,7.235e-16
5.6250000000000009,0.4470297468122596,1,sr,1.837e-15
5.6375000000000002,0.44782249277959518,1,sr,3.831e-15
5.6500000000000004,0.44860574801910708,1,sr,1.982e-15
5.6625000000000005,0.44937989030774528,1,sr,3.708e-16
5.6750000000000007,0.45014529476503246,1,sr,7.705e-16
5.6875000000000009,0.45090233394862761,1,sr,1.657e-16
5.7000000000000002,0.45165137794753485,1,sr,3.059e-15
5.7125000000000004,0.45239279447293712,1,sr,5.957e-15
5.7250000000000005,0.45312694894662497,1,sr,5.953e-15
5.7375000000000007,0.45385420458697168,1,sr,2.823e-15
5.7500000000000009,0.45457492249858783,1,sr,2.553e-11
5.7625000000000002,0.45528946172266482,1,sr,1.123e-16
5.7750000000000004,0.45599817937661924,1,sr,7.078e-16
5.7875000000000005,0.45670143066859686,1,sr,4.021e-15
5.8000000000000007,0.45739956900112633,1,sr,1.191e-14
5.8125000000000009,0.45809294603523537,1,sr,1.032e-14
5.8250000000000002,0.45878191175776761,1,sr,4.220e-15
5.8375000000000004,0.45946681454579164,1,sr,3.183e-16
5.8500000000000005,0.46014800122785066,1,sr,6.552e-16
5.8625000000000007,0.46082581714204496,1,sr,1.174e-15
5.8750000000000009,0.4615006061907842,1,sr,4.479e-15
5.8875000000000002,0.46217271089207929,1,sr,1.365e-14
5.9000000000000004,0.46284247242723797,1,sr,1.808e-14
5.9125000000000005,0.46351023068475372,1,sr,1.160e-14
5.9250000000000007,0.46417632430036726,1,sr,2.868e-15
5.9375000000000009,0.46484109068340879,1,sr,4.010e-11
5.9500000000000002,0.46550486609605352,1,sr,6.482e-16
5.9625000000000004,0.4661679855851848,1,sr,3.198e-15
5.9750000000000005,0.46683078310009646,1,sr,1.194e-14
5.9875000000000007,0.46749359146238439,1,sr,2.767e-14
6.0000000000000009,0.46815674238778221,1,sr,2.239e-14
6.0125000000000002,0.46882056649318576,1,sr,1.108e-14
6.0250000000000004,0.46948539329790984,1,sr,1.623e-15
6.0375000000000005,0.47015155121906049,1,sr,2.638e-16
6.0500000000000007,0.47081936756067977,1,sr,1.846e-15
6.0625000000000009,0.47148916849638878,1,sr,8.859e-15
6.0750000000000002,0.47216127904520427,1,sr,2.443e-14
6.0875000000000004,0.47283602304023797,1,sr,3.272e-14
6.1000000000000005,0.47351372308982875,1,sr,2.007e-14
6.1125000000000007,0.47419470053104223,1,sr,5.138e-15
6.1250000000000009,0.47487927536843094,1,sr,2.652e-11
6.1375000000000002,0.47556776624275759,1,sr,1.853e-16
6.1500000000000004,0.47626049029476458,1,sr,6.214e-15
6.1625000000000005,0.47695776314772026,1,sr,2.096e-14
6.1750000000000007,0.47765989878427217,1,sr,3.799e-14
6.1875000000000009,0.47836720945155281,1,sr,2.710e-14
6.2000000000000002,0.47908000554961205,1,sr,7.620e-15
6.2125000000000004,0.47979859549156328,1,sr,7.037e-11
6.2250000000000005,0.48052328565606195,1,sr,2.187e-16
6.2375000000000007,0.48125438006931076,1,sr,5.526e-15
6.2500000000000009,0.48199218042008901,1,sr,2.328e-14
6.2625000000000002,0.48273698580354601,1,sr,3.934e-14
6.2750000000000004,0.48348909255558559,1,sr,2.229e-14
6.2875000000000005,0.48424879405700877,1,sr,4.603e-15
6.3000000000000007,0.48501638052692092,1,sr,1.200e-11
6.3125000000000009,0.48579213878434085,1,sr,7.867e-16
6.3250000000000002,0.48657635204064076,1,sr,1.241e-14
6.3375000000000004,0.48736929961750186,1,sr,3.306e-14
6.3500000000000005,0.48817125669519895,1,sr,2.885e-14
6.3625000000000007,0.48898249402785554,1,sr,9.472e-15
6.3750000000000009,0.4898032776321472,1,sr,5.759e-11
6.3875000000000002,0.4906338685488002,1,sr,0.000e+00
6.4000000000000004,0.4914745223684468,1,sr,8.123e-15
6.4125000000000005,0.49232548903624268,1,sr,2.729e-14
6.4250000000000007,0.4931870124208228,1,sr,2.505e-14
6.4375000000000009,0.49405932995634577,1,sr,6.797e-15
6.4500000000000002,0.49494267225406857,1,sr,4.546e-12
6.4625000000000004,0.49583726270638157,1,sr,5.512e-16
6.4750000000000005,0.49674331705910552,1,sr,1.058e-14
6.4875000000000007,0.49766104299400254,1,sr,2.628e-14
6.5000000000000009,0.49859063968052214,1,sr,1.364e-14
6.5125000000000002,0.49953229732267129,1,sr,1.360e-15
6.5250000000000004,0.50048619669331018,1,sr,2.710e-16
6.5375000000000005,0.50145250865824653,1,sr,5.266e-15
6.5500000000000007,0.50243139369122258,1,sr,1.938e-14
6.5625000000000009,0.50342300138107887,1,sr,1.334e-14
6.5750000000000002,0.50442746993244025,1,sr,4.009e-16
6.5875000000000004,0.50544492566171406,1,sr,2.663e-16
6.6000000000000005,0.50647548248984309,1,sr,4.180e-15
6.6125000000000007,0.50751924143392191,1,sr,1.547e-14
6.6250000000000009,0.50857629009955208,1,sr,8.235e-15
6.6375000000000002,0.50964670220015218,1,sr,8.619e-11
6.6500000000000004,0.51073053693806114,1,sr,5.233e-16
6.6625000000000005,0.51182783875200755,1,sr,5.541e-15
6.6750000000000007,0.51293863659682537,1,sr,1.020e-14
6.6875000000000009,0.51406294359476945,1,sr,3.171e-15
6.7000000000000002,0.5152007565593435,1,sr,1.934e-16
6.7125000000000004,0.516352055561765,1,sr,1.542e-15
6.7250000000000005,0.51751680351926788,1,sr,9.091e-15
6.7375000000000007,0.51869494580823106,1,sr,4.657e-15
6.7500000000000009,0.51988640990324442,1,sr,7.166e-12
6.7625000000000002,0.52109110505955059,1,sr,1.014e-15
6.7750000000000004,0.52230892199881962,1,sr,4.419e-15
6.7875000000000005,0.5235397326733412,1,sr,3.460e-15
6.8000000000000007,0.52478339003365282,1,sr,2.039e-11
6.8125000000000009,0.52603972788736653,1,sr,8.122e-16
6.8250000000000002,0.52730856071281684,1,sr,3.300e-15
6.8375000000000004,0.52858968364010805,1,sr,1.741e-15
6.8500000000000005,0.52988287239267917,1,sr,4.999e-12
6.8625000000000007,0.53118788332666955,1,sr,3.698e-16
6.8750000000000009,0.53250445349751574,1,sr,2.949e-15
6.8875000000000002,0.53383230081302568,1,sr,7.348e-16
6.9000000000000004,0.53517112422275104,1,sr,4.273e-16
6.9125000000000005,0.53652060397564261,1,sr,6.784e-16
6.9250000000000007,0.53788040193639941,1,sr,1.641e-15
6.9375000000000009,0.53925016198105424,1,sr,6.256e-11
6.9500000000000002,0.54062951034039741,1,sr,6.029e-17
6.9625000000000004,0.54201805628476174,1,sr,5.410e-16
6.9750000000000005,0.54341539249258086,1,sr,1.798e-16
6.9875000000000007,0.54482109575630966,1,sr,5.895e-12
7.0000000000000009,0.54623472764241732,1,sr,6.555e-16
7.0125000000000002,0.54765583519723937,1,sr,1.545e-15
7.0250000000000004,0.54908395176184432,1,sr,7.316e-11
7.0375000000000005,0.55051859767549749,1,sr,2.956e-16
7.0500000000000007,0.5519592813672779,1,sr,0.000e+00
7.0625000000000009,0.5534055000460335,1,sr,6.994e-12
7.0750000000000002,0.55485674074674995,1,sr,2.313e-12
7.0875000000000004,0.55631248131309241,1,sr,7.025e-16
7.1000000000000005,0.55777219137867207,1,sr,3.046e-12
7.1125000000000007,0.55923533340086651,1,sr,3.864e-11
7.1250000000000009,0.56070136377476953,1,sr,2.068e-16
7.1375000000000002,0.56216973377311008,1,sr,4.643e-16
7.1500000000000004,0.56363989072363796,1,sr,6.451e-11
7.1625000000000005,0.56511127912839509,1,sr,6.523e-12
7.1750000000000007,0.56658334154816115,1,sr,1.183e-15
7.1875000000000009,0.56805551987335723,1,sr,5.575e-11
7.2000000000000002,0.56952725635107815,1,sr,4.596e-12
7.2125000000000004,0.57099799451525046,1,sr,5.257e-11
7.2250000000000005,0.57246718029700727,1,sr,3.423e-11
7.2375000000000007,0.57393426306424478,1,sr,1.218e-12
7.2500000000000009,0.57539869654888887,1,sr,8.413e-14
7.2625000000000002,0.57685993977776173,1,sr,2.282e-11
7.2750000000000004,0.57831745797860568,1,sr,3.434e-13
7.2875000000000005,0.57977072350569658,1,sr,1.001e-11
7.3000000000000007,0.58121921662808074,1,sr,4.068e-11
7.3125000000000009,0.58266242625796227,1,sr,3.319e-16
7.3250000000000002,0.58409985083500704,1,sr,1.705e-16
7.3375000000000004,0.58553099888927129,1,sr,1.836e-11
7.3500000000000005,0.58695538971478534,1,sr,2.632e-11
7.3625000000000007,0.5883725540457716,1,sr,6.804e-16
7.3750000000000009,0.58978203445412536,1,sr,5.969e-11
7.3875000000000002,0.59118338601930076,1,sr,5.820e-11
7.4000000000000004,0.59257617664079298,1,sr,8.423e-16
7.4125000000000005,0.59395998744678202,1,sr,1.139e-15
7.4250000000000007,0.59533441322782676,1,sr,1.761e-11
7.4375000000000009,0.59669906264313122,1,sr,7.145e-16
7.4500000000000002,0.59805355853901321,1,sr,3.556e-16
7.4625000000000004,0.59939753810369412,1,sr,3.802e-16
7.4750000000000005,0.60073065303073714,1,sr,7.984e-11
7.4875000000000007,0.60205256974407639,1,sr,1.274e-16
7.5000000000000009,0.60336296925013899,1,sr,5.662e-17
7.5125000000000002,0.6046615473998227,1,sr,7.292e-16
7.5250000000000004,0.60594801477638649,1,sr,4.250e-16
7.5375000000000005,0.60722209668284566,1,sr,1.346e-15
7.5500000000000007,0.6084835330738001,1,sr,1.560e-16
7.5625000000000009,0.60973207845627397,1,sr,6.620e-16
7.5750000000000002,0.61096750176172876,1,sr,7.098e-16
7.5875000000000004,0.61218958619139419,1,sr,1.747e-15
7.6000000000000005,0.61339812903705804,1,sr,2.559e-16
7.6125000000000007,0.61459294147942223,1,sr,6.546e-16
7.6250000000000009,0.61577384836610427,1,sr,4.273e-16
7.6375000000000002,0.61694068797129431,1,sr,1.426e-15
7.6500000000000004,0.61809331173904225,1,sr,1.830e-15
7.6625000000000005,0.61923158401205602,1,sr,4.286e-16
7.6750000000000007,0.62035538176428184,1,sr,6.366e-11
7.6875000000000009,0.621464594224026,1,sr,8.877e-16
7.7000000000000002,0.6225591227341809,1,sr,1.806e-15
7.7125000000000004,0.62363888027632497,1,sr,2.296e-16
7.7250000000000005,0.62470379123499908,1,sr,4.599e-16
7.7375000000000007,0.62575379105866902,1,sr,2.590e-16
7.7500000000000009,0.62678882593366059,1,sr,2.654e-15
7.7625000000000002,0.62780885245587437,1,sr,2.655e-15
7.7750000000000004,0.62881383730139895,1,sr,6.359e-16
7.7875000000000005,0.62980375689711632,1,sr,1.100e-15
7.8000000000000007,0.6307785970922235,1,sr,1.218e-15
7.8125000000000009,0.63173835283159596,1,sr,3.136e-15
7.8250000000000002,0.63268302783178609,1,sr,3.608e-15
7.8375000000000004,0.63361263426038272,1,sr,1.693e-15
7.8500000000000005,0.63452719241942812,1,sr,9.339e-16
7.8625000000000007,0.63542673041693465,1,sr,7.020e-11
7.8750000000000009,0.63631128394257286,1,sr,2.343e-15
7.8875000000000002,0.63718089580145787,1,sr,4.871e-15
7.9000000000000004,0.63803561578397605,1,sr,3.350e-15
7.9125000000000005,0.63887550029445439,1,sr,1.237e-15
7.9250000000000007,0.63970061208552986,1,sr,1.003e-15
7.9375000000000009,0.64051101998290627,1,sr,2.364e-16
7.9500000000000002,0.64130679861724393,1,sr,3.316e-15
7.9625000000000004,0.64208802816333499,1,sr,5.339e-15
7.9750000000000005,0.64285479408668089,1,sr,2.499e-15
7.9875000000000007,0.6436071868975578,1,sr,1.191e-15
8,0.64434530191265793,1,sr,1.193e-16
8.0124999999999993,0.64506923902542868,1,sr,5.248e-12
8.0250000000000004,0.64577910247713965,1,sr,1.857e-15
8.0374999999999996,0.64647500065266039,1,sr,3.483e-15
8.0499999999999989,0.64715704586086953,1,sr,4.873e-15
8.0625,0.64782535413966436,1,sr,4.761e-15
8.0749999999999993,0.64848004506145795,1,sr,7.246e-16
8.0875000000000004,0.64912124154710316,1,sr,4.235e-16
8.0999999999999996,0.64974906968693802,1,sr,3.638e-16
8.1124999999999989,0.65036365854712475,1,sr,1.047e-10
8.125,0.65096514011336226,1,sr,8.522e-16
8.1374999999999993,0.65155364891512191,1,sr,2.379e-15
8.1500000000000004,0.65212932209144614,1,sr,5.318e-15
8.1624999999999996,0.65269229913696547,1,sr,2.636e-15
8.1749999999999989,0.65324272178467258,1,sr,1.718e-15
8.1875,0.65378073387308311,1,sr,1.353e-15
8.1999999999999993,0.65430648121932167,1,sr,1.294e-15
8.2125000000000004,0.65482011149799391,1,sr,6.792e-16
8.2249999999999996,0.65532177414569925,1,sr,1.016e-10
8.2374999999999989,0.65581162015074768,1,sr,9.918e-16
8.25,0.65628980214870736,1,sr,8.075e-16
8.2624999999999993,0.65675647412228366,1,sr,2.178e-15
8.2750000000000004,0.65721179140668895,1,sr,3.492e-15
8.2874999999999996,0.65765591057953621,1,sr,3.624e-15
8.2999999999999989,0.6580889893753521,1,sr,3.130e-16
8.3125,0.65851118660452668,1,sr,4.391e-16
8.3249999999999993,0.65892266207651107,1,sr,5.028e-16
8.3375000000000004,0.65932357652712614,1,sr,2.519e-16
8.3499999999999996,0.65971409154982052,1,sr,1.262e-16
8.3624999999999989,0.66009436953191714,1,sr,6.409e-12
8.375,0.6604645736121475,1,sr,1.338e-10
8.3874999999999993,0.66082486751082836,1,sr,3.965e-16
8.4000000000000004,0.66117541571143323,1,sr,2.206e-16
8.4124999999999996,0.66151638316743433,1,sr,1.914e-15
8.4249999999999989,0.66184793537697051,1,sr,1.659e-15
8.4375,0.66217023831291633,1,sr,7.669e-16
8.4499999999999993,0.66248345838058276,1,sr,6.402e-16
8.4625000000000004,0.6627877623781363,1,sr,1.988e-15
8.4749999999999996,0.66308331745961557,1,sr,3.212e-16
8.4874999999999989,0.66337029110042955,1,sr,4.504e-16
8.5,0.66364885106523264,1,sr,1.284e-16
8.5124999999999993,0.66391916537806128,1,sr,5.810e-16
8.5250000000000004,0.6641814023057333,1,sr,6.320e-11
8.5374999999999996,0.66443573026171399,1,sr,8.565e-11
8.5499999999999989,0.66468231796483701,1,sr,2.032e-11
8.5625,0.66492133417418853,1,sr,7.998e-13
8.5749999999999993,0.66515294783955381,1,sr,9.467e-13
8.5875000000000004,0.66537732803224847,1,sr,2.133e-12
8.5999999999999996,0.66559464392824075,1,sr,2.723e-11
8.6124999999999989,0.66580506479378998,1,sr,9.402e-11
8.625,0.66600875992154462,1,sr,7.082e-11
8.6374999999999993,0.66620589879462766,1,sr,7.208e-16
8.6500000000000004,0.66639665081683763,1,sr,1.312e-16
8.6624999999999996,0.66658118549926126,1,sr,2.262e-16
8.6749999999999989,0.66675967237500022,1,sr,1.316e-15
8.6875,0.66693228100352431,1,sr,3.293e-16
8.6999999999999993,0.66709918096394449,1,sr,6.595e-16
8.7125000000000004,0.66726054184922923,1,sr,3.301e-16
8.7249999999999996,0.66741653326128136,1,sr,2.710e-15
8.7374999999999989,0.66756732480683356,1,sr,1.125e-15
8.75,0.66771308609407931,1,sr,2.650e-15
8.7624999999999993,0.66785398672999463,1,sr,1.061e-15
8.7750000000000004,0.66799019631828327,1,sr,2.290e-15
8.7874999999999996,0.66812188445788523,1,sr,9.966e-17
8.7999999999999989,0.66824922074199489,1,sr,1.396e-15
8.8125,0.66837237475752564,1,sr,3.095e-15
8.8249999999999993,0.66849151608496915,1,sr,2.598e-15
8.8375000000000004,0.66860681429858759,1,sr,2.433e-15
8.8499999999999996,0.66871843896688565,1,sr,2.971e-15
8.8624999999999989,0.6688265596533004,1,sr,1.602e-15
8.875,0.66893134591706016,1,sr,3.443e-15
8.8874999999999993,0.66903296731414641,1,sr,1.972e-15
8.9000000000000004,0.66913159339830963,1,sr,4.683e-16
8.9124999999999996,0.66922739372207396,1,sr,1.406e-15
8.9249999999999989,0.66932053783767598,1,sr,1.005e-16
8.9375,0.66941119529788273,1,sr,6.957e-16
8.9499999999999993,0.66949953565661779,1,sr,6.703e-17
8.9625000000000004,0.66958572846934594,1,sr,1.542e-15
8.9749999999999996,0.6696699432956339,1,sr,1.551e-11
8.9874999999999989,0.66975234970785047,1,sr,1.338e-10
9,0.66983311719434602,1,sr,8.645e-11
9.0124999999999993,0.66991241541269364,1,sr,2.534e-11
9.0250000000000004,0.66999041386798852,1,sr,3.221e-13
9.0374999999999996,0.67006728213414779,1,sr,1.319e-10
9.0499999999999989,0.67014318969488973,1,sr,6.801e-16
9.0625,0.67021830614448685,1,sr,9.236e-17
9.0749999999999993,0.6702928009761886,1,sr,1.870e-15
9.0875000000000004,0.67036684368185173,1,sr,3.285e-16
9.0999999999999996,0.67044060372415937,1,sr,2.239e-15
9.1124999999999989,0.67051425052880553,1,sr,3.220e-16
9.125,0.67058795347550426,1,sr,2.657e-15
9.1374999999999993,0.67066188188774489,1,sr,1.280e-15
9.1500000000000004,0.67073620502119347,1,sr,1.930e-15
9.1624999999999996,0.67081109205066103,1,sr,1.694e-15
9.1749999999999989,0.6708867120555414,1,sr,3.589e-15
9.1875,0.67096323400362401,1,sr,3.185e-15
9.1999999999999993,0.67104082673318133,1,sr,5.580e-15
9.2125000000000004,0.67111965893323888,1,sr,8.492e-15
9.2249999999999996,0.67119989912191502,1,sr,1.192e-14
9.2374999999999989,0.67128171562273353,1,sr,1.502e-14
9.25,0.67136527653879541,1,sr,2.027e-14
9.2624999999999993,0.67145074972470786,1,sr,2.273e-14
9.2750000000000004,0.67153830275614923,1,sr,2.979e-14
9.2874999999999996,0.67162810289696362,1,sr,3.718e-14
9.2999999999999989,0.67172031706366575,1,sr,4.219e-14
9.3125,0.67181511178723707,1,sr,5.261e-14
9.3249999999999993,0.67191265317209981,1,sr,6.159e-14
9.3375000000000004,0.67201310685214011,1,sr,7.068e-14
9.3499999999999996,0.6721166379436645,1,sr,8.042e-14
9.3624999999999989,0.67222341099516858,1,sr,9.302e-14
9.375,0.67233358993378745,1,sr,1.069e-13
9.3874999999999993,0.67244733800831613,1,sr,1.193e-13
9.4000000000000004,0.67256481772870902,1,sr,1.308e-13
9.4124999999999996,0.67268619080169378,1,sr,1.292e-13
9.4249999999999989,0.67281161806300216,1,sr,1.263e-13
9.4375,0.67294125940527005,1,sr,1.218e-13
9.4499999999999993,0.67307527370211406,1,sr,1.137e-13
9.4625000000000004,0.67321381872801933,1,sr,1.033e-13
9.4749999999999996,0.67335705107398125,1,sr,9.130e-14
9.4874999999999989,0.67350512605879198,1,sr,7.956e-14
9.5,0.67365819763587675,1,sr,6.288e-14
9.5124999999999993,0.6738164182955928,1,sr,4.886e-14
9.5250000000000004,0.67397993896290365,1,sr,3.513e-14
9.5374999999999996,0.67414890889035928,1,sr,2.439e-14
9.5499999999999989,0.67432347554631655,1,sr,1.348e-14
9.5625,0.67450378449834991,1,sr,4.614e-15
9.5749999999999993,0.67468997929180763,1,sr,1.103e-15
9.5875000000000004,0.67488220131134868,1,sr,7.192e-11
9.5999999999999996,0.67508058971043583,1,sr,1.879e-15
9.6125000000000007,0.67528528115383235,1,sr,1.162e-15
9.625,0.67549640979804393,1,sr,8.376e-16
9.6374999999999993,0.67571410708483282,1,sr,2.701e-15
9.6500000000000004,0.67593850160281133,1,sr,8.860e-15
9.6624999999999996,0.67616971893222133,1,sr,1.525e-14
9.6750000000000007,0.67640788148513931,1,sr,2.667e-14
9.6875,0.67665310834125036,1,sr,4.040e-14
9.6999999999999993,0.67690551507933916,1,sr,6.154e-14
9.7125000000000004,0.6771652136046965,1,sr,8.252e-14
9.7249999999999996,0.67743231197264742,1,sr,1.037e-13
9.7375000000000007,0.67770691420849849,1,sr,1.059e-13
9.75,0.67798912012393631,1,sr,9.041e-14
9.7624999999999993,0.67827902513079641,1,sr,7.364e-14
9.7750000000000004,0.67857672005174952,1,sr,5.090e-14
9.7874999999999996,0.67888229092888486,1,sr,2.901e-14
9.8000000000000007,0.67919581883037283,1,sr,1.529e-14
9.8125,0.67951737965569781,1,sr,1.125e-15
9.8249999999999993,0.67984704392481321,1,sr,8.456e-11
9.8375000000000004,0.68018487665780913,1,sr,1.120e-15
9.8499999999999996,0.68053093702743728,1,sr,8.073e-16
9.8625000000000007,0.68088527831548973,1,sr,2.974e-15
9.875,0.68124794764327024,1,sr,1.014e-14
9.8874999999999993,0.68161898579507318,1,sr,2.270e-14
9.9000000000000004,0.68199842702930091,1,sr,3.840e-14
9.9124999999999996,0.68238629889311186,1,sr,5.471e-14
9.9250000000000007,0.68278262204138929,1,sr,5.471e-14
9.9375,0.68318741006069406,1,sr,4.089e-14
9.9499999999999993,0.68360066929936059,1,sr,2.689e-14
9.9625000000000004,0.6840223987041264,1,sr,1.217e-14
9.9749999999999996,0.68445258966448497,1,sr,2.188e-15
9.9875000000000007,0.68489122586004458,1,sr,2.920e-11
10,0.685338283150008,1,sr,1.033e-15
1.425,14.786938220734466,2,sr,2.506e-14
1.4375,14.492952880316738,2,sr,1.131e-14
1.45,14.206299735096234,2,sr,3.970e-15
1.4625000000000001,13.926743498559658,2,sr,4.734e-15
1.4750000000000001,13.654059838958251,2,sr,1.722e-14
1.4875,13.388034838539671,2,sr,7.381e-15
1.5,13.128464480041142,2,sr,1.602e-14
1.5125,12.875154158292336,2,sr,1.750e-12
1.5250000000000001,12.627918214939323,2,sr,4.207e-15
1.5375000000000001,12.386579494475791,2,sr,1.909e-11
1.55,12.150968919975019,2,sr,3.399e-11
1.5625,11.920925086702537,2,sr,2.819e-11
1.575,11.696293872883365,2,sr,4.094e-11
1.5875000000000001,11.476928065526034,2,sr,2.407e-11
1.6000000000000001,11.262687001128072,2,sr,3.360e-15
1.6125,11.053436219216721,2,sr,2.635e-15
1.625,10.849047129060871,2,sr,2.260e-15
1.6375,10.649396687882984,2,sr,2.533e-15
1.6500000000000001,10.454367090430052,2,sr,2.175e-15
1.6625000000000001,10.263845469274177,2,sr,6.099e-15
1.675,10.077723605462518,2,sr,7.487e-15
1.6875,9.8958976492270665,2,sr,9.410e-12
1.7,9.7182678504948399,2,sr,1.735e-15
1.7125000000000001,9.5447382992456031,2,sr,1.404e-11
1.7250000000000001,9.3752166753181303,2,sr,5.614e-13
1.7375,9.2096140081912061,2,sr,5.502e-16
1.75,9.0478444462379208,2,sr,3.791e-15
1.7625,8.8898250360002997,2,sr,1.690e-11
1.7750000000000001,8.7354755114952027,2,sr,1.733e-12
1.7875000000000001,8.5847180934463196,2,sr,1.109e-11
1.8,8.437477299130105,2,sr,1.267e-11
1.8125,8.2936797625189431,2,sr,5.035e-16
1.825,8.1532540651474239,2,sr,6.708e-15
1.8375000000000001,8.016130577615888,2,sr,4.936e-12
1.8500000000000001,7.8822413120374275,2,sr,9.251e-12
1.8625,7.7515197853247173,2,sr,6.299e-12
1.875,7.6239008933677059,2,sr,2.603e-15
1.8875,7.4993207960060735,2,sr,2.104e-15
1.9000000000000001,7.3777168126733148,2,sr,1.618e-15
1.9125000000000001,7.2590273286017402,2,sr,4.575e-16
1.925,7.1431917112617791,2,sr,2.264e-16
1.9375,7.0301502367702815,2,sr,8.631e-14
1.95,6.9198440258870537,2,sr,7.468e-12
1.9625000000000001,6.8122149892561277,2,sr,5.361e-12
1.9750000000000001,6.7072057811810222,2,sr,5.084e-12
1.9875,6.6047597618319047,2,sr,1.577e-11
2,6.5048209670357746,2,sr,8.597e-12
2.0125000000000002,6.4073340849314881,2,sr,4.498e-12
2.0250000000000004,6.3122444393563049,2,sr,4.253e-12
2.0375000000000001,6.2194979790315932,2,sr,1.258e-15
2.0500000000000003,6.1290412719121008,2,sr,8.328e-16
2.0625000000000004,6.0408215041795703,2,sr,1.151e-12
2.0750000000000002,5.9547864832615005,2,sr,1.021e-11
2.0875000000000004,5.8708846443490978,2,sr,1.208e-12
2.1000000000000001,5.7890650595092836,2,sr,0.000e+00
2.1125000000000003,5.7092774494290337,2,sr,8.079e-16
2.1250000000000004,5.6314721966890371,2,sr,2.234e-12
2.1375000000000002,5.5556003604341599,2,sr,5.586e-13
2.1500000000000004,5.4816136919251992,2,sr,2.334e-12
2.1625000000000001,5.4094646504751198,2,sr,3.961e-16
2.1750000000000003,5.339106419557897,2,sr,2.761e-15
2.1875000000000004,5.2704929226096073,2,sr,3.559e-13
2.2000000000000002,5.2035788383573038,2,sr,1.957e-16
2.2125000000000004,5.1383196153733932,2,sr,1.170e-15
2.2250000000000001,5.0746714856764612,2,sr,1.603e-11
2.2375000000000003,5.0125914770575903,2,sr,1.110e-16
2.2500000000000004,4.9520374244813228,2,sr,2.400e-12
2.2625000000000002,4.8929679796116332,2,sr,1.925e-16
2.2750000000000004,4.8353426192828666,2,sr,1.618e-13
2.2875000000000001,4.7791216522466105,2,sr,1.053e-15
2.3000000000000003,4.7242662244608962,2,sr,1.911e-16
2.3125000000000004,4.6707383228112809,2,sr,6.076e-13
2.3250000000000002,4.6185007773034439,2,sr,4.756e-16
2.3375000000000004,4.567517261766441,2,sr,4.747e-16
2.3500000000000001,4.5177522930793268,2,sr,7.582e-16
2.3625000000000003,4.4691712290057737,2,sr,1.798e-15
2.3750000000000004,4.4217402646834465,2,sr,1.921e-12
2.3875000000000002,4.3754264278250696,2,sr,2.253e-13
2.4000000000000004,4.330197572762132,2,sr,5.372e-14
2.4125000000000005,4.2860223733203782,2,sr,9.775e-13
2.4250000000000003,4.2428703146868729,2,sr,1.129e-15
2.4375000000000004,4.2007116843319796,2,sr,5.510e-13
2.4500000000000002,4.1595175620353793,2,sr,3.911e-12
2.4625000000000004,4.1192598091230979,2,sr,8.446e-16
2.4750000000000005,4.0799110570548338,2,sr,1.145e-12
2.4875000000000003,4.0414446952956276,2,sr,1.588e-12
2.5000000000000004,4.0038348586753809,2,sr,1.125e-15
2.5125000000000002,3.967056414303999,2,sr,2.239e-12
2.5250000000000004,3.9310849479941399,2,sr,1.108e-12
2.5375000000000005,3.8958967504199666,2,sr,8.376e-13
2.5500000000000003,3.8614688029322339,2,sr,1.685e-12
2.5625000000000004,3.8277787631684421,2,sr,3.746e-16
2.5750000000000002,3.7948049504985799,2,sr,5.410e-12
2.5875000000000004,3.7625263313568258,2,sr,2.811e-16
2.6000000000000005,3.7309225044162808,2,sr,9.274e-13
2.6125000000000003,3.6999736858557086,2,sr,1.026e-13
2.6250000000000004,3.6696606945198837,2,sr,1.614e-11
2.6375000000000002,3.6399649372644327,2,sr,1.848e-13
2.6500000000000004,3.6108683940657702,2,sr,8.971e-13
2.6625000000000005,3.5823536036428174,2,sr,2.766e-12
2.6750000000000003,3.5544036488840747,2,sr,1.880e-16
2.6875000000000004,3.5270021425809337,2,sr,2.658e-12
2.7000000000000002,3.5001332132331817,2,sr,3.078e-14
2.7125000000000004,3.4737814911372604,2,sr,1.036e-15
2.7250000000000005,3.4479320945862897,2,sr,1.886e-16
2.7375000000000003,3.4225706163375342,2,sr,8.493e-16
2.7500000000000004,3.3976831102844547,2,sr,2.834e-16
2.7625000000000002,3.3732560783659524,2,sr,1.135e-15
2.7750000000000004,3.3492764577174459,2,sr,4.732e-16
2.7875000000000005,3.3257316080711661,2,sr,8.426e-13
2.8000000000000003,3.3026092994034677,2,sr,1.612e-15
2.8125000000000004,3.2798976998524187,2,sr,1.760e-12
2.8250000000000002,3.257585363887201,2,sr,3.803e-16
2.8375000000000004,3.2356612207236086,2,sr,7.791e-13
2.8500000000000005,3.2141145630323535,2,sr,6.671e-16
2.8625000000000003,3.1929350358929316,2,sr,3.070e-16
2.8750000000000004,3.1721126260079138,2,sr,3.821e-12
2.8875000000000002,3.1516376511666855,2,sr,3.184e-12
2.9000000000000004,3.1315007500101926,2,sr,2.967e-12
2.9125000000000005,3.1116928720033843,2,sr,3.464e-12
2.9250000000000003,3.0922052676869312,2,sr,4.316e-12
2.9375000000000004,3.073029479170482,2,sr,9.619e-17
2.9500000000000002,3.0541573309012717,2,sr,3.853e-16
2.9625000000000004,3.035580920623409,2,sr,8.019e-13
2.9750000000000005,3.017292610630343,2,sr,4.855e-12
2.9875000000000003,2.9992850192106801,2,sr,2.902e-16
3.0000000000000004,2.9815510123971878,2,sr,3.777e-12
3.0125000000000002,2.9640836958283008,2,sr,9.703e-17
3.0250000000000004,2.9468764069733684,2,sr,4.786e-12
3.0375000000000005,2.9299227074355363,2,sr,1.234e-12
3.0500000000000003,2.9132163756193892,2,sr,9.747e-17
3.0625000000000004,2.8967513994714009,2,sr,4.866e-12
3.0750000000000002,2.8805219695037159,2,sr,8.351e-13
3.0875000000000004,2.8645224720461622,2,sr,4.956e-12
3.1000000000000005,2.8487474825927634,2,sr,1.373e-15
3.1125000000000003,2.8331917594738956,2,sr,1.277e-15
3.1250000000000004,2.817850237601466,2,sr,0.000e+00
3.1375000000000002,2.802718022474564,2,sr,6.897e-16
3.1500000000000004,2.7877903843374838,2,sr,5.920e-16
3.1625000000000005,2.7730627525200253,2,sr,5.930e-16
3.1750000000000003,2.7585307099509033,2,sr,5.939e-16
3.1875000000000004,2.7441899878401701,2,sr,3.174e-16
3.2000000000000002,2.7300364605265872,2,sr,6.453e-15
3.2125000000000004,2.7160661404891524,2,sr,3.515e-12
3.2250000000000005,2.7022751735034487,2,sr,7.939e-12
3.2375000000000003,2.6886598339560241,2,sr,4.987e-16
3.2500000000000004,2.6752165203526599,2,sr,2.281e-13
3.2625000000000002,2.6619417508805845,2,sr,7.747e-12
3.2750000000000004,2.6488321591637529,2,sr,1.002e-15
3.2875000000000005,2.6358844902184906,2,sr,3.001e-12
3.3000000000000003,2.6230955963988838,2,sr,5.024e-16
3.3125000000000004,2.6104624336168354,2,sr,1.032e-12
3.3250000000000002,2.5979820575895163,2,sr,4.535e-16
3.3375000000000004,2.5856516202725959,2,sr,1.954e-12
3.3500000000000005,2.5734683663701121,2,sr,2.021e-16
3.3625000000000003,2.5614296300083188,2,sr,6.614e-12
3.3750000000000004,2.5495328314640862,2,sr,1.542e-11
3.3875000000000002,2.5377754740362608,2,sr,1.522e-16
3.4000000000000004,2.5261551411007814,2,sr,5.225e-12
3.4125000000000005,2.5146694930536952,2,sr,2.229e-11
3.4250000000000003,2.5033162646893463,2,sr,1.274e-15
3.4375000000000004,2.4920932622543872,2,sr,1.033e-11
3.4500000000000002,2.4809983609926434,2,sr,4.441e-12
3.4625000000000004,2.4700295025871268,2,sr,5.830e-15
3.4750000000000005,2.459184692692415,2,sr,8.704e-16
3.4875000000000003,2.4484619985898264,2,sr,3.076e-16
3.5000000000000004,2.4378595469302708,2,sr,4.106e-16
3.5125000000000002,2.4273755215549464,2,sr,1.155e-11
3.5250000000000004,2.4170081613536909,2,sr,1.073e-11
3.5375000000000005,2.4067557582915482,2,sr,9.652e-12
3.5500000000000003,2.3966166554176316,2,sr,8.913e-12
3.5625000000000004,2.3865892449913555,2,sr,8.773e-12
3.5750000000000002,2.3766719666696585,2,sr,9.270e-12
3.5875000000000004,2.3668633057614268,2,sr,1.027e-11
3.6000000000000005,2.3571617915468797,2,sr,1.137e-11
3.6125000000000003,2.3475659956511952,2,sr,1.036e-16
3.6250000000000004,2.3380745305229946,2,sr,3.630e-16
3.6375000000000002,2.328686047883731,2,sr,3.633e-16
3.6500000000000004,2.3193992373405701,2,sr,2.861e-11
3.6625000000000005,2.3102128248893221,2,sr,2.920e-13
3.6750000000000003,2.3011255717871553,2,sr,5.382e-12
3.6875000000000004,2.2921362730559847,2,sr,1.074e-11
3.7000000000000002,2.283243756348742,2,sr,4.690e-16
3.7125000000000004,2.2744468807620244,2,sr,2.686e-11
3.7250000000000005,2.2657445357332975,2,sr,2.612e-12
3.7375000000000003,2.2571356397900186,2,sr,9.956e-12
3.7500000000000004,2.2486191396570856,2,sr,3.657e-16
3.7625000000000002,2.2401940092005397,2,sr,2.039e-13
3.7750000000000004,2.2318592484176354,2,sr,8.211e-12
3.7875000000000005,2.2236138825064282,2,sr,1.622e-15
3.8000000000000003,2.2154569610132335,2,sr,8.948e-13
3.8125000000000004,2.2073875569159713,2,sr,8.450e-12
3.8250000000000002,2.1994047657898288,2,sr,1.318e-11
3.8375000000000004,2.1915077050992804,2,sr,5.107e-12
3.8500000000000005,2.1836955132508149,2,sr,3.712e-11
3.8625000000000003,2.1759673491240172,2,sr,2.297e-12
3.8750000000000004,2.1683223910096765,2,sr,3.618e-11
3.8875000000000002,2.1607598363261622,2,sr,1.223e-12
3.9000000000000004,2.1532789005763555,2,sr,2.248e-11
3.9125000000000005,2.14587881706206,2,sr,1.118e-12
3.9250000000000003,2.1385588360024737,2,sr,8.843e-12
3.9375000000000004,2.1313182241587056,2,sr,1.266e-12
3.9500000000000002,2.1241562641358178,2,sr,1.373e-12
3.9625000000000004,2.1170722539321845,2,sr,8.860e-13
3.9750000000000005,2.1100655063757703,2,sr,1.662e-15
3.9875000000000003,2.1031353486514668,2,sr,1.176e-13
4,2.0962811218144717,2,sr,1.131e-12
4.0125000000000002,2.0895021803307583,2,sr,1.412e-13
4.0250000000000004,2.0827978916413135,2,sr,3.065e-12
4.0375000000000005,2.0761676357436567,2,sr,8.396e-12
4.0500000000000007,2.069610804743395,2,sr,3.281e-13
4.0625,2.0631268025267224,2,sr,5.324e-12
4.0750000000000002,2.0567150443595654,2,sr,4.003e-11
4.0875000000000004,2.0503749564031004,2,sr,4.101e-12
4.1000000000000005,2.0441059756127995,2,sr,3.027e-12
4.1125000000000007,2.0379075491724379,2,sr,1.032e-11
4.125,2.0317791342781208,2,sr,2.617e-16
4.1375000000000002,2.0257201977859625,2,sr,2.960e-11
4.1500000000000004,2.0197302158704979,2,sr,5.550e-13
4.1625000000000005,2.0138086738727883,2,sr,8.098e-12
4.1750000000000007,2.0079550658604979,2,sr,1.630e-11
4.1875,2.0021688944439373,2,sr,1.827e-16
4.2000000000000002,1.9964496704447008,2,sr,1.486e-15
4.2125000000000004,1.9907969127071137,2,sr,5.943e-12
4.2250000000000005,1.9852101478286959,2,sr,7.424e-12
4.2375000000000007,1.9796889098728629,2,sr,1.265e-12
4.25,1.9742327402119886,2,sr,6.797e-12
4.2625000000000002,1.9688411872456411,2,sr,1.374e-11
4.2750000000000004,1.9635138062013191,2,sr,2.024e-11
4.2875000000000005,1.9582501589162051,2,sr,2.554e-11
4.3000000000000007,1.9530498136292214,2,sr,2.960e-11
4.3125,1.9479123447783933,2,sr,3.263e-11
4.3250000000000002,1.942837332803143,2,sr,3.492e-11
4.3375000000000004,1.9378243639512114,2,sr,3.667e-11
4.3500000000000005,1.9328730300898787,2,sr,3.785e-11
4.3625000000000007,1.9279829285211698,2,sr,3.819e-11
4.375,1.9231536618007412,2,sr,3.712e-11
4.3875000000000002,1.9183848375601029,2,sr,3.387e-11
4.4000000000000004,1.9136760683318417,2,sr,2.772e-11
4.4125000000000005,1.9090269713774637,2,sr,1.851e-11
4.4250000000000007,1.9044371685174772,2,sr,7.728e-12
4.4375,1.8999062859632989,2,sr,2.679e-13
4.4500000000000002,1.8954339541545322,2,sr,5.228e-16
4.4625000000000004,1.8910198076008533,2,sr,1.174e-15
4.4750000000000005,1.8866634847102726,2,sr,4.586e-16
4.4875000000000007,1.8823646276317247,2,sr,5.088e-17
4.5,1.8781228821159655,2,sr,3.789e-11
4.5125000000000002,1.8739378972370089,2,sr,2.741e-11
4.5250000000000004,1.8698093255157251,2,sr,1.335e-12
4.5375000000000005,1.8657368224059558,2,sr,9.104e-16
4.5500000000000007,1.8617200463826746,2,sr,1.515e-16
4.5625,1.8577586587066877,2,sr,2.345e-11
4.5750000000000002,1.8538523231927497,2,sr,3.493e-11
4.5875000000000004,1.8500007062732797,2,sr,1.005e-16
4.6000000000000005,1.8462034765170787,2,sr,6.021e-16
4.6125000000000007,1.8424603047213148,2,sr,4.007e-16
4.625,1.838770863615464,2,sr,4.200e-11
4.6375000000000002,1.8351348278421313,2,sr,2.485e-11
4.6500000000000004,1.8315518734913645,2,sr,4.983e-16
4.6625000000000005,1.8280216783040752,2,sr,1.675e-11
4.6750000000000007,1.8245439211979517,2,sr,8.958e-12
4.6875,1.8211182822982992,2,sr,8.921e-16
4.7000000000000002,1.8177444426091875,2,sr,6.798e-12
4.7125000000000004,1.8144220838999441,2,sr,1.434e-11
4.7250000000000005,1.8111508885628318,2,sr,1.286e-15
4.7375000000000007,1.8079305393175957,2,sr,6.634e-12
4.75,1.8047607190964452,2,sr,2.963e-12
4.7625000000000002,1.8016411108494581,2,sr,5.881e-16
4.7750000000000004,1.7985713973159498,2,sr,2.944e-11
4.7875000000000005,1.7955512607738657,2,sr,1.855e-15
4.8000000000000007,1.7925803829803721,2,sr,9.745e-17
4.8125000000000009,1.7896584447955983,2,sr,6.142e-12
4.8250000000000002,1.7867851260618883,2,sr,9.706e-17
4.8375000000000004,1.7839601053077083,2,sr,4.228e-11
4.8500000000000005,1.7811830596693861,2,sr,5.801e-16
4.8625000000000007,1.7784536644186513,2,sr,1.814e-11
4.8750000000000009,1.7757715929098103,2,sr,1.637e-15
4.8875000000000002,1.7731365163205555,2,sr,2.052e-12
4.9000000000000004,1.7705481033202273,2,sr,2.877e-16
4.9125000000000005,1.7680060198759757,2,sr,9.570e-17
4.9250000000000007,1.765509928970783,2,sr,1.337e-15
4.9375000000000009,1.7630594903427574,2,sr,2.859e-16
4.9500000000000002,1.7606543602119762,2,sr,4.756e-16
4.9625000000000004,1.7582941910061081,2,sr,6.016e-12
4.9750000000000005,1.7559786310603442,2,sr,7.578e-16
4.9875000000000007,1.7537073243778436,2,sr,2.865e-11
5.0000000000000009,1.7514799102220266,2,sr,4.717e-16
5.0125000000000002,1.7492960229795702,2,sr,2.423e-11
5.0250000000000004,1.7471552917600484,2,sr,6.576e-16
5.0375000000000005,1.7450573400353744,2,sr,9.202e-12
5.0500000000000007,1.7430017854185216,2,sr,1.216e-15
5.0625000000000009,1.740988239327903,2,sr,6.536e-16
5.0750000000000002,1.7390163066023299,2,sr,4.123e-11
5.0875000000000004,1.7370855853153273,2,sr,6.509e-16
5.1000000000000005,1.7351956662064891,2,sr,4.771e-16
5.1125000000000007,1.7333461325840218,2,sr,7.738e-12
5.1250000000000009,1.731536559849939,2,sr,4.622e-16
5.1375000000000002,1.7297665152266419,2,sr,3.185e-12
5.1500000000000004,1.7280355573821187,2,sr,6.445e-16
5.1625000000000005,1.7263432360930788,2,sr,1.378e-15
5.1750000000000007,1.7246890919150417,2,sr,5.365e-12
5.1875000000000009,1.7230726558489524,2,sr,2.288e-16
5.2000000000000002,1.7214934489744758,2,sr,7.309e-16
5.2125000000000004,1.719950982145493,2,sr,1.450e-13
5.2250000000000005,1.7184447556531488,2,sr,1.609e-11
5.2375000000000007,1.7169742588553842,2,sr,1.110e-16
5.2500000000000009,1.7155389699500909,2,sr,4.988e-16
5.2625000000000002,1.714138355551621,2,sr,3.019e-11
5.2750000000000004,1.7127718705202946,2,sr,0.000e+00
5.2875000000000005,1.7114389574841489,2,sr,5.864e-16
5.3000000000000007,1.7101390467132489,2,sr,3.069e-11
5.3125000000000009,1.7088715558769727,2,sr,4.261e-11
5.3250000000000002,1.7076358895039241,2,sr,2.020e-15
5.3375000000000004,1.7064314391707955,2,sr,1.255e-15
5.3500000000000005,1.7052575829446206,2,sr,4.027e-16
5.3625000000000007,1.7041136853084125,2,sr,2.821e-11
5.3750000000000009,1.7029990970466746,2,sr,9.329e-12
5.3875000000000002,1.7019131548983804,2,sr,4.009e-16
5.4000000000000004,1.7008551816493003,2,sr,4.448e-17
5.4125000000000005,1.6998244858933289,2,sr,1.408e-12
5.4250000000000007,1.6988203619870796,2,sr,3.940e-11
5.4375000000000009,1.6978420901217774,2,sr,1.243e-11
5.4500000000000002,1.696888936057523,2,sr,2.655e-16
5.4625000000000004,1.6959601514578784,2,sr,5.303e-16
5.4750000000000005,1.6950549737750875,2,sr,7.414e-12
5.4875000000000007,1.6941726263861814,2,sr,2.070e-11
5.5000000000000009,1.6933123188619978,2,sr,3.061e-11
5.5125000000000002,1.6924732469050927,2,sr,6.601e-16
5.5250000000000004,1.6916545929195925,2,sr,0.000e+00
5.5375000000000005,1.6908555260524003,2,sr,2.416e-16
5.5500000000000007,1.6900752026425712,2,sr,1.210e-11
5.5625000000000009,1.6893127665480667,2,sr,1.308e-11
5.5750000000000002,1.6885673496751796,2,sr,3.800e-11
5.5875000000000004,1.6878380724529536,2,sr,3.002e-11
5.6000000000000005,1.6871240441771356,2,sr,6.784e-16
5.6125000000000007,1.686424363972189,2,sr,8.531e-16
5.6250000000000009,1.6857381211611608,2,sr,1.421e-15
5.6375000000000002,1.6850643960929439,2,sr,7.201e-12
5.6500000000000004,1.684402260862508,2,sr,8.335e-12
5.6625000000000005,1.6837507801824936,2,sr,2.567e-11
5.6750000000000007,1.6831090122156123,2,sr,3.921e-11
5.6875000000000009,1.6824760095341049,2,sr,5.458e-16
5.7000000000000002,1.6818508199843623,2,sr,3.547e-16
5.7125000000000004,1.6812324878739471,2,sr,1.010e-15
5.7250000000000005,1.6806200549403607,2,sr,1.283e-16
5.7375000000000007,1.6800125614898924,2,sr,1.969e-13
5.7500000000000009,1.6794090475501982,2,sr,6.113e-12
5.7625000000000002,1.678808554074279,2,sr,1.788e-11
5.7750000000000004,1.6782101241698184,2,sr,2.763e-11
5.7875000000000005,1.6776128043545091,2,sr,3.135e-11
5.8000000000000007,1.6770156458612131,2,sr,1.640e-16
5.8125000000000009,1.6764177058772425,2,sr,4.595e-16
5.8250000000000002,1.6758180489877945,2,sr,8.176e-16
5.8375000000000004,1.6752157484608277,2,sr,3.376e-11
5.8500000000000005,1.6746098875143824,2,sr,2.040e-12
5.8625000000000007,1.6739995608681975,2,sr,9.661e-12
5.8750000000000009,1.673383875899926,2,sr,1.723e-11
5.8875000000000002,1.672761954078954,2,sr,2.100e-11
5.9000000000000004,1.6721329322842928,2,sr,1.100e-16
5.9125000000000005,1.6714959640627036,2,sr,6.828e-16
5.9250000000000007,1.6708502209883527,2,sr,9.041e-16
5.9375000000000009,1.6701948938698363,2,sr,1.269e-11
5.9500000000000002,1.6695291939394945,2,sr,1.800e-12
5.9625000000000004,1.6688523541009441,2,sr,7.257e-12
5.9750000000000005,1.6681636299861848,2,sr,1.170e-11
5.9875000000000007,1.6674623010696534,2,sr,8.880e-17
6.0000000000000009,1.6667476716496719,2,sr,4.891e-16
6.0125000000000002,1.6660190718545542,2,sr,8.907e-17
6.0250000000000004,1.6652758585122986,2,sr,7.357e-12
6.0375000000000005,1.6645174159631984,2,sr,9.366e-13
6.0500000000000007,1.6637431568580292,2,sr,3.811e-12
6.0625000000000009,1.6629525228018234,2,sr,5.366e-12
6.0750000000000002,1.6621449849618954,2,sr,3.347e-11
6.0875000000000004,1.6613200446828909,2,sr,1.582e-11
6.1000000000000005,1.6604772337290683,2,sr,1.145e-12
6.1125000000000007,1.6596161149103601,2,sr,2.224e-14
6.1250000000000009,1.658736282202077,2,sr,3.178e-13
6.1375000000000002,1.6578373610066395,2,sr,7.738e-12
6.1500000000000004,1.6569190082983158,2,sr,2.879e-12
6.1625000000000005,1.6559809126263623,2,sr,1.771e-12
6.1750000000000007,1.6550227941392153,2,sr,6.042e-16
6.1875000000000009,1.6540444044337592,2,sr,3.953e-11
6.2000000000000002,1.6530455264843142,2,sr,4.590e-16
6.2125000000000004,1.6520259741946812,2,sr,1.083e-11
6.2250000000000005,1.6509855922617616,2,sr,5.287e-12
6.2375000000000007,1.6499242557300224,2,sr,9.424e-13
6.2500000000000009,1.6488418695393643,2,sr,9.268e-17
6.2625000000000002,1.6477383680155524,2,sr,4.645e-16
6.2750000000000004,1.6466137143305077,2,sr,1.697e-11
6.2875000000000005,1.6454678998430561,2,sr,2.777e-12
6.3000000000000007,1.6443009435171896,2,sr,1.966e-15
6.3125000000000009,1.6431128911461543,2,sr,3.027e-16
6.3250000000000002,1.641903814651468,2,sr,2.944e-11
6.3375000000000004,1.6406738112331833,2,sr,7.699e-12
6.3500000000000005,1.6394230026823891,2,sr,5.676e-16
6.3625000000000007,1.6381515344355653,2,sr,1.328e-15
6.3750000000000009,1.6368595747657675,2,sr,4.025e-11
6.3875000000000002,1.6355473138124743,2,sr,7.410e-12
6.4000000000000004,1.6342149628536677,2,sr,0.000e+00
6.4125000000000005,1.6328627532391204,2,sr,1.246e-15
6.4250000000000007,1.6314909355520477,2,sr,4.299e-11
6.4375000000000009,1.6300997785842242,2,sr,3.934e-13
6.4500000000000002,1.6286895686039455,2,sr,4.832e-16
6.4625000000000004,1.6272606082177081,2,sr,3.652e-11
6.4750000000000005,1.6258132156394454,2,sr,2.337e-11
6.4875000000000007,1.6243477235397386,2,sr,8.769e-16
6.5000000000000009,1.6228644784099382,2,sr,4.885e-16
6.5125000000000002,1.6213638394571646,2,sr,5.443e-11
6.5250000000000004,1.6198461778946991,2,sr,3.999e-11
6.5375000000000005,1.6183118759151598,2,sr,1.083e-15
6.5500000000000007,1.616761325897627,2,sr,2.314e-11
6.5625000000000009,1.6151949296842443,2,sr,2.596e-12
6.5750000000000002,1.6136130976040151,2,sr,7.942e-16
6.5875000000000004,1.6120162478132574,2,sr,9.953e-17
6.6000000000000005,1.6104048054753779,2,sr,1.191e-11
6.6125000000000007,1.6087792020103369,2,sr,9.005e-16
6.6250000000000009,1.6071398744258534,2,sr,1.003e-16
6.6375000000000002,1.6054872645832226,2,sr,1.909e-11
6.6500000000000004,1.6038218185159183,2,sr,9.074e-16
6.6625000000000005,1.6021439858602566,2,sr,1.213e-15
6.6750000000000007,1.6004542191691622,2,sr,1.907e-11
6.6875000000000009,1.5987529733225148,2,sr,1.117e-15
6.7000000000000002,1.5970407050302868,2,sr,2.036e-16
6.7125000000000004,1.5953178722219015,2,sr,1.108e-11
6.7250000000000005,1.5935849335487575,2,sr,1.023e-15
6.7375000000000007,1.5918423479310402,2,sr,5.128e-16
6.7500000000000009,1.5900905740512279,2,sr,1.095e-12
6.7625000000000002,1.588330069934077,2,sr,2.061e-16
6.7750000000000004,1.5865612925309502,2,sr,1.342e-15
6.7875000000000005,1.584784697323568,2,sr,4.140e-16
6.8000000000000007,1.5830007379568782,2,sr,1.660e-15
6.8125000000000009,1.5812098658917251,2,sr,2.079e-16
6.8250000000000002,1.5794125300796045,2,sr,2.604e-16
6.8375000000000004,1.5776091766584575,2,sr,1.931e-15
6.8500000000000005,1.5758002486474685,2,sr,5.947e-11
6.8625000000000007,1.5739861857897388,2,sr,6.289e-16
6.8750000000000009,1.5721674240934922,2,sr,8.402e-16
6.8875000000000002,1.5703443958256442,2,sr,1.923e-11
6.9000000000000004,1.5685175291618831,2,sr,5.799e-16
6.9125000000000005,1.5666872480833787,2,sr,2.641e-16
6.9250000000000007,1.5648539721571799,2,sr,7.022e-11
6.9375000000000009,1.5630181162881776,2,sr,1.166e-15
6.9500000000000002,1.5611800908089342,2,sr,2.124e-16
6.9625000000000004,1.5593403011055196,2,sr,1.441e-15
6.9750000000000005,1.5574991476204749,2,sr,1.385e-15
6.9875000000000007,1.5556570257465701,2,sr,7.010e-11
7.0000000000000009,1.5538143256161865,2,sr,5.346e-17
7.0125000000000002,1.5519714322541838,2,sr,1.178e-15
7.0250000000000004,1.5501287252735396,2,sr,3.434e-12
7.0375000000000005,1.548286578926483,2,sr,1.235e-15
7.0500000000000007,1.5464453620415424,2,sr,1.076e-16
7.0625000000000009,1.5446054379706349,2,sr,4.308e-16
7.0750000000000002,1.5427671645617473,2,sr,7.549e-16
7.0875000000000004,1.5409308941252196,2,sr,2.417e-11
7.1000000000000005,1.5390969734551441,2,sr,1.027e-15
7.1125000000000007,1.5372657437419499,2,sr,2.706e-16
7.1250000000000009,1.5354375406575744,2,sr,3.607e-11
7.1375000000000002,1.5336126942627812,2,sr,2.713e-15
7.1500000000000004,1.531791529136926,2,sr,4.345e-16
7.1625000000000005,1.5299743642777477,2,sr,1.731e-12
7.1750000000000007,1.5281615131796362,2,sr,4.354e-16
7.1875000000000009,1.5263532838403209,2,sr,2.751e-15
7.2000000000000002,1.5245499787938557,2,sr,1.390e-15
7.2125000000000004,1.5227518951394421,2,sr,3.547e-16
7.2250000000000005,1.5209593245664297,2,sr,3.491e-11
7.2375000000000007,1.5191725534454743,2,sr,3.552e-16
7.2500000000000009,1.5173918627639968,2,sr,4.780e-16
7.2625000000000002,1.5156175282933959,2,sr,5.885e-11
7.2750000000000004,1.5138498204944169,2,sr,1.424e-15
7.2875000000000005,1.5120890047520881,2,sr,1.041e-15
7.3000000000000007,1.5103353412552332,2,sr,1.780e-11
7.3125000000000009,1.5085890851100696,2,sr,2.194e-16
7.3250000000000002,1.506850486428533,2,sr,3.293e-16
7.3375000000000004,1.5051197903308784,2,sr,2.184e-12
7.3500000000000005,1.5033972370243713,2,sr,6.179e-16
7.3625000000000007,1.5016830618608403,2,sr,5.631e-16
7.3750000000000009,1.4999774953872564,2,sr,4.905e-13
7.3875000000000002,1.498280763407231,2,sr,2.061e-16
7.4000000000000004,1.4965930870350019,2,sr,6.668e-12
7.4125000000000005,1.4949146827631459,2,sr,4.990e-12
7.4250000000000007,1.4932457625080728,2,sr,5.328e-16
7.4375000000000009,1.4915865336614791,2,sr,4.109e-11
7.4500000000000002,1.4899371992109547,2,sr,1.812e-12
7.4625000000000004,1.4882979576780153,2,sr,4.039e-16
7.4750000000000005,1.4866690032684362,2,sr,7.121e-11
7.4875000000000007,1.4850505259761186,2,sr,1.170e-13
7.5000000000000009,1.4834427114471143,2,sr,5.498e-16
7.5125000000000002,1.4818457412578543,2,sr,7.527e-11
7.5250000000000004,1.4802597927636802,2,sr,9.389e-13
7.5375000000000005,1.4786850393659603,2,sr,5.842e-11
7.5500000000000007,1.4771216504482105,2,sr,3.692e-11
7.5625000000000009,1.4755697913154968,2,sr,2.522e-12
7.5750000000000002,1.4740296234946502,2,sr,1.340e-12
7.5875000000000004,1.4725013045876327,2,sr,9.402e-12
7.6000000000000005,1.4709849884130133,2,sr,7.519e-12
7.6125000000000007,1.4694808249991109,2,sr,1.137e-12
7.6250000000000009,1.4679889606626877,2,sr,5.231e-11
7.6375000000000002,1.4665095380748709,2,sr,6.899e-11
7.6500000000000004,1.4650426962643199,2,sr,3.216e-13
7.6625000000000005,1.4635885705932175,2,sr,6.692e-11
7.6750000000000007,1.4621472930063888,2,sr,9.017e-16
7.6875000000000009,1.4607189917931256,2,sr,4.098e-11
7.7000000000000002,1.45930379187284,2,sr,3.323e-11
7.7125000000000004,1.4579018146709108,2,sr,9.542e-16
7.7250000000000005,1.4565131781907603,2,sr,1.634e-16
7.7375000000000007,1.4551379970829039,2,sr,1.346e-11
7.7500000000000009,1.4537763826339691,2,sr,4.669e-11
7.7625000000000002,1.4524284427758303,2,sr,1.413e-15
7.7750000000000004,1.451094282200917,2,sr,9.228e-16
7.7875000000000005,1.4497740022742409,2,sr,8.496e-12
7.8000000000000007,1.4484677011257447,2,sr,1.463e-15
7.8125000000000009,1.4471754736334628,2,sr,3.788e-16
7.8250000000000002,1.4458974114634322,2,sr,3.243e-16
7.8375000000000004,1.4446336030652935,2,sr,2.795e-11
7.8500000000000005,1.4433841337250373,2,sr,2.697e-16
7.8625000000000007,1.4421490854995818,2,sr,1.939e-15
7.8750000000000009,1.440928537300658,2,sr,8.609e-16
7.8875000000000002,1.4397225648572618,2,sr,2.034e-11
7.9000000000000004,1.4385312407543145,2,sr,1.234e-15
7.9125000000000005,1.4373546343787555,2,sr,8.576e-16
7.9250000000000007,1.4361928119734637,2,sr,3.747e-16
7.9375000000000009,1.4350458366079721,2,sr,6.844e-12
7.9500000000000002,1.4339137681686565,2,sr,1.922e-15
7.9625000000000004,1.4327966633687854,2,sr,9.596e-16
7.9750000000000005,1.4316945757189397,2,sr,3.194e-16
7.9875000000000007,1.4306075555227229,2,sr,9.037e-16
8,1.4295356498387426,2,sr,7.367e-11
8.0124999999999993,1.4284789025620448,2,sr,9.541e-16
8.0250000000000004,1.4274373542024033,2,sr,6.351e-16
8.0374999999999996,1.4264110420606502,2,sr,2.431e-15
8.0499999999999989,1.4254000001017963,2,sr,6.332e-16
8.0625,1.4244042589601109,2,sr,5.289e-11
8.0749999999999993,1.4234238458347663,2,sr,5.260e-16
8.0875000000000004,1.4224587845994023,2,sr,1.418e-15
8.0999999999999996,1.4215090956200525,2,sr,1.835e-15
8.1124999999999989,1.4205747957869452,2,sr,2.408e-15
8.125,1.419655898442364,2,sr,5.279e-11
8.1374999999999993,1.4187524134071514,2,sr,7.304e-16
8.1500000000000004,1.4178643467869287,2,sr,3.333e-15
8.1624999999999996,1.4169917010654969,2,sr,2.392e-15
8.1749999999999989,1.4161344749779754,2,sr,3.115e-16
8.1875,1.4152926634681364,2,sr,7.255e-16
8.1999999999999993,1.4144662576431417,2,sr,5.289e-11
8.2125000000000004,1.413655244637628,2,sr,1.859e-15
8.2249999999999996,1.4128596076948403,2,sr,7.217e-16
8.2374999999999989,1.4120793259520714,2,sr,1.956e-15
8.25,1.4113143744432322,2,sr,2.158e-15
8.2624999999999993,1.4105647240109269,2,sr,2.667e-15
8.2750000000000004,1.4098303412262683,2,sr,1.568e-11
8.2874999999999996,1.409111188332574,2,sr,2.044e-16
8.2999999999999989,1.4084072231208533,2,sr,1.734e-15
8.3125,1.4077183988907751,2,sr,1.018e-15
8.3249999999999993,1.4070446643436247,2,sr,2.135e-15
8.3375000000000004,1.4063859634995215,2,sr,1.522e-15
8.3499999999999996,1.4057422356082852,2,sr,2.026e-15
8.3624999999999989,1.4051134150447602,2,sr,4.844e-11
8.375,1.4044994313000478,2,sr,5.318e-11
8.3874999999999993,1.4039002086744081,2,sr,9.069e-16
8.4000000000000004,1.4033156664704436,2,sr,2.213e-15
8.4124999999999996,1.4027457186767052,2,sr,3.213e-15
8.4249999999999989,1.4021902739596013,2,sr,1.604e-15
8.4375,1.4016492355501975,2,sr,1.401e-15
8.4499999999999993,1.4011225011456985,2,sr,5.994e-16
8.4625000000000004,1.4006099628107962,2,sr,5.983e-16
8.4749999999999996,1.4001115068679624,2,sr,3.865e-11
8.4874999999999989,1.3996270138348834,2,sr,7.027e-11
8.5,1.3991563583171815,2,sr,8.929e-16
8.5124999999999993,1.3986994088203271,2,sr,2.971e-15
8.5250000000000004,1.3982560278026561,2,sr,1.384e-15
8.5374999999999996,1.3978260714918465,2,sr,2.271e-15
8.5499999999999989,1.3974093898146625,2,sr,2.316e-15
8.5625,1.3970058263090444,2,sr,6.888e-16
8.5749999999999993,1.3966152180393214,2,sr,9.825e-16
8.5875000000000004,1.396237395515052,2,sr,8.338e-16
8.5999999999999996,1.3958721826139489,2,sr,2.497e-15
8.6124999999999989,1.3955193965094197,2,sr,8.801e-16
8.625,1.395178847603223,2,sr,2.929e-16
8.6374999999999993,1.3948503394604952,2,sr,1.113e-11
8.6500000000000004,1.394533668792876,2,sr,7.381e-11
8.6624999999999996,1.3942286252667255,2,sr,8.264e-16
8.6749999999999989,1.3939349917150574,2,sr,7.767e-16
8.6875,1.3936525438676632,2,sr,4.847e-16
8.6999999999999993,1.3933810504397894,2,sr,3.921e-15
8.7125000000000004,1.3931202730946783,2,sr,2.611e-15
8.7249999999999996,1.39286996643795,2,sr,3.814e-15
8.7374999999999989,1.3926298780224269,2,sr,8.198e-16
8.75,1.3923997483640422,2,sr,2.071e-15
8.7624999999999993,1.3921793109694378,2,sr,2.550e-15
8.7750000000000004,1.3919682923758538,2,sr,3.316e-15
8.7874999999999996,1.3917664122039317,2,sr,6.720e-16
8.7999999999999989,1.391573383223992,2,sr,6.713e-16
8.8125,1.3913889114363684,2,sr,1.964e-15
8.8249999999999993,1.3912126961663254,2,sr,9.570e-16
8.8375000000000004,1.391044430174083,2,sr,1.482e-15
8.8499999999999996,1.390883799780428,2,sr,9.552e-17
8.8624999999999989,1.3907304850083535,2,sr,1.145e-15
8.875,1.3905841597411315,2,sr,1.311e-15
8.8874999999999993,1.3904444918971737,2,sr,1.596e-15
8.9000000000000004,1.3903111436219846,2,sr,8.331e-16
8.9124999999999996,1.3901837714974561,2,sr,7.374e-16
8.9249999999999989,1.3900620267774277,2,sr,2.827e-11
8.9375,1.3899455555881657,2,sr,9.633e-13
8.9499999999999993,1.3898339992768327,2,sr,8.338e-12
8.9625000000000004,1.3897269946073647,2,sr,2.103e-11
8.9749999999999996,1.389624174099817,2,sr,3.714e-11
8.9874999999999989,1.389525166336067,2,sr,5.527e-11
9,1.3894295962918042,2,sr,7.434e-11
9.0124999999999993,1.3893370857352909,2,sr,6.743e-11
9.0250000000000004,1.3892472533924507,2,sr,4.858e-11
9.0374999999999996,1.3891597156277595,2,sr,3.057e-11
9.0499999999999989,1.3890740866403088,2,sr,1.367e-11
9.0625,1.3889899789249238,2,sr,1.136e-15
9.0749999999999993,1.3889070036983544,2,sr,4.942e-16
9.0875000000000004,1.3888247713261064,2,sr,4.347e-16
9.0999999999999996,1.3887428917828719,2,sr,1.505e-15
9.1124999999999989,1.3886609751076673,2,sr,1.936e-15
9.125,1.388578631872754,2,sr,2.509e-16
9.1374999999999993,1.3884954736608739,2,sr,5.566e-16
9.1500000000000004,1.3884111135494832,2,sr,4.028e-16
9.1624999999999996,1.3883251666006222,2,sr,1.576e-15
9.1749999999999989,1.3882372503549854,2,sr,3.319e-16
9.1875,1.3881469853286965,2,sr,9.316e-16
9.1999999999999993,1.3880539955112832,2,sr,2.658e-15
9.2125000000000004,1.387957908863247,2,sr,1.092e-15
9.2249999999999996,1.3878583578116725,2,sr,1.211e-15
9.2374999999999989,1.3877549797422253,2,sr,8.157e-16
9.25,1.3876474174859452,2,sr,8.800e-16
9.2624999999999993,1.38753531979919,2,sr,2.142e-16
9.2750000000000004,1.3874183418351367,2,sr,1.548e-15
9.2874999999999996,1.3872961456052395,2,sr,2.384e-17
9.2999999999999989,1.3871684004290927,2,sr,8.351e-16
9.3125,1.3870347833711822,2,sr,5.970e-16
9.3249999999999993,1.3868949796630545,2,sr,8.605e-16
9.3375000000000004,1.3867486831095153,2,sr,4.786e-16
9.3499999999999996,1.3865955964775054,2,sr,7.186e-16
9.3624999999999989,1.3864354318664112,2,sr,5.275e-16
9.375,1.3862679110586331,2,sr,1.584e-15
9.3874999999999993,1.3860927658493396,2,sr,9.614e-17
9.4000000000000004,1.3859097383443646,2,sr,3.368e-11
9.4124999999999996,1.3857185813146977,2,sr,6.345e-11
9.4249999999999989,1.385519058270295,2,sr,2.367e-11
9.4375,1.3853109439539133,2,sr,5.534e-12
9.4499999999999993,1.3850940243771943,2,sr,2.820e-13
9.4625000000000004,1.3848680970590348,2,sr,5.765e-14
9.4749999999999996,1.3846329711889929,2,sr,2.062e-14
9.4874999999999989,1.3843884677639766,2,sr,3.861e-12
9.5,1.3841344196985064,2,sr,1.935e-11
9.5124999999999993,1.3838706719111393,2,sr,5.759e-11
9.5250000000000004,1.383597081435761,2,sr,4.193e-11
9.5374999999999996,1.3833135172806079,2,sr,1.467e-15
9.5499999999999989,1.3830198607000996,2,sr,6.857e-16
9.5625,1.3827160049828167,2,sr,1.226e-15
9.5749999999999993,1.3824018554755673,2,sr,5.707e-11
9.5875000000000004,1.3820773295776581,2,sr,5.201e-11
9.5999999999999996,1.3817423565539189,2,sr,5.778e-11
9.6125000000000007,1.3813968775061118,2,sr,7.569e-11
9.625,1.3810408452788865,2,sr,7.460e-11
9.6374999999999993,1.3806742241161865,2,sr,4.025e-11
9.6500000000000004,1.3802969897990751,2,sr,9.892e-12
9.6624999999999996,1.3799091292628263,2,sr,1.034e-11
9.6750000000000007,1.3795106404551529,2,sr,2.991e-16
9.6875,1.3791015321031743,2,sr,1.997e-16
9.6999999999999993,1.3786818235176745,2,sr,4.002e-16
9.7125000000000004,1.378251544336236,2,sr,1.003e-16
9.7249999999999996,1.3778107342740811,2,sr,2.411e-15
9.7375000000000007,1.3773594428611118,2,sr,8.050e-16
9.75,1.3768977291691433,2,sr,1.714e-15
9.7624999999999993,1.3764256615304282,2,sr,1.919e-15
9.7750000000000004,1.3759433172397455,2,sr,3.366e-11
9.7874999999999996,1.3754507823152815,2,sr,4.640e-11
9.8000000000000007,1.3749481510459891,2,sr,8.831e-12
9.8125,1.3744355259077536,2,sr,1.730e-15
9.8249999999999993,1.3739130170657607,2,sr,2.040e-16
9.8375000000000004,1.3733807421558015,2,sr,1.022e-16
9.8499999999999996,1.3728388259477777,2,sr,2.048e-16
9.8625000000000007,1.3722874000344851,2,sr,8.206e-16
9.875,1.3717266025182662,2,sr,1.542e-15
9.8874999999999993,1.3711565776986161,2,sr,1.236e-15
9.9000000000000004,1.370577475739083,2,sr,8.963e-11
9.9124999999999996,1.3699894524707756,2,sr,5.782e-13
9.9250000000000007,1.3693926688638769,2,sr,1.450e-15
9.9375,1.3687872909484839,2,sr,7.262e-16
9.9499999999999993,1.3681734894066229,2,sr,2.289e-15
9.9625000000000004,1.367551439301155,2,sr,1.145e-15
9.9749999999999996,1.3669213197883034,2,sr,5.216e-16
9.9875000000000007,1.366283313835603,2,sr,1.881e-15
10,1.3656376079375774,2,sr,3.428e-11
2.2250000000000001,14.998908181997033,3,sr,3.150e-15
2.2375000000000003,14.825145052623155,3,sr,3.599e-14
2.2500000000000004,14.654853114680852,3,sr,5.958e-12
2.2625000000000002,14.487949224846245,3,sr,0.000e+00
2.2750000000000004,14.324351880237577,3,sr,2.940e-15
2.2875000000000001,14.163981205998887,3,sr,4.070e-15
2.3000000000000003,14.006758943575655,3,sr,2.227e-12
2.3125000000000004,13.852608439598331,3,sr,2.590e-15
2.3250000000000002,13.701454635137726,3,sr,1.817e-12
2.3375000000000004,13.553224054962312,3,sr,1.934e-15
2.3500000000000001,13.407844796811897,3,sr,3.216e-16
2.3625000000000003,13.26524652032648,3,sr,9.326e-14
2.3750000000000004,13.125360435630304,3,sr,1.922e-13
2.3875000000000002,12.988119291383562,3,sr,0.000e+00
2.4000000000000004,12.853457362231296,3,sr,7.993e-16
2.4125000000000005,12.721310435568574,3,sr,1.674e-12
2.4250000000000003,12.591615797557806,3,sr,2.166e-12
2.4375000000000004,12.464312218388198,3,sr,4.785e-16
2.4500000000000002,12.339339936732641,3,sr,3.188e-16
2.4625000000000004,12.216640643365503,3,sr,2.293e-12
2.4750000000000005,12.09615746398886,3,sr,1.514e-12
2.4875000000000003,11.977834941285041,3,sr,1.753e-15
2.5000000000000004,11.861619016160814,3,sr,2.373e-12
2.5125000000000002,11.747457008232901,3,sr,3.155e-12
2.5250000000000004,11.635297595645785,3,sr,1.626e-13
2.5375000000000005,11.525090794204946,3,sr,1.605e-14
2.5500000000000003,11.416787935849889,3,sr,2.826e-12
2.5625000000000004,11.310341646573375,3,sr,2.212e-13
2.5750000000000002,11.205705823860084,3,sr,8.213e-13
2.5875000000000004,11.102835613560792,3,sr,1.763e-15
2.6000000000000005,11.001687386435867,3,sr,2.935e-12
2.6125000000000003,10.902218714262984,3,sr,3.668e-12
2.6250000000000004,10.804388345693605,3,sr,3.624e-15
2.6375000000000002,10.708156181839589,3,sr,3.225e-16
2.6500000000000004,10.61348325161244,3,sr,1.615e-16
2.6625000000000005,10.520331686971474,3,sr,2.549e-13
2.6750000000000003,10.428664698038645,3,sr,7.296e-16
2.6875000000000004,10.338446548172888,3,sr,3.168e-15
2.7000000000000002,10.24964252903081,3,sr,5.698e-16
2.7125000000000004,10.16221893567859,3,sr,4.550e-12
2.7250000000000005,10.076143041745043,3,sr,2.386e-12
2.7375000000000003,9.9913830747803853,3,sr,3.163e-12
2.7500000000000004,9.9079081916625622,3,sr,2.382e-15
2.7625000000000002,9.8256884542983318,3,sr,1.180e-12
2.7750000000000004,9.7446948054594156,3,sr,7.430e-16
2.7875000000000005,9.6648990449479655,3,sr,4.507e-12
2.8000000000000003,9.586273806029892,3,sr,3.303e-12
2.8125000000000004,9.5087925320845592,3,sr,1.332e-15
2.8250000000000002,9.432429453779692,3,sr,6.102e-12
2.8375000000000004,9.3571595663727578,3,sr,6.066e-12
2.8500000000000005,9.2829586075661528,3,sr,7.553e-16
2.8625000000000003,9.2098030356491556,3,sr,1.844e-11
2.8750000000000004,9.137670008154597,3,sr,9.286e-16
2.8875000000000002,9.0665373606462705,3,sr,5.155e-12
2.9000000000000004,8.996383586344658,3,sr,4.699e-12
2.9125000000000005,8.9271878159055866,3,sr,7.342e-12
2.9250000000000003,8.8589297976897701,3,sr,4.272e-16
2.9375000000000004,8.7915898785842383,3,sr,6.050e-12
2.9500000000000002,8.7251489850981763,3,sr,1.093e-13
2.9625000000000004,8.6595886051374027,3,sr,7.761e-16
2.9750000000000005,8.5948907700335564,3,sr,6.521e-12
2.9875000000000003,8.5310380372037269,3,sr,3.924e-12
3.0000000000000004,8.4680134730823458,3,sr,1.915e-15
3.0125000000000002,8.4058006367470721,3,sr,2.778e-12
3.0250000000000004,8.3443835637718351,3,sr,1.494e-15
3.0375000000000005,8.283746750697448,3,sr,1.231e-15
3.0500000000000003,8.2238751398511027,3,sr,6.173e-16
3.0625000000000004,8.1647541046746692,3,sr,1.071e-11
3.0750000000000002,8.106369435408908,3,sr,7.023e-12
3.0875000000000004,8.048707325345287,3,sr,2.406e-15
3.1000000000000005,7.9917543573924874,3,sr,9.747e-12
3.1125000000000003,7.9354974910249414,3,sr,1.539e-12
3.1250000000000004,7.8799240498305165,3,sr,3.517e-12
3.1375000000000002,7.8250217092653092,3,sr,5.410e-15
3.1500000000000004,7.77077848488425,3,sr,3.586e-12
3.1625000000000005,7.7171827209857975,3,sr,1.298e-11
3.1750000000000003,7.6642230795566748,3,sr,1.092e-15
3.1875000000000004,7.611888529746877,3,sr,1.242e-11
3.2000000000000002,7.5601683374197073,3,sr,2.423e-13
3.2125000000000004,7.5090520554132922,3,sr,9.188e-17
3.2250000000000005,7.4585295138261944,3,sr,2.767e-15
3.2375000000000003,7.4085908108305008,3,sr,2.773e-15
3.2500000000000004,7.3592263037390078,3,sr,9.272e-17
3.2625000000000002,7.3104266004003273,3,sr,1.547e-12
3.2750000000000004,7.2621825509066413,3,sr,1.585e-11
3.2875000000000005,7.2144852395325412,3,sr,9.354e-17
3.3000000000000003,7.167325977168657,3,sr,1.685e-11
3.3125000000000004,7.1206962936751106,3,sr,3.933e-12
3.3250000000000002,7.0745879309250883,3,sr,2.453e-15
3.3375000000000004,7.0289928357714677,3,sr,7.569e-16
3.3500000000000005,6.9839031534404103,3,sr,2.846e-15
3.3625000000000003,6.9393112211316019,3,sr,8.086e-16
3.3750000000000004,6.8952095618501836,3,sr,4.688e-13
3.3875000000000002,6.8515908784810007,3,sr,1.415e-11
3.4000000000000004,6.8084480480183318,3,sr,2.972e-15
3.4125000000000005,6.7657741161852645,3,sr,5.218e-12
3.4250000000000003,6.7235622919997295,3,sr,8.674e-16
3.4375000000000004,6.6818059427953314,3,sr,1.667e-11
3.4500000000000002,6.6404985891962536,3,sr,2.510e-12
3.4625000000000004,6.5996339005476967,3,sr,2.325e-12
3.4750000000000005,6.5592056902457845,3,sr,1.460e-15
3.4875000000000003,6.5192079114347736,3,sr,1.999e-15
3.5000000000000004,6.4796346527886666,3,sr,9.625e-12
3.5125000000000002,6.4404801344381104,3,sr,2.371e-12
3.5250000000000004,6.4017387041556493,3,sr,1.643e-11
3.5375000000000005,6.3634048334918756,3,sr,2.017e-15
3.5500000000000003,6.3254731143203671,3,sr,2.283e-12
3.5625000000000004,6.287938255238906,3,sr,4.939e-17
3.5750000000000002,6.250795078317684,3,sr,5.503e-12
3.5875000000000004,6.2140385158407927,3,sr,3.272e-15
3.6000000000000005,6.1776636072689808,3,sr,3.229e-15
3.6125000000000003,6.1416654962377093,3,sr,1.482e-11
3.6250000000000004,6.1060394276715071,3,sr,7.911e-12
3.6375000000000002,6.0707807451125291,3,sr,4.936e-12
3.6500000000000004,6.035884888009929,3,sr,5.892e-12
3.6625000000000005,6.0013473891916709,3,sr,1.059e-11
3.6750000000000003,5.967163872411728,3,sr,1.628e-11
3.6875000000000004,5.9333300499786308,3,sr,1.256e-15
3.7000000000000002,5.8998417205387383,3,sr,3.924e-12
3.7125000000000004,5.8666947668312037,3,sr,1.195e-11
3.7250000000000005,5.8338851535651362,3,sr,5.043e-16
3.7375000000000003,5.8014089254973982,3,sr,8.687e-12
3.7500000000000004,5.7692622053774025,3,sr,3.020e-11
3.7625000000000002,5.7374411920780206,3,sr,1.204e-11
3.7750000000000004,5.705942158885736,3,sr,3.883e-12
3.7875000000000005,5.6747614516507472,3,sr,3.084e-12
3.8000000000000003,5.6438954871845164,3,sr,3.580e-11
3.8125000000000004,5.6133407515135278,3,sr,2.038e-11
3.8250000000000002,5.5830937985365212,3,sr,2.924e-11
3.8375000000000004,5.5531512482957961,3,sr,3.024e-11
3.8500000000000005,5.5235097857992237,3,sr,1.368e-11
3.8625000000000003,5.4941661593282021,3,sr,2.915e-12
3.8750000000000004,5.4651171792963202,3,sr,5.630e-15
3.8875000000000002,5.4363597169103368,3,sr,1.640e-13
3.9000000000000004,5.4078907029200387,3,sr,8.916e-13
3.9125000000000005,5.3797071264203682,3,sr,6.494e-14
3.9250000000000003,5.3518060337023332,3,sr,1.418e-11
3.9375000000000004,5.3241845270988595,3,sr,1.441e-12
3.9500000000000002,5.2968397639807394,3,sr,3.543e-11
3.9625000000000004,5.2697689557349214,3,sr,2.426e-13
3.9750000000000005,5.2429693665953945,3,sr,1.018e-11
3.9875000000000003,5.2164383129194736,3,sr,7.812e-16
4,5.1901731620928766,3,sr,2.465e-12
4.0125000000000002,5.1641713317111018,3,sr,4.806e-12
4.0250000000000004,5.1384302887097704,3,sr,1.357e-11
4.0375000000000005,5.1129475485272051,3,sr,1.938e-11
4.0500000000000007,5.087720674305233,3,sr,2.259e-11
4.0625,5.0627472761217804,3,sr,2.455e-11
4.0750000000000002,5.0380250102510065,3,sr,2.463e-11
4.0875000000000004,5.0135515784490341,3,sr,1.943e-11
4.1000000000000005,4.9893247272629928,3,sr,6.596e-12
4.1125000000000007,4.9653422473818019,3,sr,3.911e-11
4.125,4.9416019728976348,3,sr,9.128e-16
4.1375000000000002,4.9181017809001979,3,sr,3.374e-11
4.1500000000000004,4.8948395907414035,3,sr,5.988e-13
4.1625000000000005,4.8718133633853631,3,sr,6.319e-16
4.1750000000000007,4.8490211010219646,3,sr,1.749e-11
4.1875,4.8264608464915417,3,sr,1.992e-15
4.2000000000000002,4.8041306826791859,3,sr,1.605e-11
4.2125000000000004,4.7820287321749149,3,sr,1.212e-15
4.2250000000000005,4.7601531566643258,3,sr,1.917e-11
4.2375000000000007,4.7385021564979439,3,sr,3.955e-11
4.25,4.7170739704350888,3,sr,1.101e-15
4.2625000000000002,4.695866874882678,3,sr,2.548e-15
4.2750000000000004,4.67487918377845,3,sr,5.447e-13
4.2875000000000005,4.654109248058532,3,sr,2.216e-11
4.3000000000000007,4.6335554553881257,3,sr,3.896e-11
4.3125,4.6132162295688612,3,sr,2.554e-11
4.3250000000000002,4.5930900304838715,3,sr,2.004e-11
4.3375000000000004,4.5731753535669855,3,sr,2.056e-11
4.3500000000000005,4.5534707295280006,3,sr,2.946e-11
4.3625000000000007,4.5339747239855033,3,sr,3.293e-11
4.375,4.5146859373538746,3,sr,4.365e-12
4.3875000000000002,4.495603004239241,3,sr,3.131e-15
4.4000000000000004,4.4767245933981732,3,sr,1.903e-15
4.4125000000000005,4.4580494073740446,3,sr,5.859e-12
4.4250000000000007,4.4395761822112103,3,sr,8.293e-12
4.4375,4.4213036872546843,3,sr,2.759e-15
4.4500000000000002,4.4032307248133717,3,sr,7.291e-12
4.4625000000000004,4.3853561299545021,3,sr,1.688e-15
4.4750000000000005,4.3676787702730904,3,sr,1.775e-15
4.4875000000000007,4.3501975456109454,3,sr,1.579e-15
4.5,4.3329113878395402,3,sr,1.908e-15
4.5125000000000002,4.315819260618726,3,sr,2.234e-15
4.5250000000000004,4.2989201591835231,3,sr,3.684e-11
4.5375000000000005,4.2822131099958467,3,sr,3.306e-16
4.5500000000000007,4.2656971707333273,3,sr,2.353e-15
4.5625,4.2493714298133831,3,sr,1.939e-11
4.5750000000000002,4.2332350063239312,3,sr,1.215e-15
4.5875000000000004,4.2172870496346428,3,sr,1.583e-15
4.6000000000000005,4.2015267392644438,3,sr,4.639e-16
4.6125000000000007,4.1859532845620162,3,sr,1.294e-15
4.625,4.1705659244493258,3,sr,1.749e-15
4.6375000000000002,4.1553639271427532,3,sr,0.000e+00
4.6500000000000004,4.1403465898620793,3,sr,2.375e-15
4.6625000000000005,4.1255132385255013,3,sr,1.637e-15
4.6750000000000007,4.110863227428796,3,sr,4.439e-15
4.6875,4.0963959389065181,3,sr,3.157e-15
4.7000000000000002,4.0821107829731353,3,sr,8.084e-16
4.7125000000000004,4.06800719694174,3,sr,9.838e-16
4.7250000000000005,4.0540846449937193,3,sr,3.679e-11
4.7375000000000007,4.0403426178659707,3,sr,3.368e-15
4.75,4.0267806321454103,3,sr,9.706e-16
4.7625000000000002,4.0133982300136033,3,sr,8.853e-16
4.7750000000000004,4.0001949785926536,3,sr,2.098e-15
4.7875000000000005,3.987170469396526,3,sr,7.830e-16
4.8000000000000007,3.9743243177004626,3,sr,2.150e-11
4.8125000000000009,3.9616561619515647,3,sr,9.478e-16
4.8250000000000002,3.949165662888396,3,sr,2.980e-11
4.8375000000000004,3.9368525030222026,3,sr,1.024e-15
4.8500000000000005,3.9247163855276583,3,sr,4.293e-12
4.8625000000000007,3.9127570335872561,3,sr,5.911e-16
4.8750000000000009,3.9009741892988083,3,sr,1.344e-15
4.8875000000000002,3.8893676126802768,3,sr,1.753e-11
4.9000000000000004,3.8779370806052298,3,sr,1.995e-15
4.9125000000000005,3.8666823854836072,3,sr,1.654e-16
4.9250000000000007,3.8556033340998792,3,sr,8.225e-16
4.9375000000000009,3.8446997461633954,3,sr,4.247e-12
4.9500000000000002,3.8339714528738571,3,sr,3.225e-11
4.9625000000000004,3.8234182951787141,3,sr,6.563e-12
4.9750000000000005,3.8130401223070605,3,sr,2.253e-15
4.9875000000000007,3.8028367897271509,3,sr,1.524e-15
5.0000000000000009,3.7928081572532393,3,sr,7.956e-17
5.0125000000000002,3.7829540869408165,3,sr,1.187e-15
5.0250000000000004,3.7732744408348537,3,sr,5.847e-12
5.0375000000000005,3.7637690785616247,3,sr,2.536e-11
5.0500000000000007,3.7544378546987907,3,sr,1.066e-11
5.0625000000000009,3.7452806162350858,3,sr,7.731e-17
5.0750000000000002,3.736297199393452,3,sr,3.074e-16
5.0875000000000004,3.7274874267105451,3,sr,9.169e-16
5.1000000000000005,3.7188511036554015,3,sr,2.966e-11
5.1125000000000007,3.7103880152644155,3,sr,6.041e-16
5.1250000000000009,3.7020979221921917,3,sr,1.110e-16
5.1375000000000002,3.6939805570169799,3,sr,2.244e-11
5.1500000000000004,3.6860356200712729,3,sr,2.968e-16
5.1625000000000005,3.6782627749208414,3,sr,1.722e-11
5.1750000000000007,3.6706616438778843,3,sr,6.599e-16
5.1875000000000009,3.6632318032316724,3,sr,1.869e-11
5.2000000000000002,3.6559727779577047,3,sr,3.623e-16
5.2125000000000004,3.6488840366189299,3,sr,2.008e-11
5.2250000000000005,3.6419649857161738,3,sr,4.297e-16
5.2375000000000007,3.635214963791443,3,sr,4.984e-16
5.2500000000000009,3.6286332355373352,3,sr,2.294e-11
5.2625000000000002,3.6222189855518847,3,sr,7.038e-17
5.2750000000000004,3.6159713116653083,3,sr,1.749e-15
5.2875000000000005,3.6098892184656601,3,sr,2.340e-13
5.3000000000000007,3.6039716103052224,3,sr,1.262e-11
5.3125000000000009,3.5982172843086375,3,sr,2.357e-11
5.3250000000000002,3.5926249231953591,3,sr,2.493e-11
5.3375000000000004,3.5871930877314946,3,sr,1.837e-15
5.3500000000000005,3.5819202097328868,3,sr,0.000e+00
5.3625000000000007,3.5768045842596901,3,sr,8.080e-16
5.3750000000000009,3.5718443622899154,3,sr,3.349e-16
5.3875000000000002,3.5670375432611019,3,sr,3.665e-16
5.4000000000000004,3.5623819677261666,3,sr,4.641e-16
5.4125000000000005,3.5578753101412182,3,sr,1.597e-11
5.4250000000000007,3.5535150719544668,3,sr,1.082e-11
5.4375000000000009,3.5492985747941299,3,sr,3.337e-12
5.4500000000000002,3.5452229541980782,3,sr,4.879e-16
5.4625000000000004,3.5412851537083654,3,sr,5.829e-16
5.4750000000000005,3.5374819194918392,3,sr,1.473e-16
5.4875000000000007,3.5338097955696743,3,sr,5.373e-12
5.5000000000000009,3.5302651198018835,3,sr,6.717e-16
5.5125000000000002,3.5268440205876024,3,sr,6.691e-16
5.5250000000000004,3.5235424145813821,3,sr,5.190e-12
5.5375000000000005,3.5203560053601595,3,sr,4.745e-16
5.5500000000000007,3.5172802831402077,3,sr,9.774e-16
5.5625000000000009,3.5143105257978133,3,sr,1.227e-12
5.5750000000000002,3.5114418010981732,3,sr,3.761e-16
5.5875000000000004,3.508668970305,3,sr,2.554e-12
5.6000000000000005,3.5059866932743984,3,sr,5.456e-16
5.6125000000000007,3.5033894349909698,3,sr,2.384e-12
5.6250000000000009,3.5008714737475066,3,sr,1.552e-17
5.6375000000000002,3.4984269108339214,3,sr,1.665e-12
5.6500000000000004,3.4960496819262605,3,sr,2.474e-16
5.6625000000000005,3.4937335700186822,3,sr,8.648e-13
5.6750000000000007,3.491472220012541,3,sr,3.548e-16
5.6875000000000009,3.4892591548123635,3,sr,2.384e-13
5.7000000000000002,3.4870877929432624,3,sr,1.309e-15
5.7125000000000004,3.4849514675461819,3,sr,7.852e-16
5.7250000000000005,3.482843446670413,3,sr,3.150e-13
5.7375000000000007,3.4807569547130295,3,sr,2.703e-16
5.7500000000000009,3.4786851948460216,3,sr,5.002e-14
5.7625000000000002,3.4766213722635628,3,sr,4.814e-16
5.7750000000000004,3.4745587180384607,3,sr,5.489e-15
5.7875000000000005,3.4724905133847823,3,sr,1.011e-15
5.8000000000000007,3.4704101141049426,3,sr,6.713e-12
5.8125000000000009,3.4683109749350769,3,sr,8.512e-14
5.8250000000000002,3.4661866737306686,3,sr,1.622e-11
5.8375000000000004,3.464030934855836,3,sr,2.629e-14
5.8500000000000005,3.4618376522013916,3,sr,2.648e-12
5.8625000000000007,3.459600910777977,3,sr,1.352e-14
5.8750000000000009,3.4573150074341119,3,sr,4.545e-14
5.8875000000000002,3.4549744700028224,3,sr,7.037e-15
5.9000000000000004,3.4525740749341147,3,sr,2.193e-16
5.9125000000000005,3.4501088631803083,3,sr,1.265e-15
5.9250000000000007,3.4475741542267513,3,sr,1.270e-16
5.9375000000000009,3.4449655581657477,3,sr,9.926e-14
5.9500000000000002,3.4422789857431582,3,sr,5.667e-15
5.9625000000000004,3.439510656349051,3,sr,1.496e-11
5.9750000000000005,3.4366571038324469,3,sr,1.913e-13
5.9875000000000007,3.4337151804809269,3,sr,6.815e-16
6.0000000000000009,3.4306820586602362,3,sr,1.554e-13
6.0125000000000002,3.4275552307223585,3,sr,2.622e-16
6.0250000000000004,3.4243325069483124,3,sr,4.613e-16
6.0375000000000005,3.421012011733306,3,sr,7.923e-13
6.0500000000000007,3.4175921781223275,3,sr,1.999e-16
6.0625000000000009,3.4140717408444772,3,sr,0.000e+00
6.0750000000000002,3.4104497279654153,3,sr,4.232e-13
6.0875000000000004,3.4067254513381089,3,sr,3.963e-12
6.1000000000000005,3.402898495973663,3,sr,7.587e-16
6.1125000000000007,3.3989687085584595,3,sr,6.865e-17
6.1250000000000009,3.3949361851519306,3,sr,4.674e-12
6.1375000000000002,3.3908012583699021,3,sr,2.878e-12
6.1500000000000004,3.3865644840253903,3,sr,8.589e-12
6.1625000000000005,3.3822266275501409,3,sr,1.316e-11
6.1750000000000007,3.3777886501645953,3,sr,8.510e-16
6.1875000000000009,3.3732516950689484,3,sr,3.738e-16
6.2000000000000002,3.3686170735477501,3,sr,4.313e-16
6.2125000000000004,3.3638862513475321,3,sr,3.618e-16
6.2250000000000005,3.3590608352270177,3,sr,2.915e-16
6.2375000000000007,3.3541425598281331,3,sr,8.070e-16
6.2500000000000009,3.3491332749221661,3,sr,5.171e-16
6.2625000000000002,3.3440349330863173,3,sr,8.183e-16
6.2750000000000004,3.3388495778559997,3,sr,7.491e-16
6.2875000000000005,3.3335793323889518,3,sr,3.772e-16
6.3000000000000007,3.3282263886685888,3,sr,1.519e-16
6.3125000000000009,3.3227929972661059,3,sr,1.759e-15
6.3250000000000002,3.3172814576656946,3,sr,1.143e-11
6.3375000000000004,3.3116941092018188,3,sr,1.902e-11
6.3500000000000005,3.3060333225535614,3,sr,3.117e-11
6.3625000000000007,3.3003014916504867,3,sr,4.048e-12
6.3750000000000009,3.2945010265864414,3,sr,8.712e-16
6.3875000000000002,3.2886343465522998,3,sr,1.515e-15
6.4000000000000004,3.2827038736389262,3,sr,1.204e-15
6.4125000000000005,3.27671202705814,3,sr,9.701e-16
6.4250000000000007,3.2706612178816075,3,sr,2.466e-11
6.4375000000000009,3.2645538441673305,3,sr,4.097e-16
6.4500000000000002,3.2583922867686841,3,sr,4.949e-16
6.4625000000000004,3.2521789052693246,3,sr,1.246e-15
6.4750000000000005,3.2459160345361653,3,sr,3.064e-11
6.4875000000000007,3.2396059816712079,3,sr,0.000e+00
6.5000000000000009,3.2332510230718006,3,sr,1.863e-15
6.5125000000000002,3.226853402183619,3,sr,2.304e-15
6.5250000000000004,3.2204153273110165,3,sr,1.840e-11
6.5375000000000005,3.2139389697659295,3,sr,1.726e-16
6.5500000000000007,3.2074264624206101,3,sr,1.303e-15
6.5625000000000009,3.2008798983009923,3,sr,1.644e-11
6.5750000000000002,3.1943013296130753,3,sr,8.793e-16
6.5875000000000004,3.1876927667920381,3,sr,2.477e-15
6.6000000000000005,3.1810561779274518,3,sr,8.009e-16
6.6125000000000007,3.1743934882369733,3,sr,8.951e-17
6.6250000000000009,3.167706579753105,3,sr,2.341e-15
6.6375000000000002,3.160997291148,3,sr,1.449e-15
6.6500000000000004,3.1542674176909431,3,sr,0.000e+00
6.6625000000000005,3.1475187113254353,3,sr,6.318e-15
6.6750000000000007,3.1407528808473071,3,sr,1.399e-11
6.6875000000000009,3.1339715922176832,3,sr,4.258e-15
6.7000000000000002,3.127176468864886,3,sr,1.675e-15
6.7125000000000004,3.1203690922046876,3,sr,3.027e-11
6.7250000000000005,3.1135510020503494,3,sr,8.464e-16
6.7375000000000007,3.1067236973213417,3,sr,1.040e-15
6.7500000000000009,3.0998886365284761,3,sr,2.090e-15
6.7625000000000002,3.0930472385044609,3,sr,2.864e-16
6.7750000000000004,3.0862008830917995,3,sr,7.674e-16
6.7875000000000005,3.0793509118761362,3,sr,4.530e-15
6.8000000000000007,3.072498628946287,3,sr,5.810e-15
6.8125000000000009,3.0656453016687641,3,sr,1.849e-11
6.8250000000000002,3.0587921615243765,3,sr,1.368e-15
6.8375000000000004,3.0519404048469085,3,sr,4.220e-15
6.8500000000000005,3.0450911937215874,3,sr,2.874e-12
6.8625000000000007,3.038245656772065,3,sr,2.969e-16
6.8750000000000009,3.031404890012682,3,sr,3.379e-15
6.8875000000000002,3.0245699576722229,3,sr,1.197e-15
6.9000000000000004,3.0177418930334046,3,sr,1.352e-15
6.9125000000000005,3.0109216992626204,3,sr,3.520e-16
6.9250000000000007,3.0041103502359023,3,sr,6.561e-16
6.9375000000000009,2.9973087913583925,3,sr,4.458e-15
6.9500000000000002,2.9905179403579449,3,sr,5.022e-11
6.9625000000000004,2.9837386881776076,3,sr,2.143e-15
6.9750000000000005,2.976971899587888,3,sr,4.556e-15
6.9875000000000007,2.9702184141544725,3,sr,1.850e-11
7.0000000000000009,2.9634790468852721,3,sr,6.282e-16
7.0125000000000002,2.9567545890697935,3,sr,4.807e-15
7.0250000000000004,2.950045808958675,3,sr,8.855e-13
7.0375000000000005,2.9433534525246969,3,sr,1.196e-15
7.0500000000000007,2.9366782441757349,3,sr,5.736e-16
7.0625000000000009,2.9300208874540727,3,sr,1.888e-13
7.0750000000000002,2.9233820657255158,3,sr,1.521e-15
7.0875000000000004,2.9167624428531727,3,sr,5.047e-15
7.1000000000000005,2.9101626638591602,3,sr,1.050e-11
7.1125000000000007,2.9035833555522133,3,sr,1.638e-15
7.1250000000000009,2.8970251271914953,3,sr,1.906e-15
7.1375000000000002,2.8904885710434209,3,sr,7.692e-11
7.1500000000000004,2.88397426312175,3,sr,1.117e-15
7.1625000000000005,2.8774827635265798,3,sr,1.119e-15
7.1750000000000007,2.8710146172611921,3,sr,3.044e-15
7.1875000000000009,2.8645703546685666,3,sr,2.514e-15
7.2000000000000002,2.8581504920007412,3,sr,1.340e-16
7.2125000000000004,2.8517555319502379,3,sr,7.516e-16
7.2250000000000005,2.8453859641818364,3,sr,4.473e-11
7.2375000000000007,2.8390422657696397,3,sr,2.423e-16
7.2500000000000009,2.8327249018255554,3,sr,7.011e-16
7.2625000000000002,2.826434325843012,3,sr,2.214e-15
7.2750000000000004,2.8201709802350217,3,sr,8.068e-12
7.2875000000000005,2.8139352967641553,3,sr,2.544e-15
7.3000000000000007,2.8077276970105105,3,sr,4.905e-15
7.3125000000000009,2.8015485927801342,3,sr,2.007e-15
7.3250000000000002,2.7953983865475589,3,sr,3.136e-11
7.3375000000000004,2.7892774718178988,3,sr,6.222e-15
7.3500000000000005,2.7831862336185345,3,sr,8.293e-16
7.3625000000000007,2.777125048796723,3,sr,1.360e-17
7.3750000000000009,2.7710942864304293,3,sr,5.014e-11
7.3875000000000002,2.7650943082613799,3,sr,1.094e-12
7.4000000000000004,2.7591254689087292,3,sr,1.839e-16
7.4125000000000005,2.7531881163675864,3,sr,2.760e-15
7.4250000000000007,2.7472825922711364,3,sr,1.371e-11
7.4375000000000009,2.7414092322776717,3,sr,6.588e-11
7.4500000000000002,2.7355683662632173,3,sr,5.935e-12
7.4625000000000004,2.7297603188542858,3,sr,3.362e-12
7.4750000000000005,2.7239854095490048,3,sr,3.349e-12
7.4875000000000007,2.718243953094464,3,sr,6.928e-12
7.5000000000000009,2.712536259743604,3,sr,5.204e-11
7.5125000000000002,2.7068626356172354,3,sr,6.309e-11
7.5250000000000004,2.701223382895976,3,sr,1.197e-11
7.5375000000000005,2.6956188000629009,3,sr,8.264e-11
7.5500000000000007,2.6900491823502146,3,sr,1.113e-12
7.5625000000000009,2.6845148217142074,3,sr,2.245e-11
7.5750000000000002,2.6790160073736033,3,sr,8.277e-11
7.5875000000000004,2.6735530257566227,3,sr,9.225e-16
7.6000000000000005,2.6681261610545239,3,sr,1.681e-15
7.6125000000000007,2.6627356951863579,3,sr,3.520e-15
7.6250000000000009,2.6573819081423617,3,sr,4.328e-16
7.6375000000000002,2.6520650781757564,3,sr,3.783e-16
7.6500000000000004,2.646785482011238,3,sr,1.484e-15
7.6625000000000005,2.641543395047107,3,sr,7.545e-16
7.6750000000000007,2.6363390915510134,3,sr,5.113e-16
7.6875000000000009,2.6311728448493441,3,sr,5.374e-17
7.7000000000000002,2.626044927510236,3,sr,1.878e-16
7.7125000000000004,2.6209556115201771,3,sr,1.660e-15
7.7250000000000005,2.6159051684541637,3,sr,2.887e-15
7.7375000000000007,2.61089386963934,3,sr,5.337e-17
7.7500000000000009,2.6059219863120497,3,sr,3.782e-15
7.7625000000000002,2.6009897897681857,3,sr,1.117e-15
7.7750000000000004,2.5960975515067335,3,sr,3.661e-15
7.7875000000000005,2.5912455433663526,3,sr,3.971e-15
7.8000000000000007,2.5864340376548514,3,sr,1.215e-15
7.8125000000000009,2.5816633072713548,3,sr,2.006e-15
7.8250000000000002,2.5769336258209781,3,sr,5.364e-15
7.8375000000000004,2.572245267721752,3,sr,1.626e-15
7.8500000000000005,2.5675985083035728,3,sr,1.047e-15
7.8625000000000007,2.5629936238988682,3,sr,1.566e-15
7.8750000000000009,2.5584308919247003,3,sr,3.175e-15
7.8875000000000002,2.5539105909559394,3,sr,9.344e-16
7.9000000000000004,2.5494330007891772,3,sr,1.605e-15
7.9125000000000005,2.5449984024969492,3,sr,5.162e-16
7.9250000000000007,2.5406070784718757,3,sr,3.603e-16
7.9375000000000009,2.5362593124602322,3,sr,3.130e-15
7.9500000000000002,2.5319553895844855,3,sr,3.376e-15
7.9625000000000004,2.5276955963542385,3,sr,7.038e-15
7.9750000000000005,2.5234802206650344,3,sr,4.829e-15
7.9875000000000007,2.5193095517844419,3,sr,3.040e-16
8,2.5151838803247357,3,sr,1.717e-15
8.0124999999999993,2.5111034982015181,3,sr,2.617e-15
8.0250000000000004,2.5070686985775681,3,sr,4.965e-15
8.0374999999999996,2.5030797757911434,3,sr,7.497e-15
8.0499999999999989,2.4991370252678995,3,sr,1.195e-15
8.0625,2.4952407434156654,3,sr,1.889e-15
8.0749999999999993,2.4913912275010435,3,sr,2.274e-15
8.0875000000000004,2.4875887755070134,3,sr,8.865e-15
8.0999999999999996,2.4838336859704584,3,sr,4.808e-15
8.1124999999999989,2.4801262577986591,3,sr,1.075e-15
8.125,2.4764667900635708,3,sr,1.850e-15
8.1374999999999993,2.4728555817728415,3,sr,6.497e-15
8.1500000000000004,2.4692929316162942,3,sr,2.028e-15
8.1624999999999996,2.4657791376867606,3,sr,2.981e-15
8.1749999999999989,2.4623144971738431,3,sr,8.237e-15
8.1875,2.4588993060294091,3,sr,4.769e-15
8.1999999999999993,2.4555338586033457,3,sr,0.000e+00
8.2125000000000004,2.4522184472482547,3,sr,7.281e-15
8.2249999999999996,2.4489533618915647,3,sr,1.323e-15
8.2374999999999989,2.4457388895735654,3,sr,2.812e-16
8.25,2.4425753139499418,3,sr,9.519e-15
8.2624999999999993,2.4394629147571094,3,sr,7.433e-16
8.2750000000000004,2.4364019672389277,3,sr,7.399e-16
8.2874999999999996,2.4333927415330696,3,sr,5.524e-15
8.2999999999999989,2.4304355020155395,3,sr,9.165e-16
8.3125,2.4275305066017321,3,sr,1.295e-14
8.3249999999999993,2.4246780059824045,3,sr,5.656e-11
8.3375000000000004,2.4218782429328907,3,sr,7.050e-15
8.3499999999999996,2.4191314512746009,3,sr,3.149e-15
8.3624999999999989,2.41643785518621,3,sr,2.686e-16
8.375,2.4137976681643338,3,sr,1.960e-15
8.3874999999999993,2.4112110920515475,3,sr,1.596e-15
8.4000000000000004,2.408678315990846,3,sr,3.354e-15
8.4124999999999996,2.4061995153253357,3,sr,4.392e-16
8.4249999999999989,2.4037748504422458,3,sr,4.371e-15
8.4375,2.4014044655604061,3,sr,2.523e-15
8.4499999999999993,2.3990884874606926,3,sr,4.069e-15
8.4625000000000004,2.3968270241589718,3,sr,1.982e-15
8.4749999999999996,2.3946201634999658,3,sr,5.567e-11
8.4874999999999989,2.3924679718234025,3,sr,6.827e-15
8.5,2.3903704922492679,3,sr,1.617e-15
8.5124999999999993,2.3883277433393886,3,sr,3.465e-15
8.5250000000000004,2.3863397173803516,3,sr,5.047e-16
8.5374999999999996,2.384406378751418,3,sr,1.985e-11
8.5499999999999989,2.3825276621722185,3,sr,4.250e-15
8.5625,2.3807034710233523,3,sr,1.493e-15
8.5749999999999993,2.3789336754623536,3,sr,4.458e-15
8.5875000000000004,2.3772181106200811,3,sr,2.875e-15
8.5999999999999996,2.3755565747138214,3,sr,8.994e-16
8.6124999999999989,2.3739488271387543,3,sr,2.038e-15
8.625,2.3723945865361955,3,sr,1.215e-15
8.6374999999999993,2.3708935288457051,3,sr,1.613e-16
8.6500000000000004,2.3694452853719223,3,sr,5.244e-11
8.6624999999999996,2.3680494407154398,3,sr,1.679e-15
8.6749999999999989,2.3667055310565028,3,sr,1.990e-15
8.6875,2.3654130420041279,3,sr,4.882e-16
8.6999999999999993,2.3641714068256645,3,sr,1.117e-11
8.7125000000000004,2.362980004555538,3,sr,6.286e-16
8.7249999999999996,2.3618381582617505,3,sr,2.739e-16
8.7374999999999989,2.3607451332865717,3,sr,1.169e-16
8.75,2.3597001356462179,3,sr,1.327e-11
8.7624999999999993,2.3587023105435052,3,sr,3.867e-16
8.7750000000000004,2.3577507409170417,3,sr,3.853e-16
8.7874999999999996,2.3568444462541196,3,sr,2.805e-15
8.7999999999999989,2.3559823814712266,3,sr,3.443e-16
8.8125,2.3551634360095477,3,sr,1.029e-15
8.8249999999999993,2.3543864331057427,3,sr,3.297e-11
8.8375000000000004,2.3536501293740382,3,sr,2.449e-13
8.8499999999999996,2.3529532143853906,3,sr,1.133e-15
8.8624999999999989,2.3522943108185843,3,sr,1.923e-15
8.875,2.3516719746431622,3,sr,2.181e-16
8.8874999999999993,2.3510846956876534,3,sr,1.123e-16
8.9000000000000004,2.3505308984956428,3,sr,3.735e-16
8.9124999999999996,2.3500089435009208,3,sr,3.815e-13
8.9249999999999989,2.349517128526986,3,sr,1.168e-11
8.9375,2.3490536906496033,3,sr,3.317e-11
8.9499999999999993,2.3486168084418155,3,sr,4.762e-11
8.9625000000000004,2.348204604318854,3,sr,3.653e-11
8.9749999999999996,2.3478151477511466,3,sr,3.367e-11
8.9874999999999989,2.3474464583149435,3,sr,1.032e-15
9,2.3470965094364877,3,sr,1.844e-16
9.0124999999999993,2.3467632322566065,3,sr,1.277e-15
9.0250000000000004,2.3464445199982595,3,sr,2.680e-15
9.0374999999999996,2.3461382325687206,3,sr,9.631e-16
9.0499999999999989,2.3458422014781526,3,sr,1.673e-15
9.0625,2.3455542350346112,3,sr,1.109e-15
9.0749999999999993,2.3452721237799317,3,sr,1.727e-11
9.0875000000000004,2.3449936461983478,3,sr,6.286e-16
9.0999999999999996,2.3447165744777929,3,sr,9.780e-13
9.1124999999999989,2.3444386805996591,3,sr,2.951e-12
9.125,2.3441577424053106,3,sr,4.994e-12
9.1374999999999993,2.3438715497847036,3,sr,6.565e-12
9.1500000000000004,2.3435779108837074,3,sr,7.367e-12
9.1624999999999996,2.3432746582943307,3,sr,7.285e-12
9.1749999999999989,2.3429596551834795,3,sr,6.357e-12
9.1875,2.3426308013159018,3,sr,4.738e-12
9.1999999999999993,2.342286038951364,3,sr,4.431e-11
9.2125000000000004,2.3419233584087684,3,sr,1.884e-12
9.2249999999999996,2.3415408037462115,3,sr,9.906e-13
9.2374999999999989,2.3411364777146986,3,sr,1.737e-12
9.25,2.340708546736594,3,sr,1.373e-12
9.2624999999999993,2.3402552454228918,3,sr,3.103e-13
9.2750000000000004,2.339774880735165,3,sr,1.084e-11
9.2874999999999996,2.3392658357889116,3,sr,1.462e-15
9.2999999999999989,2.3387265731694709,3,sr,3.759e-17
9.3125,2.338155637928228,3,sr,5.656e-16
9.3249999999999993,2.3375516600626534,3,sr,3.782e-16
9.3375000000000004,2.3369133565988691,3,sr,2.656e-11
9.3499999999999996,2.3362395331582588,3,sr,1.927e-11
9.3624999999999989,2.3355290852205641,3,sr,5.739e-12
9.375,2.3347809988341646,3,sr,3.010e-11
9.3874999999999993,2.3339943508665675,3,sr,1.237e-15
9.4000000000000004,2.3331683090623487,3,sr,6.956e-16
9.4124999999999996,2.332302131408571,3,sr,4.148e-11
9.4249999999999989,2.3313951654671135,3,sr,5.086e-11
9.4375,2.3304468468612263,3,sr,9.354e-12
9.4499999999999993,2.3294566981456595,3,sr,4.715e-16
9.4625000000000004,2.3284243267012155,3,sr,1.184e-15
9.4749999999999996,2.3273494227304674,3,sr,2.625e-16
9.4874999999999989,2.3262317568994599,3,sr,3.990e-11
9.5,2.3250711778649058,3,sr,4.848e-13
9.5124999999999993,2.3238676093609514,3,sr,1.608e-16
9.5250000000000004,2.3226210474719853,3,sr,6.462e-16
9.5374999999999996,2.3213315575131523,3,sr,2.435e-16
9.5499999999999989,2.3199992709111901,3,sr,5.790e-15
9.5625,2.3186243819868864,3,sr,2.787e-15
9.5749999999999993,2.3172071446816336,3,sr,9.946e-16
9.5875000000000004,2.3157478692310041,3,sr,4.953e-11
9.5999999999999996,2.3142469189427146,3,sr,0.000e+00
9.6125000000000007,2.3127047066890798,3,sr,2.508e-16
9.625,2.3111216918138462,3,sr,0.000e+00
9.6374999999999993,2.3094983767872175,3,sr,2.281e-15
9.6500000000000004,2.307835304032698,3,sr,2.462e-15
9.6624999999999996,2.3061330528019712,3,sr,1.451e-15
9.6750000000000007,2.3043922361283427,3,sr,1.719e-15
9.6875,2.3026134978681831,3,sr,2.156e-15
9.6999999999999993,2.3007975098383651,3,sr,8.667e-17
9.7125000000000004,2.2989449690562642,3,sr,2.004e-15
9.7249999999999996,2.2970565950875228,3,sr,4.991e-15
9.7375000000000007,2.2951331275083082,3,sr,7.779e-12
9.75,2.2931753234662136,3,sr,4.071e-15
9.7624999999999993,2.2911839553977242,3,sr,1.778e-15
9.7750000000000004,2.2891598088097691,3,sr,4.468e-16
9.7874999999999996,2.2871036802187712,3,sr,7.815e-15
9.8000000000000007,2.2850163751906116,3,sr,1.651e-13
9.8125,2.2828987064984156,3,sr,5.534e-15
9.8249999999999993,2.2807514923947583,3,sr,2.370e-15
9.8375000000000004,2.2785755549940272,3,sr,2.565e-15
9.8499999999999996,2.2763717187639343,3,sr,8.194e-15
9.8625000000000007,2.2741408091220165,3,sr,9.252e-17
9.875,2.2718836511339346,3,sr,8.459e-15
9.8874999999999993,2.2696010683099832,3,sr,1.308e-15
9.9000000000000004,2.2672938814958483,3,sr,1.314e-14
9.9124999999999996,2.2649629078429192,3,sr,3.724e-11
9.9250000000000007,2.2626089599302066,3,sr,1.336e-14
9.9375,2.260232844819833,3,sr,5.117e-11
9.9499999999999993,2.2578353633206856,3,sr,1.080e-14
9.9625000000000004,2.2554173093784575,3,sr,1.422e-11
9.9749999999999996,2.2529794693322072,3,sr,1.562e-14
9.9875000000000007,2.2505226213860166,3,sr,9.686e-16
10,2.2480475351348859,3,sr,8.755e-15
3.1250000000000004,14.95582275800589,4,sr,4.330e-12
3.1375000000000002,14.84485972659092,4,sr,1.511e-11
3.1500000000000004,14.735214418947274,4,sr,4.098e-13
3.1625000000000005,14.626864853989117,4,sr,1.365e-11
3.1750000000000003,14.519789579716528,4,sr,1.474e-11
3.1875000000000004,14.413967656919809,4,sr,6.398e-15
3.2000000000000002,14.309378643484031,4,sr,1.784e-16
3.2125000000000004,14.206002579125643,4,sr,7.043e-12
3.2250000000000005,14.103819970748416,4,sr,1.710e-15
3.2375000000000003,14.002811778331179,4,sr,1.262e-15
3.2500000000000004,13.902959401179093,4,sr,3.981e-15
3.2625000000000002,13.804244664753517,4,sr,2.542e-15
3.2750000000000004,13.706649807932742,4,sr,1.500e-11
3.2875000000000005,13.610157470639631,4,sr,2.868e-13
3.3000000000000003,13.514750682116903,4,sr,8.435e-12
3.3125000000000004,13.420412849295348,4,sr,1.850e-12
3.3250000000000002,13.327127745894511,4,sr,1.980e-11
3.3375000000000004,13.234879501584834,4,sr,1.070e-11
3.3500000000000005,13.143652591945139,4,sr,1.766e-15
3.3625000000000003,13.053431828261854,4,sr,2.517e-15
3.3750000000000004,12.964202348133981,4,sr,2.806e-16
3.3875000000000002,12.875949606174572,4,sr,8.350e-12
3.4000000000000004,12.78865936507002,4,sr,2.070e-15
3.4125000000000005,12.702317687070071,4,sr,2.256e-11
3.4250000000000003,12.61691092554133,4,sr,2.046e-11
3.4375000000000004,12.532425717120651,4,sr,2.319e-11
3.4500000000000002,12.448848973869216,4,sr,2.904e-15
3.4625000000000004,12.36616787594437,4,sr,1.192e-11
3.4750000000000005,12.284369864235007,4,sr,2.010e-15
3.4875000000000003,12.203442633595632,4,sr,1.824e-15
3.5000000000000004,12.123374126033053,4,sr,8.662e-16
3.5125000000000002,12.044152524289714,4,sr,2.267e-15
3.5250000000000004,11.965766245598775,4,sr,6.264e-12
3.5375000000000005,11.888203935636279,4,sr,4.848e-17
3.5500000000000003,11.811454462765887,4,sr,1.581e-11
3.5625000000000004,11.735506912318126,4,sr,3.027e-12
3.5750000000000002,11.660350581302254,4,sr,1.526e-12
3.5875000000000004,11.5859749730693,4,sr,8.839e-12
3.6000000000000005,11.512369792287529,4,sr,2.246e-11
3.6125000000000003,11.439524940028885,4,sr,2.555e-15
3.6250000000000004,11.367430509168848,4,sr,2.180e-11
3.6375000000000002,11.296076779622769,4,sr,9.532e-12
3.6500000000000004,11.225454214141577,4,sr,2.192e-12
3.6625000000000005,11.155553453944046,4,sr,3.028e-12
3.6750000000000003,11.086365314626914,4,sr,1.210e-11
3.6875000000000004,11.017880782170602,4,sr,2.409e-15
3.7000000000000002,10.950091009160227,4,sr,8.598e-14
3.7125000000000004,10.882987310994096,4,sr,7.974e-16
3.7250000000000005,10.816561162340305,4,sr,1.185e-11
3.7375000000000003,10.750804193616716,4,sr,4.284e-12
3.7500000000000004,10.685708187700815,4,sr,3.218e-12
3.7625000000000002,10.621265076623756,4,sr,7.319e-12
3.7750000000000004,10.55746693844554,4,sr,1.227e-11
3.7875000000000005,10.494305994193107,4,sr,2.471e-11
3.8000000000000003,10.431774605048739,4,sr,7.846e-12
3.8125000000000004,10.369865269258359,4,sr,6.265e-13
3.8250000000000002,10.308570619614493,4,sr,3.049e-11
3.8375000000000004,10.247883420730917,4,sr,2.898e-11
3.8500000000000005,10.187796566401802,4,sr,1.410e-11
3.8625000000000003,10.128303077158984,4,sr,3.481e-12
3.8750000000000004,10.069396097872831,4,sr,7.078e-14
3.8875000000000002,10.011068895418024,4,sr,6.593e-13
3.9000000000000004,9.9533148564121383,4,sr,2.012e-12
3.9125000000000005,9.8961274850513519,4,sr,9.693e-12
3.9250000000000003,9.8395004009569682,4,sr,7.169e-13
3.9375000000000004,9.7834273372115224,4,sr,6.201e-12
3.9500000000000002,9.7279021383289024,4,sr,1.028e-11
3.9625000000000004,9.6729187583712353,4,sr,1.227e-11
3.9750000000000005,9.618471259105501,4,sr,1.064e-11
3.9875000000000003,9.5645538082250638,4,sr,1.706e-12
4,9.5111606776181912,4,sr,5.026e-15
4.0125000000000002,9.458286241720586,4,sr,1.776e-11
4.0250000000000004,9.40592497595207,4,sr,1.914e-15
4.0375000000000005,9.3540714550562729,4,sr,9.543e-12
4.0500000000000007,9.3027203517290697,4,sr,2.930e-11
4.0625,9.2518664351557298,4,sr,2.775e-15
4.0750000000000002,9.2015045695145332,4,sr,2.924e-15
4.0875000000000004,9.1516297127892692,4,sr,3.904e-15
4.1000000000000005,9.1022369153993896,4,sr,1.029e-14
4.1125000000000007,9.0533213189596733,4,sr,3.365e-11
4.125,9.0048781551913706,4,sr,3.905e-13
4.1375000000000002,8.9569027445776808,4,sr,4.967e-15
4.1500000000000004,8.9093904954617535,4,sr,9.045e-12
4.1625000000000005,8.862336902923369,4,sr,3.853e-15
4.1750000000000007,8.8157375477368358,4,sr,2.998e-15
4.1875,8.7695880954594667,4,sr,5.235e-12
4.2000000000000002,8.7238842954830602,4,sr,2.917e-11
4.2125000000000004,8.6786219801942206,4,sr,4.058e-11
4.2250000000000005,8.6337970640967221,4,sr,3.533e-11
4.2375000000000007,8.5894055430332816,4,sr,1.197e-11
4.25,8.5454434934170358,4,sr,6.874e-15
4.2625000000000002,8.5019070715566567,4,sr,1.678e-15
4.2750000000000004,8.4587925129517192,4,sr,4.110e-11
4.2875000000000005,8.4160961317714342,4,sr,1.130e-15
4.3000000000000007,8.3738143200489503,4,sr,4.029e-11
4.3125,8.3319435472564169,4,sr,2.445e-15
4.3250000000000002,8.2904803599131682,4,sr,2.097e-15
4.3375000000000004,8.2494213808866856,4,sr,1.473e-11
4.3500000000000005,8.2087633091450858,4,sr,3.200e-11
4.3625000000000007,8.1685029191623784,4,sr,1.655e-11
4.375,8.1286370608097691,4,sr,2.210e-11
4.3875000000000002,8.0891626588147787,4,sr,3.005e-11
4.4000000000000004,8.0500767127245556,4,sr,1.530e-11
4.4125000000000005,8.0113762963312727,4,sr,8.125e-16
4.4250000000000007,7.9730585578057491,4,sr,3.430e-15
4.4375,7.9351207193111666,4,sr,3.844e-11
4.4500000000000002,7.8975600770626233,4,sr,1.419e-15
4.4625000000000004,7.8603740009927474,4,sr,2.734e-15
4.4750000000000005,7.8235599349456031,4,sr,6.731e-12
4.4875000000000007,7.7871153965258895,4,sr,1.451e-15
4.5,7.7510379771924427,4,sr,2.843e-15
4.5125000000000002,7.7153253422812336,4,sr,1.439e-15
4.5250000000000004,7.6799752311294478,4,sr,4.249e-14
4.5375000000000005,7.6449854572118578,4,sr,1.579e-14
4.5500000000000007,7.6103539083183742,4,sr,3.438e-15
4.5625,7.5760785467689731,4,sr,1.826e-15
4.5750000000000002,7.5421574096650827,4,sr,9.088e-17
4.5875000000000004,7.5085886091775738,4,sr,5.688e-13
4.6000000000000005,7.4753703328682306,4,sr,2.251e-15
4.6125000000000007,7.4425008440519109,4,sr,2.778e-15
4.625,7.4099784821855303,4,sr,3.344e-14
4.6375000000000002,7.3778016632962355,4,sr,3.460e-15
4.6500000000000004,7.3459688804394396,4,sr,4.237e-15
4.6625000000000005,7.3144787041780139,4,sr,1.580e-11
4.6750000000000007,7.2833297831559003,4,sr,1.659e-15
4.6875,7.2525208445376741,4,sr,6.080e-16
4.7000000000000002,7.222050694690739,4,sr,1.037e-15
4.7125000000000004,7.1919182197293239,4,sr,5.154e-16
4.7250000000000005,7.162122386144949,4,sr,1.623e-15
4.7375000000000007,7.1326622414448364,4,sr,4.245e-15
4.75,7.1035369148057876,4,sr,1.688e-16
4.7625000000000002,7.0747456177369905,4,sr,3.924e-12
4.7750000000000004,7.0462876447677045,4,sr,3.001e-15
4.7875000000000005,7.0181623740947305,4,sr,1.077e-15
4.8000000000000007,6.9903692682849465,4,sr,1.317e-15
4.8125000000000009,6.9629078749263211,4,sr,6.543e-16
4.8250000000000002,6.9357778272810489,4,sr,9.749e-16
4.8375000000000004,6.9089788449317879,4,sr,2.403e-11
4.8500000000000005,6.882510734284832,4,sr,8.015e-16
4.8625000000000007,6.8563733893126946,4,sr,3.980e-16
4.8750000000000009,6.830566791872382,4,sr,1.739e-15
4.8875000000000002,6.8050910122231096,4,sr,2.197e-11
4.9000000000000004,6.7799462094630707,4,sr,1.538e-13
4.9125000000000005,6.7551326316281992,4,sr,7.049e-16
4.9250000000000007,6.7306506160393083,4,sr,2.457e-15
4.9375000000000009,6.706500589260644,4,sr,1.981e-15
4.9500000000000002,6.6826830670201343,4,sr,2.646e-15
4.9625000000000004,6.6591986539290229,4,sr,2.135e-11
4.9750000000000005,6.6360480431245437,4,sr,1.042e-15
4.9875000000000007,6.6132320154185855,4,sr,1.403e-15
5.0000000000000009,6.5907514385754089,4,sr,1.026e-15
5.0125000000000002,6.5686072660472332,4,sr,1.288e-11
5.0250000000000004,6.5468005354415313,4,sr,1.297e-15
5.0375000000000005,6.5253323668007175,4,sr,4.002e-15
5.0500000000000007,6.5042039602422719,4,sr,1.637e-11
5.0625000000000009,6.4834165934487498,4,sr,1.038e-11
5.0750000000000002,6.4629716183132668,4,sr,1.842e-12
5.0875000000000004,6.4428704575206099,4,sr,1.912e-12
5.1000000000000005,6.4231146001262047,4,sr,6.927e-12
5.1125000000000007,6.4037055967041843,4,sr,2.165e-11
5.1250000000000009,6.3846450536630668,4,sr,3.022e-12
5.1375000000000002,6.3659346270189472,4,sr,2.000e-16
5.1500000000000004,6.3475760149216756,4,sr,7.172e-12
5.1625000000000005,6.3295709495522141,4,sr,3.652e-12
5.1750000000000007,6.3119211879669157,4,sr,6.488e-16
5.1875000000000009,6.2946285016596883,4,sr,2.508e-12
5.2000000000000002,6.2776946651511709,4,sr,1.266e-11
5.2125000000000004,6.2611214430502145,4,sr,7.574e-16
5.2250000000000005,6.2449105760323596,4,sr,1.363e-13
5.2375000000000007,6.229063764982314,4,sr,9.576e-12
5.2500000000000009,6.2135826538299277,4,sr,1.595e-11
5.2625000000000002,6.1984688105349681,4,sr,1.628e-11
5.2750000000000004,6.1837237063418131,4,sr,1.213e-11
5.2875000000000005,6.1693486931559605,4,sr,3.998e-12
5.3000000000000007,6.155344978935549,4,sr,1.360e-15
5.3125000000000009,6.1417136010692186,4,sr,6.443e-16
5.3250000000000002,6.1284553976028073,4,sr,1.119e-11
5.3375000000000004,6.115570976390952,4,sr,4.025e-16
5.3500000000000005,6.1030606818317077,4,sr,1.164e-11
5.3625000000000007,6.0909245598015316,4,sr,1.191e-15
5.3750000000000009,6.0791623199474838,4,sr,3.332e-12
5.3875000000000002,6.0677732963035842,4,sr,9.465e-12
5.4000000000000004,6.0567564056578158,4,sr,8.243e-16
5.4125000000000005,6.0461101040554937,4,sr,9.261e-16
5.4250000000000007,6.0358323418501456,4,sr,7.561e-16
5.4375000000000009,6.025920517204252,4,sr,1.874e-15
5.4500000000000002,6.0163714286358339,4,sr,9.560e-16
5.4625000000000004,6.0071812269322651,4,sr,8.428e-16
5.4750000000000005,5.9983453669334637,4,sr,3.283e-12
5.4875000000000007,5.9898585597999023,4,sr,4.325e-14
5.5000000000000009,5.9817147263186188,4,sr,3.860e-16
5.5125000000000002,5.9739069521827934,4,sr,1.204e-12
5.5250000000000004,5.9664274459119779,4,sr,2.030e-16
5.5375000000000005,5.9592675003956668,4,sr,4.336e-13
5.5500000000000007,5.9524174590878545,4,sr,7.010e-16
5.5625000000000009,5.9458666878138429,4,sr,3.484e-16
5.5750000000000002,5.9396035533405716,4,sr,6.480e-14
5.5875000000000004,5.9336154097679152,4,sr,3.141e-13
5.6000000000000005,5.9278885938454495,4,sr,2.513e-13
5.6125000000000007,5.9224084302458344,4,sr,5.117e-16
5.6250000000000009,5.9171592477617256,4,sr,7.400e-16
5.6375000000000002,5.9121244072643426,4,sr,1.015e-15
5.6500000000000004,5.907286342096417,4,sr,3.974e-16
5.6625000000000005,5.9026266113804597,4,sr,3.992e-13
5.6750000000000007,5.8981259664668446,4,sr,4.004e-13
5.6875000000000009,5.8937644304868044,4,sr,2.705e-13
5.7000000000000002,5.8895213906428996,4,sr,5.989e-14
5.7125000000000004,5.8853757025856339,4,sr,9.920e-12
5.7250000000000005,5.8813058057219809,4,sr,6.700e-16
5.7375000000000007,5.877289848511686,4,sr,1.343e-15
5.7500000000000009,5.8733058214214875,4,sr,2.930e-13
5.7625000000000002,5.869331696258457,4,sr,6.437e-14
5.7750000000000004,5.8653455693183663,4,sr,8.483e-13
5.7875000000000005,5.8613258061072742,4,sr,3.088e-12
5.8000000000000007,5.8572511851677547,4,sr,2.765e-13
5.8125000000000009,5.8531010385733069,4,sr,2.062e-12
5.8250000000000002,5.84885538653461,4,sr,5.022e-12
5.8375000000000004,5.8444950639420741,4,sr,2.840e-12
5.8500000000000005,5.8400018366226245,4,sr,6.183e-16
5.8625000000000007,5.8353585055869228,4,sr,3.386e-14
5.8750000000000009,5.8305489976916673,4,sr,8.872e-14
5.8875000000000002,5.8255584415535342,4,sr,1.015e-13
5.9000000000000004,5.8203732280008573,4,sr,5.411e-14
5.9125000000000005,5.8149810546653589,4,sr,4.930e-14
5.9250000000000007,5.8093709547322483,4,sr,2.772e-16
5.9375000000000009,5.8035333102180324,4,sr,1.548e-15
5.9500000000000002,5.7974598504715917,4,sr,6.289e-13
5.9625000000000004,5.7911436368747298,4,sr,2.555e-13
5.9750000000000005,5.7845790349215269,4,sr,1.299e-16
5.9875000000000007,5.77776167507092,4,sr,4.193e-16
6.0000000000000009,5.7706884038327786,4,sr,4.198e-14
6.0125000000000002,5.7633572266377495,4,sr,2.401e-16
6.0250000000000004,5.7557672440497329,4,sr,2.756e-13
6.0375000000000005,5.7479185828386878,4,sr,0.000e+00
6.0500000000000007,5.7398123233905558,4,sr,5.794e-12
6.0625000000000009,5.731450424744855,4,sr,2.043e-12
6.0750000000000002,5.7228356486698368,4,sr,1.679e-16
6.0875000000000004,5.7139714836487201,4,sr,1.639e-15
6.1000000000000005,5.7048620699542409,4,sr,1.343e-11
6.1125000000000007,5.6955121264424271,4,sr,1.018e-12
6.1250000000000009,5.6859268801091094,4,sr,3.312e-12
6.1375000000000002,5.6761119983633295,4,sr,5.173e-12
6.1500000000000004,5.6660735250518002,4,sr,5.803e-12
6.1625000000000005,5.6558178201645939,4,sr,4.469e-12
6.1750000000000007,5.6453515035538357,4,sr,1.186e-12
6.1875000000000009,5.6346814027608803,4,sr,9.831e-16
6.2000000000000002,5.6238145049693058,4,sr,2.484e-16
6.2125000000000004,5.6127579130814267,4,sr,0.000e+00
6.2250000000000005,5.6015188058343774,4,sr,2.120e-11
6.2375000000000007,5.5901044016746289,4,sr,2.222e-13
6.2500000000000009,5.5785219266906827,4,sr,1.295e-15
6.2625000000000002,5.5667785856374756,4,sr,1.649e-11
6.2750000000000004,5.554881536717402,4,sr,2.869e-16
6.2875000000000005,5.5428378691168012,4,sr,7.352e-16
6.3000000000000007,5.5306545837923933,4,sr,1.198e-11
6.3125000000000009,5.5183385766341564,4,sr,1.228e-15
6.3250000000000002,5.5058966243664633,4,sr,2.439e-11
6.3375000000000004,5.4933353723391756,4,sr,1.258e-15
6.3500000000000005,5.4806613248514653,4,sr,1.783e-11
6.3625000000000007,5.4678808367499139,4,sr,4.191e-15
6.3750000000000009,5.4550001072328653,4,sr,7.890e-16
6.3875000000000002,5.4420251747232813,4,sr,6.613e-16
6.4000000000000004,5.4289619133078482,4,sr,3.145e-15
6.4125000000000005,5.4158160302417757,4,sr,2.947e-11
6.4250000000000007,5.4025930646355018,4,sr,2.016e-15
6.4375000000000009,5.3892983867254314,4,sr,1.204e-15
6.4500000000000002,5.3759371983645243,4,sr,1.252e-11
6.4625000000000004,5.3625145339274782,4,sr,3.832e-16
6.4750000000000005,5.3490352618092887,4,sr,5.413e-16
6.4875000000000007,5.3355040865991565,4,sr,2.598e-11
6.5000000000000009,5.3219255514522565,4,sr,1.968e-15
6.5125000000000002,5.3083040411272355,4,sr,1.350e-15
6.5250000000000004,5.2946437849747259,4,sr,1.762e-15
6.5375000000000005,5.2809488604226074,4,sr,1.615e-16
6.5500000000000007,5.2672231965538439,4,sr,1.065e-15
6.5625000000000009,5.2534705778522666,4,sr,1.318e-15
6.5750000000000002,5.2396946480614135,4,sr,4.636e-15
6.5875000000000004,5.2258989141232206,4,sr,2.003e-15
6.6000000000000005,5.2120867501674795,4,sr,4.037e-15
6.6125000000000007,5.1982614015269606,4,sr,2.799e-15
6.6250000000000009,5.1844259887562849,4,sr,2.903e-15
6.6375000000000002,5.1705835116202685,4,sr,3.009e-11
6.6500000000000004,5.1567368531453877,4,sr,3.120e-15
6.6625000000000005,5.1428887833915589,4,sr,8.206e-15
6.6750000000000007,5.129041963481594,4,sr,1.583e-15
6.6875000000000009,5.1151989493353254,4,sr,1.076e-11
6.7000000000000002,5.1013621953930226,4,sr,1.159e-15
6.7125000000000004,5.0875340583222597,4,sr,1.526e-15
6.7250000000000005,5.0737168005352462,4,sr,1.174e-15
6.7375000000000007,5.0599125936963398,4,sr,5.456e-15
6.7500000000000009,5.0461235221066376,4,sr,4.576e-16
6.7625000000000002,5.0323515860004298,4,sr,8.011e-15
6.7750000000000004,5.0185987047468972,4,sr,7.412e-16
6.7875000000000005,5.004866719956496,4,sr,1.585e-15
6.8000000000000007,4.9911573984919393,4,sr,3.377e-15
6.8125000000000009,4.9774724353841835,4,sr,4.338e-15
6.8250000000000002,4.9638134566542131,4,sr,6.638e-16
6.8375000000000004,4.9501820220473114,4,sr,1.342e-11
6.8500000000000005,4.9365796276427858,4,sr,2.493e-15
6.8625000000000007,4.923007708456173,4,sr,9.541e-15
6.8750000000000009,4.9094676408435234,4,sr,5.909e-15
6.8875000000000002,4.8959607449021281,4,sr,3.310e-15
6.9000000000000004,4.8824882867543433,4,sr,2.789e-15
6.9125000000000005,4.8690514807553527,4,sr,5.407e-16
6.9250000000000007,4.8556514916215745,4,sr,4.297e-15
6.9375000000000009,4.8422894364821634,4,sr,6.451e-15
6.9500000000000002,4.8289663868559112,4,sr,7.525e-15
6.9625000000000004,4.8156833705560151,4,sr,7.508e-16
6.9750000000000005,4.8024413735250757,4,sr,1.407e-15
6.9875000000000007,4.7892413416027431,4,sr,4.896e-15
7.0000000000000009,4.776084182228356,4,sr,6.891e-15
7.0125000000000002,4.7629707660809215,4,sr,3.256e-15
7.0250000000000004,4.7499019286669268,4,sr,2.377e-11
7.0375000000000005,4.7368784718008552,4,sr,1.332e-15
7.0500000000000007,4.7239011651528573,4,sr,9.771e-16
7.0625000000000009,4.7109707475785987,4,sr,1.342e-15
7.0750000000000002,4.6980879285205788,4,sr,3.106e-15
7.0875000000000004,4.6852533893207937,4,sr,3.077e-11
7.1000000000000005,4.6724677844331071,4,sr,6.617e-15
7.1125000000000007,4.6597317427423368,4,sr,5.173e-15
7.1250000000000009,4.6470458686364422,4,sr,1.362e-15
7.1375000000000002,4.6344107431891564,4,sr,3.205e-15
7.1500000000000004,4.6218269252414954,4,sr,5.743e-15
7.1625000000000005,4.6092949524549711,4,sr,7.923e-16
7.1750000000000007,4.5968153423280009,4,sr,0.000e+00
7.1875000000000009,4.5843885931770814,4,sr,2.123e-16
7.2000000000000002,4.5720151850843118,4,sr,3.962e-15
7.2125000000000004,4.5596955808126935,4,sr,2.025e-15
7.2250000000000005,4.5474302266906967,4,sr,1.068e-15
7.2375000000000007,4.5352195534728796,4,sr,1.800e-11
7.2500000000000009,4.5230639771397341,4,sr,5.386e-15
7.2625000000000002,4.510963899752614,4,sr,3.114e-15
7.2750000000000004,4.498919710173988,4,sr,2.420e-16
7.2875000000000005,4.4869317848452104,4,sr,2.423e-16
7.3000000000000007,4.4750004885083818,4,sr,5.122e-16
7.3125000000000009,4.463126174911535,4,sr,8.097e-16
7.3250000000000002,4.4513091874928437,4,sr,2.297e-16
7.3375000000000004,4.4395498600448109,4,sr,9.602e-16
7.3500000000000005,4.4278485173594522,4,sr,2.274e-15
7.3625000000000007,4.4162054758554268,4,sr,2.980e-15
7.3750000000000009,4.4046210442008098,4,sr,4.434e-11
7.3875000000000002,4.3930955238428639,4,sr,1.750e-15
7.4000000000000004,4.3816292097104235,4,sr,1.338e-11
7.4125000000000005,4.3702223906698272,4,sr,3.313e-12
7.4250000000000007,4.3588753500957145,4,sr,3.840e-15
7.4375000000000009,4.3475883664560415,4,sr,4.617e-11
7.4500000000000002,4.336361713744421,4,sr,7.304e-12
7.4625000000000004,4.32519566212253,4,sr,1.459e-13
7.4750000000000005,4.314090478311833,4,sr,3.599e-12
7.4875000000000007,4.3030464261053822,4,sr,6.858e-11
7.5000000000000009,4.2920637669544934,4,sr,2.226e-15
7.5125000000000002,4.2811427602357908,4,sr,3.304e-15
7.5250000000000004,4.2702836639261852,4,sr,4.171e-11
7.5375000000000005,4.2594867348945229,4,sr,3.050e-11
7.5500000000000007,4.2487522295326094,4,sr,7.672e-12
7.5625000000000009,4.2380804039838091,4,sr,3.125e-15
7.5750000000000002,4.2274715147451323,4,sr,5.474e-15
7.5875000000000004,4.2169258190213013,4,sr,8.829e-15
7.6000000000000005,4.2064435751689198,4,sr,2.643e-15
7.6125000000000007,4.1960250431141413,4,sr,9.616e-15
7.6250000000000009,4.1856704847679378,4,sr,9.952e-16
7.6375000000000002,4.1753801644371666,4,sr,1.719e-15
7.6500000000000004,4.1651543492094927,4,sr,7.935e-11
7.6625000000000005,4.1549933094690541,4,sr,2.300e-14
7.6750000000000007,4.1448973190721485,4,sr,4.901e-12
7.6875000000000009,4.1348666559732283,4,sr,8.665e-12
7.7000000000000002,4.1249016025055294,4,sr,5.043e-12
7.7125000000000004,4.115002445793027,4,sr,4.409e-14
7.7250000000000005,4.1051694781448491,4,sr,2.226e-15
7.7375000000000007,4.0954029974481934,4,sr,6.294e-15
7.7500000000000009,4.0857033075512783,4,sr,2.955e-15
7.7625000000000002,4.0760707186512031,4,sr,3.316e-15
7.7750000000000004,4.0665055476789904,4,sr,1.627e-15
7.7875000000000005,4.0570081186834877,4,sr,1.937e-15
7.8000000000000007,4.0475787632141529,4,sr,4.542e-15
7.8125000000000009,4.038217820702779,4,sr,8.588e-15
7.8250000000000002,4.028925638844159,4,sr,7.058e-15
7.8375000000000004,4.0197025739572183,4,sr,6.278e-11
7.8500000000000005,4.0105489914556651,4,sr,3.146e-15
7.8625000000000007,4.0014652660406114,4,sr,5.448e-15
7.8750000000000009,3.9924517822607175,4,sr,9.476e-15
7.8875000000000002,3.9835089347939241,4,sr,7.708e-15
7.9000000000000004,3.9746371288580682,4,sr,6.706e-11
7.9125000000000005,3.9658367804796706,4,sr,3.091e-15
7.9250000000000007,3.9571083170627821,4,sr,1.312e-14
7.9375000000000009,3.9484521775509109,4,sr,6.939e-15
7.9500000000000002,3.9398688128834247,4,sr,1.475e-11
7.9625000000000004,3.9313586863537808,4,sr,2.344e-15
7.9750000000000005,3.9229222739146099,4,sr,1.162e-14
7.9875000000000007,3.9145600645711998,4,sr,1.107e-11
8,3.9062725606791506,4,sr,1.575e-15
8.0124999999999993,3.8980602783134284,4,sr,1.162e-14
8.0250000000000004,3.8899237475526269,4,sr,5.158e-12
8.0374999999999996,3.881863512814947,4,sr,4.759e-15
8.0499999999999989,3.8738801331365567,4,sr,3.286e-15
8.0625,3.8659741824731029,4,sr,2.982e-15
8.0749999999999993,3.8581462499612069,4,sr,1.407e-14
8.0875000000000004,3.8503969401726192,4,sr,1.523e-15
8.0999999999999996,3.8427268733475013,4,sr,1.326e-14
8.1124999999999989,3.8351366856058737,4,sr,5.277e-15
8.125,3.8276270291349648,4,sr,2.287e-14
8.1374999999999993,3.8201985723492813,4,sr,3.263e-15
8.1500000000000004,3.8128520000207033,4,sr,1.298e-14
8.1624999999999996,3.8055880133748512,4,sr,5.531e-16
8.1749999999999989,3.7984073301504546,4,sr,1.027e-14
8.1875,3.7913106846174003,4,sr,5.467e-16
8.1999999999999993,3.7842988275494913,4,sr,1.540e-15
8.2125000000000004,3.7773725261469391,4,sr,1.477e-14
8.2249999999999996,3.7705325639038265,4,sr,3.580e-16
8.2374999999999989,3.7637797404148561,4,sr,6.226e-15
8.25,3.7571148711157347,4,sr,1.008e-14
8.2624999999999993,3.750538786950754,4,sr,7.906e-16
8.2750000000000004,3.7440523339607408,4,sr,5.586e-15
8.2874999999999996,3.7376563727842962,4,sr,1.483e-14
8.2999999999999989,3.7313517780643126,4,sr,2.929e-15
8.3125,3.7251394377516553,4,sr,5.135e-16
8.3249999999999993,3.719020252296946,4,sr,9.416e-16
8.3375000000000004,3.7129951337211868,4,sr,1.055e-14
8.3499999999999996,3.7070650045551052,4,sr,1.099e-14
8.3624999999999989,3.7012307966367302,4,sr,1.749e-15
8.375,3.6954934497558161,4,sr,2.481e-15
8.3874999999999993,3.6898539101291932,4,sr,1.030e-11
8.4000000000000004,3.6843131287254067,4,sr,1.142e-15
8.4124999999999996,3.6788720593330515,4,sr,3.157e-15
8.4249999999999989,3.6735316565139668,4,sr,7.154e-15
8.4375,3.6682928732727502,4,sr,4.548e-15
8.4499999999999993,3.6631566585209905,4,sr,6.179e-15
8.4625000000000004,3.6581239542905215,4,sr,5.505e-15
8.4749999999999996,3.6531956926851703,4,sr,6.635e-15
8.4874999999999989,3.6483727925557328,4,sr,1.937e-15
8.5,3.6436561558829998,4,sr,6.153e-16
8.5124999999999993,3.639046663853664,4,sr,6.107e-16
8.5250000000000004,3.6345451726380724,4,sr,4.802e-11
8.5374999999999996,3.6301525086892119,4,sr,6.016e-16
8.5499999999999989,3.6258694640482125,4,sr,1.045e-15
8.5625,3.6216967908124742,4,sr,2.222e-15
8.5749999999999993,3.6176351955866872,4,sr,4.485e-15
8.5875000000000004,3.6136853334084789,4,sr,2.189e-15
8.5999999999999996,3.6098478013052433,4,sr,4.745e-12
8.6124999999999989,3.6061231314715272,4,sr,4.529e-15
8.625,3.602511784012008,4,sr,4.995e-15
8.6374999999999993,3.5990141393412758,4,sr,1.346e-15
8.6500000000000004,3.595630490157733,4,sr,3.515e-16
8.6624999999999996,3.5923610330562128,4,sr,6.979e-17
8.6749999999999989,3.589205859791142,4,sr,2.204e-11
8.6875,3.5861649481259876,4,sr,9.630e-16
8.6999999999999993,3.5832381525680863,4,sr,1.707e-15
8.7125000000000004,3.5804251945776442,4,sr,5.425e-16
8.7249999999999996,3.5777256527453876,4,sr,1.347e-16
8.7374999999999989,3.575138952724394,4,sr,2.675e-16
8.75,3.5726643570701313,4,sr,8.707e-16
8.7624999999999993,3.570300955050238,4,sr,2.640e-16
8.7750000000000004,3.5680476525088598,4,sr,2.000e-15
8.7874999999999996,3.5659031618810579,4,sr,1.173e-15
8.7999999999999989,3.563865992484446,4,sr,3.163e-11
8.8125,3.561934441058884,4,sr,1.384e-15
8.8249999999999993,3.5601065831142793,4,sr,7.665e-12
8.8375000000000004,3.5583802645458928,4,sr,2.482e-11
8.8499999999999996,3.5567530941652317,4,sr,7.984e-16
8.8624999999999989,3.5552224373965982,4,sr,1.416e-15
8.875,3.5537854106529689,4,sr,2.280e-11
8.8874999999999993,3.5524388773432554,4,sr,4.672e-16
8.9000000000000004,3.5511794449428211,4,sr,2.015e-15
8.9124999999999996,3.550003463968995,4,sr,3.947e-14
8.9249999999999989,3.5489070284271165,4,sr,1.007e-11
8.9375,3.5478859782440839,4,sr,1.674e-11
8.9499999999999993,3.5469359036350601,4,sr,1.073e-15
8.9625000000000004,3.5460521515277224,4,sr,1.110e-15
8.9749999999999996,3.5452298343025856,4,sr,5.304e-16
8.9874999999999989,3.5444638406330773,4,sr,8.878e-13
9,3.5437488486638764,4,sr,2.291e-12
9.0124999999999993,3.5430793414409285,4,sr,2.151e-12
9.0250000000000004,3.5424496245626274,4,sr,2.102e-16
9.0374999999999996,3.5418538459750439,4,sr,9.819e-16
9.0499999999999989,3.54128601780174,4,sr,3.818e-16
9.0625,3.5407400400224263,4,sr,5.797e-16
9.0749999999999993,3.5402097258367755,4,sr,1.701e-11
9.0875000000000004,3.5396888283758265,4,sr,9.379e-14
9.0999999999999996,3.5391710687656488,4,sr,5.084e-13
9.1124999999999989,3.5386501647868003,4,sr,9.222e-13
9.125,3.5381198602636714,4,sr,1.035e-12
9.1374999999999993,3.5375739545679301,4,sr,7.760e-13
9.1500000000000004,3.5370063319839589,4,sr,9.932e-12
9.1624999999999996,3.5364109905189389,4,sr,1.194e-13
9.1749999999999989,3.5357820699637679,4,sr,1.869e-13
9.1875,3.5351138786145229,4,sr,8.992e-15
9.1999999999999993,3.5344009186221679,4,sr,3.239e-11
9.2125000000000004,3.5336379093630805,4,sr,1.236e-15
9.2249999999999996,3.5328198091351055,4,sr,3.814e-16
9.2374999999999989,3.5319418341156892,4,sr,1.729e-12
9.25,3.5309994752640748,4,sr,6.732e-13
9.2624999999999993,3.5299885125129844,4,sr,9.382e-14
9.2750000000000004,3.5289050263740482,4,sr,2.639e-15
9.2874999999999996,3.5277454068710297,4,sr,1.273e-16
9.2999999999999989,3.5265063598247148,4,sr,1.828e-12
9.3125,3.5251849105319808,4,sr,9.426e-14
9.3249999999999993,3.5237784049545811,4,sr,5.069e-16
9.3375000000000004,3.5222845085051349,4,sr,1.033e-11
9.3499999999999996,3.5207012025783229,4,sr,3.368e-12
9.3624999999999989,3.5190267791081351,4,sr,4.193e-16
9.375,3.5172598331716323,4,sr,2.386e-11
9.3874999999999993,3.515399253902439,4,sr,2.653e-12
9.4000000000000004,3.5134442141707161,4,sr,1.908e-15
9.4124999999999996,3.5113941587621476,4,sr,2.970e-11
9.4249999999999989,3.5092487916292758,4,sr,1.073e-15
9.4375,3.5070080625284996,4,sr,2.299e-11
9.4499999999999993,3.5046721527686953,4,sr,8.799e-16
9.4625000000000004,3.5022414606082974,4,sr,1.364e-16
9.4749999999999996,3.4997165865705853,4,sr,1.858e-15
9.4874999999999989,3.4970983184825668,4,sr,6.922e-16
9.5,3.4943876166519625,4,sr,1.535e-15
9.5124999999999993,3.4915855992128639,4,sr,2.109e-15
9.5250000000000004,3.488693527764466,4,sr,7.084e-17
9.5374999999999996,3.4857127934223682,4,sr,4.749e-11
9.5499999999999989,3.482644903186439,4,sr,2.878e-15
9.5625,3.479491467214423,4,sr,1.378e-15
9.5749999999999993,3.4762541861768814,4,sr,1.608e-15
9.5875000000000004,3.4729348396062791,4,sr,3.979e-15
9.5999999999999996,3.4695352747417343,4,sr,2.673e-15
9.6125000000000007,3.4660573960606236,4,sr,2.994e-16
9.625,3.4625031554792023,4,sr,4.377e-15
9.6374999999999993,3.4588745432216768,4,sr,7.685e-16
9.6500000000000004,3.4551735793542386,4,sr,8.776e-12
9.6624999999999996,3.451402305943426,4,sr,1.622e-15
9.6750000000000007,3.4475627799042794,4,sr,4.050e-15
9.6875,3.44365706637825,4,sr,1.726e-15
9.6999999999999993,3.4396872327552521,4,sr,1.819e-15
9.7125000000000004,3.4356553432300223,4,sr,2.391e-16
9.7249999999999996,3.431563453892525,4,sr,8.512e-15
9.7375000000000007,3.4274136083193514,4,sr,1.076e-14
9.75,3.4232078336364893,4,sr,8.805e-15
9.7624999999999993,3.4189481370238037,4,sr,1.381e-16
9.7750000000000004,3.4146365026318919,4,sr,3.394e-15
9.7874999999999996,3.4102748888999885,4,sr,4.729e-11
9.8000000000000007,3.4058652261226263,4,sr,4.200e-15
9.8125,3.4014094146107539,4,sr,8.034e-15
9.8249999999999993,3.3969093227995617,4,sr,1.704e-14
9.8375000000000004,3.3923667858997346,4,sr,2.067e-14
9.8499999999999996,3.3877836046954393,4,sr,1.287e-14
9.8625000000000007,3.3831615445909171,4,sr,1.052e-14
9.875,3.378502334867028,4,sr,1.051e-14
9.8874999999999993,3.3738076681276676,4,sr,4.761e-15
9.9000000000000004,3.3690791999178153,4,sr,8.874e-17
9.9124999999999996,3.3643185484958917,4,sr,2.233e-15
9.9250000000000007,3.3595272947444434,4,sr,4.046e-15
9.9375,3.3547069822043936,4,sr,2.624e-15
9.9499999999999993,3.3498591172191698,4,sr,7.368e-16
9.9625000000000004,3.344985169173134,4,sr,9.834e-12
9.9749999999999996,3.3400865708369358,4,sr,1.062e-11
9.9875000000000007,3.3351647187354678,4,sr,3.868e-11
10,3.3302209736408885,4,sr,7.053e-11
4.0125000000000002,14.97675171290312,5,sr,1.473e-15
4.0250000000000004,14.890171920146015,5,sr,6.899e-12
4.0375000000000005,14.804418371856727,5,sr,4.876e-12
4.0500000000000007,14.719481904278254,5,sr,4.332e-12
4.0625,14.635353511910578,5,sr,3.813e-11
4.0750000000000002,14.552024345292079,5,sr,6.868e-15
4.0875000000000004,14.469485708492678,5,sr,5.423e-12
4.1000000000000005,14.387729057173743,5,sr,3.914e-11
4.1125000000000007,14.306745996199218,5,sr,9.289e-15
4.125,14.226528277879117,5,sr,5.477e-15
4.1375000000000002,14.147067799742029,5,sr,1.499e-16
4.1500000000000004,14.068356602779936,5,sr,3.989e-11
4.1625000000000005,13.990386869476307,5,sr,2.067e-15
4.1750000000000007,13.913150922308125,5,sr,2.968e-11
4.1875,13.836641221731597,5,sr,1.688e-15
4.2000000000000002,13.760850364866844,5,sr,7.634e-15
4.2125000000000004,13.685771083751479,5,sr,1.336e-15
4.2250000000000005,13.611396243955941,5,sr,1.072e-14
4.2375000000000007,13.537718843165784,5,sr,7.762e-12
4.25,13.464732009821187,5,sr,3.171e-12
4.2625000000000002,13.392429001907162,5,sr,2.012e-15
4.2750000000000004,13.320803205690572,5,sr,2.203e-15
4.2875000000000005,13.249848134633945,5,sr,1.185e-12
4.3000000000000007,13.179557428320459,5,sr,9.160e-12
4.3125,13.109924851486952,5,sr,3.214e-13
4.3250000000000002,13.040944293056729,5,sr,3.004e-15
4.3375000000000004,12.972609765340142,5,sr,6.282e-15
4.3500000000000005,12.904915403230191,5,sr,4.326e-13
4.3625000000000007,12.837855463500656,5,sr,2.786e-15
4.375,12.771424324167713,5,sr,1.293e-15
4.3875000000000002,12.70561648392925,5,sr,3.150e-15
4.4000000000000004,12.640426561673744,5,sr,1.760e-15
4.4125000000000005,12.575849296065199,5,sr,6.683e-15
4.4250000000000007,12.511879545203309,5,sr,4.770e-15
4.4375,12.448512286361009,5,sr,9.963e-13
4.4500000000000002,12.385742615796236,5,sr,1.500e-15
4.4625000000000004,12.323565748653504,5,sr,1.670e-12
4.4750000000000005,12.261977018927487,5,sr,1.488e-15
4.4875000000000007,12.20097187953429,5,sr,2.964e-15
4.5,12.140545902441954,5,sr,3.228e-16
4.5125000000000002,12.080694778903398,5,sr,5.968e-15
4.5250000000000004,12.021414319770898,5,sr,2.011e-15
4.5375000000000005,11.962700455901505,5,sr,4.094e-16
4.5500000000000007,11.904549238645869,5,sr,1.295e-11
4.5625,11.846956840482731,5,sr,5.317e-15
4.5750000000000002,11.78991955562115,5,sr,4.810e-13
4.5875000000000004,11.733433800874986,5,sr,2.411e-15
4.6000000000000005,11.677496116505544,5,sr,5.237e-15
4.6125000000000007,11.62210316722622,5,sr,1.110e-16
4.625,11.567251743300535,5,sr,2.195e-15
4.6375000000000002,11.512938761751666,5,sr,4.190e-15
4.6500000000000004,11.459161267707893,5,sr,3.388e-11
4.6625000000000005,11.405916435720449,5,sr,3.107e-15
4.6750000000000007,11.353201571556641,5,sr,2.144e-15
4.6875,11.301014113637983,5,sr,2.219e-15
4.7000000000000002,11.249351634942149,5,sr,2.357e-11
4.7125000000000004,11.198211844992207,5,sr,4.546e-15
4.7250000000000005,11.147592591741494,5,sr,3.011e-15
4.7375000000000007,11.097491863934648,5,sr,5.921e-16
4.75,11.047907793345834,5,sr,3.483e-16
4.7625000000000002,10.998838657265043,5,sr,9.905e-12
4.7750000000000004,10.950282881061181,5,sr,6.511e-16
4.7875000000000005,10.902239041000403,5,sr,1.293e-15
4.8000000000000007,10.854705867051297,5,sr,5.037e-12
4.8125000000000009,10.807682245971771,5,sr,9.555e-16
4.8250000000000002,10.761167224434557,5,sr,7.112e-16
4.8375000000000004,10.715160012384079,5,sr,1.019e-15
4.8500000000000005,10.669659986471139,5,sr,6.047e-12
4.8625000000000007,10.624666693677735,5,sr,5.679e-12
4.8750000000000009,10.580179855028517,5,sr,7.656e-16
4.8875000000000002,10.536199369464144,5,sr,3.948e-15
4.9000000000000004,10.492725317861881,5,sr,2.409e-15
4.9125000000000005,10.44975796713107,5,sr,2.782e-12
4.9250000000000007,10.407297774456374,5,sr,3.330e-15
4.9375000000000009,10.365345391595731,5,sr,5.868e-16
4.9500000000000002,10.323901669327046,5,sr,1.859e-11
4.9625000000000004,10.282967661816834,5,sr,2.089e-15
4.9750000000000005,10.242544631305691,5,sr,1.427e-15
4.9875000000000007,10.202634052459434,5,sr,2.828e-16
5.0000000000000009,10.163237616965242,5,sr,2.801e-16
5.0125000000000002,10.124357237959597,5,sr,1.230e-11
5.0250000000000004,10.085995054454228,5,sr,1.373e-16
5.0375000000000005,10.048153435432162,5,sr,3.399e-16
5.0500000000000007,10.01083498399225,5,sr,4.037e-16
5.0625000000000009,9.974042541019319,5,sr,1.962e-11
5.0750000000000002,9.9377791887142273,5,sr,1.845e-15
5.0875000000000004,9.9020482533628336,5,sr,2.478e-15
5.1000000000000005,9.8668533080010103,5,sr,3.290e-15
5.1125000000000007,9.8321981741175009,5,sr,9.637e-16
5.1250000000000009,9.7980869227201079,5,sr,6.887e-12
5.1375000000000002,9.7645238744069118,5,sr,4.399e-12
5.1500000000000004,9.731513598507334,5,sr,1.667e-15
5.1625000000000005,9.6990609106916761,5,sr,1.222e-11
5.1750000000000007,9.6671708694205947,5,sr,9.049e-16
5.1875000000000009,9.6358487703160698,5,sr,1.792e-15
5.2000000000000002,9.6051001388864368,5,sr,1.039e-11
5.2125000000000004,9.5749307208248666,5,sr,7.600e-14
5.2250000000000005,9.5453464695942234,5,sr,1.899e-15
5.2375000000000007,9.5163535313184049,5,sr,1.029e-15
5.2500000000000009,9.4879582261406235,5,sr,1.544e-11
5.2625000000000002,9.4601670257501045,5,sr,9.433e-16
5.2750000000000004,9.4329865269652657,5,sr,1.579e-11
5.2875000000000005,9.406423420261147,5,sr,2.707e-16
5.3000000000000007,9.380484452985014,5,sr,5.881e-16
5.3125000000000009,9.3551763870574245,5,sr,3.696e-16
5.3250000000000002,9.330505949869325,5,sr,9.906e-16
5.3375000000000004,9.3064797782336885,5,sr,2.368e-15
5.3500000000000005,9.2831043545674117,5,sr,8.640e-12
5.3625000000000007,9.2603859347906265,5,sr,8.033e-16
5.3750000000000009,9.238330466984559,5,sr,6.219e-12
5.3875000000000002,9.2169435008194025,5,sr,1.322e-15
5.4000000000000004,9.1962300864431796,5,sr,2.321e-15
5.4125000000000005,9.1761946630938667,5,sr,8.119e-16
5.4250000000000007,9.1568409365984689,5,sr,2.831e-16
5.4375000000000009,9.1381717458382976,5,sr,3.603e-12
5.4500000000000002,9.1201889181963374,5,sr,7.367e-16
5.4625000000000004,9.102893114146509,5,sr,2.947e-12
5.4750000000000005,9.0862836619223373,5,sr,1.394e-15
5.4875000000000007,9.0703583828963623,5,sr,4.890e-16
5.5000000000000009,9.0551134095384871,5,sr,7.174e-12
5.5125000000000002,9.0405429975578109,5,sr,3.651e-16
5.5250000000000004,9.0266393352795458,5,sr,1.596e-15
5.5375000000000005,9.013392352828772,5,sr,6.821e-13
5.5500000000000007,9.0007895355594769,5,sr,8.431e-17
5.5625000000000009,8.9888157458613449,5,sr,2.358e-13
5.5750000000000002,8.9774530586749499,5,sr,4.965e-16
5.5875000000000004,8.9666806163638064,5,sr,1.723e-15
5.6000000000000005,8.9564745092069842,5,sr,4.273e-16
5.6125000000000007,8.9468076880012379,5,sr,2.221e-16
5.6250000000000009,8.9376499154064053,5,sr,1.908e-13
5.6375000000000002,8.9289677624721975,5,sr,1.089e-13
5.6500000000000004,8.9207246563079874,5,sr,3.071e-16
5.6625000000000005,8.9128809839845982,5,sr,3.087e-13
5.6750000000000007,8.9053942565199851,5,sr,6.528e-12
5.6875000000000009,8.8982193353587338,5,sr,2.792e-13
5.7000000000000002,8.8913087212347488,5,sr,5.950e-16
5.7125000000000004,8.8846129042012798,5,sr,2.299e-14
5.7250000000000005,8.8780807698290509,5,sr,2.270e-13
5.7375000000000007,8.8716600552333453,5,sr,4.714e-16
5.7500000000000009,8.8652978456945828,5,sr,5.583e-13
5.7625000000000002,8.8589411006793295,5,sr,4.205e-14
5.7750000000000004,8.8525371964642172,5,sr,2.865e-14
5.7875000000000005,8.8460344713320467,5,sr,1.875e-14
5.8000000000000007,8.8393827589728104,5,sr,1.009e-12
5.8125000000000009,8.8325338958988873,5,sr,5.819e-16
5.8250000000000002,8.8254421896011106,5,sr,2.543e-14
5.8375000000000004,8.8180648359081353,5,sr,6.981e-16
5.8500000000000005,8.8103622759479254,5,sr,2.725e-14
5.8625000000000007,8.8022984857885085,5,sr,4.240e-13
5.8750000000000009,8.793841194492531,5,sr,5.710e-16
5.8875000000000002,8.7849620290897796,5,sr,1.470e-13
5.9000000000000004,8.7756365876656073,5,sr,9.840e-14
5.9125000000000005,8.765844444042953,5,sr,1.505e-13
5.9250000000000007,8.7555690895893488,5,sr,7.227e-14
5.9375000000000009,8.7447978191280278,5,sr,9.606e-12
5.9500000000000002,8.7335215691802102,5,sr,6.929e-16
5.9625000000000004,8.721734716688788,5,sr,5.630e-14
5.9750000000000005,8.7094348477697139,5,sr,8.868e-16
5.9875000000000007,8.6966225042224465,5,sr,3.288e-13
6.0000000000000009,8.6833009162485357,5,sr,3.637e-16
6.0125000000000002,8.6694757284510402,5,sr,5.526e-16
6.0250000000000004,8.6551547254325865,5,sr,2.487e-14
6.0375000000000005,8.6403475623565154,5,sr,1.561e-13
6.0500000000000007,8.6250655048062121,5,sr,6.853e-15
6.0625000000000009,8.6093211813446189,5,sr,2.915e-16
6.0750000000000002,8.5931283512669072,5,sr,6.013e-16
6.0875000000000004,8.5765016892640862,5,sr,4.182e-12
6.1000000000000005,8.5594565879478388,5,sr,2.379e-15
6.1125000000000007,8.5420089788158844,5,sr,7.965e-12
6.1250000000000009,8.5241751712572267,5,sr,9.369e-16
6.1375000000000002,8.5059717096711402,5,sr,4.739e-12
6.1500000000000004,8.4874152473438205,5,sr,1.408e-11
6.1625000000000005,8.4685224366359577,5,sr,2.170e-16
6.1750000000000007,8.4493098343042945,5,sr,1.100e-16
6.1875000000000009,8.429793820409655,5,sr,2.624e-15
6.2000000000000002,8.4099905301606306,5,sr,2.618e-13
6.2125000000000004,8.3899157971329092,5,sr,1.774e-11
6.2250000000000005,8.3695851066612441,5,sr,7.633e-16
6.2375000000000007,8.349013558734784,5,sr,2.299e-15
6.2500000000000009,8.3282158385412526,5,sr,5.483e-16
6.2625000000000002,8.3072061944522879,5,sr,7.828e-13
6.2750000000000004,8.2859984220943161,5,sr,2.059e-11
6.2875000000000005,8.264605853650723,5,sr,2.544e-15
6.3000000000000007,8.2430413521161885,5,sr,1.131e-15
6.3125000000000009,8.2213173090012752,5,sr,8.764e-12
6.3250000000000002,8.1994456457414735,5,sr,1.224e-15
6.3375000000000004,8.177437817612299,5,sr,2.218e-15
6.3500000000000005,8.1553048201425735,5,sr,4.760e-12
6.3625000000000007,8.1330571972489807,5,sr,6.683e-17
6.3750000000000009,8.1107050510255227,5,sr,2.541e-11
6.3875000000000002,8.0882580525010752,5,sr,1.163e-15
6.4000000000000004,8.065725453696416,5,sr,2.874e-11
6.4125000000000005,8.0431161000432159,5,sr,2.100e-16
6.4250000000000007,8.0204384432831013,5,sr,1.531e-11
6.4375000000000009,7.997700554955939,5,sr,1.002e-15
6.4500000000000002,7.9749101399072311,5,sr,2.895e-16
6.4625000000000004,7.9520745497492982,5,sr,2.460e-16
6.4750000000000005,7.929200796431938,5,sr,7.394e-16
6.4875000000000007,7.9062955656092315,5,sr,4.483e-16
6.5000000000000009,7.8833652298195185,5,sr,1.208e-15
6.5125000000000002,7.8604158614269108,5,sr,2.268e-11
6.5250000000000004,7.8374532451746006,5,sr,1.540e-15
6.5375000000000005,7.8144828906357908,5,sr,2.333e-15
6.5500000000000007,7.791510044004414,5,sr,4.476e-15
6.5625000000000009,7.7685396997396836,5,sr,5.549e-16
6.5750000000000002,7.7455766117154976,5,sr,2.835e-11
6.5875000000000004,7.7226253040932207,5,sr,1.324e-14
6.6000000000000005,7.6996900815405862,5,sr,5.703e-16
6.6125000000000007,7.6767750393946725,5,sr,3.863e-15
6.6250000000000009,7.6538840731739484,5,sr,7.379e-15
6.6375000000000002,7.6310208878033698,5,sr,6.020e-15
6.6500000000000004,7.6081890064400586,5,sr,9.275e-15
6.6625000000000005,7.5853917789454597,5,sr,3.879e-11
6.6750000000000007,7.5626323898711734,5,sr,5.827e-15
6.6875000000000009,7.5399138663967786,5,sr,3.110e-15
6.7000000000000002,7.5172390855177884,5,sr,2.527e-15
6.7125000000000004,7.4946107812084488,5,sr,3.596e-15
6.7250000000000005,7.4720315511434636,5,sr,9.013e-15
6.7375000000000007,7.4495038631332582,5,sr,3.115e-15
6.7500000000000009,7.4270300612644666,5,sr,1.067e-14
6.7625000000000002,7.4046123717577554,5,sr,1.445e-15
6.7750000000000004,7.3822529085545936,5,sr,8.454e-15
6.7875000000000005,7.3599536786274298,5,sr,3.942e-11
6.8000000000000007,7.3377165871467955,5,sr,4.606e-15
6.8125000000000009,7.3155434421458168,5,sr,8.240e-12
6.8250000000000002,7.2934359593298002,5,sr,4.198e-15
6.8375000000000004,7.2713957663546269,5,sr,1.220e-15
6.8500000000000005,7.2494244070756713,5,sr,2.644e-15
6.8625000000000007,7.227523345530126,5,sr,1.273e-14
6.8750000000000009,7.2056939697542575,5,sr,5.828e-15
6.8875000000000002,7.1839375954196925,5,sr,1.537e-15
6.9000000000000004,7.1622554693008142,5,sr,3.912e-15
6.9125000000000005,7.1406487725816357,5,sr,7.672e-15
6.9250000000000007,7.1191186240099364,5,sr,2.880e-15
6.9375000000000009,7.0976660829062741,5,sr,3.679e-15
6.9500000000000002,7.0762921520350464,5,sr,1.873e-15
6.9625000000000004,7.0549977803444639,5,sr,8.729e-14
6.9750000000000005,7.0337838655821558,5,sr,3.832e-15
6.9875000000000007,7.0126512567920694,5,sr,4.050e-15
7.0000000000000009,6.991600756699671,5,sr,5.474e-15
7.0125000000000002,6.9706331239900399,5,sr,2.522e-16
7.0250000000000004,6.9497490754848465,5,sr,2.330e-15
7.0375000000000005,6.9289492882232633,5,sr,8.135e-16
7.0500000000000007,6.9082344014515815,5,sr,4.237e-15
7.0625000000000009,6.8876050185262701,5,sr,1.844e-15
7.0750000000000002,6.8670617087348651,5,sr,9.359e-15
7.0875000000000004,6.846605009038929,5,sr,3.509e-15
7.1000000000000005,6.8262354257430156,5,sr,4.401e-15
7.1125000000000007,6.8059534360935308,5,sr,1.039e-16
7.1250000000000009,6.7857594898110385,5,sr,1.928e-15
7.1375000000000002,6.7656540105594907,5,sr,5.227e-16
7.1500000000000004,6.7456373973556447,5,sr,4.194e-16
7.1625000000000005,6.7257100259218046,5,sr,2.103e-16
7.1750000000000007,6.7058722499848304,5,sr,1.107e-15
7.1875000000000009,6.6861244025242534,5,sr,1.585e-15
7.2000000000000002,6.6664667969722053,5,sr,2.384e-16
7.2125000000000004,6.6468997283676723,5,sr,3.079e-15
7.2250000000000005,6.6274234744676006,5,sr,4.709e-15
7.2375000000000007,6.6080382968171021,5,sr,9.063e-15
7.2500000000000009,6.5887444417810395,5,sr,7.746e-16
7.2625000000000002,6.5695421415390856,5,sr,8.027e-16
7.2750000000000004,6.5504316150643467,5,sr,6.052e-11
7.2875000000000005,6.5314130689610508,5,sr,2.040e-15
7.3000000000000007,6.5124866985424958,5,sr,5.081e-15
7.3125000000000009,6.4936526885187584,5,sr,6.542e-15
7.3250000000000002,6.4749112139227192,5,sr,1.851e-11
7.3375000000000004,6.4562624409345872,5,sr,7.421e-16
7.3500000000000005,6.4377065276191487,5,sr,1.080e-16
7.3625000000000007,6.419243624748816,5,sr,6.177e-15
7.3750000000000009,6.4008738765011026,5,sr,8.033e-11
7.3875000000000002,6.3825974213078256,5,sr,3.729e-15
7.4000000000000004,6.3644143923401399,5,sr,2.489e-11
7.4125000000000005,6.3463249184217734,5,sr,8.697e-11
7.4250000000000007,6.3283291245367188,5,sr,1.847e-15
7.4375000000000009,6.310427132691423,5,sr,2.632e-13
7.4500000000000002,6.2926190623530447,5,sr,1.172e-11
7.4625000000000004,6.274905031186421,5,sr,1.176e-13
7.4750000000000005,6.2572851557070885,5,sr,7.505e-11
7.4875000000000007,6.2397595517560758,5,sr,1.848e-12
7.5000000000000009,6.2223283353355825,5,sr,7.951e-15
7.5125000000000002,6.2049916229846671,5,sr,8.881e-15
7.5250000000000004,6.1877495324794962,5,sr,4.614e-15
7.5375000000000005,6.1706021833919609,5,sr,4.110e-15
7.5500000000000007,6.1535496976671746,5,sr,3.674e-15
7.5625000000000009,6.1365922001958237,5,sr,1.606e-15
7.5750000000000002,6.1197298193773388,5,sr,1.914e-11
7.5875000000000004,6.1029626877125436,5,sr,5.198e-15
7.6000000000000005,6.086290942313453,5,sr,7.585e-15
7.6125000000000007,6.0697147255113464,5,sr,2.911e-11
7.6250000000000009,6.0532341854329639,5,sr,8.045e-16
7.6375000000000002,6.0368494764862364,5,sr,5.515e-15
7.6500000000000004,6.0205607600060453,5,sr,3.047e-15
7.6625000000000005,6.0043682047813194,5,sr,8.748e-12
7.6750000000000007,5.9882719876192425,5,sr,3.807e-15
7.6875000000000009,5.9722722939420176,5,sr,7.624e-15
7.7000000000000002,5.9563693183382922,5,sr,3.711e-16
7.7125000000000004,5.9405632651568245,5,sr,8.647e-15
7.7250000000000005,5.9248543490870818,5,sr,1.389e-11
7.7375000000000007,5.9092427957727525,5,sr,2.631e-16
7.7500000000000009,5.8937288423726626,5,sr,9.290e-15
7.7625000000000002,5.8783127382094547,5,sr,6.594e-15
7.7750000000000004,5.8629947453670983,5,sr,1.112e-14
7.7875000000000005,5.8477751393217172,5,sr,3.746e-15
7.8000000000000007,5.8326542095785108,5,sr,1.255e-14
7.8125000000000009,5.8176322603193915,5,sr,6.306e-15
7.8250000000000002,5.8027096110621104,5,sr,1.015e-14
7.8375000000000004,5.7878865973313927,5,sr,7.238e-15
7.8500000000000005,5.7731635713428568,5,sr,1.499e-14
7.8625000000000007,5.7585409027002052,5,sr,8.714e-15
7.8750000000000009,5.7440189791063974,5,sr,3.909e-15
7.8875000000000002,5.7295982070988636,5,sr,3.130e-11
7.9000000000000004,5.7152790127424034,5,sr,4.683e-15
7.9125000000000005,5.7010618424810113,5,sr,6.519e-16
7.9250000000000007,5.6869471638145583,5,sr,1.183e-14
7.9375000000000009,5.6729354661352911,5,sr,1.566e-14
7.9500000000000002,5.6590272615237023,5,sr,2.721e-15
7.9625000000000004,5.6452230855711925,5,sr,5.959e-15
7.9750000000000005,5.6315234982199325,5,sr,1.465e-14
7.9875000000000007,5.6179290846203234,5,sr,2.034e-14
8,5.6044404560058965,5,sr,7.424e-15
8.0124999999999993,5.5910582505858644,5,sr,2.030e-15
8.0250000000000004,5.577783134454898,5,sr,1.441e-14
8.0374999999999996,5.5646158025279711,5,sr,2.376e-11
8.0499999999999989,5.5515569794441433,5,sr,6.459e-15
8.0625,5.5386074206055333,5,sr,1.946e-14
8.0749999999999993,5.5257679130725084,5,sr,1.878e-16
8.0875000000000004,5.5130392765923562,5,sr,1.438e-14
8.0999999999999996,5.5004223645930308,5,sr,3.712e-16
8.1124999999999989,5.4879180651963484,5,sr,1.715e-14
8.125,5.4755273022405415,5,sr,1.650e-15
8.1374999999999993,5.4632510363103028,5,sr,1.785e-14
8.1500000000000004,5.4510902657713807,5,sr,1.448e-15
8.1624999999999996,5.4390460278070876,5,sr,1.798e-16
8.1749999999999989,5.427119399452911,5,sr,1.509e-14
8.1875,5.4153114986254982,5,sr,3.103e-15
8.1999999999999993,5.4036234851411411,5,sr,1.418e-14
8.2125000000000004,5.3920565617187552,5,sr,1.285e-14
8.2249999999999996,5.3806119749612291,5,sr,7.811e-16
8.2374999999999989,5.3692910163082725,5,sr,8.616e-16
8.25,5.3580950229533419,5,sr,8.979e-15
8.2624999999999993,5.3470253787157036,5,sr,1.282e-14
8.2750000000000004,5.3360835148581387,5,sr,8.085e-15
8.2874999999999996,5.3252709108391114,5,sr,1.086e-15
8.2999999999999989,5.314589094997789,5,sr,2.425e-11
8.3125,5.3040396450855551,5,sr,3.619e-15
8.3249999999999993,5.2936241888463993,5,sr,6.689e-15
8.3375000000000004,5.2833444042666979,5,sr,9.546e-15
8.3499999999999996,5.2732020198381511,5,sr,1.075e-14
8.3624999999999989,5.2631988145955217,5,sr,1.384e-14
8.375,5.2533366179787491,5,sr,4.653e-15
8.3874999999999993,5.2436173094837093,5,sr,3.833e-15
8.4000000000000004,5.2340428180737204,5,sr,5.657e-15
8.4124999999999996,5.2246151213433834,5,sr,4.516e-11
8.4249999999999989,5.2153362442464077,5,sr,5.176e-15
8.4375,5.2062082578152653,5,sr,7.543e-17
8.4499999999999993,5.1972332770588316,5,sr,4.785e-15
8.4625000000000004,5.188413458768796,5,sr,5.259e-15
8.4749999999999996,5.1797509987131773,5,sr,1.948e-11
8.4874999999999989,5.1712481283939375,5,sr,1.526e-15
8.5,5.1629071110744231,5,sr,1.123e-14
8.5124999999999993,5.1547302373708348,5,sr,1.902e-11
8.5250000000000004,5.1467198200576227,5,sr,1.906e-15
8.5374999999999996,5.1388781880148358,5,sr,4.407e-15
8.5499999999999989,5.1312076795489583,5,sr,3.324e-15
8.5625,5.1237106346519985,5,sr,5.691e-15
8.5749999999999993,5.1163893863472314,5,sr,2.172e-15
8.5875000000000004,5.1092462509695933,5,sr,1.038e-13
8.5999999999999996,5.1022835173115562,5,sr,3.660e-15
8.6124999999999989,5.0955034345561128,5,sr,1.977e-16
8.625,5.0889081989152594,5,sr,1.827e-15
8.6374999999999993,5.0824999388990664,5,sr,2.777e-15
8.6500000000000004,5.0762806991403977,5,sr,2.558e-16
8.6624999999999996,5.0702524227082524,5,sr,1.266e-15
8.6749999999999989,5.0644169318296877,5,sr,2.902e-11
8.6875,5.0587759071167921,5,sr,1.614e-15
8.6999999999999993,5.0533308648317705,5,sr,3.073e-16
8.7125000000000004,5.0480831328970179,5,sr,2.677e-15
8.7249999999999996,5.0430338249347999,5,sr,2.651e-15
8.7374999999999989,5.038183812803573,5,sr,1.731e-15
8.75,5.0335336975517686,5,sr,1.419e-15
8.7624999999999993,5.0290837788881202,5,sr,2.927e-11
8.7750000000000004,5.0248340234771245,5,sr,1.192e-12
8.7874999999999996,5.0207840317614263,5,sr,4.599e-16
8.7999999999999989,5.0169330043620999,5,sr,3.057e-16
8.8125,5.0132797075810061,5,sr,1.887e-11
8.8249999999999993,5.0098224387150587,5,sr,7.710e-13
8.8375000000000004,5.006558991811799,5,sr,3.136e-15
8.8499999999999996,5.0034866237712041,5,sr,2.081e-11
8.8624999999999989,5.0006020220804972,5,sr,2.158e-15
8.875,4.9979012740230395,5,sr,1.858e-11
8.8874999999999993,4.9953798389523341,5,sr,4.036e-16
8.9000000000000004,4.9930325233034552,5,sr,1.092e-11
8.9124999999999996,4.9908534601889745,5,sr,2.866e-15
8.9249999999999989,4.988836093406916,5,sr,3.154e-12
8.9375,4.9869731674292179,5,sr,2.464e-15
8.9499999999999993,4.9852567235938414,5,sr,5.995e-16
8.9625000000000004,4.9836781035804032,5,sr,1.295e-13
8.9749999999999996,4.9822279606490438,5,sr,6.710e-16
8.9874999999999989,4.9808962792743978,5,sr,3.854e-17
9,4.9796724035834332,5,sr,1.724e-13
9.0124999999999993,4.9785450748602829,5,sr,2.366e-12
9.0250000000000004,4.9775024781850075,5,sr,3.791e-12
9.0374999999999996,4.9765322980848179,5,sr,1.675e-15
9.0499999999999989,4.9756217828343381,5,sr,1.596e-15
9.0625,4.9747578167436473,5,sr,1.222e-13
9.0749999999999993,4.9739269996827042,5,sr,1.445e-12
9.0875000000000004,4.9731157327020714,5,sr,2.344e-12
9.0999999999999996,4.9723103085128093,5,sr,8.070e-16
9.1124999999999989,4.9714970053683505,5,sr,8.596e-12
9.125,4.9706621827968762,5,sr,1.550e-12
9.1374999999999993,4.9697923773693944,5,sr,2.322e-14
9.1500000000000004,4.9688743971042042,5,sr,1.352e-11
9.1624999999999996,4.9678954125685095,5,sr,1.096e-15
9.1749999999999989,4.9668430430274002,5,sr,2.284e-12
9.1875,4.9657054365912865,5,sr,7.886e-13
9.1999999999999993,4.9644713425522431,5,sr,2.554e-15
9.2125000000000004,4.9631301752028891,5,sr,1.296e-16
9.2249999999999996,4.9616720681524402,5,sr,3.784e-12
9.2374999999999989,4.9600879186360549,5,sr,2.377e-14
9.25,4.9583694214376282,5,sr,9.228e-16
9.2624999999999993,4.956509092511082,5,sr,3.130e-12
9.2750000000000004,4.9545002823926163,5,sr,1.603e-16
9.2874999999999996,4.9523371798386693,5,sr,2.623e-12
9.2999999999999989,4.9500148063967488,5,sr,1.736e-15
9.3125,4.9475290025187473,5,sr,2.734e-17
9.3249999999999993,4.9448764062643944,5,sr,2.077e-11
9.3375000000000004,4.9420544253211087,5,sr,6.112e-12
9.3499999999999996,4.9390612037476513,5,sr,7.099e-16
9.3624999999999989,4.935895583902755,5,sr,5.185e-12
9.375,4.9325570649835457,5,sr,1.257e-15
9.3874999999999993,4.9290457590122907,5,sr,5.767e-17
9.4000000000000004,4.9253623450232782,5,sr,2.447e-12
9.4124999999999996,4.9215080224410324,5,sr,2.981e-11
9.4249999999999989,4.9174844641428628,5,sr,1.418e-11
9.4375,4.9132937703642643,5,sr,7.197e-16
9.4499999999999993,4.9089384230078164,5,sr,3.029e-16
9.4625000000000004,4.9044212419554167,5,sr,8.569e-16
9.4749999999999996,4.8997453428894522,5,sr,3.587e-15
9.4874999999999989,4.8949140972910632,5,sr,2.237e-12
9.5,4.8899310947261512,5,sr,2.500e-11
9.5124999999999993,4.8848001074818672,5,sr,2.169e-15
9.5250000000000004,4.8795250579310068,5,sr,9.025e-16
9.5374999999999996,4.8741099881193515,5,sr,1.629e-15
9.5499999999999989,4.8685590321176244,5,sr,1.909e-15
9.5625,4.862876390748256,5,sr,1.264e-15
9.5749999999999993,4.8570663087271306,5,sr,4.369e-15
9.5875000000000004,4.8511330541062669,5,sr,1.494e-15
9.5999999999999996,4.845080899905037,5,sr,1.432e-12
9.6125000000000007,4.8389141078000302,5,sr,8.320e-16
9.625,4.8326369137591012,5,sr,7.284e-15
9.6374999999999993,4.826253515456588,5,sr,3.609e-15
9.6500000000000004,4.8197680613622991,5,sr,2.645e-15
9.6624999999999996,4.8131846413532378,5,sr,1.877e-15
9.6750000000000007,4.8065072787232177,5,sr,2.042e-15
9.6875,4.7997399234635996,5,sr,2.209e-16
9.6999999999999993,4.7928864466950056,5,sr,9.964e-15
9.7125000000000004,4.7859506361365334,5,sr,4.130e-15
9.7249999999999996,4.7789361925057303,5,sr,3.790e-16
9.7375000000000007,4.7718467267497404,5,sr,1.377e-14
9.75,4.7646857580155499,5,sr,7.724e-17
9.7624999999999993,4.7574567122739744,5,sr,2.308e-14
9.7750000000000004,4.750162921527072,5,sr,1.782e-11
9.7874999999999996,4.7428076234749543,5,sr,1.834e-14
9.8000000000000007,4.7353939617274881,5,sr,1.656e-11
9.8125,4.7279249862873396,5,sr,1.261e-14
9.8249999999999993,4.72040365437147,5,sr,1.942e-12
9.8375000000000004,4.7128328316055512,5,sr,2.483e-14
9.8499999999999996,4.7052152933674147,5,sr,4.383e-11
9.8625000000000007,4.6975537262859097,5,sr,3.712e-14
9.875,4.6898507301314263,5,sr,4.467e-15
9.8874999999999993,4.682108819517631,5,sr,3.407e-14
9.9000000000000004,4.6743304259549578,5,sr,1.199e-15
9.9124999999999996,4.6665178998893211,5,sr,2.857e-14
9.9250000000000007,4.6586735128200587,5,sr,5.219e-16
9.9375,4.6507994594620765,5,sr,3.593e-15
9.9499999999999993,4.6428978599368742,5,sr,3.444e-14
9.9625000000000004,4.6349707619633742,5,sr,4.622e-11
9.9749999999999996,4.627020143140796,5,sr,5.993e-14
9.9875000000000007,4.6190479130020803,5,sr,3.248e-15
10,4.6110559153473183,5,sr,2.453e-14
4.9125000000000005,14.956680388360578,6,sr,7.395e-16
4.9250000000000007,14.891846838901476,6,sr,9.414e-16
4.9375000000000009,14.827718228353413,6,sr,2.869e-16
4.9500000000000002,14.76429510226067,6,sr,1.730e-11
4.9625000000000004,14.701578327567873,6,sr,3.234e-15
4.9750000000000005,14.639569103491135,6,sr,6.763e-12
4.9875000000000007,14.578268973288241,6,sr,2.410e-15
5.0000000000000009,14.517679836191601,6,sr,3.000e-15
5.0125000000000002,14.457803960096763,6,sr,1.213e-15
5.0250000000000004,14.398643994649429,6,sr,9.847e-12
5.0375000000000005,14.340202984801213,6,sr,7.913e-16
5.0500000000000007,14.282484384988431,6,sr,3.197e-15
5.0625000000000009,14.225492073530713,6,sr,3.867e-15
5.0750000000000002,14.169230367566158,6,sr,1.274e-11
5.0875000000000004,14.113704038362149,6,sr,1.508e-11
5.1000000000000005,14.058918326533504,6,sr,1.935e-11
5.1125000000000007,14.004878958141193,6,sr,3.545e-13
5.1250000000000009,13.951592159888746,6,sr,2.427e-15
5.1375000000000002,13.899064675038485,6,sr,1.300e-11
5.1500000000000004,13.847303778682944,6,sr,3.787e-15
5.1625000000000005,13.79631729242915,6,sr,8.248e-16
5.1750000000000007,13.746113598667323,6,sr,4.183e-16
5.1875000000000009,13.696701653541867,6,sr,1.086e-15
5.2000000000000002,13.648090998644529,6,sr,1.136e-11
5.2125000000000004,13.600291770768379,6,sr,1.438e-15
5.2250000000000005,13.553314709621416,6,sr,1.487e-11
5.2375000000000007,13.507171162164438,6,sr,2.957e-15
5.2500000000000009,13.461873083976517,6,sr,1.272e-15
5.2625000000000002,13.417433035695279,6,sr,2.090e-15
5.2750000000000004,13.373864174545677,6,sr,7.532e-12
5.2875000000000005,13.331180239504478,6,sr,1.877e-15
5.3000000000000007,13.289395528796438,6,sr,2.292e-12
5.3125000000000009,13.248524868821251,6,sr,7.954e-12
5.3250000000000002,13.208583572532135,6,sr,6.843e-12
5.3375000000000004,13.169587385753001,6,sr,8.576e-13
5.3500000000000005,13.131552419548091,6,sr,2.351e-16
5.3625000000000007,13.094495066542947,6,sr,9.843e-13
5.3750000000000009,13.058431898781732,6,sr,4.924e-12
5.3875000000000002,13.023379544775901,6,sr,4.512e-12
5.4000000000000004,12.989354542973462,6,sr,1.044e-12
5.4125000000000005,12.95637316898957,6,sr,6.523e-16
5.4250000000000007,12.92445123373987,6,sr,6.022e-13
5.4375000000000009,12.893603849611646,6,sr,2.199e-12
5.4500000000000002,12.863845162053108,6,sr,1.467e-12
5.4625000000000004,12.83518804413443,6,sr,1.924e-15
5.4750000000000005,12.807643752198816,6,sr,2.060e-12
5.4875000000000007,12.781221541382328,6,sr,3.963e-16
5.5000000000000009,12.755928240598877,6,sr,2.733e-16
5.5125000000000002,12.731767788269469,6,sr,2.693e-16
5.5250000000000004,12.708740731274744,6,sr,5.053e-13
5.5375000000000005,12.686843692011951,6,sr,7.480e-16
5.5500000000000007,12.666068810681216,6,sr,1.476e-16
5.5625000000000009,12.646403172883812,6,sr,1.693e-15
5.5750000000000002,12.627828235644534,6,sr,2.057e-13
5.5875000000000004,12.610319268411153,6,sr,7.104e-17
5.6000000000000005,12.593844828902604,6,sr,8.446e-15
5.6125000000000007,12.578366296902223,6,sr,4.235e-14
5.6250000000000009,12.563837491699303,6,sr,5.604e-14
5.6375000000000002,12.550204400721723,6,sr,3.835e-12
5.6500000000000004,12.537405047272527,6,sr,1.690e-17
5.6625000000000005,12.525369524517325,6,sr,5.106e-12
5.6750000000000007,12.514020219073972,6,sr,7.741e-14
5.6875000000000009,12.503272242629334,6,sr,1.546e-13
5.7000000000000002,12.493034082690761,6,sr,1.607e-13
5.7125000000000004,12.483208472924828,6,sr,1.328e-13
5.7250000000000005,12.473693473275981,6,sr,7.617e-14
5.7375000000000007,12.464383737448941,6,sr,1.763e-14
5.7500000000000009,12.455171933563628,6,sr,5.564e-14
5.7625000000000002,12.445950273086119,6,sr,1.508e-13
5.7750000000000004,12.436612094798752,6,sr,1.872e-14
5.7875000000000005,12.427053445514247,6,sr,6.320e-14
5.8000000000000007,12.417174598076999,6,sr,1.060e-13
5.8125000000000009,12.406881450223079,6,sr,1.343e-13
5.8250000000000002,12.396086754749206,6,sr,8.999e-14
5.8375000000000004,12.384711141591197,6,sr,2.434e-12
5.8500000000000005,12.372683904864804,6,sr,8.250e-16
5.8625000000000007,12.359943541093516,6,sr,1.914e-13
5.8750000000000009,12.346438038606275,6,sr,1.905e-13
5.8875000000000002,12.332124929445785,6,sr,2.625e-13
5.9000000000000004,12.316971125569177,6,sr,2.290e-13
5.9125000000000005,12.300952568166307,6,sr,7.726e-14
5.9250000000000007,12.284053723570207,6,sr,6.845e-16
5.9375000000000009,12.266266961114242,6,sr,1.340e-14
5.9500000000000002,12.247591847865866,6,sr,6.098e-16
5.9625000000000004,12.228034392900707,6,sr,8.128e-16
5.9750000000000005,12.207606270196301,6,sr,9.437e-16
5.9875000000000007,12.186324044840834,6,sr,5.161e-13
6.0000000000000009,12.16420842252813,6,sr,8.530e-16
6.0125000000000002,12.141283537670596,6,sr,9.614e-13
6.0250000000000004,12.117576290997359,6,sr,1.139e-15
6.0375000000000005,12.093115743787905,6,sr,3.417e-16
6.0500000000000007,12.06793257238531,6,sr,4.779e-16
6.0625000000000009,12.042058584165037,6,sr,4.098e-12
6.0750000000000002,12.01552629383308,6,sr,7.611e-13
6.0875000000000004,11.98836855768276,6,sr,9.144e-16
6.1000000000000005,11.960618261900407,6,sr,1.461e-12
6.1125000000000007,11.932308060856146,6,sr,9.108e-12
6.1250000000000009,11.903470160517019,6,sr,8.729e-16
6.1375000000000002,11.874136142481339,6,sr,1.272e-15
6.1500000000000004,11.844336823427746,6,sr,1.840e-15
6.1625000000000005,11.814102145997992,6,sr,1.416e-15
6.1750000000000007,11.783461096554095,6,sr,8.224e-16
6.1875000000000009,11.752441646026755,6,sr,1.070e-11
6.2000000000000002,11.721070710451354,6,sr,1.167e-11
6.2125000000000004,11.689374127590506,6,sr,5.394e-17
6.2250000000000005,11.657376647775049,6,sr,3.943e-12
6.2375000000000007,11.625101935408381,6,sr,2.357e-13
6.2500000000000009,11.592572579834201,6,sr,8.476e-16
6.2625000000000002,11.559810113469993,6,sr,3.442e-16
6.2750000000000004,11.526835035583579,6,sr,9.317e-16
6.2875000000000005,11.493666840495816,6,sr,8.347e-16
6.3000000000000007,11.460324049053868,6,sr,3.766e-12
6.3125000000000009,11.426824242419634,6,sr,6.082e-16
6.3250000000000002,11.393184097485696,6,sr,2.036e-15
6.3375000000000004,11.359419423132353,6,sr,3.190e-15
6.3500000000000005,11.325545196964827,6,sr,1.419e-11
6.3625000000000007,11.291575601921428,6,sr,5.978e-15
6.3750000000000009,11.257524062739558,6,sr,3.192e-15
6.3875000000000002,11.223403281516656,6,sr,1.320e-15
6.4000000000000004,11.189225272651935,6,sr,3.810e-15
6.4125000000000005,11.155001396716886,6,sr,4.671e-15
6.4250000000000007,11.1207423932215,6,sr,2.001e-11
6.4375000000000009,11.086458412298601,6,sr,1.943e-15
6.4500000000000002,11.052159044902302,6,sr,2.739e-15
6.4625000000000004,11.01785335207693,6,sr,1.705e-15
6.4750000000000005,10.983549892699406,6,sr,2.013e-15
6.4875000000000007,10.949256750050427,6,sr,2.693e-15
6.5000000000000009,10.914981557109689,6,sr,4.127e-12
6.5125000000000002,10.880731520631784,6,sr,7.833e-12
6.5250000000000004,10.846513444010441,6,sr,3.007e-16
6.5375000000000005,10.812333748956439,6,sr,8.736e-15
6.5500000000000007,10.778198496117868,6,sr,8.517e-16
6.5625000000000009,10.744113404556048,6,sr,1.939e-15
6.5750000000000002,10.710083870217158,6,sr,1.487e-12
6.5875000000000004,10.676114983402938,6,sr,6.330e-16
6.6000000000000005,10.642211545311042,6,sr,8.788e-15
6.6125000000000007,10.608378083657836,6,sr,2.742e-15
6.6250000000000009,10.574618867460496,6,sr,3.012e-15
6.6375000000000002,10.540937921002557,6,sr,1.208e-14
6.6500000000000004,10.50733903703154,6,sr,1.910e-15
6.6625000000000005,10.473825789228544,6,sr,2.342e-15
6.6750000000000007,10.440401544012737,6,sr,4.462e-11
6.6875000000000009,10.407069471553285,6,sr,6.807e-15
6.7000000000000002,10.373832556520192,6,sr,2.574e-15
6.7125000000000004,10.340693607782615,6,sr,1.384e-15
6.7250000000000005,10.307655267913367,6,sr,1.657e-15
6.7375000000000007,10.27472002203497,6,sr,1.933e-15
6.7500000000000009,10.241890206202129,6,sr,3.986e-15
6.7625000000000002,10.209168015324858,6,sr,6.155e-15
6.7750000000000004,10.176555510658744,6,sr,2.606e-15
6.7875000000000005,10.144054626887337,6,sr,3.258e-15
6.8000000000000007,10.111667178820227,6,sr,2.734e-16
6.8125000000000009,10.079394867729157,6,sr,5.323e-15
6.8250000000000002,10.047239287343015,6,sr,1.053e-14
6.8375000000000004,10.015201929529811,6,sr,1.920e-11
6.8500000000000005,9.9832841896271738,6,sr,1.778e-15
6.8625000000000007,9.9514873716098773,6,sr,2.448e-15
6.8750000000000009,9.9198126928261043,6,sr,5.495e-15
6.8875000000000002,9.8882612886027843,6,sr,1.525e-14
6.9000000000000004,9.8568342165637386,6,sr,4.697e-15
6.9125000000000005,9.8255324607314964,6,sr,1.620e-14
6.9250000000000007,9.7943569354173547,6,sr,9.258e-15
6.9375000000000009,9.7633084889121076,6,sr,8.235e-15
6.9500000000000002,9.7323879069887944,6,sr,3.282e-15
6.9625000000000004,9.7015959162282588,6,sr,4.283e-15
6.9750000000000005,9.6709331871776847,6,sr,4.997e-15
6.9875000000000007,9.6404003373323821,6,sr,5.332e-11
7.0000000000000009,9.6099979340847668,6,sr,7.876e-14
7.0125000000000002,9.5797264972442076,6,sr,5.820e-15
7.0250000000000004,9.5495865018101043,6,sr,5.543e-16
7.0375000000000005,9.5195783803317049,6,sr,7.895e-15
7.0500000000000007,9.4897025252657077,6,sr,1.931e-15
7.0625000000000009,9.4599592911957906,6,sr,2.401e-11
7.0750000000000002,9.430348997018843,6,sr,6.659e-11
7.0875000000000004,9.4008719277760093,6,sr,9.253e-16
7.1000000000000005,9.3715283368894511,6,sr,7.120e-15
7.1125000000000007,9.342318447741409,6,sr,9.370e-15
7.1250000000000009,9.3132424555550912,6,sr,2.233e-15
7.1375000000000002,9.2843005290549954,6,sr,6.930e-15
7.1500000000000004,9.2554928120632134,6,sr,4.006e-11
7.1625000000000005,9.2268194251028532,6,sr,2.726e-15
7.1750000000000007,9.1982804667442952,6,sr,3.942e-15
7.1875000000000009,9.1698760151552676,6,sr,3.201e-11
7.2000000000000002,9.1416061293410706,6,sr,9.775e-16
7.2125000000000004,9.1134708505564674,6,sr,1.536e-15
7.2250000000000005,9.0854702034310595,6,sr,7.306e-11
7.2375000000000007,9.0576041973298604,6,sr,1.349e-14
7.2500000000000009,9.0298728272967974,6,sr,7.819e-11
7.2625000000000002,9.0022760752702524,6,sr,1.869e-16
7.2750000000000004,8.974813911283217,6,sr,2.001e-11
7.2875000000000005,8.9474862942515951,6,sr,1.378e-14
7.3000000000000007,8.9202931731562547,6,sr,2.699e-11
7.3125000000000009,8.8932344878827898,6,sr,4.274e-15
7.3250000000000002,8.8663101702629596,6,sr,6.015e-15
7.3375000000000004,8.8395201448916776,6,sr,6.939e-15
7.3500000000000005,8.8128643300424212,6,sr,7.553e-16
7.3625000000000007,8.7863426385095433,6,sr,5.184e-15
7.3750000000000009,8.7599549784344983,6,sr,2.099e-12
7.3875000000000002,8.7337012541139813,6,sr,1.568e-15
7.4000000000000004,8.7075813667789319,6,sr,1.366e-15
7.4125000000000005,8.6815952153490947,6,sr,6.347e-11
7.4250000000000007,8.6557426972746754,6,sr,1.490e-11
7.4375000000000009,8.630023709068773,6,sr,3.813e-15
7.4500000000000002,8.6044381472517681,6,sr,3.258e-13
7.4625000000000004,8.5789859089265548,6,sr,2.889e-12
7.4750000000000005,8.5536668925004591,6,sr,3.963e-11
7.4875000000000007,8.5284809984545777,6,sr,8.199e-11
7.5000000000000009,8.5034281297957897,6,sr,3.149e-11
7.5125000000000002,8.4785081930315478,6,sr,1.170e-15
7.5250000000000004,8.453721098635933,6,sr,5.743e-15
7.5375000000000005,8.4290667617619093,6,sr,4.647e-11
7.5500000000000007,8.404545102842464,6,sr,4.353e-11
7.5625000000000009,8.3801560484435988,6,sr,5.084e-11
7.5750000000000002,8.3558995315935629,6,sr,1.346e-17
7.5875000000000004,8.3317754927686369,6,sr,1.183e-15
7.6000000000000005,8.3077838803313977,6,sr,5.639e-16
7.6125000000000007,8.2839246512729545,6,sr,6.435e-16
7.6250000000000009,8.2601977718607635,6,sr,6.960e-15
7.6375000000000002,8.2366032183055928,6,sr,7.482e-16
7.6500000000000004,8.2131409774345912,6,sr,1.091e-14
7.6625000000000005,8.1898110473660637,6,sr,1.951e-11
7.6750000000000007,8.1666134382260456,6,sr,6.428e-15
7.6875000000000009,8.143548172791208,6,sr,1.855e-15
7.7000000000000002,8.1206152872537718,6,sr,2.829e-15
7.7125000000000004,8.0978148319152545,6,sr,6.066e-15
7.7250000000000005,8.0751468719269326,6,sr,4.630e-15
7.7375000000000007,8.0526114880394495,6,sr,3.830e-15
7.7500000000000009,8.0302087773683812,6,sr,1.413e-15
7.7625000000000002,8.0079388541771639,6,sr,2.243e-15
7.7750000000000004,7.9858018506786363,6,sr,4.836e-15
7.7875000000000005,7.9637979178566809,6,sr,7.257e-15
7.8000000000000007,7.9419272263093088,6,sr,2.376e-15
7.8125000000000009,7.9201899671146556,6,sr,2.677e-15
7.8250000000000002,7.8985863527213764,6,sr,6.257e-15
7.8375000000000004,7.8771166178648988,6,sr,8.686e-15
7.8500000000000005,7.8557810205112188,6,sr,7.635e-16
7.8625000000000007,7.834579842833862,6,sr,1.400e-11
7.8750000000000009,7.8135133921960094,6,sr,1.075e-14
7.8875000000000002,7.7925820022288672,6,sr,1.453e-14
7.9000000000000004,7.7717860338587093,6,sr,1.221e-14
7.9125000000000005,7.7511258764337052,6,sr,8.470e-16
7.9250000000000007,7.7306019488625344,6,sr,7.736e-15
7.9375000000000009,7.7102147007966488,6,sr,2.813e-15
7.9500000000000002,7.6899646138532027,6,sr,1.312e-12
7.9625000000000004,7.6698522028763305,6,sr,2.201e-11
7.9750000000000005,7.6498780172747622,6,sr,1.516e-11
7.9875000000000007,7.6300426423553338,6,sr,5.434e-11
8,7.6103467006597372,6,sr,6.012e-15
8.0124999999999993,7.5907908536147257,6,sr,3.347e-15
8.0250000000000004,7.571375802845167,6,sr,8.272e-15
8.0374999999999996,7.5521022918322984,6,sr,1.229e-14
8.0499999999999989,7.5329711075158379,6,sr,1.729e-14
8.0625,7.5139830819719347,6,sr,1.037e-14
8.0749999999999993,7.4951390941509706,6,sr,5.568e-16
8.0875000000000004,7.4764400716765165,6,sr,1.761e-14
8.0999999999999996,7.4578869927073193,6,sr,2.116e-14
8.1124999999999989,7.4394808878633878,6,sr,4.549e-15
8.125,7.4212228422177713,6,sr,4.699e-15
8.1374999999999993,7.4031139973545681,6,sr,2.279e-14
8.1500000000000004,7.3851555534942008,6,sr,1.515e-15
8.1624999999999996,7.3673487716863644,6,sr,1.459e-14
8.1749999999999989,7.3496949760921666,6,sr,5.587e-11
8.1875,7.3321955562032146,6,sr,1.742e-14
8.1999999999999993,7.314851969445904,6,sr,1.741e-11
8.2125000000000004,7.2976657434576229,6,sr,1.776e-14
8.2249999999999996,7.2806384786470817,6,sr,2.383e-15
8.2374999999999989,7.2637718508227698,6,sr,1.215e-14
8.25,7.2470676137941155,6,sr,1.214e-14
8.2624999999999993,7.2305276020648188,6,sr,6.557e-15
8.2750000000000004,7.2141537335628758,6,sr,3.474e-16
8.2874999999999996,7.1979480124067949,6,sr,1.860e-14
8.2999999999999989,7.1819125316981687,6,sr,5.336e-15
8.3125,7.1660494763295013,6,sr,3.445e-15
8.3249999999999993,7.1503611257933475,6,sr,2.381e-16
8.3375000000000004,7.1348498569712042,6,sr,1.235e-11
8.3499999999999996,7.1195181469241033,6,sr,3.583e-15
8.3624999999999989,7.1043685755401214,6,sr,6.635e-15
8.375,7.0894038282179102,6,sr,2.445e-15
8.3874999999999993,7.0746266983725636,6,sr,4.041e-11
8.4000000000000004,7.0600400897313449,6,sr,4.362e-11
8.4124999999999996,7.0456470186121942,6,sr,2.298e-15
8.4249999999999989,7.0314506159015737,6,sr,0.000e+00
8.4375,7.0174541286089358,6,sr,1.307e-14
8.4499999999999993,7.0036609212983656,6,sr,5.747e-15
8.4625000000000004,6.9900744770009426,6,sr,2.985e-15
8.4749999999999996,6.9766983976708064,6,sr,1.125e-15
8.4874999999999989,6.9635364040777361,6,sr,4.797e-15
8.5,6.9505923350416916,6,sr,3.096e-15
8.5124999999999993,6.9378701459032195,6,sr,7.478e-15
8.5250000000000004,6.9253739061109858,6,sr,1.411e-15
8.5374999999999996,6.9131077957948479,6,sr,3.322e-15
8.5499999999999989,6.9010761011779218,6,sr,3.678e-15
8.5625,6.8892832086665097,6,sr,1.168e-15
8.5749999999999993,6.8777335974402645,6,sr,7.762e-15
8.5875000000000004,6.8664318303484944,6,sr,2.599e-15
8.5999999999999996,6.8553825429015092,6,sr,2.380e-15
8.6124999999999989,6.8445904301128024,6,sr,2.113e-11
8.625,6.8340602310558598,6,sr,2.690e-15
8.6374999999999993,6.8237967105471222,6,sr,1.389e-15
8.6500000000000004,6.8138046382235444,6,sr,8.947e-16
8.6624999999999996,6.8040887641851109,6,sr,4.447e-12
8.6749999999999989,6.7946537911980167,6,sr,9.727e-12
8.6875,6.7855043431787596,6,sr,3.081e-16
8.6999999999999993,6.7766449293789677,6,sr,1.480e-15
8.7125000000000004,6.7680799043852202,6,sr,1.065e-15
8.7249999999999996,6.7598134233010567,6,sr,1.951e-12
8.7374999999999989,6.7518493920727263,6,sr,1.149e-15
8.75,6.7441914126399265,6,sr,2.173e-11
8.7624999999999993,6.7368427229848793,6,sr,2.136e-16
8.7750000000000004,6.7298061315210553,6,sr,1.257e-12
8.7874999999999996,6.7230839466336105,6,sr,5.564e-12
8.7999999999999989,6.716677900733619,6,sr,4.122e-16
8.8125,6.7105890697362813,6,sr,2.037e-16
8.8249999999999993,6.7048177880660438,6,sr,5.912e-13
8.8375000000000004,6.6993635601267405,6,sr,4.923e-12
8.8499999999999996,6.6942249690529501,6,sr,5.601e-12
8.8624999999999989,6.6893995839122447,6,sr,2.927e-12
8.875,6.6848838668655084,6,sr,1.043e-13
8.8874999999999993,6.6806730819986164,6,sr,1.433e-16
8.9000000000000004,6.6767612078555061,6,sr,2.294e-15
8.9124999999999996,6.6731408559503498,6,sr,4.074e-12
8.9249999999999989,6.669803197870837,6,sr,6.356e-14
8.9375,6.6667379036013923,6,sr,8.295e-16
8.9499999999999993,6.6639330941282742,6,sr,1.086e-13
8.9625000000000004,6.6613753110778866,6,sr,2.270e-17
8.9749999999999996,6.6590495063567499,6,sr,8.082e-13
8.9874999999999989,6.6569390544101452,6,sr,1.121e-15
9,6.6550257894541804,6,sr,4.229e-13
9.0124999999999993,6.6532900694673174,6,sr,2.703e-12
9.0250000000000004,6.6517108681473651,6,sr,4.308e-16
9.0374999999999996,6.6502658952432006,6,sr,1.514e-11
9.0499999999999989,6.6489317448025487,6,sr,1.370e-12
9.0625,6.6476840695087844,6,sr,2.651e-12
9.0749999999999993,6.6464977792914297,6,sr,1.708e-15
9.0875000000000004,6.6453472600183776,6,sr,5.560e-12
9.0999999999999996,6.6442066081979263,6,sr,3.233e-13
9.1124999999999989,6.6430498766369102,6,sr,4.291e-13
9.125,6.6418513250153328,6,sr,1.905e-13
9.1374999999999993,6.6405856696311485,6,sr,1.582e-13
9.1500000000000004,6.6392283260584044,6,sr,1.657e-11
9.1624999999999996,6.6377556387510541,6,sr,4.986e-16
9.1749999999999989,6.6361450926693228,6,sr,1.428e-12
9.1875,6.6343755014685675,6,sr,1.399e-15
9.1999999999999993,6.6324271692640959,6,sr,3.828e-12
9.2125000000000004,6.6302820228757193,6,sr,1.881e-13
9.2249999999999996,6.6279237129304125,6,sr,1.096e-15
9.2374999999999989,6.6253376835079312,6,sr,2.720e-13
9.25,6.6225112106793098,6,sr,5.107e-16
9.2624999999999993,6.6194334114912312,6,sr,9.603e-16
9.2750000000000004,6.616095225612427,6,sr,1.250e-12
9.2874999999999996,6.612489372481515,6,sr,1.521e-12
9.2999999999999989,6.6086102872046695,6,sr,2.171e-16
9.3125,6.604454038717142,6,sr,1.243e-15
9.3249999999999993,6.6000182337967308,6,sr,1.725e-16
9.3375000000000004,6.5953019104083577,6,sr,4.147e-13
9.3499999999999996,6.5903054237301353,6,sr,6.270e-13
9.3624999999999989,6.5850303279064804,6,sr,1.016e-14
9.375,6.5794792562454418,6,sr,4.649e-16
9.3874999999999993,6.5736558021998706,6,sr,1.569e-16
9.4000000000000004,6.5675644031097491,6,sr,5.823e-16
9.4124999999999996,6.5612102283029712,6,sr,2.351e-11
9.4249999999999989,6.5545990726318983,6,sr,2.823e-15
9.4375,6.5477372568046999,6,sr,1.374e-15
9.4499999999999993,6.5406315343593819,6,sr,1.481e-11
9.4625000000000004,6.53328900631052,6,sr,1.692e-16
9.4749999999999996,6.5257170434316576,6,sr,2.524e-11
9.4874999999999989,6.5179232156947018,6,sr,1.682e-15
9.5,6.5099152295449283,6,sr,2.933e-15
9.5124999999999993,6.5017008717326199,6,sr,1.069e-15
9.5250000000000004,6.4932879601472724,6,sr,6.013e-16
9.5374999999999996,6.4846843007880244,6,sr,9.745e-16
9.5499999999999989,6.4758976505618868,6,sr,3.701e-16
9.5625,6.4669356854202373,6,sr,4.310e-15
9.5749999999999993,6.457805973362416,6,sr,1.081e-15
9.5875000000000004,6.4485159518433175,6,sr,6.019e-15
9.5999999999999996,6.4390729091382619,6,sr,1.750e-15
9.6125000000000007,6.4294839692399544,6,sr,1.056e-15
9.625,6.4197560798882609,6,sr,4.650e-16
9.6374999999999993,6.409896003361415,6,sr,3.899e-15
9.6500000000000004,6.3999103096864278,6,sr,1.905e-15
9.6624999999999996,6.3898053719558607,6,sr,5.506e-16
9.6750000000000007,6.3795873634668405,6,sr,9.052e-16
9.6875,6.3692622564261443,6,sr,1.835e-15
9.6999999999999993,6.3588358219915202,6,sr,1.145e-15
9.7125000000000004,6.3483136314441833,6,sr,4.394e-15
9.7249999999999996,6.3377010583105831,6,sr,1.566e-14
9.7375000000000007,6.327003281272563,6,sr,1.826e-14
9.75,6.3162252877247589,6,sr,6.400e-15
9.7624999999999993,6.3053718778431662,6,sr,2.605e-11
9.7750000000000004,6.2944476691407294,6,sr,1.748e-15
9.7874999999999996,6.2834571011663254,6,sr,6.911e-15
9.8000000000000007,6.2724044406825046,6,sr,3.661e-14
9.8125,6.2612937868365401,6,sr,1.120e-14
9.8249999999999993,6.2501290765209587,6,sr,1.540e-11
9.8375000000000004,6.238914089746177,6,sr,1.278e-15
9.8499999999999996,6.2276524551263908,6,sr,3.532e-14
9.8625000000000007,6.2163476552223456,6,sr,2.133e-14
9.875,6.2050030319320264,6,sr,1.651e-14
9.8874999999999993,6.1936217917716334,6,sr,1.351e-14
9.9000000000000004,6.1822070110716707,6,sr,4.274e-14
9.9124999999999996,6.1707616410651394,6,sr,6.580e-15
9.9250000000000007,6.1592885128550279,6,sr,4.169e-15
9.9375,6.1477903422517688,6,sr,5.466e-14
9.9499999999999993,6.1362697344725969,6,sr,2.085e-14
9.9625000000000004,6.1247291886983186,6,sr,1.221e-15
9.9749999999999996,6.1131711024831885,6,sr,3.429e-14
9.9875000000000007,6.1015977760168179,6,sr,4.634e-14
10,6.0900114162372265,6,sr,2.477e-13
6.1250000000000009,-9.3330518554364854,7,sr,3.389e-16
6.1375000000000002,-8.7050824124918194,7,sr,4.137e-15
6.1500000000000004,-8.1344092739004363,7,sr,9.628e-17
6.1625000000000005,-7.6142935225059203,7,sr,1.482e-16
6.1750000000000007,-7.1389580654499216,7,sr,4.561e-16
6.1875000000000009,-6.7034275576103415,7,sr,7.702e-16
6.2000000000000002,-6.3033985584819687,7,sr,9.835e-16
6.2125000000000004,-5.9351335694158642,7,sr,3.805e-14
6.2250000000000005,-5.5953740613399461,7,sr,3.427e-13
6.2375000000000007,-5.2812687011908652,7,sr,2.775e-17
6.2500000000000009,-4.9903138163358713,7,sr,3.513e-13
6.2625000000000002,-4.7203037691347802,7,sr,3.930e-13
6.2750000000000004,-4.4692894009218058,7,sr,1.331e-15
6.2875000000000005,-4.2355430799443052,7,sr,9.095e-13
6.3000000000000007,-4.0175291808859086,7,sr,9.288e-15
6.3125000000000009,-3.8138790522614228,7,sr,5.663e-15
6.3250000000000002,-3.6233697091227195,7,sr,1.099e-14
6.3375000000000004,-3.4449056303552461,7,sr,1.872e-16
6.3500000000000005,-3.2775031545233939,7,sr,2.104e-14
6.3625000000000007,-3.1202770588116526,7,sr,1.176e-12
6.3750000000000009,-2.9724289788227245,7,sr,1.124e-16
6.3875000000000002,-2.8332373865815712,7,sr,3.110e-14
6.4000000000000004,-2.7020488912198428,7,sr,1.246e-16
6.4125000000000005,-2.5782706670201305,7,sr,4.398e-14
6.4250000000000007,-2.4613638446760375,7,sr,4.865e-16
6.4375000000000009,-2.350837728325744,7,sr,2.905e-16
6.4500000000000002,-2.2462447225360092,7,sr,2.246e-16
6.4625000000000004,-2.1471758713469784,7,sr,3.184e-16
6.4750000000000005,-2.0532569264343472,7,sr,1.048e-13
6.4875000000000007,-1.9641448738725154,7,sr,4.839e-14
6.5000000000000009,-1.8795248593639526,7,sr,2.114e-14
6.5125000000000002,-1.7991074605577115,7,sr,7.163e-14
6.5250000000000004,-1.7226262623797324,7,sr,2.427e-13
6.5375000000000005,-1.6498356975184969,7,sr,4.715e-15
6.5500000000000007,-1.5805091194208263,7,sr,3.875e-17
6.5625000000000009,-1.5144370796564806,7,sr,6.247e-14
6.5750000000000002,-1.4514257852154573,7,sr,2.585e-16
6.5875000000000004,-1.391295714591692,7,sr,9.219e-17
6.6000000000000005,-1.3338803742471954,7,sr,2.968e-13
6.6125000000000007,-1.2790251794139282,7,sr,2.804e-13
6.6250000000000009,-1.2265864452125168,7,sr,2.442e-16
6.6375000000000002,-1.1764304758514008,7,sr,1.171e-16
6.6500000000000004,-1.1284327411533164,7,sr,8.146e-13
6.6625000000000005,-1.0824771309785057,7,sr,1.577e-16
6.6750000000000007,-1.0384552791844561,7,sr,1.065e-12
6.6875000000000009,-0.99626594993279549,7,sr,1.087e-16
6.7000000000000002,-0.9558144796854442,7,sr,2.639e-17
6.7125000000000004,-0.91701226937355051,7,sr,2.098e-16
6.7250000000000005,-0.87977632151430951,7,sr,7.420e-14
6.7375000000000007,-0.84402881786139539,7,sr,1.142e-12
6.7500000000000009,-0.80969673358357697,7,sr,1.735e-13
6.7625000000000002,-0.77671148435867987,7,sr,8.943e-17
6.7750000000000004,-0.74500860331070229,7,sr,5.923e-14
6.7875000000000005,-0.71452744486069064,7,sr,5.841e-13
6.8000000000000007,-0.68521091302525039,7,sr,2.236e-16
6.8125000000000009,-0.65700521184755745,7,sr,6.082e-17
6.8250000000000002,-0.62985961598561047,7,sr,8.780e-14
6.8375000000000004,-0.60372625957130566,7,sr,4.856e-12
6.8500000000000005,-0.57855994178839354,7,sr,6.449e-12
6.8625000000000007,-0.55431794756068375,7,sr,2.421e-12
6.8750000000000009,-0.53095988213429368,7,sr,2.281e-16
6.8875000000000002,-0.50844751834021351,7,sr,1.033e-11
6.9000000000000004,-0.48674465550693702,7,sr,2.747e-16
6.9125000000000005,-0.46581698868272131,7,sr,9.746e-18
6.9250000000000007,-0.4456319879636656,7,sr,1.043e-16
6.9375000000000009,-0.42615878643791749,7,sr,2.502e-16
6.9500000000000002,-0.40736807641988021,7,sr,1.841e-16
6.9625000000000004,-0.38923201316606831,7,sr,8.094e-12
6.9750000000000005,-0.37172412557201118,7,sr,2.337e-16
6.9875000000000007,-0.35481923304791191,7,sr,7.445e-13
7.0000000000000009,-0.33849336850742334,7,sr,6.801e-12
7.0125000000000002,-0.32272370650775006,7,sr,2.710e-16
7.0250000000000004,-0.30748849660062599,7,sr,5.172e-16
7.0375000000000005,-0.29276700107489256,7,sr,3.709e-16
7.0500000000000007,-0.27853943709076995,7,sr,3.081e-16
7.0625000000000009,-0.26478692268490506,7,sr,2.118e-12
7.0750000000000002,-0.25149142643238248,7,sr,3.141e-16
7.0875000000000004,-0.23863572043593817,7,sr,4.332e-16
7.1000000000000005,-0.22620333647642299,7,sr,2.227e-16
7.1125000000000007,-0.21417852502430437,7,sr,1.238e-11
7.1250000000000009,-0.20254621686591975,7,sr,1.658e-15
7.1375000000000002,-0.19129198738798009,7,sr,6.266e-16
7.1500000000000004,-0.18040202291838481,7,sr,8.745e-17
7.1625000000000005,-0.16986308938009581,7,sr,2.317e-12
7.1750000000000007,-0.15966250285192379,7,sr,1.452e-11
7.1875000000000009,-0.14978810201677983,7,sr,6.770e-12
7.2000000000000002,-0.14022822220825976,7,sr,1.341e-17
7.2125000000000004,-0.13097167117313649,7,sr,3.273e-16
7.2250000000000005,-0.12200770624719663,7,sr,4.140e-15
7.2375000000000007,-0.11332601288945834,7,sr,5.656e-15
7.2500000000000009,-0.10491668450907292,7,sr,1.936e-12
7.2625000000000002,-0.096770203479147707,7,sr,4.778e-15
7.2750000000000004,-0.08887742323216194,7,sr,4.535e-15
7.2875000000000005,-0.08122955140721734,7,sr,2.155e-15
7.3000000000000007,-0.073818133931687277,7,sr,6.657e-15
7.3125000000000009,-0.0666350399993519,7,sr,7.024e-15
7.3250000000000002,-0.059672447895567728,7,sr,3.558e-11
7.3375000000000004,-0.0529228314716189,7,sr,2.601e-14
7.3500000000000005,-0.046378947643912531,7,sr,6.336e-15
7.3625000000000007,-0.040033824136547151,7,sr,3.951e-11
7.3750000000000009,-0.033880748279401109,7,sr,1.478e-14
7.3875000000000002,-0.027913255959396133,7,sr,4.688e-14
7.4000000000000004,-0.022125121552083245,7,sr,4.067e-14
7.4125000000000005,-0.016510348055009488,7,sr,1.767e-14
7.4250000000000007,-0.011063157823181331,7,sr,6.367e-15
7.4375000000000009,-0.0057779837328800314,7,sr,2.429e-15
7.4750000000000005,0.0091581291055791471,7,sr,4.838e-15
7.4875000000000007,0.013846985882324737,7,sr,1.653e-14
7.5000000000000009,0.018398785558399064,7,sr,5.447e-14
7.5125000000000002,0.022817995857796168,7,sr,1.463e-13
7.5250000000000004,0.027108925387343264,7,sr,2.092e-13
7.5375000000000005,0.031275729736092987,7,sr,1.114e-13
7.5500000000000007,0.035322417312863744,7,sr,4.084e-15
7.5625000000000009,0.039252854939240293,7,sr,7.623e-15
7.5750000000000002,0.043070773208746041,7,sr,1.975e-13
7.5875000000000004,0.04677977162436063,7,sr,3.186e-13
7.6000000000000005,0.050383323527735079,7,sr,1.041e-14
7.6125000000000007,0.053884780826129762,7,sr,5.061e-14
7.6250000000000009,0.05728737853219882,7,sr,5.740e-13
7.6375000000000002,0.060594239122429457,7,sr,4.694e-14
7.6500000000000004,0.063808376721217835,7,sr,8.874e-14
7.6625000000000005,0.066932701123578353,7,sr,6.930e-13
7.6750000000000007,0.069970021660101689,7,sr,8.254e-17
7.6875000000000009,0.072923050909654313,7,sr,6.559e-13
7.7000000000000002,0.075794408271687,7,sr,1.666e-13
7.7125000000000004,0.078586623401213002,7,sr,2.629e-13
7.7250000000000005,0.081302139508987847,7,sr,6.140e-13
7.7375000000000007,0.083943316540877971,7,sr,1.218e-13
7.7500000000000009,0.086512434230971227,7,sr,9.826e-13
7.7625000000000002,0.089011695045063094,7,sr,1.173e-13
7.7750000000000004,0.091443227006038949,7,sr,1.089e-12
7.7875000000000005,0.093809086420349561,7,sr,2.667e-13
7.8000000000000007,0.096111260493725079,7,sr,7.712e-13
7.8125000000000009,0.098351669857005955,7,sr,8.953e-13
7.8250000000000002,0.10053217098871539,7,sr,1.504e-13
7.8375000000000004,0.10265455855568373,7,sr,2.677e-12
7.8500000000000005,0.10472056765596116,7,sr,1.692e-15
7.8625000000000007,0.10673187598937159,7,sr,2.660e-12
7.8750000000000009,0.1086901059380905,7,sr,6.596e-13
7.8875000000000002,0.1105968265693603,7,sr,3.003e-13
7.9000000000000004,0.11245355557146698,7,sr,4.589e-12
7.9125000000000005,0.11426176111234244,7,sr,1.136e-13
7.9250000000000007,0.11602286362225658,7,sr,1.398e-12
7.9375000000000009,0.11773823752636794,7,sr,4.513e-12
7.9500000000000002,0.11940921289298281,7,sr,6.239e-14
7.9625000000000004,0.12103707704070231,7,sr,1.757e-12
7.9750000000000005,0.1226230760694647,7,sr,6.117e-12
7.9875000000000007,0.12416841633691658,7,sr,2.628e-13
8,0.12567426589469316,7,sr,7.425e-13
8.0124999999999993,0.12714175584922713,7,sr,7.708e-12
8.0250000000000004,0.12857198169217451,7,sr,1.955e-12
8.0374999999999996,0.12996600455984553,7,sr,1.961e-16
8.0499999999999989,0.13132485247079051,7,sr,4.397e-12
8.0625,0.13264952150084228,7,sr,8.840e-12
8.0749999999999993,0.13394097690904042,7,sr,9.088e-13
8.0875000000000004,0.13520015424833859,7,sr,3.764e-14
8.0999999999999996,0.13642796040378305,7,sr,6.115e-12
8.1124999999999989,0.1376252746172292,7,sr,1.083e-11
8.125,0.13879294944866671,7,sr,1.693e-12
8.1374999999999993,0.13993181173727967,7,sr,7.050e-16
8.1500000000000004,0.14104266349119077,7,sr,3.684e-12
8.1624999999999996,0.14212628276624059,7,sr,1.323e-11
8.1749999999999989,0.14318342451040342,7,sr,6.816e-12
8.1875,0.1442148213579848,7,sr,4.644e-13
8.1999999999999993,0.14522118443099979,7,sr,6.538e-14
8.2125000000000004,0.14620320407521903,7,sr,5.815e-12
8.2249999999999996,0.14716155059090302,7,sr,1.546e-11
8.2374999999999989,0.14809687493321186,7,sr,8.843e-12
8.25,0.14900980936944494,7,sr,1.203e-12
8.2624999999999993,0.14990096815010487,7,sr,1.047e-16
8.2750000000000004,0.15077094811731484,7,sr,2.212e-12
8.2874999999999996,0.1516203293124273,7,sr,1.142e-11
8.2999999999999989,0.1524496755582031,7,sr,1.844e-11
8.3125,0.15325953501940612,7,sr,7.625e-12
8.3249999999999993,0.15405044073110605,7,sr,1.146e-12
8.3375000000000004,0.15482291113971713,7,sr,2.035e-15
8.3499999999999996,0.15557745059076145,7,sr,1.048e-12
8.3624999999999989,0.15631454981802123,7,sr,7.712e-12
8.375,0.15703468641231955,7,sr,1.604e-11
8.3874999999999993,0.15773832527543599,7,sr,1.433e-11
8.4000000000000004,0.15842591904162281,7,sr,5.731e-12
8.4124999999999996,0.15909790852052222,7,sr,9.622e-13
8.4249999999999989,0.15975472308822972,7,sr,9.065e-15
8.4375,0.16039678108340016,7,sr,3.227e-13
8.4499999999999993,0.16102449018652276,7,sr,3.823e-12
8.4625000000000004,0.16163824778656211,7,sr,1.005e-11
8.4749999999999996,0.16223844133478843,7,sr,1.507e-11
8.4874999999999989,0.1628254486887529,7,sr,1.097e-11
8.5,0.16339963843303665,7,sr,5.008e-12
8.5124999999999993,0.16396137021523685,7,sr,1.296e-12
8.5250000000000004,0.16451099504425731,7,sr,8.749e-14
8.5374999999999996,0.165048855613076,7,sr,2.545e-10
8.5499999999999989,0.16557528648574232,7,sr,5.541e-13
8.5625,0.16609061458387336,7,sr,2.715e-12
8.5749999999999993,0.16659515925263524,7,sr,5.846e-12
8.5875000000000004,0.16708923262685188,7,sr,8.514e-12
8.5999999999999996,0.16757313986679803,7,sr,7.682e-12
8.6124999999999989,0.16804717939987215,7,sr,4.762e-12
8.625,0.16851164316930578,7,sr,2.246e-12
8.6374999999999993,0.16896681686095466,7,sr,7.000e-13
8.6500000000000004,0.16941298013061964,7,sr,9.385e-14
8.6624999999999996,0.16985040682340152,7,sr,6.972e-16
8.6749999999999989,0.17027936518680406,7,sr,1.823e-14
8.6875,0.17070011807782673,7,sr,2.235e-13
8.6999999999999993,0.1711129231643187,7,sr,6.673e-13
8.7125000000000004,0.17151803312085678,7,sr,1.216e-12
8.7249999999999996,0.17191569581939223,7,sr,1.688e-12
8.7374999999999989,0.1723061545149174,7,sr,1.925e-12
8.75,0.17268964802659223,7,sr,1.112e-12
8.7624999999999993,0.1730664109132509,7,sr,7.076e-13
8.7750000000000004,0.17343667364689616,7,sr,3.757e-13
8.7874999999999996,0.17380066277972403,7,sr,1.561e-13
8.7999999999999989,0.17415860110846887,7,sr,4.409e-14
8.8125,0.17451070783481612,7,sr,5.878e-15
8.8249999999999993,0.17485719872232092,7,sr,8.918e-16
8.8375000000000004,0.17519828625788711,7,sr,1.160e-10
8.8499999999999996,0.17553417976292773,7,sr,2.982e-15
8.8624999999999989,0.1758650856195734,7,sr,1.402e-15
8.875,0.1761912073367948,7,sr,4.149e-15
8.8874999999999993,0.17651274573192313,7,sr,1.285e-15
8.9000000000000004,0.17682989906254645,7,sr,4.485e-15
8.9124999999999996,0.17714286316401048,7,sr,9.365e-15
8.9249999999999989,0.1774518315848195,7,sr,1.245e-14
8.9375,0.17775699572009551,7,sr,6.691e-14
8.9499999999999993,0.17805854494323192,7,sr,7.829e-14
8.9625000000000004,0.1783566667359425,7,sr,7.702e-14
8.9749999999999996,0.17865154681679468,7,sr,6.887e-14
8.9874999999999989,0.17894336926841509,7,sr,4.990e-14
9,0.17923231666350004,7,sr,2.846e-14
9.0124999999999993,0.17951857018977313,7,sr,8.768e-15
9.0250000000000004,0.17980230977403555,7,sr,6.818e-16
9.0374999999999996,0.18008371420544433,7,sr,1.019e-15
9.0499999999999989,0.18036296125816145,7,sr,1.650e-14
9.0625,0.18064022781350586,7,sr,1.469e-13
9.0749999999999993,0.18091568998175109,7,sr,5.774e-13
9.0875000000000004,0.18118952322370513,7,sr,1.518e-12
9.0999999999999996,0.18146190247220087,7,sr,3.162e-12
9.1124999999999989,0.18173300225363206,7,sr,5.631e-12
9.125,0.18200299680966581,7,sr,8.927e-12
9.1374999999999993,0.18227206021926295,7,sr,1.290e-11
9.1500000000000004,0.18254036652357808,7,sr,2.084e-11
9.1624999999999996,0.1828080898395181,7,sr,2.117e-11
9.1749999999999989,0.18307540449708543,7,sr,1.995e-11
9.1875,0.1833424851553011,7,sr,1.729e-11
9.1999999999999993,0.18360950692976538,7,sr,1.354e-11
9.2125000000000004,0.18387664551925023,7,sr,9.299e-12
9.2249999999999996,0.18414407733349664,7,sr,5.268e-12
9.2374999999999989,0.18441197962234213,7,sr,2.157e-12
9.25,0.18468053060629977,7,sr,4.311e-13
9.2624999999999993,0.18494990961605487,7,sr,1.131e-10
9.2750000000000004,0.18522029718959893,7,sr,2.231e-14
9.2874999999999996,0.18549187528141672,7,sr,4.839e-13
9.2999999999999989,0.18576482732664129,7,sr,2.528e-12
9.3125,0.18603933841743775,7,sr,7.636e-12
9.3249999999999993,0.18631559543750617,7,sr,1.716e-11
9.3375000000000004,0.18659378720618336,7,sr,3.189e-11
9.3499999999999996,0.18687410462489262,7,sr,5.177e-11
9.3624999999999989,0.18715674082603873,7,sr,7.563e-11
9.375,0.18744189132442513,7,sr,1.011e-10
9.3874999999999993,0.18772975418750878,7,sr,1.163e-10
9.4000000000000004,0.18802053012769379,7,sr,1.054e-10
9.4124999999999996,0.18831442275628957,7,sr,8.665e-11
9.4249999999999989,0.18861163868477607,7,sr,6.299e-11
9.4375,0.18891238770450741,7,sr,3.863e-11
9.4499999999999993,0.18921688295455566,7,sr,1.809e-11
9.4625000000000004,0.18952534109236055,7,sr,4.980e-12
9.4749999999999996,0.18983798246715419,7,sr,2.419e-13
9.4874999999999989,0.19015503129613057,7,sr,1.295e-14
9.5,0.19047671584371761,7,sr,9.329e-13
9.5124999999999993,0.19080326860339572,7,sr,6.354e-12
9.5250000000000004,0.19113492648165306,7,sr,2.103e-11
9.5374999999999996,0.19147193098456075,7,sr,4.845e-11
9.5499999999999989,0.19181452840643076,7,sr,8.902e-11
9.5625,0.19216297002027019,7,sr,1.389e-10
9.5749999999999993,0.19251751229868533,7,sr,2.005e-10
9.5875000000000004,0.19287841699290648,7,sr,1.826e-10
9.5999999999999996,0.19324595149125476,7,sr,1.442e-10
9.6125000000000007,0.19362038890919461,7,sr,9.471e-11
9.625,0.19400200830743228,7,sr,4.702e-11
9.6374999999999993,0.1943910948843445,7,sr,1.367e-11
9.6500000000000004,0.19478794016645465,7,sr,7.239e-13
9.6624999999999996,0.19519284219610952,7,sr,3.034e-14
9.6750000000000007,0.19560610571680231,7,sr,2.430e-12
9.6875,0.19602804235392429,7,sr,1.566e-11
9.6999999999999993,0.19645897078841834,7,sr,4.804e-11
9.7125000000000004,0.19689921692384607,7,sr,1.005e-10
9.7249999999999996,0.19734911404423519,7,sr,1.629e-10
9.7375000000000007,0.19780900299388632,7,sr,1.765e-10
9.75,0.19827923217651097,7,sr,1.290e-10
9.7624999999999993,0.19876015787258056,7,sr,6.889e-11
9.7750000000000004,0.19925214421458937,7,sr,2.066e-11
9.7874999999999996,0.1997555632972087,7,sr,9.513e-13
9.8000000000000007,0.20027079523427413,7,sr,8.896e-14
9.8125,0.20079822819233978,7,sr,4.943e-12
9.8249999999999993,0.20133825839519837,7,sr,2.758e-11
9.8375000000000004,0.20189129009289081,7,sr,7.360e-11
9.8499999999999996,0.202457735519184,7,sr,1.389e-10
9.8625000000000007,0.20303801467982657,7,sr,1.119e-10
9.875,0.20363255533344091,7,sr,5.996e-11
9.8874999999999993,0.20424179269636583,7,sr,1.504e-11
9.9000000000000004,0.2048661691885002,7,sr,1.153e-13
9.9124999999999996,0.20550613409518312,7,sr,6.098e-13
9.9250000000000007,0.20616214316370696,7,sr,1.125e-11
9.9375,0.20683465812085,7,sr,4.322e-11
9.9499999999999993,0.2075241461220039,7,sr,8.620e-11
9.9625000000000004,0.20823107901480808,7,sr,5.987e-11
9.9749999999999996,0.20895593267516599,7,sr,2.047e-11
9.9875000000000007,0.2096991860738863,7,sr,7.424e-13
10,0.21046132029250286,7,sr,2.510e-13
6.3500000000000005,14.98898157880644,8,sr,1.978e-15
6.3625000000000007,14.941148365557062,8,sr,5.135e-15
6.3750000000000009,14.893279406599078,8,sr,1.651e-15
6.3875000000000002,14.845389707417363,8,sr,1.028e-11
6.4000000000000004,14.797493340744806,8,sr,1.959e-15
6.4125000000000005,14.749603503280579,8,sr,2.449e-15
6.4250000000000007,14.701732568979102,8,sr,1.945e-15
6.4375000000000009,14.653892139365048,8,sr,3.737e-15
6.4500000000000002,14.606093090796277,8,sr,2.340e-15
6.4625000000000004,14.558345618878004,8,sr,1.816e-15
6.4750000000000005,14.510659280142978,8,sr,1.949e-11
6.4875000000000007,14.463043031244808,8,sr,6.000e-15
6.5000000000000009,14.41550526551023,8,sr,3.229e-11
6.5125000000000002,14.368053847352359,8,sr,6.654e-15
6.5250000000000004,14.320696144644112,8,sr,7.185e-12
6.5375000000000005,14.273439058700841,8,sr,3.815e-15
6.5500000000000007,14.22628905261929,8,sr,2.269e-16
6.5625000000000009,14.179252177782969,8,sr,6.116e-16
6.5750000000000002,14.132334098637404,8,sr,7.263e-15
6.5875000000000004,14.085540115909328,8,sr,2.468e-11
6.6000000000000005,14.03887518844355,8,sr,4.259e-15
6.6125000000000007,13.992343953434901,8,sr,5.816e-15
6.6250000000000009,13.945950745683815,8,sr,4.184e-15
6.6375000000000002,13.89969961542114,8,sr,1.218e-15
6.6500000000000004,13.853594345104545,8,sr,1.312e-15
6.6625000000000005,13.807638465152797,8,sr,1.026e-14
6.6750000000000007,13.761835268702461,8,sr,5.929e-15
6.6875000000000009,13.716187825451888,8,sr,6.824e-15
6.7000000000000002,13.670698994652669,8,sr,9.773e-15
6.7125000000000004,13.625371437328011,8,sr,4.523e-11
6.7250000000000005,13.580207627617964,8,sr,1.575e-11
6.7375000000000007,13.53520986373521,8,sr,1.669e-11
6.7500000000000009,13.49038027785744,8,sr,5.132e-11
6.7625000000000002,13.445720845870946,8,sr,7.081e-16
6.7750000000000004,13.401233395995058,8,sr,7.581e-15
6.7875000000000005,13.356919617467854,8,sr,1.510e-14
6.8000000000000007,13.312781068326197,8,sr,1.204e-14
6.8125000000000009,13.268819182878595,8,sr,2.100e-15
6.8250000000000002,13.225035278720656,8,sr,6.274e-13
6.8375000000000004,13.181430563343429,8,sr,3.974e-15
6.8500000000000005,13.138006140366601,8,sr,1.051e-14
6.8625000000000007,13.094763015410939,8,sr,2.528e-15
6.8750000000000009,13.05170210164235,8,sr,2.827e-16
6.8875000000000002,13.008824225002567,8,sr,3.698e-15
6.9000000000000004,12.96613012914823,8,sr,1.145e-15
6.9125000000000005,12.923620480116298,8,sr,6.716e-15
6.9250000000000007,12.881295870732847,8,sr,9.746e-15
6.9375000000000009,12.839156824781297,8,sr,2.183e-15
6.9500000000000002,12.797203800944809,8,sr,1.273e-14
6.9625000000000004,12.755437196524785,8,sr,3.285e-11
6.9750000000000005,12.713857351033758,8,sr,1.035e-15
6.9875000000000007,12.672464549418407,8,sr,3.368e-15
7.0000000000000009,12.631259025351689,8,sr,4.679e-15
7.0125000000000002,12.59024096418927,8,sr,3.449e-11
7.0250000000000004,12.549410505771167,8,sr,1.511e-15
7.0375000000000005,12.508767747249511,8,sr,1.514e-16
7.0500000000000007,12.468312745534822,8,sr,5.675e-15
7.0625000000000009,12.428045519797584,8,sr,4.732e-15
7.0750000000000002,12.387966053775637,8,sr,5.108e-16
7.0875000000000004,12.348074297980361,8,sr,3.794e-15
7.1000000000000005,12.308370171796129,8,sr,1.338e-15
7.1125000000000007,12.268853565479445,8,sr,2.118e-15
7.1250000000000009,12.229524342063698,8,sr,7.411e-15
7.1375000000000002,12.190382339200218,8,sr,7.759e-11
7.1500000000000004,12.151427370765914,8,sr,2.765e-15
7.1625000000000005,12.112659228767377,8,sr,1.015e-14
7.1750000000000007,12.07407768467138,8,sr,6.926e-15
7.1875000000000009,12.035682491040987,8,sr,9.576e-15
7.2000000000000002,11.997473382956542,8,sr,5.539e-15
7.2125000000000004,11.959450079400522,8,sr,3.517e-15
7.2250000000000005,11.921612284584953,8,sr,1.696e-15
7.2375000000000007,11.88395968922492,8,sr,9.032e-15
7.2500000000000009,11.846491971761539,8,sr,4.685e-15
7.2625000000000002,11.809208799537592,8,sr,1.822e-14
7.2750000000000004,11.772109829928764,8,sr,1.283e-15
7.2875000000000005,11.735194711437488,8,sr,1.369e-11
7.3000000000000007,11.698463084723624,8,sr,5.363e-16
7.3125000000000009,11.661914583659959,8,sr,2.417e-15
7.3250000000000002,11.625548836294408,8,sr,7.415e-11
7.3375000000000004,11.589365465711587,8,sr,2.154e-15
7.3500000000000005,11.553364091166618,8,sr,1.349e-14
7.3625000000000007,11.517544328761849,8,sr,3.952e-15
7.3750000000000009,11.481905792424431,8,sr,3.537e-15
7.3875000000000002,11.446448094730222,8,sr,1.903e-12
7.4000000000000004,11.411170847709281,8,sr,7.864e-11
7.4125000000000005,11.376073663775374,8,sr,5.644e-11
7.4250000000000007,11.341156156224248,8,sr,3.405e-11
7.4375000000000009,11.306417940345424,8,sr,1.100e-11
7.4500000000000002,11.271858633986094,8,sr,1.344e-11
7.4625000000000004,11.237477858360444,8,sr,1.918e-11
7.4750000000000005,11.203275238700076,8,sr,7.863e-11
7.4875000000000007,11.169250405182618,8,sr,3.121e-11
7.5000000000000009,11.135402993419484,8,sr,7.875e-11
7.5125000000000002,11.101732645224343,8,sr,6.100e-15
7.5250000000000004,11.068239009516837,8,sr,9.937e-15
7.5375000000000005,11.034921742785039,8,sr,1.328e-12
7.5500000000000007,11.001780509912662,8,sr,2.291e-15
7.5625000000000009,10.968814984858399,8,sr,3.231e-15
7.5750000000000002,10.936024851366362,8,sr,8.217e-15
7.5875000000000004,10.903409803673686,8,sr,7.683e-15
7.6000000000000005,10.870969547224698,8,sr,8.852e-16
7.6125000000000007,10.838703799390402,8,sr,3.401e-15
7.6250000000000009,10.80661229019519,8,sr,8.663e-15
7.6375000000000002,10.774694763039353,8,sr,4.539e-11
7.6500000000000004,10.742950975509112,8,sr,3.276e-15
7.6625000000000005,10.711380700005082,8,sr,1.478e-14
7.6750000000000007,10.679983724641714,8,sr,1.690e-13
7.6875000000000009,10.648759853968638,8,sr,1.119e-14
7.7000000000000002,10.617708909785078,8,sr,9.714e-15
7.7125000000000004,10.586830731960553,8,sr,1.632e-15
7.7250000000000005,10.556125179274796,8,sr,5.829e-15
7.7375000000000007,10.525592130279561,8,sr,6.126e-15
7.7500000000000009,10.495231484183927,8,sr,7.831e-16
7.7625000000000002,10.465043161773238,8,sr,2.822e-11
7.7750000000000004,10.435027106309176,8,sr,1.193e-11
7.7875000000000005,10.405183284562312,8,sr,6.152e-15
7.8000000000000007,10.37551168776314,8,sr,8.089e-15
7.8125000000000009,10.346012332640639,8,sr,2.669e-15
7.8250000000000002,10.316685262499673,8,sr,9.256e-15
7.8375000000000004,10.287530548323771,8,sr,1.981e-14
7.8500000000000005,10.258548289921995,8,sr,1.344e-14
7.8625000000000007,10.229738617099137,8,sr,6.476e-11
7.8750000000000009,10.201101690990884,8,sr,1.197e-14
7.8875000000000002,10.172637705149398,8,sr,2.309e-14
7.9000000000000004,10.144346887077816,8,sr,7.228e-15
7.9125000000000005,10.116229499521088,8,sr,7.442e-16
7.9250000000000007,10.088285841933502,8,sr,1.274e-14
7.9375000000000009,10.060516251987147,8,sr,1.478e-15
7.9500000000000002,10.032921107144663,8,sr,8.601e-15
7.9625000000000004,10.005500826299569,8,sr,2.917e-16
7.9750000000000005,9.9782558714882104,8,sr,1.547e-14
7.9875000000000007,9.9511867496768289,8,sr,1.878e-15
8,9.9242940146281029,8,sr,4.111e-15
8.0124999999999993,9.8975782688510119,8,sr,2.461e-14
8.0250000000000004,9.8710401656386004,8,sr,1.322e-15
8.0374999999999996,9.8446804112143997,8,sr,4.683e-11
8.0499999999999989,9.8184997668781353,8,sr,1.679e-14
8.0625,9.7924990514971917,8,sr,2.706e-14
8.0749999999999993,9.7666791437798448,8,sr,4.511e-15
8.0875000000000004,9.741040984904247,8,sr,1.920e-15
8.0999999999999996,9.7155855811671081,8,sr,1.090e-15
8.1124999999999989,9.6903140067713931,8,sr,7.483e-15
8.125,9.6652274067422344,8,sr,1.790e-15
8.1374999999999993,9.6403269999767538,8,sr,3.287e-15
8.1500000000000004,9.6156140824333978,8,sr,2.557e-15
8.1624999999999996,9.5910900304666828,8,sr,4.549e-15
8.1749999999999989,9.5667563043129444,8,sr,5.729e-15
8.1875,9.5426144517328737,8,sr,1.774e-14
8.1999999999999993,9.5186661118162856,8,sr,1.341e-14
8.2125000000000004,9.4949130189521558,8,sr,6.100e-12
8.2249999999999996,9.4713570069865618,8,sr,2.519e-16
8.2374999999999989,9.4480000135200459,8,sr,2.114e-14
8.25,9.4248440844298678,8,sr,1.740e-11
8.2624999999999993,9.4018913785850913,8,sr,6.867e-15
8.2750000000000004,9.3791441726508786,8,sr,3.563e-15
8.2874999999999996,9.356604866231871,8,sr,9.146e-15
8.2999999999999989,9.3342759870919352,8,sr,2.702e-15
8.3125,9.3121601966084349,8,sr,1.936e-14
8.3249999999999993,9.2902602954052789,8,sr,5.687e-15
8.3375000000000004,9.2685792291667592,8,sr,9.100e-15
8.3499999999999996,9.2471200946248207,8,sr,8.931e-15
8.3624999999999989,9.2258861457084951,8,sr,1.511e-15
8.375,9.2048807998371771,8,sr,6.861e-12
8.3874999999999993,9.1841076443640191,8,sr,5.176e-15
8.4000000000000004,9.1635704430695455,8,sr,9.579e-15
8.4124999999999996,9.1432731428008651,8,sr,3.688e-15
8.4249999999999989,9.1232198800935222,8,sr,1.015e-14
8.4375,9.1034149878057491,8,sr,9.894e-15
8.4499999999999993,9.0838630016849855,8,sr,1.327e-15
8.4625000000000004,9.064568666821808,8,sr,2.918e-11
8.4749999999999996,9.0455369437891093,8,sr,2.253e-15
8.4874999999999989,9.0267730147439664,8,sr,3.101e-15
8.5,9.0082822887646188,8,sr,9.247e-15
8.5124999999999993,8.9900704069115029,8,sr,1.971e-16
8.5250000000000004,8.9721432464914663,8,sr,4.151e-15
8.5374999999999996,8.9545069244922892,8,sr,2.672e-11
8.5499999999999989,8.9371677998374892,8,sr,4.866e-15
8.5625,8.9201324746185406,8,sr,2.619e-15
8.5749999999999993,8.9034077933857283,8,sr,1.538e-15
8.5875000000000004,8.8870008408420844,8,sr,4.310e-15
8.5999999999999996,8.870918937201278,8,sr,2.455e-15
8.6124999999999989,8.8551696309442587,8,sr,7.173e-16
8.625,8.8397606885051783,8,sr,6.589e-12
8.6374999999999993,8.824700080417383,8,sr,9.178e-12
8.6500000000000004,8.8099959633022245,8,sr,4.587e-15
8.6624999999999996,8.7956566571112216,8,sr,2.344e-15
8.6749999999999989,8.7816906170260207,8,sr,7.701e-16
8.6875,8.7681063991185031,8,sr,5.964e-16
8.6999999999999993,8.7549126190997519,8,sr,5.006e-13
8.7125000000000004,8.742117903262562,8,sr,1.211e-15
8.7249999999999996,8.7297308307185748,8,sr,3.477e-12
8.7374999999999989,8.7177598660503026,8,sr,2.046e-15
8.75,8.7062132813541275,8,sr,3.478e-15
8.7624999999999993,8.6950990668969919,8,sr,2.484e-16
8.7750000000000004,8.6844248293879378,8,sr,8.061e-12
8.7874999999999996,8.6741976772297935,8,sr,1.212e-11
8.7999999999999989,8.6644240920159188,8,sr,5.905e-12
8.8125,8.6551097859638606,8,sr,3.282e-16
8.8249999999999993,8.6462595452266875,8,sr,1.445e-16
8.8375000000000004,8.6378770593560326,8,sr,1.819e-11
8.8499999999999996,8.629964737530571,8,sr,1.430e-14
8.8624999999999989,8.6225235134940057,8,sr,1.318e-11
8.875,8.6155526405580662,8,sr,9.639e-16
8.8874999999999993,8.6090494800510129,8,sr,2.912e-12
8.9000000000000004,8.6030092871964232,8,sr,4.997e-12
8.9124999999999996,8.5974249987082896,8,sr,4.224e-17
8.9249999999999989,8.5922870282509862,8,sr,7.726e-16
8.9375,8.5875830765125869,8,sr,7.245e-13
8.9499999999999993,8.5832979633826856,8,sr,2.330e-13
8.9625000000000004,8.579413490661576,8,sr,1.846e-13
8.9749999999999996,8.5759083440363888,8,sr,6.025e-17
8.9874999999999989,8.5727580430593129,8,sr,2.064e-12
9,8.5699349474647075,8,sr,5.875e-15
9.0124999999999993,8.5674083272437844,8,sr,8.157e-16
9.0250000000000004,8.5651445021304191,8,sr,5.857e-12
9.0374999999999996,8.5631070541461387,8,sr,2.061e-12
9.0499999999999989,8.5612571141918785,8,sr,6.882e-16
9.0625,8.5595537201376821,8,sr,1.919e-13
9.0749999999999993,8.557954240945957,8,sr,1.342e-12
9.0875000000000004,8.5564148575932837,8,sr,2.122e-16
9.0999999999999996,8.5548910884847782,8,sr,3.123e-15
9.1124999999999989,8.5533383442607462,8,sr,3.821e-14
9.125,8.5517124950757353,8,sr,3.914e-13
9.1374999999999993,8.5499704323043435,8,sr,1.811e-14
9.1500000000000004,8.5480706067153331,8,sr,1.074e-15
9.1624999999999996,8.5459735262901155,8,sr,7.775e-13
9.1749999999999989,8.5436421989149878,8,sr,1.876e-16
9.1875,8.5410425080682923,8,sr,1.196e-12
9.1999999999999993,8.5381435131453269,8,sr,1.403e-16
9.2125000000000004,8.534917669627168,8,sr,2.785e-12
9.2249999999999996,8.5313409682233718,8,sr,1.933e-12
9.2374999999999989,8.527392995246883,8,sr,2.952e-12
9.25,8.5230569197484005,8,sr,3.753e-16
9.2624999999999993,8.518319414907312,8,sr,7.803e-16
9.2750000000000004,8.5131705231099506,8,sr,1.281e-16
9.2874999999999996,8.5076034747812628,8,sr,1.081e-15
9.2999999999999989,8.5016144715307114,8,sr,1.512e-12
9.3125,8.4952024437789433,8,sr,1.013e-13
9.3249999999999993,8.4883687924286964,8,sr,1.440e-15
9.3375000000000004,8.4811171230275004,8,sr,4.801e-12
9.3499999999999996,8.4734529797719684,8,sr,2.499e-15
9.3624999999999989,8.4653835854979231,8,sr,1.482e-12
9.375,8.4569175921960689,8,sr,2.104e-11
9.3874999999999993,8.4480648460645362,8,sr,5.320e-16
9.4000000000000004,8.4388361688755111,8,sr,1.031e-15
9.4124999999999996,8.429243158179764,8,sr,1.196e-15
9.4249999999999989,8.419298006179492,8,sr,1.012e-15
9.4375,8.4090133379027634,8,sr,2.671e-15
9.4499999999999993,8.3984020680938904,8,sr,1.773e-15
9.4625000000000004,8.3874772760558098,8,sr,1.906e-15
9.4749999999999996,8.3762520973882886,8,sr,1.989e-15
9.4874999999999989,8.3647396313915259,8,sr,2.183e-16
9.5,8.3529528628080314,8,sr,6.647e-16
9.5124999999999993,8.3409045965369728,8,sr,2.509e-12
9.5250000000000004,8.3286074039820743,8,sr,0.000e+00
9.5374999999999996,8.3160735796797667,8,sr,2.723e-15
9.5499999999999989,8.303315107040028,8,sr,2.937e-16
9.5625,8.2903436319820738,8,sr,1.746e-11
9.5749999999999993,8.2771704433538069,8,sr,1.330e-15
9.5875000000000004,8.2638064594241598,8,sr,1.537e-15
9.5999999999999996,8.2502622191355997,8,sr,1.462e-11
9.6125000000000007,8.2365478777227796,8,sr,2.586e-15
9.625,8.2226732059448882,8,sr,1.022e-14
9.6374999999999993,8.2086475920696333,8,sr,4.663e-15
9.6500000000000004,8.1944800464142329,8,sr,1.444e-15
9.6624999999999996,8.1801792077825191,8,sr,1.146e-11
9.6750000000000007,8.1657533514242324,8,sr,3.838e-15
9.6875,8.1512103983082422,8,sr,9.412e-15
9.6999999999999993,8.1365579251834586,8,sr,1.264e-14
9.7125000000000004,8.1218031754175239,8,sr,1.713e-14
9.7249999999999996,8.106953070264252,8,sr,1.720e-14
9.7375000000000007,8.0920142204331942,8,sr,2.091e-14
9.75,8.0769929378102034,8,sr,1.602e-14
9.7624999999999993,8.061895247209657,8,sr,2.148e-14
9.7750000000000004,8.0467268980609106,8,sr,1.824e-14
9.7874999999999996,8.0314933759500473,8,sr,1.425e-14
9.8000000000000007,8.0161999139539439,8,sr,1.539e-14
9.8125,8.0008515037171737,8,sr,4.675e-15
9.8249999999999993,7.9854529062335695,8,sr,3.796e-15
9.8375000000000004,7.9700086623041324,8,sr,7.577e-14
9.8499999999999996,7.9545231026505006,8,sr,2.847e-15
9.8625000000000007,7.9390003576710155,8,sr,8.787e-16
9.875,7.9234443668300747,8,sr,7.584e-15
9.8874999999999993,7.9078588876783291,8,sr,4.032e-14
9.9000000000000004,7.8922475045031195,8,sr,6.086e-14
9.9124999999999996,7.8766136366129231,8,sr,4.084e-14
9.9250000000000007,7.8609605462605678,8,sr,1.751e-14
9.9375,7.8452913462069152,8,sr,1.925e-11
9.9499999999999993,7.8296090069807924,8,sr,2.732e-15
9.9625000000000004,7.8139163637030604,8,sr,1.376e-15
9.9749999999999996,7.7982161227231153,8,sr,3.514e-14
9.9875000000000007,7.7825108678417827,8,sr,8.504e-14
10,7.7668030662752923,8,sr,6.421e-14
7.2625000000000002,14.99036046875379,9,sr,5.110e-11
7.2750000000000004,14.942339602028074,9,sr,1.971e-14
7.2875000000000005,14.894558573648482,9,sr,1.110e-14
7.3000000000000007,14.847016661059747,9,sr,6.216e-15
7.3125000000000009,14.799713137731368,9,sr,1.127e-15
7.3250000000000002,14.752647274145456,9,sr,9.942e-16
7.3375000000000004,14.705818338756822,9,sr,3.580e-11
7.3500000000000005,14.659225598985408,9,sr,1.422e-14
7.3625000000000007,14.612868322024253,9,sr,5.284e-15
7.3750000000000009,14.566745775830617,9,sr,2.766e-15
7.3875000000000002,14.520857229958677,9,sr,7.514e-11
7.4000000000000004,14.475201956304989,9,sr,3.551e-12
7.4125000000000005,14.429779230137983,9,sr,1.401e-11
7.4250000000000007,14.384588330711475,9,sr,2.152e-11
7.4375000000000009,14.339628542141494,9,sr,5.224e-12
7.4500000000000002,14.294899154152299,9,sr,6.278e-14
7.4625000000000004,14.250399462869069,9,sr,9.743e-12
7.4750000000000005,14.2061287715366,9,sr,3.720e-11
7.4875000000000007,14.162086391344364,9,sr,1.135e-15
7.5000000000000009,14.118271642035095,9,sr,1.669e-15
7.5125000000000002,14.074683852754831,9,sr,1.383e-11
7.5250000000000004,14.031322362748785,9,sr,5.357e-15
7.5375000000000005,13.988186522063067,9,sr,7.011e-16
7.5500000000000007,13.945275692305168,9,sr,3.115e-11
7.5625000000000009,13.902589247400428,9,sr,9.581e-15
7.5750000000000002,13.860126574257166,9,sr,4.852e-11
7.5875000000000004,13.817887073526471,9,sr,1.315e-15
7.6000000000000005,13.775870160442384,9,sr,5.522e-15
7.6125000000000007,13.734075265449198,9,sr,2.944e-15
7.6250000000000009,13.692501835035529,9,sr,8.041e-15
7.6375000000000002,13.651149332498028,9,sr,5.093e-15
7.6500000000000004,13.610017238732972,9,sr,2.187e-12
7.6625000000000005,13.569105053039532,9,sr,2.470e-15
7.6750000000000007,13.528412293949636,9,sr,1.550e-14
7.6875000000000009,13.487938500064486,9,sr,1.586e-15
7.7000000000000002,13.447683230921614,9,sr,3.324e-15
7.7125000000000004,13.407646067881219,9,sr,7.678e-15
7.7250000000000005,13.367826615038458,9,sr,1.091e-14
7.7375000000000007,13.328224500163115,9,sr,2.876e-15
7.7500000000000009,13.288839375668898,9,sr,1.236e-14
7.7625000000000002,13.249670919639223,9,sr,8.317e-11
7.7750000000000004,13.210718836740671,9,sr,1.554e-16
7.7875000000000005,13.17198285954041,9,sr,1.105e-14
7.8000000000000007,13.13346274937398,9,sr,6.068e-15
7.8125000000000009,13.095158297622486,9,sr,5.585e-15
7.8250000000000002,13.057069326888451,9,sr,9.952e-15
7.8375000000000004,13.019195692244503,9,sr,1.454e-14
7.8500000000000005,12.981537282533759,9,sr,5.467e-15
7.8625000000000007,12.944094021725292,9,sr,4.182e-16
7.8750000000000009,12.906865870328129,9,sr,6.974e-15
7.8875000000000002,12.869852826860599,9,sr,2.266e-11
7.9000000000000004,12.833054929428444,9,sr,1.571e-14
7.9125000000000005,12.796472257267066,9,sr,6.283e-15
7.9250000000000007,12.760104932500457,9,sr,3.544e-15
7.9375000000000009,12.723953121873137,9,sr,1.307e-14
7.9500000000000002,12.688017038609058,9,sr,1.914e-14
7.9625000000000004,12.652296944352862,9,sr,2.286e-14
7.9750000000000005,12.616793151206126,9,sr,1.628e-14
7.9875000000000007,12.581506023864144,9,sr,2.397e-15
8,12.54643598185956,9,sr,1.133e-14
8.0124999999999993,12.511583501919064,9,sr,1.069e-14
8.0250000000000004,12.476949120439954,9,sr,1.222e-14
8.0374999999999996,12.442533436093777,9,sr,2.962e-14
8.0499999999999989,12.408337112564327,9,sr,8.910e-15
8.0625,12.374360881428371,9,sr,1.134e-14
8.0749999999999993,12.340605545186994,9,sr,4.578e-15
8.0875000000000004,12.307071980456682,9,sr,1.882e-14
8.0999999999999996,12.273761141329379,9,sr,4.783e-15
8.1124999999999989,12.24067406291112,9,sr,4.031e-15
8.125,12.207811865049838,9,sr,2.214e-14
8.1374999999999993,12.175175756262721,9,sr,4.235e-15
8.1500000000000004,12.142767037874776,9,sr,2.600e-14
8.1624999999999996,12.110587108380081,9,sr,1.650e-15
8.1749999999999989,12.078637468038453,9,sr,1.145e-14
8.1875,12.046919723719933,9,sr,1.733e-14
8.1999999999999993,12.015435594011025,9,sr,6.029e-16
8.2125000000000004,11.984186914595883,9,sr,9.062e-15
8.2249999999999996,11.953175643927421,9,sr,2.303e-14
8.2374999999999989,11.922403869202498,9,sr,2.521e-14
8.25,11.891873812656714,9,sr,1.412e-14
8.2624999999999993,11.861587838193588,9,sr,3.802e-15
8.2750000000000004,11.831548458364077,9,sr,6.726e-15
8.2874999999999996,11.801758341711599,9,sr,7.373e-15
8.2999999999999989,11.772220320497858,9,sr,1.727e-14
8.3125,11.742937398824493,9,sr,1.592e-14
8.3249999999999993,11.713912761164568,9,sr,8.686e-15
8.3375000000000004,11.685149781317532,9,sr,7.605e-16
8.3499999999999996,11.656652031799091,9,sr,4.213e-15
8.3624999999999989,11.628423293676361,9,sr,1.324e-14
8.375,11.600467566855674,9,sr,3.827e-15
8.3874999999999993,11.572789080827793,9,sr,1.214e-14
8.4000000000000004,11.545392305870582,9,sr,2.875e-16
8.4124999999999996,11.518281964705281,9,sr,1.257e-14
8.4249999999999989,11.491463044595207,9,sr,4.490e-15
8.4375,11.464940809868645,9,sr,1.307e-12
8.4499999999999993,11.438720814843727,9,sr,8.417e-15
8.4625000000000004,11.412808917100705,9,sr,1.101e-14
8.4749999999999996,11.38721129107755,9,sr,3.735e-15
8.4874999999999989,11.361934441893501,9,sr,4.870e-15
8.5,11.336985219330298,9,sr,2.338e-15
8.5124999999999993,11.312370831856173,9,sr,1.025e-15
8.5250000000000004,11.288098860556762,9,sr,3.285e-15
8.5374999999999996,11.264177272804741,9,sr,6.167e-15
8.5499999999999989,11.240614435462634,9,sr,1.658e-15
8.5625,11.217419127369437,9,sr,1.880e-15
8.5749999999999993,11.194600550792185,9,sr,2.348e-11
8.5875000000000004,11.172168341614331,9,sr,4.525e-15
8.5999999999999996,11.150132577439543,9,sr,1.389e-15
8.6124999999999989,11.12850378376119,9,sr,1.368e-15
8.625,11.107292936945324,9,sr,2.245e-15
8.6374999999999993,11.086511463723365,9,sr,1.271e-15
8.6500000000000004,11.066171236250629,9,sr,1.741e-15
8.6624999999999996,11.046284561808815,9,sr,2.677e-16
8.6749999999999989,11.026864166069489,9,sr,7.901e-16
8.6875,11.007923168680517,9,sr,8.292e-16
8.6999999999999993,10.989475049755056,9,sr,1.397e-11
8.7125000000000004,10.971533605785929,9,sr,1.956e-15
8.7249999999999996,10.954112892924593,9,sr,1.733e-11
8.7374999999999989,10.937227156064049,9,sr,6.304e-16
8.75,10.920890741494684,9,sr,1.908e-15
8.7624999999999993,10.905117990477018,9,sr,1.829e-15
8.7750000000000004,10.889923111924876,9,sr,1.617e-13
8.7874999999999996,10.875320031336901,9,sr,1.541e-15
8.7999999999999989,10.861322213662902,9,sr,6.779e-16
8.8125,10.847942457780336,9,sr,9.757e-12
8.8249999999999993,10.835192660414588,9,sr,1.380e-15
8.8375000000000004,10.82308354816489,9,sr,1.627e-11
8.8499999999999996,10.811624376382149,9,sr,8.347e-16
8.8624999999999989,10.800822594877726,9,sr,4.518e-16
8.875,10.790683482312993,9,sr,1.900e-15
8.8874999999999993,10.781209751376942,9,sr,1.354e-15
8.9000000000000004,10.772401130114986,9,sr,5.492e-16
8.9124999999999996,10.764253926417894,9,sr,8.529e-13
8.9249999999999989,10.756760585536052,9,sr,1.030e-15
8.9375,10.749909253282347,9,sr,3.577e-15
8.9499999999999993,10.743683360613881,9,sr,2.300e-14
8.9625000000000004,10.738061247973153,9,sr,5.676e-13
8.9749999999999996,10.733015850227424,9,sr,1.022e-12
8.9874999999999989,10.728514464645414,9,sr,1.008e-12
9,10.724518624845361,9,sr,1.993e-13
9.0124999999999993,10.720984102697191,9,sr,1.272e-15
9.0250000000000004,10.71786105739449,9,sr,1.645e-12
9.0374999999999996,10.71509434622411,9,sr,1.372e-12
9.0499999999999989,10.712624004951437,9,sr,1.434e-12
9.0625,10.710385897273103,9,sr,9.018e-12
9.0749999999999993,10.708312523218483,9,sr,7.418e-13
9.0875000000000004,10.706333966705719,9,sr,3.948e-12
9.0999999999999996,10.70437895197327,9,sr,5.038e-14
9.1124999999999989,10.702375971387706,9,sr,1.230e-13
9.125,10.700254440854904,9,sr,1.934e-14
9.1374999999999993,10.697945836117446,9,sr,1.606e-15
9.1500000000000004,10.69538476432961,9,sr,9.973e-14
9.1624999999999996,10.692509929152841,9,sr,6.700e-16
9.1749999999999989,10.689264954808396,9,sr,1.232e-16
9.1875,10.685599043848885,9,sr,3.622e-13
9.1999999999999993,10.681467453955479,9,sr,1.489e-12
9.2125000000000004,10.676831789808196,9,sr,1.882e-12
9.2249999999999996,10.671660115985565,9,sr,1.624e-12
9.2374999999999989,10.665926905255102,9,sr,6.453e-13
9.25,10.659612842886766,9,sr,3.804e-16
9.2624999999999993,10.652704511704666,9,sr,1.736e-16
9.2750000000000004,10.645193984429426,9,sr,1.094e-14
9.2874999999999996,10.637078349804881,9,sr,1.651e-12
9.2999999999999989,10.628359197376817,9,sr,3.230e-16
9.3125,10.619042083150202,9,sr,1.805e-15
9.3249999999999993,10.609135994835025,9,sr,2.294e-15
9.3375000000000004,10.598652831943969,9,sr,8.907e-16
9.3499999999999996,10.587606912236732,9,sr,8.698e-16
9.3624999999999989,10.576014512739066,9,sr,8.300e-12
9.375,10.563893450487742,9,sr,2.991e-15
9.3874999999999993,10.551262706008556,9,sr,1.788e-11
9.4000000000000004,10.538142089691878,9,sr,1.479e-15
9.4124999999999996,10.524551951146279,9,sr,4.232e-16
9.4249999999999989,10.510512928546699,9,sr,7.628e-12
9.4375,10.496045736089343,9,sr,1.522e-11
9.4499999999999993,10.481170986185605,9,sr,5.492e-12
9.4625000000000004,10.465909042512479,9,sr,1.505e-11
9.4749999999999996,10.450279901343333,9,sr,4.813e-12
9.4874999999999989,10.434303096844509,9,sr,3.545e-15
9.5,10.417997628000533,9,sr,1.060e-16
9.5124999999999993,10.401381903467948,9,sr,3.773e-16
9.5250000000000004,10.384473702119019,9,sr,1.753e-15
9.5374999999999996,10.367290146627985,9,sr,4.232e-15
9.5499999999999989,10.349847687982143,9,sr,6.225e-16
9.5625,10.332162099008936,9,sr,4.254e-15
9.5749999999999993,10.314248475262774,9,sr,1.810e-15
9.5875000000000004,10.296121241842533,9,sr,2.847e-15
9.5999999999999996,10.277794164917506,9,sr,5.360e-15
9.6125000000000007,10.259280366922955,9,sr,4.890e-16
9.625,10.240592344550123,9,sr,1.551e-15
9.6374999999999993,10.221741988797193,9,sr,3.714e-15
9.6500000000000004,10.202740606472311,9,sr,9.005e-15
9.6624999999999996,10.183598942645816,9,sr,6.671e-15
9.6750000000000007,10.164327203640841,9,sr,3.745e-15
9.6875,10.144935080228805,9,sr,3.329e-16
9.6999999999999993,10.125431770757048,9,sr,9.633e-12
9.7125000000000004,10.105826004035096,9,sr,5.471e-15
9.7249999999999996,10.086126061699487,9,sr,1.067e-14
9.7375000000000007,10.066339800121701,9,sr,1.354e-14
9.75,10.046474671573808,9,sr,1.784e-14
9.7624999999999993,10.026537744698432,9,sr,1.849e-14
9.7750000000000004,10.006535724198708,9,sr,2.272e-14
9.7874999999999996,9.9864749697250925,9,sr,1.673e-14
9.8000000000000007,9.9663615139446584,9,sr,2.073e-14
9.8125,9.9462010797901002,9,sr,1.818e-14
9.8249999999999993,9.9259990968944098,9,sr,1.396e-14
9.8375000000000004,9.9057607172244992,9,sr,1.118e-14
9.8499999999999996,9.8854908299323139,9,sr,1.871e-15
9.8625000000000007,9.8651940754635135,9,sr,4.292e-11
9.875,9.8448748588268664,9,sr,2.389e-15
9.8874999999999993,9.824537362419564,9,sr,3.459e-15
9.9000000000000004,9.8041855578246526,9,sr,1.300e-15
9.9124999999999996,9.7838232172230839,9,sr,7.960e-15
9.9250000000000007,9.7634539240826133,9,sr,2.601e-14
9.9375,9.7430810832759498,9,sr,4.382e-14
9.9499999999999993,9.7227079306400572,9,sr,6.491e-14
9.9625000000000004,9.7023375420053313,9,sr,9.004e-14
9.9749999999999996,9.6819728417230415,9,sr,8.036e-14
9.9875000000000007,9.6616166107171217,9,sr,5.843e-14
10,9.6412714940876487,9,sr,5.097e-14
8.1500000000000004,14.966785074153073,10,sr,5.311e-15
8.1624999999999996,14.926020374943386,10,sr,6.044e-16
8.1749999999999989,14.88552900758908,10,sr,5.566e-15
8.1875,14.845312554826634,10,sr,1.397e-16
8.1999999999999993,14.805372728526818,10,sr,6.477e-15
8.2125000000000004,14.765711376319432,10,sr,2.084e-15
8.2249999999999996,14.726330488619897,10,sr,1.115e-14
8.2374999999999989,14.687232206082946,10,sr,2.634e-14
8.25,14.648418827510389,10,sr,2.106e-14
8.2624999999999993,14.609892818237183,10,sr,8.228e-12
8.2750000000000004,14.571656819052409,10,sr,9.927e-15
8.2874999999999996,14.533713655606057,10,sr,1.438e-14
8.2999999999999989,14.496066348467204,10,sr,5.678e-15
8.3125,14.45871812373454,10,sr,1.131e-14
8.3249999999999993,14.421672424313529,10,sr,3.503e-15
8.3375000000000004,14.384932921868618,10,sr,2.561e-12
8.3499999999999996,14.348503529499999,10,sr,4.316e-15
8.3624999999999989,14.312388415154365,10,sr,1.456e-14
8.375,14.276592015853463,10,sr,5.161e-15
8.3874999999999993,14.241119052730543,10,sr,1.012e-15
8.4000000000000004,14.205974546938554,10,sr,5.108e-15
8.4124999999999996,14.171163836454525,10,sr,1.965e-15
8.4249999999999989,14.136692593812088,10,sr,8.301e-16
8.4375,14.10256684478899,10,sr,8.809e-15
8.4499999999999993,14.068792988070067,10,sr,7.211e-15
8.4625000000000004,14.035377815898723,10,sr,3.258e-15
8.4749999999999996,14.002328535719581,10,sr,9.248e-15
8.4874999999999989,13.969652792780822,10,sr,3.059e-11
8.5,13.937358693816721,10,sr,9.756e-15
8.5124999999999993,13.905454831320233,10,sr,2.388e-15
8.5250000000000004,13.873950309068755,10,sr,6.812e-16
8.5374999999999996,13.842854768060153,10,sr,1.281e-15
8.5499999999999989,13.812178413155598,10,sr,5.108e-15
8.5625,13.781932040088341,10,sr,1.124e-15
8.5749999999999993,13.752127062607004,10,sr,4.428e-15
8.5875000000000004,13.722775539430513,10,sr,6.592e-15
8.5999999999999996,13.693890200606342,10,sr,2.425e-15
8.6124999999999989,13.665484472762117,10,sr,2.330e-15
8.625,13.637572502618948,10,sr,1.473e-15
8.6374999999999993,13.610169177991411,10,sr,2.199e-15
8.6500000000000004,13.583290145329482,10,sr,3.691e-16
8.6624999999999996,13.556951822659528,10,sr,9.846e-16
8.6749999999999989,13.53117140655082,10,sr,2.648e-15
8.6875,13.505966871468043,10,sr,6.502e-16
8.6999999999999993,13.481356959565934,10,sr,1.965e-16
8.7125000000000004,13.457361158638154,10,sr,2.412e-16
8.7249999999999996,13.433999665561053,10,sr,1.036e-11
8.7374999999999989,13.411293332047093,10,sr,1.770e-15
8.75,13.389263589410136,10,sr,1.394e-11
8.7624999999999993,13.367932347993408,10,sr,1.432e-15
8.7750000000000004,13.347321866807643,10,sr,1.098e-15
8.7874999999999996,13.32745458878312,10,sr,2.845e-15
8.7999999999999989,13.308352935698508,10,sr,9.333e-12
8.8125,13.290039057375141,10,sr,4.964e-12
8.8249999999999993,13.272534529432956,10,sr,9.631e-12
8.8375000000000004,13.255859993451335,10,sr,1.198e-15
8.8499999999999996,13.240034734843121,10,sr,2.771e-12
8.8624999999999989,13.225076193522877,10,sr,1.166e-11
8.875,13.210999405048016,10,sr,2.872e-15
8.8874999999999993,13.197816371743659,10,sr,6.109e-12
8.9000000000000004,13.185535366155547,10,sr,1.349e-15
8.9124999999999996,13.174160174155377,10,sr,9.967e-13
8.9249999999999989,13.163689289928065,10,sr,1.212e-12
8.9375,13.154115081033359,10,sr,3.673e-13
8.9499999999999993,13.145422949427628,10,sr,1.265e-15
8.9625000000000004,13.137590521601686,10,sr,2.449e-13
8.9749999999999996,13.130586908575291,10,sr,3.990e-16
8.9874999999999989,13.124372083126696,10,sr,1.818e-13
9,13.118896426257178,10,sr,5.302e-13
9.0124999999999993,13.114100496508856,10,sr,4.189e-13
9.0250000000000004,13.109915073072036,10,sr,5.706e-15
9.0374999999999996,13.106261515792406,10,sr,5.855e-16
9.0499999999999989,13.103052471715573,10,sr,9.045e-13
9.0625,13.100192938885632,10,sr,1.705e-12
9.0749999999999993,13.097581674837599,10,sr,6.061e-13
9.0875000000000004,13.095112911549027,10,sr,9.841e-14
9.0999999999999996,13.092678313216142,10,sr,1.060e-13
9.1124999999999989,13.090169091409665,10,sr,3.520e-15
9.125,13.087478176583742,10,sr,4.434e-13
9.1374999999999993,13.084502338141748,10,sr,6.612e-12
9.1500000000000004,13.081144148457735,10,sr,4.811e-13
9.1624999999999996,13.077313698437782,10,sr,1.168e-12
9.1749999999999989,13.072929993649463,10,sr,9.872e-16
9.1875,13.067921984518096,10,sr,1.015e-15
9.1999999999999993,13.062229212713518,10,sr,1.470e-12
9.2125000000000004,13.055802081496909,10,sr,4.144e-13
9.2249999999999996,13.048601780298961,10,sr,6.062e-16
9.2374999999999989,13.040599910534905,10,sr,1.587e-13
9.25,13.031777869771281,10,sr,3.001e-13
9.2624999999999993,13.022126055603444,10,sr,3.859e-13
9.2750000000000004,13.011642949393362,10,sr,1.120e-12
9.2874999999999996,13.000334134876017,10,sr,1.731e-13
9.2999999999999989,12.988211298876235,10,sr,1.772e-15
9.3125,12.97529125228316,10,sr,3.228e-13
9.3249999999999993,12.961595000231023,10,sr,6.971e-12
9.3375000000000004,12.947146881570054,10,sr,1.189e-11
9.3499999999999996,12.931973790252483,10,sr,1.476e-11
9.3624999999999989,12.916104484629754,10,sr,9.805e-12
9.375,12.899568985909401,10,sr,6.347e-16
9.3874999999999993,12.882398063135536,10,sr,2.914e-12
9.4000000000000004,12.864622799562449,10,sr,2.684e-15
9.4124999999999996,12.846274233740621,10,sr,1.043e-11
9.4249999999999989,12.827383067788181,10,sr,0.000e+00
9.4375,12.807979434610083,10,sr,1.725e-15
9.4499999999999993,12.788092716859234,10,sr,1.568e-15
9.4625000000000004,12.767751409764537,10,sr,7.266e-16
9.4749999999999996,12.746983021328397,10,sr,7.403e-16
9.4874999999999989,12.725814003656184,10,sr,1.071e-11
9.5,12.704269710074865,10,sr,1.126e-15
9.5124999999999993,12.682374373057938,10,sr,2.555e-15
9.5250000000000004,12.66015109925549,10,sr,2.574e-12
9.5374999999999996,12.637621877727812,10,sr,4.808e-15
9.5499999999999989,12.614807598718484,10,sr,5.276e-15
9.5625,12.591728080337116,10,sr,4.586e-15
9.5749999999999993,12.568402101201137,10,sr,8.529e-16
9.5875000000000004,12.544847437304526,10,sr,2.775e-15
9.5999999999999996,12.521080901760612,10,sr,1.586e-15
9.6125000000000007,12.497118386310666,10,sr,6.390e-15
9.625,12.472974903715086,10,sr,2.669e-15
9.6374999999999993,12.448664630329436,10,sr,5.655e-16
9.6500000000000004,12.424200948322046,10,sr,4.128e-15
9.6624999999999996,12.399596487116316,10,sr,1.718e-15
9.6750000000000007,12.374863163745486,10,sr,6.830e-15
9.6875,12.350012221891971,10,sr,7.152e-14
9.6999999999999993,12.32505426945252,10,sr,1.464e-12
9.7125000000000004,12.299999314519427,10,sr,1.506e-14
9.7249999999999996,12.274856799733756,10,sr,5.181e-15
9.7375000000000007,12.249635634955242,10,sr,3.800e-15
9.75,12.224344228278872,10,sr,4.830e-15
9.7624999999999993,12.198990515400997,10,sr,1.418e-15
9.7750000000000004,12.173581987377766,10,sr,1.832e-14
9.7874999999999996,12.148125716822825,10,sr,1.025e-14
9.8000000000000007,12.122628382600594,10,sr,3.769e-14
9.8125,12.097096293076568,10,sr,4.210e-14
9.8249999999999993,12.071535407990208,10,sr,3.325e-14
9.8375000000000004,12.045951359016549,10,sr,1.518e-14
9.8499999999999996,12.020349469084872,10,sr,0.000e+00
9.8625000000000007,11.994734770520653,10,sr,1.950e-15
9.875,11.96911202207696,10,sr,1.041e-14
9.8874999999999993,11.943485724918911,10,sr,1.378e-14
9.9000000000000004,11.917860137623222,10,sr,3.357e-14
9.9124999999999996,11.892239290251924,10,sr,6.930e-14
9.9250000000000007,11.866626997557274,10,sr,5.250e-14
9.9375,11.841026871371099,10,sr,1.560e-14
9.9499999999999993,11.81544233223056,10,sr,1.089e-14
9.9625000000000004,11.789876620288176,10,sr,1.488e-14
9.9749999999999996,11.764332805551913,10,sr,4.267e-16
9.9875000000000007,11.738813797498256,10,sr,1.464e-14
10,11.713322354098825,10,sr,2.780e-14
9.4249999999999989,-9.6992678334460596,11,sr,8.777e-18
9.4375,-8.9663687523634721,11,sr,1.442e-13
9.4499999999999993,-8.3087464571068885,11,sr,3.440e-16
9.4625000000000004,-7.7164517400908066,11,sr,1.312e-17
9.4749999999999996,-7.1811266269174441,11,sr,1.039e-13
9.4874999999999989,-6.6957085041179276,11,sr,5.955e-13
9.5,-6.2541964932873269,11,sr,2.221e-16
9.5124999999999993,-5.8514655439028553,11,sr,1.190e-16
9.5250000000000004,-5.4831174218890757,11,sr,2.001e-15
9.5374999999999996,-5.1453604575992555,11,sr,3.857e-13
9.5499999999999989,-4.8349118800133466,11,sr,1.001e-16
9.5625,-4.5489180163113456,11,sr,2.644e-15
9.5749999999999993,-4.2848887170916976,11,sr,3.560e-16
9.5875000000000004,-4.0406431815240076,11,sr,1.318e-13
9.5999999999999996,-3.8142649724184392,11,sr,2.664e-15
9.6125000000000007,-3.6040644818857932,11,sr,4.919e-15
9.625,-3.4085474700886413,11,sr,1.108e-14
9.6374999999999993,-3.2263885794666285,11,sr,1.821e-17
9.6500000000000004,-3.0564089451554932,11,sr,1.610e-16
9.6624999999999996,-2.8975571932940065,11,sr,3.029e-14
9.6750000000000007,-2.7488932537864157,11,sr,1.798e-14
9.6875,-2.609574521006135,11,sr,4.297e-15
9.6999999999999993,-2.4788439811570515,11,sr,2.787e-14
9.7125000000000004,-2.3560199932650976,11,sr,1.613e-16
9.7249999999999996,-2.240487465725562,11,sr,1.965e-16
9.7375000000000007,-2.1316902147844572,11,sr,1.619e-16
9.75,-2.0291243274084838,11,sr,3.935e-14
9.7624999999999993,-1.9323323804606438,11,sr,1.977e-18
9.7750000000000004,-1.8408983921996873,11,sr,4.551e-16
9.7874999999999996,-1.7544434019715862,11,sr,3.139e-14
9.8000000000000007,-1.6726215903064368,11,sr,2.373e-13
9.8125,-1.5951168652260541,11,sr,1.363e-12
9.8249999999999993,-1.5216398517293326,11,sr,9.659e-17
9.8375000000000004,-1.4519252311346191,11,sr,8.556e-17
9.8499999999999996,-1.3857293842535798,11,sr,5.749e-17
9.8625000000000007,-1.3228282996434026,11,sr,5.312e-13
9.875,-1.2630157132468003,11,sr,5.928e-13
9.8874999999999993,-1.2061014506190533,11,sr,1.792e-16
9.9000000000000004,-1.1519099469174348,11,sr,1.834e-16
9.9124999999999996,-1.1002789231826708,11,sr,4.245e-16
9.9250000000000007,-1.0510582002660236,11,sr,2.600e-16
9.9375,-1.0041086342898837,11,sr,4.864e-13
9.9499999999999993,-0.95930115958235684,11,sr,3.820e-13
9.9625000000000004,-0.91651592680570804,11,sr,1.230e-16
9.9749999999999996,-0.87564152560614272,11,sr,3.137e-16
9.9875000000000007,-0.83657428239386844,11,sr,1.441e-16
10,-0.79921762501722415,11,sr,8.414e-13
9.5999999999999996,14.979713429987896,12,sr,3.746e-15
9.6125000000000007,14.9496727908568,12,sr,4.689e-16
9.625,14.919451004976677,12,sr,3.875e-15
9.6374999999999993,14.889064281371535,12,sr,5.451e-16
9.6500000000000004,14.858527831810669,12,sr,1.354e-15
9.6624999999999996,14.827855932579391,12,sr,1.263e-14
9.6750000000000007,14.797061983116954,12,sr,1.365e-14
9.6875,14.766158561484433,12,sr,2.259e-15
9.6999999999999993,14.735157476687723,12,sr,1.196e-11
9.7125000000000004,14.704069817866449,12,sr,5.243e-15
9.7249999999999996,14.672906000589931,12,sr,2.067e-14
9.7375000000000007,14.641675810120871,12,sr,1.795e-14
9.75,14.610388442023147,12,sr,3.086e-12
9.7624999999999993,14.579052540108506,12,sr,9.609e-15
9.7750000000000004,14.547676231877936,12,sr,3.809e-14
9.7874999999999996,14.516267161647923,12,sr,2.764e-14
9.8000000000000007,14.484832521443547,12,sr,3.645e-15
9.8125,14.453379079828379,12,sr,1.639e-14
9.8249999999999993,14.421913208791947,12,sr,4.565e-14
9.8375000000000004,14.390440908822498,12,sr,1.134e-14
9.8499999999999996,14.358967832285204,12,sr,6.119e-16
9.8625000000000007,14.327499305220904,12,sr,6.615e-14
9.875,14.2960403476729,12,sr,1.142e-14
9.8874999999999993,14.264595692643274,12,sr,2.139e-15
9.9000000000000004,14.233169803774912,12,sr,3.038e-14
9.9124999999999996,14.201766891847685,12,sr,6.650e-14
9.9250000000000007,14.170390930173033,12,sr,1.175e-14
9.9375,14.139045668963808,12,sr,8.493e-15
9.9499999999999993,14.10773464875302,12,sr,6.587e-14
9.9625000000000004,14.07646121292783,12,sr,4.506e-14
9.9749999999999996,14.045228519425093,12,sr,5.020e-11
9.9875000000000007,14.014039551766881,12,sr,3.769e-15
10,13.98289712912691,12,sr,6.725e-14
