q_e,eps_ratio,branch_id,type,residual
0.012500000000000001,1,0,nr,3.782e-16
0.025000000000000001,1,0,nr,3.782e-16
0.037500000000000006,1,0,nr,3.782e-16
0.050000000000000003,1,0,nr,3.782e-16
0.0625,1,0,nr,3.782e-16
0.074999999999999997,1,0,nr,3.782e-16
0.087500000000000008,1,0,nr,3.782e-16
0.10000000000000001,1,0,nr,3.782e-16
0.1125,1,0,nr,3.782e-16
0.125,1,0,nr,3.782e-16
0.13750000000000001,1,0,nr,3.782e-16
0.15000000000000002,1,0,nr,3.782e-16
0.16250000000000003,1,0,nr,3.782e-16
0.17500000000000002,1,0,nr,3.782e-16
0.18750000000000003,1,0,nr,3.782e-16
0.20000000000000001,1,0,nr,3.782e-16
0.21250000000000002,1,0,nr,3.782e-16
0.22500000000000003,1,0,nr,3.782e-16
0.23750000000000002,1,0,nr,3.782e-16
0.25,1,0,nr,3.782e-16
0.26250000000000001,1,0,nr,3.782e-16
0.27500000000000002,1,0,nr,3.782e-16
0.28750000000000003,1,0,nr,3.782e-16
0.30000000000000004,1,0,nr,3.782e-16
0.31250000000000006,1,0,nr,3.782e-16
0.32500000000000001,1,0,nr,3.782e-16
0.33750000000000002,1,0,nr,3.782e-16
0.35000000000000003,1,0,nr,3.782e-16
0.36250000000000004,1,0,nr,3.782e-16
0.37500000000000006,1,0,nr,3.782e-16
0.38750000000000001,1,0,nr,3.782e-16
0.40000000000000002,1,0,nr,3.782e-16
0.41250000000000003,1,0,nr,3.782e-16
0.42500000000000004,1,0,nr,3.782e-16
0.43750000000000006,1,0,nr,3.782e-16
0.45000000000000001,1,0,nr,3.782e-16
0.46250000000000002,1,0,nr,3.782e-16
0.47500000000000003,1,0,nr,3.782e-16
0.48750000000000004,1,0,nr,3.782e-16
0.5,1,0,nr,3.782e-16
0.51249999999999996,1,0,nr,3.782e-16
0.52500000000000002,1,0,nr,3.782e-16
0.53749999999999998,1,0,nr,3.782e-16
0.54999999999999993,1,0,nr,3.782e-16
0.5625,1,0,nr,3.782e-16
0.57499999999999996,1,0,nr,3.782e-16
0.58750000000000002,1,0,nr,3.782e-16
0.59999999999999998,1,0,nr,3.782e-16
0.61250000000000004,1,0,nr,3.782e-16
0.625,1,0,nr,3.782e-16
0.63749999999999996,1,0,nr,3.782e-16
0.65000000000000002,1,0,nr,3.782e-16
0.66249999999999998,1,0,nr,3.782e-16
0.67500000000000004,1,0,nr,3.782e-16
0.6875,1,0,nr,3.782e-16
0.69999999999999996,1,0,nr,3.782e-16
0.71250000000000002,1,0,nr,3.782e-16
0.72499999999999998,1,0,nr,3.782e-16
0.73750000000000004,1,0,nr,3.782e-16
0.75,1,0,nr,3.782e-16
0.76249999999999996,1,0,nr,3.782e-16
0.77500000000000002,1,0,nr,3.782e-16
0.78749999999999998,1,0,nr,3.782e-16
0.80000000000000004,1,0,nr,3.782e-16
0.8125,1,0,nr,3.782e-16
0.82499999999999996,1,0,nr,3.782e-16
0.83750000000000002,1,0,nr,3.782e-16
0.84999999999999998,1,0,nr,3.782e-16
0.86250000000000004,1,0,nr,3.782e-16
0.875,1,0,nr,3.782e-16
0.88749999999999996,1,0,nr,3.782e-16
0.90000000000000002,1,0,nr,3.782e-16
0.91249999999999998,1,0,nr,3.782e-16
0.92500000000000004,1,0,nr,3.782e-16
0.9375,1,0,nr,3.782e-16
0.94999999999999996,1,0,nr,3.782e-16
0.96250000000000002,1,0,nr,3.782e-16
0.97499999999999998,1,0,nr,3.782e-16
0.98750000000000004,1,0,nr,3.782e-16
1,1,0,nr,3.782e-16
1.0125,1,0,nr,3.782e-16
1.0249999999999999,1,0,nr,3.782e-16
1.0375000000000001,1,0,nr,3.782e-16
1.05,1,0,nr,3.782e-16
1.0625,1,0,nr,3.782e-16
1.075,1,0,nr,3.782e-16
1.0874999999999999,1,0,nr,3.782e-16
1.1000000000000001,1,0,nr,3.782e-16
1.1125,1,0,nr,3.782e-16
1.125,1,0,nr,3.782e-16
1.1375,1,0,nr,3.782e-16
1.1499999999999999,1,0,nr,3.782e-16
1.1625000000000001,1,0,nr,3.782e-16
1.175,1,0,nr,3.782e-16
1.1875,1,0,nr,3.782e-16
1.2,1,0,nr,3.782e-16
1.2125000000000001,1,0,nr,3.782e-16
1.2250000000000001,1,0,nr,3.782e-16
1.2375,1,0,nr,3.782e-16
1.25,1,0,nr,3.782e-16
1.2625,1,0,nr,3.782e-16
1.2750000000000001,1,0,nr,3.782e-16
1.2875000000000001,1,0,nr,3.782e-16
1.3,1,0,nr,3.782e-16
1.3125,1,0,nr,3.782e-16
1.325,1,0,nr,3.782e-16
1.3375000000000001,1,0,nr,3.782e-16
1.3500000000000001,1,0,nr,3.782e-16
1.3625,1,0,nr,3.782e-16
1.375,1,0,nr,3.782e-16
1.3875,1,0,nr,3.782e-16
1.4000000000000001,1,0,nr,3.782e-16
1.4125000000000001,1,0,nr,3.782e-16
1.425,1,0,nr,3.782e-16
1.4375,1,0,nr,3.782e-16
1.45,1,0,nr,3.782e-16
1.4625000000000001,1,0,nr,3.782e-16
1.4750000000000001,1,0,nr,3.782e-16
1.4875,1,0,nr,3.782e-16
1.5,1,0,nr,3.782e-16
1.5125,1,0,nr,3.782e-16
1.5250000000000001,1,0,nr,3.782e-16
1.5375000000000001,1,0,nr,3.782e-16
1.55,1,0,nr,3.782e-16
1.5625,1,0,nr,3.782e-16
1.575,1,0,nr,3.782e-16
1.5875000000000001,1,0,nr,3.782e-16
1.6000000000000001,1,0,nr,3.782e-16
1.6125,1,0,nr,3.782e-16
1.625,1,0,nr,3.782e-16
1.6375,1,0,nr,3.782e-16
1.6500000000000001,1,0,nr,3.782e-16
1.6625000000000001,1,0,nr,3.782e-16
1.675,1,0,nr,3.782e-16
1.6875,1,0,nr,3.782e-16
1.7,1,0,nr,3.782e-16
1.7125000000000001,1,0,nr,3.782e-16
1.7250000000000001,1,0,nr,3.782e-16
1.7375,1,0,nr,3.782e-16
1.75,1,0,nr,3.782e-16
1.7625,1,0,nr,3.782e-16
1.7750000000000001,1,0,nr,3.782e-16
1.7875000000000001,1,0,nr,3.782e-16
1.8,1,0,nr,3.782e-16
1.8125,1,0,nr,3.782e-16
1.825,1,0,nr,3.782e-16
1.8375000000000001,1,0,nr,3.782e-16
1.8500000000000001,1,0,nr,3.782e-16
1.8625,1,0,nr,3.782e-16
1.875,1,0,nr,3.782e-16
1.8875,1,0,nr,3.782e-16
1.9000000000000001,1,0,nr,3.782e-16
1.9125000000000001,1,0,nr,3.782e-16
1.925,1,0,nr,3.782e-16
1.9375,1,0,nr,3.782e-16
1.95,1,0,nr,3.782e-16
1.9625000000000001,1,0,nr,3.782e-16
1.9750000000000001,1,0,nr,3.782e-16
1.9875,1,0,nr,3.782e-16
2,1,0,nr,3.782e-16
2.0125000000000002,1,0,nr,3.782e-16
2.0250000000000004,1,0,nr,3.782e-16
2.0375000000000001,1,0,nr,3.782e-16
2.0500000000000003,1,0,nr,3.782e-16
2.0625000000000004,1,0,nr,3.782e-16
2.0750000000000002,1,0,nr,3.782e-16
2.0875000000000004,1,0,nr,3.782e-16
2.1000000000000001,1,0,nr,3.782e-16
2.1125000000000003,1,0,nr,3.782e-16
2.1250000000000004,1,0,nr,3.782e-16
2.1375000000000002,1,0,nr,3.782e-16
2.1500000000000004,1,0,nr,3.782e-16
2.1625000000000001,1,0,nr,3.782e-16
2.1750000000000003,1,0,nr,3.782e-16
2.1875000000000004,1,0,nr,3.782e-16
2.2000000000000002,1,0,nr,3.782e-16
2.2125000000000004,1,0,nr,3.782e-16
2.2250000000000001,1,0,nr,3.782e-16
2.2375000000000003,1,0,nr,3.782e-16
2.2500000000000004,1,0,nr,3.782e-16
2.2625000000000002,1,0,nr,3.782e-16
2.2750000000000004,1,0,nr,3.782e-16
2.2875000000000001,1,0,nr,3.782e-16
2.3000000000000003,1,0,nr,3.782e-16
2.3125000000000004,1,0,nr,3.782e-16
2.3250000000000002,1,0,nr,3.782e-16
2.3375000000000004,1,0,nr,3.782e-16
2.3500000000000001,1,0,nr,3.782e-16
2.3625000000000003,1,0,nr,3.782e-16
2.3750000000000004,1,0,nr,3.782e-16
2.3875000000000002,1,0,nr,3.782e-16
2.4000000000000004,1,0,nr,3.782e-16
2.4125000000000005,1,0,nr,3.782e-16
2.4250000000000003,1,0,nr,3.782e-16
2.4375000000000004,1,0,nr,3.782e-16
2.4500000000000002,1,0,nr,3.782e-16
2.4625000000000004,1,0,nr,3.782e-16
2.4750000000000005,1,0,nr,3.782e-16
2.4875000000000003,1,0,nr,3.782e-16
2.5000000000000004,1,0,nr,3.782e-16
2.5125000000000002,1,0,nr,3.782e-16
2.5250000000000004,1,0,nr,3.782e-16
2.5375000000000005,1,0,nr,3.782e-16
2.5500000000000003,1,0,nr,3.782e-16
2.5625000000000004,1,0,nr,3.782e-16
2.5750000000000002,1,0,nr,3.782e-16
2.5875000000000004,1,0,nr,3.782e-16
2.6000000000000005,1,0,nr,3.782e-16
2.6125000000000003,1,0,nr,3.782e-16
2.6250000000000004,1,0,nr,3.782e-16
2.6375000000000002,1,0,nr,3.782e-16
2.6500000000000004,1,0,nr,3.782e-16
2.6625000000000005,1,0,nr,3.782e-16
2.6750000000000003,1,0,nr,3.782e-16
2.6875000000000004,1,0,nr,3.782e-16
2.7000000000000002,1,0,nr,3.782e-16
2.7125000000000004,1,0,nr,3.782e-16
2.7250000000000005,1,0,nr,3.782e-16
2.7375000000000003,1,0,nr,3.782e-16
2.7500000000000004,1,0,nr,3.782e-16
2.7625000000000002,1,0,nr,3.782e-16
2.7750000000000004,1,0,nr,3.782e-16
2.7875000000000005,1,0,nr,3.782e-16
2.8000000000000003,1,0,nr,3.782e-16
2.8125000000000004,1,0,nr,3.782e-16
2.8250000000000002,1,0,nr,3.782e-16
2.8375000000000004,1,0,nr,3.782e-16
2.8500000000000005,1,0,nr,3.782e-16
2.8625000000000003,1,0,nr,3.782e-16
2.8750000000000004,1,0,nr,3.782e-16
2.8875000000000002,1,0,nr,3.782e-16
2.9000000000000004,1,0,nr,3.782e-16
2.9125000000000005,1,0,nr,3.782e-16
2.9250000000000003,1,0,nr,3.782e-16
2.9375000000000004,1,0,nr,3.782e-16
2.9500000000000002,1,0,nr,3.782e-16
2.9625000000000004,1,0,nr,3.782e-16
2.9750000000000005,1,0,nr,3.782e-16
2.9875000000000003,1,0,nr,3.782e-16
3.0000000000000004,1,0,nr,3.782e-16
3.0125000000000002,1,0,nr,3.782e-16
3.0250000000000004,1,0,nr,3.782e-16
3.0375000000000005,1,0,nr,3.782e-16
3.0500000000000003,1,0,nr,3.782e-16
3.0625000000000004,1,0,nr,3.782e-16
3.0750000000000002,1,0,nr,3.782e-16
3.0875000000000004,1,0,nr,3.782e-16
3.1000000000000005,1,0,nr,3.782e-16
3.1125000000000003,1,0,nr,3.782e-16
3.1250000000000004,1,0,nr,3.782e-16
3.1375000000000002,1,0,nr,3.782e-16
3.1500000000000004,1,0,nr,3.782e-16
3.1625000000000005,1,0,nr,3.782e-16
3.1750000000000003,1,0,nr,3.782e-16
3.1875000000000004,1,0,nr,3.782e-16
3.2000000000000002,1,0,nr,3.782e-16
3.2125000000000004,1,0,nr,3.782e-16
3.2250000000000005,1,0,nr,3.782e-16
3.2375000000000003,1,0,nr,3.782e-16
3.2500000000000004,1,0,nr,3.782e-16
3.2625000000000002,1,0,nr,3.782e-16
3.2750000000000004,1,0,nr,3.782e-16
3.2875000000000005,1,0,nr,3.782e-16
3.3000000000000003,1,0,nr,3.782e-16
3.3125000000000004,1,0,nr,3.782e-16
3.3250000000000002,1,0,nr,3.782e-16
3.3375000000000004,1,0,nr,3.782e-16
3.3500000000000005,1,0,nr,3.782e-16
3.3625000000000003,1,0,nr,3.782e-16
3.3750000000000004,1,0,nr,3.782e-16
3.3875000000000002,1,0,nr,3.782e-16
3.4000000000000004,1,0,nr,3.782e-16
3.4125000000000005,1,0,nr,3.782e-16
3.4250000000000003,1,0,nr,3.782e-16
3.4375000000000004,1,0,nr,3.782e-16
3.4500000000000002,1,0,nr,3.782e-16
3.4625000000000004,1,0,nr,3.782e-16
3.4750000000000005,1,0,nr,3.782e-16
3.4875000000000003,1,0,nr,3.782e-16
3.5000000000000004,1,0,nr,3.782e-16
3.5125000000000002,1,0,nr,3.782e-16
3.5250000000000004,1,0,nr,3.782e-16
3.5375000000000005,1,0,nr,3.782e-16
3.5500000000000003,1,0,nr,3.782e-16
3.5625000000000004,1,0,nr,3.782e-16
3.5750000000000002,1,0,nr,3.782e-16
3.5875000000000004,1,0,nr,3.782e-16
3.6000000000000005,1,0,nr,3.782e-16
3.6125000000000003,1,0,nr,3.782e-16
3.6250000000000004,1,0,nr,3.782e-16
3.6375000000000002,1,0,nr,3.782e-16
3.6500000000000004,1,0,nr,3.782e-16
3.6625000000000005,1,0,nr,3.782e-16
3.6750000000000003,1,0,nr,3.782e-16
3.6875000000000004,1,0,nr,3.782e-16
3.7000000000000002,1,0,nr,3.782e-16
3.7125000000000004,1,0,nr,3.782e-16
3.7250000000000005,1,0,nr,3.782e-16
3.7375000000000003,1,0,nr,3.782e-16
3.7500000000000004,1,0,nr,3.782e-16
3.7625000000000002,1,0,nr,3.782e-16
3.7750000000000004,1,0,nr,3.782e-16
3.7875000000000005,1,0,nr,3.782e-16
3.8000000000000003,1,0,nr,3.782e-16
3.8125000000000004,1,0,nr,3.782e-16
3.8250000000000002,1,0,nr,3.782e-16
3.8375000000000004,1,0,nr,3.782e-16
3.8500000000000005,1,0,nr,3.782e-16
3.8625000000000003,1,0,nr,3.782e-16
3.8750000000000004,1,0,nr,3.782e-16
3.8875000000000002,1,0,nr,3.782e-16
3.9000000000000004,1,0,nr,3.782e-16
3.9125000000000005,1,0,nr,3.782e-16
3.9250000000000003,1,0,nr,3.782e-16
3.9375000000000004,1,0,nr,3.782e-16
3.9500000000000002,1,0,nr,3.782e-16
3.9625000000000004,1,0,nr,3.782e-16
3.9750000000000005,1,0,nr,3.782e-16
3.9875000000000003,1,0,nr,3.782e-16
4,1,0,nr,3.782e-16
4.0125000000000002,1,0,nr,3.782e-16
4.0250000000000004,1,0,nr,3.782e-16
4.0375000000000005,1,0,nr,3.782e-16
4.0500000000000007,1,0,nr,3.782e-16
4.0625,1,0,nr,3.782e-16
4.0750000000000002,1,0,nr,3.782e-16
4.0875000000000004,1,0,nr,3.782e-16
4.1000000000000005,1,0,nr,3.782e-16
4.1125000000000007,1,0,nr,3.782e-16
4.125,1,0,nr,3.782e-16
4.1375000000000002,1,0,nr,3.782e-16
4.1500000000000004,1,0,nr,3.782e-16
4.1625000000000005,1,0,nr,3.782e-16
4.1750000000000007,1,0,nr,3.782e-16
4.1875,1,0,nr,3.782e-16
4.2000000000000002,1,0,nr,3.782e-16
4.2125000000000004,1,0,nr,3.782e-16
4.2250000000000005,1,0,nr,3.782e-16
4.2375000000000007,1,0,nr,3.782e-16
4.25,1,0,nr,3.782e-16
4.2625000000000002,1,0,nr,3.782e-16
4.2750000000000004,1,0,nr,3.782e-16
4.2875000000000005,1,0,nr,3.782e-16
4.3000000000000007,1,0,nr,3.782e-16
4.3125,1,0,nr,3.782e-16
4.3250000000000002,1,0,nr,3.782e-16
4.3375000000000004,1,0,nr,3.782e-16
4.3500000000000005,1,0,nr,3.782e-16
4.3625000000000007,1,0,nr,3.782e-16
4.375,1,0,nr,3.782e-16
4.3875000000000002,1,0,nr,3.782e-16
4.4000000000000004,1,0,nr,3.782e-16
4.4125000000000005,1,0,nr,3.782e-16
4.4250000000000007,1,0,nr,3.782e-16
4.4375,1,0,nr,3.782e-16
4.4500000000000002,1,0,nr,3.782e-16
4.4625000000000004,1,0,nr,3.782e-16
4.4750000000000005,1,0,nr,3.782e-16
4.4875000000000007,1,0,nr,3.782e-16
4.5,1,0,nr,3.782e-16
4.5125000000000002,1,0,nr,3.782e-16
4.5250000000000004,1,0,nr,3.782e-16
4.5375000000000005,1,0,nr,3.782e-16
4.5500000000000007,1,0,nr,3.782e-16
4.5625,1,0,nr,3.782e-16
4.5750000000000002,1,0,nr,3.782e-16
4.5875000000000004,1,0,nr,3.782e-16
4.6000000000000005,1,0,nr,3.782e-16
4.6125000000000007,1,0,nr,3.782e-16
4.625,1,0,nr,3.782e-16
4.6375000000000002,1,0,nr,3.782e-16
4.6500000000000004,1,0,nr,3.782e-16
4.6625000000000005,1,0,nr,3.782e-16
4.6750000000000007,1,0,nr,3.782e-16
4.6875,1,0,nr,3.782e-16
4.7000000000000002,1,0,nr,3.782e-16
4.7125000000000004,1,0,nr,3.782e-16
4.7250000000000005,1,0,nr,3.782e-16
4.7375000000000007,1,0,nr,3.782e-16
4.75,1,0,nr,3.782e-16
4.7625000000000002,1,0,nr,3.782e-16
4.7750000000000004,1,0,nr,3.782e-16
4.7875000000000005,1,0,nr,3.782e-16
4.8000000000000007,1,0,nr,3.782e-16
4.8125000000000009,1,0,nr,3.782e-16
4.8250000000000002,1,0,nr,3.782e-16
4.8375000000000004,1,0,nr,3.782e-16
4.8500000000000005,1,0,nr,3.782e-16
4.8625000000000007,1,0,nr,3.782e-16
4.8750000000000009,1,0,nr,3.782e-16
4.8875000000000002,1,0,nr,3.782e-16
4.9000000000000004,1,0,nr,3.782e-16
4.9125000000000005,1,0,nr,3.782e-16
4.9250000000000007,1,0,nr,3.782e-16
4.9375000000000009,1,0,nr,3.782e-16
4.9500000000000002,1,0,nr,3.782e-16
4.9625000000000004,1,0,nr,3.782e-16
4.9750000000000005,1,0,nr,3.782e-16
4.9875000000000007,1,0,nr,3.782e-16
5.0000000000000009,1,0,nr,3.782e-16
5.0125000000000002,1,0,nr,3.782e-16
5.0250000000000004,1,0,nr,3.782e-16
5.0375000000000005,1,0,nr,3.782e-16
5.0500000000000007,1,0,nr,3.782e-16
5.0625000000000009,1,0,nr,3.782e-16
5.0750000000000002,1,0,nr,3.782e-16
5.0875000000000004,1,0,nr,3.782e-16
5.1000000000000005,1,0,nr,3.782e-16
5.1125000000000007,1,0,nr,3.782e-16
5.1250000000000009,1,0,nr,3.782e-16
5.1375000000000002,1,0,nr,3.782e-16
5.1500000000000004,1,0,nr,3.782e-16
5.1625000000000005,1,0,nr,3.782e-16
5.1750000000000007,1,0,nr,3.782e-16
5.1875000000000009,1,0,nr,3.782e-16
5.2000000000000002,1,0,nr,3.782e-16
5.2125000000000004,1,0,nr,3.782e-16
5.2250000000000005,1,0,nr,3.782e-16
5.2375000000000007,1,0,nr,3.782e-16
5.2500000000000009,1,0,nr,3.782e-16
5.2625000000000002,1,0,nr,3.782e-16
5.2750000000000004,1,0,nr,3.782e-16
5.2875000000000005,1,0,nr,3.782e-16
5.3000000000000007,1,0,nr,3.782e-16
5.3125000000000009,1,0,nr,3.782e-16
5.3250000000000002,1,0,nr,3.782e-16
5.3375000000000004,1,0,nr,3.782e-16
5.3500000000000005,1,0,nr,3.782e-16
5.3625000000000007,1,0,nr,3.782e-16
5.3750000000000009,1,0,nr,3.782e-16
5.3875000000000002,1,0,nr,3.782e-16
5.4000000000000004,1,0,nr,3.782e-16
5.4125000000000005,1,0,nr,3.782e-16
5.4250000000000007,1,0,nr,3.782e-16
5.4375000000000009,1,0,nr,3.782e-16
5.4500000000000002,1,0,nr,3.782e-16
5.4625000000000004,1,0,nr,3.782e-16
5.4750000000000005,1,0,nr,3.782e-16
5.4875000000000007,1,0,nr,3.782e-16
5.5000000000000009,1,0,nr,3.782e-16
5.5125000000000002,1,0,nr,3.782e-16
5.5250000000000004,1,0,nr,3.782e-16
5.5375000000000005,1,0,nr,3.782e-16
5.5500000000000007,1,0,nr,3.782e-16
5.5625000000000009,1,0,nr,3.782e-16
5.5750000000000002,1,0,nr,3.782e-16
5.5875000000000004,1,0,nr,3.782e-16
5.6000000000000005,1,0,nr,3.782e-16
5.6125000000000007,1,0,nr,3.782e-16
5.6250000000000009,1,0,nr,3.782e-16
5.6375000000000002,1,0,nr,3.782e-16
5.6500000000000004,1,0,nr,3.782e-16
5.6625000000000005,1,0,nr,3.782e-16
5.6750000000000007,1,0,nr,3.782e-16
5.6875000000000009,1,0,nr,3.782e-16
5.7000000000000002,1,0,nr,3.782e-16
5.7125000000000004,1,0,nr,3.782e-16
5.7250000000000005,1,0,nr,3.782e-16
5.7375000000000007,1,0,nr,3.782e-16
5.7500000000000009,1,0,nr,3.782e-16
5.7625000000000002,1,0,nr,3.782e-16
5.7750000000000004,1,0,nr,3.782e-16
5.7875000000000005,1,0,nr,3.782e-16
5.8000000000000007,1,0,nr,3.782e-16
5.8125000000000009,1,0,nr,3.782e-16
5.8250000000000002,1,0,nr,3.782e-16
5.8375000000000004,1,0,nr,3.782e-16
5.8500000000000005,1,0,nr,3.782e-16
5.8625000000000007,1,0,nr,3.782e-16
5.8750000000000009,1,0,nr,3.782e-16
5.8875000000000002,1,0,nr,3.782e-16
5.9000000000000004,1,0,nr,3.782e-16
5.9125000000000005,1,0,nr,3.782e-16
5.9250000000000007,1,0,nr,3.782e-16
5.9375000000000009,1,0,nr,3.782e-16
5.9500000000000002,1,0,nr,3.782e-16
5.9625000000000004,1,0,nr,3.782e-16
5.9750000000000005,1,0,nr,3.782e-16
5.9875000000000007,1,0,nr,3.782e-16
6.0000000000000009,1,0,nr,3.782e-16
6.0125000000000002,1,0,nr,3.782e-16
6.0250000000000004,1,0,nr,3.782e-16
6.0375000000000005,1,0,nr,3.782e-16
6.0500000000000007,1,0,nr,3.782e-16
6.0625000000000009,1,0,nr,3.782e-16
6.0750000000000002,1,0,nr,3.782e-16
6.0875000000000004,1,0,nr,3.782e-16
6.1000000000000005,1,0,nr,3.782e-16
6.1125000000000007,1,0,nr,3.782e-16
6.1250000000000009,1,0,nr,3.782e-16
6.1375000000000002,1,0,nr,3.782e-16
6.1500000000000004,1,0,nr,3.782e-16
6.1625000000000005,1,0,nr,3.782e-16
6.1750000000000007,1,0,nr,3.782e-16
6.1875000000000009,1,0,nr,3.782e-16
6.2000000000000002,1,0,nr,3.782e-16
6.2125000000000004,1,0,nr,3.782e-16
6.2250000000000005,1,0,nr,3.782e-16
6.2375000000000007,1,0,nr,3.782e-16
6.2500000000000009,1,0,nr,3.782e-16
6.2625000000000002,1,0,nr,3.782e-16
6.2750000000000004,1,0,nr,3.782e-16
6.2875000000000005,1,0,nr,3.782e-16
6.3000000000000007,1,0,nr,3.782e-16
6.3125000000000009,1,0,nr,3.782e-16
6.3250000000000002,1,0,nr,3.782e-16
6.3375000000000004,1,0,nr,3.782e-16
6.3500000000000005,1,0,nr,3.782e-16
6.3625000000000007,1,0,nr,3.782e-16
6.3750000000000009,1,0,nr,3.782e-16
6.3875000000000002,1,0,nr,3.782e-16
6.4000000000000004,1,0,nr,3.782e-16
6.4125000000000005,1,0,nr,3.782e-16
6.4250000000000007,1,0,nr,3.782e-16
6.4375000000000009,1,0,nr,3.782e-16
6.4500000000000002,1,0,nr,3.782e-16
6.4625000000000004,1,0,nr,3.782e-16
6.4750000000000005,1,0,nr,3.782e-16
6.4875000000000007,1,0,nr,3.782e-16
6.5000000000000009,1,0,nr,3.782e-16
6.5125000000000002,1,0,nr,3.782e-16
6.5250000000000004,1,0,nr,3.782e-16
6.5375000000000005,1,0,nr,3.782e-16
6.5500000000000007,1,0,nr,3.782e-16
6.5625000000000009,1,0,nr,3.782e-16
6.5750000000000002,1,0,nr,3.782e-16
6.5875000000000004,1,0,nr,3.782e-16
6.6000000000000005,1,0,nr,3.782e-16
6.6125000000000007,1,0,nr,3.782e-16
6.6250000000000009,1,0,nr,3.782e-16
6.6375000000000002,1,0,nr,3.782e-16
6.6500000000000004,1,0,nr,3.782e-16
6.6625000000000005,1,0,nr,3.782e-16
6.6750000000000007,1,0,nr,3.782e-16
6.6875000000000009,1,0,nr,3.782e-16
6.7000000000000002,1,0,nr,3.782e-16
6.7125000000000004,1,0,nr,3.782e-16
6.7250000000000005,1,0,nr,3.782e-16
6.7375000000000007,1,0,nr,3.782e-16
6.7500000000000009,1,0,nr,3.782e-16
6.7625000000000002,1,0,nr,3.782e-16
6.7750000000000004,1,0,nr,3.782e-16
6.7875000000000005,1,0,nr,3.782e-16
6.8000000000000007,1,0,nr,3.782e-16
6.8125000000000009,1,0,nr,3.782e-16
6.8250000000000002,1,0,nr,3.782e-16
6.8375000000000004,1,0,nr,3.782e-16
6.8500000000000005,1,0,nr,3.782e-16
6.8625000000000007,1,0,nr,3.782e-16
6.8750000000000009,1,0,nr,3.782e-16
6.8875000000000002,1,0,nr,3.782e-16
6.9000000000000004,1,0,nr,3.782e-16
6.9125000000000005,1,0,nr,3.782e-16
6.9250000000000007,1,0,nr,3.782e-16
6.9375000000000009,1,0,nr,3.782e-16
6.9500000000000002,1,0,nr,3.782e-16
6.9625000000000004,1,0,nr,3.782e-16
6.9750000000000005,1,0,nr,3.782e-16
6.9875000000000007,1,0,nr,3.782e-16
7.0000000000000009,1,0,nr,3.782e-16
7.0125000000000002,1,0,nr,3.782e-16
7.0250000000000004,1,0,nr,3.782e-16
7.0375000000000005,1,0,nr,3.782e-16
7.0500000000000007,1,0,nr,3.782e-16
7.0625000000000009,1,0,nr,3.782e-16
7.0750000000000002,1,0,nr,3.782e-16
7.0875000000000004,1,0,nr,3.782e-16
7.1000000000000005,1,0,nr,3.782e-16
7.1125000000000007,1,0,nr,3.782e-16
7.1250000000000009,1,0,nr,3.782e-16
7.1375000000000002,1,0,nr,3.782e-16
7.1500000000000004,1,0,nr,3.782e-16
7.1625000000000005,1,0,nr,3.782e-16
7.1750000000000007,1,0,nr,3.782e-16
7.1875000000000009,1,0,nr,3.782e-16
7.2000000000000002,1,0,nr,3.782e-16
7.2125000000000004,1,0,nr,3.782e-16
7.2250000000000005,1,0,nr,3.782e-16
7.2375000000000007,1,0,nr,3.782e-16
7.2500000000000009,1,0,nr,3.782e-16
7.2625000000000002,1,0,nr,3.782e-16
7.2750000000000004,1,0,nr,3.782e-16
7.2875000000000005,1,0,nr,3.782e-16
7.3000000000000007,1,0,nr,3.782e-16
7.3125000000000009,1,0,nr,3.782e-16
7.3250000000000002,1,0,nr,3.782e-16
7.3375000000000004,1,0,nr,3.782e-16
7.3500000000000005,1,0,nr,3.782e-16
7.3625000000000007,1,0,nr,3.782e-16
7.3750000000000009,1,0,nr,3.782e-16
7.3875000000000002,1,0,nr,3.782e-16
7.4000000000000004,1,0,nr,3.782e-16
7.4125000000000005,1,0,nr,3.782e-16
7.4250000000000007,1,0,nr,3.782e-16
7.4375000000000009,1,0,nr,3.782e-16
7.4500000000000002,1,0,nr,3.782e-16
7.4625000000000004,1,0,nr,3.782e-16
7.4750000000000005,1,0,nr,3.782e-16
7.4875000000000007,1,0,nr,3.782e-16
7.5000000000000009,1,0,nr,3.782e-16
7.5125000000000002,1,0,nr,3.782e-16
7.5250000000000004,1,0,nr,3.782e-16
7.5375000000000005,1,0,nr,3.782e-16
7.5500000000000007,1,0,nr,3.782e-16
7.5625000000000009,1,0,nr,3.782e-16
7.5750000000000002,1,0,nr,3.782e-16
7.5875000000000004,1,0,nr,3.782e-16
7.6000000000000005,1,0,nr,3.782e-16
7.6125000000000007,1,0,nr,3.782e-16
7.6250000000000009,1,0,nr,3.782e-16
7.6375000000000002,1,0,nr,3.782e-16
7.6500000000000004,1,0,nr,3.782e-16
7.6625000000000005,1,0,nr,3.782e-16
7.6750000000000007,1,0,nr,3.782e-16
7.6875000000000009,1,0,nr,3.782e-16
7.7000000000000002,1,0,nr,3.782e-16
7.7125000000000004,1,0,nr,3.782e-16
7.7250000000000005,1,0,nr,3.782e-16
7.7375000000000007,1,0,nr,3.782e-16
7.7500000000000009,1,0,nr,3.782e-16
7.7625000000000002,1,0,nr,3.782e-16
7.7750000000000004,1,0,nr,3.782e-16
7.7875000000000005,1,0,nr,3.782e-16
7.8000000000000007,1,0,nr,3.782e-16
7.8125000000000009,1,0,nr,3.782e-16
7.8250000000000002,1,0,nr,3.782e-16
7.8375000000000004,1,0,nr,3.782e-16
7.8500000000000005,1,0,nr,3.782e-16
7.8625000000000007,1,0,nr,3.782e-16
7.8750000000000009,1,0,nr,3.782e-16
7.8875000000000002,1,0,nr,3.782e-16
7.9000000000000004,1,0,nr,3.782e-16
7.9125000000000005,1,0,nr,3.782e-16
7.9250000000000007,1,0,nr,3.782e-16
7.9375000000000009,1,0,nr,3.782e-16
7.9500000000000002,1,0,nr,3.782e-16
7.9625000000000004,1,0,nr,3.782e-16
7.9750000000000005,1,0,nr,3.782e-16
7.9875000000000007,1,0,nr,3.782e-16
8,1,0,nr,3.782e-16
8.0124999999999993,1,0,nr,3.782e-16
8.0250000000000004,1,0,nr,3.782e-16
8.0374999999999996,1,0,nr,3.782e-16
8.0499999999999989,1,0,nr,3.782e-16
8.0625,1,0,nr,3.782e-16
8.0749999999999993,1,0,nr,3.782e-16
8.0875000000000004,1,0,nr,3.782e-16
8.0999999999999996,1,0,nr,3.782e-16
8.1124999999999989,1,0,nr,3.782e-16
8.125,1,0,nr,3.782e-16
8.1374999999999993,1,0,nr,3.782e-16
8.1500000000000004,1,0,nr,3.782e-16
8.1624999999999996,1,0,nr,3.782e-16
8.1749999999999989,1,0,nr,3.782e-16
8.1875,1,0,nr,3.782e-16
8.1999999999999993,1,0,nr,3.782e-16
8.2125000000000004,1,0,nr,3.782e-16
8.2249999999999996,1,0,nr,3.782e-16
8.2374999999999989,1,0,nr,3.782e-16
8.25,1,0,nr,3.782e-16
8.2624999999999993,1,0,nr,3.782e-16
8.2750000000000004,1,0,nr,3.782e-16
8.2874999999999996,1,0,nr,3.782e-16
8.2999999999999989,1,0,nr,3.782e-16
8.3125,1,0,nr,3.782e-16
8.3249999999999993,1,0,nr,3.782e-16
8.3375000000000004,1,0,nr,3.782e-16
8.3499999999999996,1,0,nr,3.782e-16
8.3624999999999989,1,0,nr,3.782e-16
8.375,1,0,nr,3.782e-16
8.3874999999999993,1,0,nr,3.782e-16
8.4000000000000004,1,0,nr,3.782e-16
8.4124999999999996,1,0,nr,3.782e-16
8.4249999999999989,1,0,nr,3.782e-16
8.4375,1,0,nr,3.782e-16
8.4499999999999993,1,0,nr,3.782e-16
8.4625000000000004,1,0,nr,3.782e-16
8.4749999999999996,1,0,nr,3.782e-16
8.4874999999999989,1,0,nr,3.782e-16
8.5,1,0,nr,3.782e-16
8.5124999999999993,1,0,nr,3.782e-16
8.5250000000000004,1,0,nr,3.782e-16
8.5374999999999996,1,0,nr,3.782e-16
8.5499999999999989,1,0,nr,3.782e-16
8.5625,1,0,nr,3.782e-16
8.5749999999999993,1,0,nr,3.782e-16
8.5875000000000004,1,0,nr,3.782e-16
8.5999999999999996,1,0,nr,3.782e-16
8.6124999999999989,1,0,nr,3.782e-16
8.625,1,0,nr,3.782e-16
8.6374999999999993,1,0,nr,3.782e-16
8.6500000000000004,1,0,nr,3.782e-16
8.6624999999999996,1,0,nr,3.782e-16
8.6749999999999989,1,0,nr,3.782e-16
8.6875,1,0,nr,3.782e-16
8.6999999999999993,1,0,nr,3.782e-16
8.7125000000000004,1,0,nr,3.782e-16
8.7249999999999996,1,0,nr,3.782e-16
8.7374999999999989,1,0,nr,3.782e-16
8.75,1,0,nr,3.782e-16
8.7624999999999993,1,0,nr,3.782e-16
8.7750000000000004,1,0,nr,3.782e-16
8.7874999999999996,1,0,nr,3.782e-16
8.7999999999999989,1,0,nr,3.782e-16
8.8125,1,0,nr,3.782e-16
8.8249999999999993,1,0,nr,3.782e-16
8.8375000000000004,1,0,nr,3.782e-16
8.8499999999999996,1,0,nr,3.782e-16
8.8624999999999989,1,0,nr,3.782e-16
8.875,1,0,nr,3.782e-16
8.8874999999999993,1,0,nr,3.782e-16
8.9000000000000004,1,0,nr,3.782e-16
8.9124999999999996,1,0,nr,3.782e-16
8.9249999999999989,1,0,nr,3.782e-16
8.9375,1,0,nr,3.782e-16
8.9499999999999993,1,0,nr,3.782e-16
8.9625000000000004,1,0,nr,3.782e-16
8.9749999999999996,1,0,nr,3.782e-16
8.9874999999999989,1,0,nr,3.782e-16
9,1,0,nr,3.782e-16
9.0124999999999993,1,0,nr,3.782e-16
9.0250000000000004,1,0,nr,3.782e-16
9.0374999999999996,1,0,nr,3.782e-16
9.0499999999999989,1,0,nr,3.782e-16
9.0625,1,0,nr,3.782e-16
9.0749999999999993,1,0,nr,3.782e-16
9.0875000000000004,1,0,nr,3.782e-16
9.0999999999999996,1,0,nr,3.782e-16
9.1124999999999989,1,0,nr,3.782e-16
9.125,1,0,nr,3.782e-16
9.1374999999999993,1,0,nr,3.782e-16
9.1500000000000004,1,0,nr,3.782e-16
9.1624999999999996,1,0,nr,3.782e-16
9.1749999999999989,1,0,nr,3.782e-16
9.1875,1,0,nr,3.782e-16
9.1999999999999993,1,0,nr,3.782e-16
9.2125000000000004,1,0,nr,3.782e-16
9.2249999999999996,1,0,nr,3.782e-16
9.2374999999999989,1,0,nr,3.782e-16
9.25,1,0,nr,3.782e-16
9.2624999999999993,1,0,nr,3.782e-16
9.2750000000000004,1,0,nr,3.782e-16
9.2874999999999996,1,0,nr,3.782e-16
9.2999999999999989,1,0,nr,3.782e-16
9.3125,1,0,nr,3.782e-16
9.3249999999999993,1,0,nr,3.782e-16
9.3375000000000004,1,0,nr,3.782e-16
9.3499999999999996,1,0,nr,3.782e-16
9.3624999999999989,1,0,nr,3.782e-16
9.375,1,0,nr,3.782e-16
9.3874999999999993,1,0,nr,3.782e-16
9.4000000000000004,1,0,nr,3.782e-16
9.4124999999999996,1,0,nr,3.782e-16
9.4249999999999989,1,0,nr,3.782e-16
9.4375,1,0,nr,3.782e-16
9.4499999999999993,1,0,nr,3.782e-16
9.4625000000000004,1,0,nr,3.782e-16
9.4749999999999996,1,0,nr,3.782e-16
9.4874999999999989,1,0,nr,3.782e-16
9.5,1,0,nr,3.782e-16
9.5124999999999993,1,0,nr,3.782e-16
9.5250000000000004,1,0,nr,3.782e-16
9.5374999999999996,1,0,nr,3.782e-16
9.5499999999999989,1,0,nr,3.782e-16
9.5625,1,0,nr,3.782e-16
9.5749999999999993,1,0,nr,3.782e-16
9.5875000000000004,1,0,nr,3.782e-16
9.5999999999999996,1,0,nr,3.782e-16
9.6125000000000007,1,0,nr,3.782e-16
9.625,1,0,nr,3.782e-16
9.6374999999999993,1,0,nr,3.782e-16
9.6500000000000004,1,0,nr,3.782e-16
9.6624999999999996,1,0,nr,3.782e-16
9.6750000000000007,1,0,nr,3.782e-16
9.6875,1,0,nr,3.782e-16
9.6999999999999993,1,0,nr,3.782e-16
9.7125000000000004,1,0,nr,3.782e-16
9.7249999999999996,1,0,nr,3.782e-16
9.7375000000000007,1,0,nr,3.782e-16
9.75,1,0,nr,3.782e-16
9.7624999999999993,1,0,nr,3.782e-16
9.7750000000000004,1,0,nr,3.782e-16
9.7874999999999996,1,0,nr,3.782e-16
9.8000000000000007,1,0,nr,3.782e-16
9.8125,1,0,nr,3.782e-16
9.8249999999999993,1,0,nr,3.782e-16
9.8375000000000004,1,0,nr,3.782e-16
9.8499999999999996,1,0,nr,3.782e-16
9.8625000000000007,1,0,nr,3.782e-16
9.875,1,0,nr,3.782e-16
9.8874999999999993,1,0,nr,3.782e-16
9.9000000000000004,1,0,nr,3.782e-16
9.9124999999999996,1,0,nr,3.782e-16
9.9250000000000007,1,0,nr,3.782e-16
9.9375,1,0,nr,3.782e-16
9.9499999999999993,1,0,nr,3.782e-16
9.9625000000000004,1,0,nr,3.782e-16
9.9749999999999996,1,0,nr,3.782e-16
9.9875000000000007,1,0,nr,3.782e-16
10,1,0,nr,3.782e-16
2.1375000000000002,14.894022881627388,1,nr,5.842e-17
2.1500000000000004,14.724340472595497,1,nr,5.959e-17
2.1625000000000001,14.557597567813817,1,nr,1.356e-16
2.1750000000000003,14.393726834988039,1,nr,2.860e-17
2.1875000000000004,14.232662860426695,1,nr,1.604e-16
2.2000000000000002,14.074342083824716,1,nr,9.910e-17
2.2125000000000004,13.918702735618899,1,nr,2.828e-16
2.2250000000000001,13.765684776800315,1,nr,8.698e-15
2.2375000000000003,13.615229841072278,1,nr,1.269e-15
2.2500000000000004,13.467281179256576,1,nr,4.703e-14
2.2625000000000002,13.321783605832424,1,nr,4.397e-14
2.2750000000000004,13.178683447541658,1,nr,1.774e-16
2.2875000000000001,13.037928493945172,1,nr,5.645e-17
2.3000000000000003,12.899467949851298,1,nr,1.035e-16
2.3125000000000004,12.763252389549098,1,nr,1.170e-16
2.3250000000000002,12.629233712753903,1,nr,8.339e-17
2.3375000000000004,12.497365102200446,1,nr,9.019e-14
2.3500000000000001,12.367600982799669,1,nr,6.170e-17
2.3625000000000003,12.239896982323605,1,nr,4.469e-13
2.3750000000000004,12.114209893549457,1,nr,1.661e-16
2.3875000000000002,11.990497637687007,1,nr,1.679e-14
2.4000000000000004,11.868719229293434,1,nr,1.982e-16
2.4125000000000005,11.74883474233677,1,nr,2.822e-16
2.4250000000000003,11.630805277526065,1,nr,4.917e-14
2.4375000000000004,11.514592930802724,1,nr,1.389e-16
2.4500000000000002,11.400160762964285,1,nr,3.446e-15
2.4625000000000004,11.287472770352498,1,nr,2.175e-13
2.4750000000000005,11.1764938565712,1,nr,1.666e-13
2.4875000000000003,11.067189805226588,1,nr,2.503e-13
2.5000000000000004,10.959527253574041,1,nr,1.657e-16
2.5125000000000002,10.853473667129714,1,nr,6.122e-17
2.5250000000000004,10.74899731511027,1,nr,1.399e-16
2.5375000000000005,10.646067246757488,1,nr,1.630e-13
2.5500000000000003,10.544653268445199,1,nr,5.293e-16
2.5625000000000004,10.444725921596776,1,nr,4.886e-17
2.5750000000000002,10.346256461317425,1,nr,2.599e-13
2.5875000000000004,10.249216835758704,1,nr,1.511e-16
2.6000000000000005,10.153579666204559,1,nr,1.534e-16
2.6125000000000003,10.059318227772215,1,nr,2.767e-16
2.6250000000000004,9.9664064307976261,1,nr,4.125e-13
2.6375000000000002,9.8748188028001085,1,nr,5.366e-14
2.6500000000000004,9.7845304710954579,1,nr,1.265e-16
2.6625000000000005,9.6955171459145806,1,nr,1.098e-13
2.6750000000000003,9.6077551041127602,1,nr,3.162e-16
2.6875000000000004,9.5212211734103001,1,nr,5.078e-13
2.7000000000000002,9.4358927171060643,1,nr,3.459e-13
2.7125000000000004,9.3517476193443816,1,nr,8.964e-13
2.7250000000000005,9.2687642707733868,1,nr,7.868e-17
2.7375000000000003,9.1869215547693752,1,nr,1.128e-12
2.7500000000000004,9.1061988339489552,1,nr,7.214e-13
2.7625000000000002,9.0265759372791834,1,nr,1.089e-12
2.7750000000000004,8.948033147440233,1,nr,7.477e-16
2.7875000000000005,8.8705511887104365,1,nr,2.603e-13
2.8000000000000003,8.794111215111398,1,nr,1.280e-16
2.8125000000000004,8.7186947990231047,1,nr,3.673e-16
2.8250000000000002,8.6442839200861332,1,nr,2.189e-17
2.8375000000000004,8.5708609544779772,1,nr,7.329e-13
2.8500000000000005,8.4984086644866093,1,nr,3.594e-16
2.8625000000000003,8.4269101884708189,1,nr,2.312e-12
2.8750000000000004,8.3563490309924084,1,nr,1.726e-12
2.8875000000000002,8.2867090534313181,1,nr,2.412e-12
2.9000000000000004,8.217974464695283,1,nr,2.834e-16
2.9125000000000005,8.1501298123803902,1,nr,3.551e-14
2.9250000000000003,8.0831599740312932,1,nr,0.000e+00
2.9375000000000004,8.0170501488039072,1,nr,3.662e-12
2.9500000000000002,7.9517858492403297,1,nr,3.529e-12
2.9625000000000004,7.8873528934542536,1,nr,4.438e-12
2.9750000000000005,7.8237373973567133,1,nr,6.601e-16
2.9875000000000003,7.7609257673136502,1,nr,1.857e-12
3.0000000000000004,7.6989046927586271,1,nr,8.316e-16
3.0125000000000002,7.6376611393039218,1,nr,2.366e-16
3.0250000000000004,7.5771823418511204,1,nr,5.994e-12
3.0375000000000005,7.517455797917453,1,nr,6.594e-12
3.0500000000000003,7.4584692612835575,1,nr,1.006e-15
3.0625000000000004,7.4002107357533387,1,nr,1.948e-13
3.0750000000000002,7.3426684689590624,1,nr,1.418e-15
3.0875000000000004,7.2858309465571107,1,nr,2.605e-12
3.1000000000000005,7.2296868864234769,1,nr,5.401e-16
3.1125000000000003,7.1742252331554006,1,nr,5.747e-17
3.1250000000000004,7.1194351525726143,1,nr,1.801e-15
3.1375000000000002,7.0653060264863718,1,nr,5.706e-13
3.1500000000000004,7.0118274475351408,1,nr,9.505e-12
3.1625000000000005,6.958989214339498,1,nr,1.589e-15
3.1750000000000003,6.9067813263727427,1,nr,9.505e-12
3.1875000000000004,6.8551939796181491,1,nr,3.042e-13
3.2000000000000002,6.8042175616238971,1,nr,2.535e-15
3.2125000000000004,6.7538426473086908,1,nr,1.561e-16
3.2250000000000005,6.7040599944994188,1,nr,6.938e-16
3.2375000000000003,6.6548605397367373,1,nr,7.007e-16
3.2500000000000004,6.6062353941879728,1,nr,1.009e-11
3.2625000000000002,6.5581758395424128,1,nr,4.872e-16
3.2750000000000004,6.5106733243433332,1,nr,4.422e-12
3.2875000000000005,6.4637194599417276,1,nr,1.689e-15
3.3000000000000003,6.4173060169991389,1,nr,3.427e-12
3.3125000000000004,6.3714249218001608,1,nr,1.054e-11
3.3250000000000002,6.326068252856337,1,nr,1.141e-11
3.3375000000000004,6.2812282372315229,1,nr,1.304e-11
3.3500000000000005,6.2368972477158016,1,nr,3.382e-12
3.3625000000000003,6.1930677990873662,1,nr,8.751e-16
3.3750000000000004,6.1497325452687468,1,nr,3.532e-16
3.3875000000000002,6.1068842761819226,1,nr,1.284e-12
3.4000000000000004,6.0645159147677656,1,nr,6.112e-16
3.4125000000000005,6.0226205140625204,1,nr,1.487e-15
3.4250000000000003,5.9811912543662178,1,nr,1.213e-11
3.4375000000000004,5.9402214405661615,1,nr,1.148e-12
3.4500000000000002,5.8997044992503076,1,nr,1.600e-15
3.4625000000000004,5.8596339762893139,1,nr,8.631e-16
3.4750000000000005,5.8200035341673964,1,nr,7.568e-16
3.4875000000000003,5.7808069495364602,1,nr,1.424e-11
3.5000000000000004,5.7420381106838025,1,nr,3.078e-16
3.5125000000000002,5.703691015360941,1,nr,5.430e-16
3.5250000000000004,5.6657597682925864,1,nr,1.484e-11
3.5375000000000005,5.6282385789242619,1,nr,9.063e-16
3.5500000000000003,5.5911217593869385,1,nr,9.817e-12
3.5625000000000004,5.554403722219214,1,nr,7.605e-16
3.5750000000000002,5.5180789782488802,1,nr,1.170e-15
3.5875000000000004,5.4821421346569048,1,nr,2.358e-15
3.6000000000000005,5.4465878929242351,1,nr,8.601e-16
3.6125000000000003,5.4114110469014882,1,nr,8.253e-17
3.6250000000000004,5.3766064809132317,1,nr,7.898e-16
3.6375000000000002,5.3421691679079926,1,nr,3.769e-16
3.6500000000000004,5.3080941676527154,1,nr,1.265e-15
3.6625000000000005,5.2743766249705093,1,nr,8.497e-17
3.6750000000000003,5.2410117680116439,1,nr,8.406e-12
3.6875000000000004,5.2079949066185076,1,nr,1.163e-15
3.7000000000000002,5.1753214306038631,1,nr,5.886e-12
3.7125000000000004,5.1429868082087902,1,nr,1.005e-15
3.7250000000000005,5.1109865845487059,1,nr,6.834e-12
3.7375000000000003,5.0793163800698924,1,nr,1.019e-15
3.7500000000000004,5.0479718890221106,1,nr,9.807e-16
3.7625000000000002,5.0169488780641176,1,nr,1.256e-15
3.7750000000000004,4.9862431848086404,1,nr,1.174e-15
3.7875000000000005,4.9558507164287189,1,nr,1.314e-11
3.8000000000000003,4.925767448343449,1,nr,1.922e-11
3.8125000000000004,4.8959894228598184,1,nr,4.143e-16
3.8250000000000002,4.8665127478260883,1,nr,2.640e-15
3.8375000000000004,4.8373335954782331,1,nr,1.958e-15
3.8500000000000005,4.808448201130699,1,nr,1.547e-15
3.8625000000000003,4.7798528619857885,1,nr,2.972e-15
3.8750000000000004,4.7515439359535154,1,nr,2.468e-15
3.8875000000000002,4.7235178404982276,1,nr,1.241e-15
3.9000000000000004,4.6957710514997908,1,nr,1.473e-11
3.9125000000000005,4.6683001022094439,1,nr,1.835e-15
3.9250000000000003,4.6411015820574857,1,nr,7.284e-16
3.9375000000000004,4.6141721357157177,1,nr,7.813e-16
3.9500000000000002,4.5875084620105602,1,nr,2.946e-15
3.9625000000000004,4.5611073129282804,1,nr,9.873e-17
3.9750000000000005,4.5349654926219758,1,nr,1.282e-11
3.9875000000000003,4.5090798564955019,1,nr,1.946e-15
4,4.4834473101709102,1,nr,1.254e-15
4.0125000000000002,4.4580648086604482,1,nr,3.327e-15
4.0250000000000004,4.4329293554210176,1,nr,1.165e-15
4.0375000000000005,4.4080380014835656,1,nr,1.375e-15
4.0500000000000007,4.3833878445925576,1,nr,1.228e-15
4.0625,4.3589760283643493,1,nr,1.080e-15
4.0750000000000002,4.3347997414638719,1,nr,2.894e-15
4.0875000000000004,4.3108562167993334,1,nr,2.959e-15
4.1000000000000005,4.2871427307343657,1,nr,3.808e-15
4.1125000000000007,4.2636566023173224,1,nr,7.336e-16
4.125,4.2403951925426009,1,nr,2.519e-11
4.1375000000000002,4.2173559035359487,1,nr,3.225e-15
4.1500000000000004,4.1945361779865369,1,nr,6.372e-16
4.1625000000000005,4.1719334982867071,1,nr,4.267e-15
4.1750000000000007,4.1495453859178166,1,nr,1.553e-15
4.1875,4.1273694007584822,1,nr,3.388e-15
4.2000000000000002,4.1054031404396412,1,nr,2.973e-11
4.2125000000000004,4.083644239612287,1,nr,2.711e-16
4.2250000000000005,4.0620903694825925,1,nr,3.484e-15
4.2375000000000007,4.0407392370224482,1,nr,3.006e-15
4.25,4.0195885844467014,1,nr,4.938e-16
4.2625000000000002,3.9986361886019157,1,nr,2.753e-16
4.2750000000000004,3.9778798603845607,1,nr,1.658e-16
4.2875000000000005,3.9573174441715464,1,nr,8.876e-16
4.3000000000000007,3.9369468172627742,1,nr,3.285e-15
4.3125,3.9167658893354331,1,nr,9.498e-16
4.3250000000000002,3.8967726019097944,1,nr,2.635e-15
4.3375000000000004,3.8769649278262599,1,nr,2.587e-15
4.3500000000000005,3.8573408707333856,1,nr,3.555e-15
4.3625000000000007,3.8378984645866536,1,nr,3.397e-16
4.375,3.818635773157756,1,nr,5.680e-17
4.3875000000000002,3.7995508895541663,1,nr,4.615e-15
4.4000000000000004,3.7806419357405683,1,nr,1.707e-11
4.4125000000000005,3.7619070621193531,1,nr,4.413e-15
4.4250000000000007,3.7433444469976331,1,nr,3.794e-15
4.4375,3.7249522962155117,1,nr,2.634e-11
4.4500000000000002,3.706728842734448,1,nr,4.278e-15
4.4625000000000004,3.6886723460989153,1,nr,1.391e-15
4.4750000000000005,3.6707810921453006,1,nr,1.162e-15
4.4875000000000007,3.653053392534511,1,nr,1.923e-15
4.5,3.6354875843426444,1,nr,5.432e-11
4.5125000000000002,3.6180820297938321,1,nr,8.783e-16
4.5250000000000004,3.6008351156357024,1,nr,2.729e-15
4.5375000000000005,3.5837452530101177,1,nr,5.883e-17
4.5500000000000007,3.566810876966207,1,nr,3.921e-15
4.5625,3.5500304461273595,1,nr,2.758e-13
4.5750000000000002,3.5334024423405821,1,nr,3.227e-15
4.5875000000000004,3.516925370334993,1,nr,3.263e-15
4.6000000000000005,3.5005977573702305,1,nr,3.529e-11
4.6125000000000007,3.4844181529829492,1,nr,8.637e-16
4.625,3.4683851285162794,1,nr,2.387e-16
4.6375000000000002,3.4524972769538147,1,nr,5.888e-15
4.6500000000000004,3.4367532125369786,1,nr,2.335e-15
4.6625000000000005,3.4211515704781776,1,nr,1.499e-16
4.6750000000000007,3.4056910066577135,1,nr,1.911e-11
4.6875,3.3903701973871141,1,nr,3.414e-11
4.7000000000000002,3.3751878389837988,1,nr,9.389e-12
4.7125000000000004,3.3601426476923186,1,nr,5.463e-12
4.7250000000000005,3.3452333592693715,1,nr,1.394e-11
4.7375000000000007,3.330458728770628,1,nr,4.853e-11
4.75,3.3158175302341788,1,nr,1.726e-15
4.7625000000000002,3.3013085565692184,1,nr,1.031e-15
4.7750000000000004,3.2869306191420997,1,nr,2.625e-15
4.7875000000000005,3.2726825476229737,1,nr,8.962e-16
4.8000000000000007,3.2585631897287599,1,nr,1.490e-15
4.8125000000000009,3.2445714109903667,1,nr,1.689e-15
4.8250000000000002,3.2307060945097565,1,nr,4.016e-11
4.8375000000000004,3.2169661408133123,1,nr,2.057e-15
4.8500000000000005,3.2033504674818265,1,nr,3.126e-15
4.8625000000000007,3.1898580091111368,1,nr,5.747e-11
4.8750000000000009,3.176487716920315,1,nr,3.191e-15
4.8875000000000002,3.1632385587780409,1,nr,3.437e-16
4.9000000000000004,3.1501095187895305,1,nr,2.381e-12
4.9125000000000005,3.1370995972049238,1,nr,3.103e-15
4.9250000000000007,3.1242078102163271,1,nr,1.541e-15
4.9375000000000009,3.1114331897630962,1,nr,9.291e-16
4.9500000000000002,3.098774783354536,1,nr,5.641e-16
4.9625000000000004,3.0862316538914918,1,nr,1.881e-15
4.9750000000000005,3.0738028794929178,1,nr,2.669e-15
4.9875000000000007,3.0614875533264612,1,nr,3.614e-16
5.0000000000000009,3.0492847834429981,1,nr,2.791e-16
5.0125000000000002,3.0371936926150518,1,nr,9.367e-16
5.0250000000000004,3.0252134181808388,1,nr,5.097e-12
5.0375000000000005,3.013343111881142,1,nr,5.579e-16
5.0500000000000007,3.0015819397240047,1,nr,8.888e-12
5.0625000000000009,2.9899290818343065,1,nr,3.576e-12
5.0750000000000002,2.9783837322944349,1,nr,2.748e-15
5.0875000000000004,2.9669450990138424,1,nr,2.210e-11
5.1000000000000005,2.9556124036350968,1,nr,1.830e-11
5.1125000000000007,2.9443848813061764,1,nr,5.312e-11
5.1250000000000009,2.9332617806011743,1,nr,3.167e-15
5.1375000000000002,2.9222423635006161,1,nr,6.692e-11
5.1500000000000004,2.9113259050125087,1,nr,2.383e-11
5.1625000000000005,2.9005116933324637,1,nr,1.503e-12
5.1750000000000007,2.8897990295538829,1,nr,6.661e-13
5.1875000000000009,2.8791872275943988,1,nr,9.999e-13
5.2000000000000002,2.8686756140932865,1,nr,6.826e-13
5.2125000000000004,2.858263528297317,1,nr,2.006e-11
5.2250000000000005,2.8479503219673337,1,nr,4.350e-11
5.2375000000000007,2.8377353592624703,1,nr,6.611e-11
5.2500000000000009,2.8276180166916691,1,nr,5.738e-11
5.2625000000000002,2.8175976828165501,1,nr,3.909e-11
5.2750000000000004,2.8076737584568656,1,nr,2.302e-11
5.2875000000000005,2.7978456563982257,1,nr,1.145e-11
5.3000000000000007,2.7881128013519256,1,nr,9.660e-12
5.3125000000000009,2.7784746298665,1,nr,2.531e-11
5.3250000000000002,2.7689305902401693,1,nr,6.401e-11
5.3375000000000004,2.7594801423829125,1,nr,2.591e-11
5.3500000000000005,2.7501227579329952,1,nr,1.702e-11
5.3625000000000007,2.7408579198753094,1,nr,9.492e-16
5.3750000000000009,2.7316851227151897,1,nr,2.191e-15
5.3875000000000002,2.7226038722754979,1,nr,1.832e-15
5.4000000000000004,2.7136136856606203,1,nr,2.476e-15
5.4125000000000005,2.7047140911728271,1,nr,1.322e-11
5.4250000000000007,2.6959046282637749,1,nr,2.641e-15
5.4375000000000009,2.6871848474179778,1,nr,0.000e+00
5.4500000000000002,2.6785543101300275,1,nr,1.344e-15
5.4625000000000004,2.6700125888137145,1,nr,4.820e-13
5.4750000000000005,2.6615592667388839,1,nr,1.453e-15
5.4875000000000007,2.6531939379670542,1,nr,3.827e-15
5.5000000000000009,2.6449162072837926,1,nr,1.683e-12
5.5125000000000002,2.6367256901377516,1,nr,2.883e-16
5.5250000000000004,2.628622012570208,1,nr,1.035e-15
5.5375000000000005,2.6206048111569187,1,nr,0.000e+00
5.5500000000000007,2.6126737329411438,1,nr,1.487e-15
5.5625000000000009,2.6048284353673017,1,nr,7.922e-12
5.5750000000000002,2.5970685862308125,1,nr,5.685e-17
5.5875000000000004,2.5893938636034877,1,nr,5.176e-11
5.6000000000000005,2.5818039557030383,1,nr,9.039e-16
5.6125000000000007,2.5742985610069358,1,nr,2.149e-11
5.6250000000000009,2.5668773879618816,1,nr,1.067e-15
5.6375000000000002,2.5595401550651968,1,nr,5.744e-11
5.6500000000000004,2.5522865908023977,1,nr,0.000e+00
5.6625000000000005,2.5451164333900538,1,nr,3.683e-11
5.6750000000000007,2.5380294309708882,1,nr,2.658e-15
5.6875000000000009,2.5310253412957144,1,nr,3.863e-16
5.7000000000000002,2.5241039317997624,1,nr,2.639e-15
5.7125000000000004,2.5172649794512831,1,nr,2.739e-15
5.7250000000000005,2.5105082706779589,1,nr,3.275e-16
5.7375000000000007,2.5038336012757276,1,nr,3.154e-15
5.7500000000000009,2.4972407763132001,1,nr,3.142e-15
5.7625000000000002,2.4907296100312455,1,nr,5.397e-17
5.7750000000000004,2.4842999257372069,1,nr,2.473e-15
5.7875000000000005,2.4779515556933753,1,nr,3.320e-15
5.8000000000000007,2.4716843409990901,1,nr,5.226e-15
5.8125000000000009,2.4654981314659992,1,nr,2.231e-15
5.8250000000000002,2.4593927854942912,1,nr,2.164e-11
5.8375000000000004,2.4533681698901675,1,nr,1.264e-15
5.8500000000000005,2.4474241598014106,1,nr,2.308e-15
5.8625000000000007,2.4415606384744835,1,nr,6.267e-16
5.8750000000000009,2.4357774971283241,1,nr,4.160e-16
5.8875000000000002,2.4300746347428248,1,nr,5.911e-11
5.9000000000000004,2.4244519580010206,1,nr,3.571e-11
5.9125000000000005,2.4189093807759336,1,nr,3.079e-16
5.9250000000000007,2.4134468242955394,1,nr,1.328e-15
5.9375000000000009,2.4080642166484907,1,nr,4.373e-15
5.9500000000000002,2.4027614926335525,1,nr,4.859e-15
5.9625000000000004,2.3975385934823752,1,nr,2.418e-15
5.9750000000000005,2.3923954665792868,1,nr,2.607e-15
5.9875000000000007,2.3873320651625756,1,nr,4.890e-15
6.0000000000000009,2.3823483480060319,1,nr,3.774e-15
6.0125000000000002,2.3774442790795569,1,nr,3.361e-15
6.0250000000000004,2.372619827187509,1,nr,2.754e-15
6.0375000000000005,2.3678749655834346,1,nr,1.370e-15
6.0500000000000007,2.3632096715597983,1,nr,5.455e-15
6.0625000000000009,2.358623926011187,1,nr,3.877e-15
6.0750000000000002,2.3541177129695097,1,nr,6.750e-16
6.0875000000000004,2.3496910190976443,1,nr,2.665e-11
6.1000000000000005,2.3453438332233167,1,nr,4.773e-16
6.1125000000000007,2.3410761456612326,1,nr,1.140e-15
6.1250000000000009,2.336887947738806,1,nr,3.118e-15
6.1375000000000002,2.3327792311065632,1,nr,3.948e-15
6.1500000000000004,2.3287499870815616,1,nr,2.151e-15
6.1625000000000005,2.3248002059336681,1,nr,1.047e-11
6.1750000000000007,2.3209298761588686,1,nr,1.018e-15
6.1875000000000009,2.3171389836346932,1,nr,2.025e-15
6.2000000000000002,2.3134275108273208,1,nr,3.022e-15
6.2125000000000004,2.3097954358717927,1,nr,1.005e-11
6.2250000000000005,2.3062427316602907,1,nr,3.624e-16
6.2375000000000007,2.3027693647999787,1,nr,3.244e-15
6.2500000000000009,2.2993752946272523,1,nr,2.816e-11
6.2625000000000002,2.296060472008624,1,nr,8.915e-16
6.2750000000000004,2.2928248383212879,1,nr,1.064e-15
6.2875000000000005,2.2896683240779883,1,nr,2.149e-11
6.3000000000000007,2.2865908477641552,1,nr,0.000e+00
6.3125000000000009,2.2835923143628913,1,nr,1.745e-15
6.3250000000000002,2.2806726140463298,1,nr,1.041e-15
6.3375000000000004,2.2778316206354079,1,nr,2.590e-15
6.3500000000000005,2.2750691900348481,1,nr,4.018e-11
6.3625000000000007,2.2723851587150254,1,nr,2.306e-15
6.3750000000000009,2.2697793417986101,1,nr,8.036e-12
6.3875000000000002,2.2672515315281174,1,nr,3.042e-15
6.4000000000000004,2.2648014952733506,1,nr,6.123e-12
6.4125000000000005,2.262428973702042,1,nr,1.087e-15
6.4250000000000007,2.2601336787425801,1,nr,9.147e-16
6.4375000000000009,2.2579152915700447,1,nr,0.000e+00
6.4500000000000002,2.2557734604691291,1,nr,8.229e-16
6.4625000000000004,2.2537077986511771,1,nr,2.456e-16
6.4750000000000005,2.2517178820047561,1,nr,3.258e-16
6.4875000000000007,2.2498032467841496,1,nr,4.587e-12
6.5000000000000009,2.2479633872590656,1,nr,1.451e-15
6.5125000000000002,2.2461977532747199,1,nr,1.284e-15
6.5250000000000004,2.2445057478090651,1,nr,2.236e-11
6.5375000000000005,2.242886724534559,1,nr,8.738e-16
6.5500000000000007,2.2413399851680995,1,nr,7.905e-17
6.5625000000000009,2.2398647770676985,1,nr,1.692e-12
6.5750000000000002,2.2384602906281459,1,nr,1.958e-16
6.5875000000000004,2.2371256567473448,1,nr,4.287e-16
6.6000000000000005,2.2358599443195195,1,nr,6.983e-16
6.6125000000000007,2.2346621577423611,1,nr,7.884e-12
6.6250000000000009,2.2335312345113376,1,nr,1.730e-15
6.6375000000000002,2.2324660428067866,1,nr,7.658e-16
6.6500000000000004,2.2314653792690429,1,nr,2.288e-16
6.6625000000000005,2.2305279668073532,1,nr,6.835e-16
6.6750000000000007,2.2296524525654875,1,nr,6.205e-12
6.6875000000000009,2.2288374060815097,1,nr,3.105e-11
6.7000000000000002,2.2280813174426455,1,nr,1.769e-12
6.7125000000000004,2.227382596027351,1,nr,2.244e-16
6.7250000000000005,2.2267395690229121,1,nr,2.608e-16
6.7375000000000007,2.226150480509975,1,nr,7.427e-17
6.7500000000000009,2.2256134907222229,1,nr,4.442e-16
6.7625000000000002,2.2251266756258641,1,nr,9.015e-12
6.7750000000000004,2.224688026875437,1,nr,2.889e-12
6.7875000000000005,2.2242954520473823,1,nr,1.141e-11
6.8000000000000007,2.2239467753941504,1,nr,1.979e-11
6.8125000000000009,2.2236397389083544,1,nr,2.575e-11
6.8250000000000002,2.2233720038733309,1,nr,2.892e-11
6.8375000000000004,2.2231411528676679,1,nr,2.980e-11
6.8500000000000005,2.2229446922473746,1,nr,2.905e-11
6.8625000000000007,2.2227800551202259,1,nr,2.731e-11
6.8750000000000009,2.2226446048230053,1,nr,2.504e-11
6.8875000000000002,2.222535638908079,1,nr,2.259e-11
6.9000000000000004,2.2224503936555386,1,nr,1.458e-15
6.9125000000000005,2.2223860490188061,1,nr,9.709e-16
6.9250000000000007,2.2223397342209483,1,nr,2.694e-16
6.9375000000000009,2.2223085336799291,1,nr,5.563e-16
6.9500000000000002,2.2222894934771671,1,nr,1.031e-15
6.9625000000000004,2.2222796282471684,1,nr,9.053e-16
6.9750000000000005,2.2222759284719467,1,nr,1.299e-16
6.9875000000000007,2.2222753681417582,1,nr,7.795e-16
7.0000000000000009,2.2222749127379871,1,nr,7.930e-16
7.0125000000000002,2.2222715274886418,1,nr,2.061e-16
7.0250000000000004,2.2222621858420601,1,nr,4.528e-16
7.0375000000000005,2.222243878100064,1,nr,1.633e-15
7.0500000000000007,2.2222136201482408,1,nr,8.082e-17
7.0625000000000009,2.2221684622181548,1,nr,1.978e-16
7.0750000000000002,2.2221054976143533,1,nr,3.870e-16
7.0875000000000004,2.222021871338018,1,nr,1.622e-16
7.1000000000000005,2.221914788539074,1,nr,3.792e-16
7.1125000000000007,2.2217815227295343,1,nr,5.789e-16
7.1250000000000009,2.2216194236928475,1,nr,6.525e-16
7.1375000000000002,2.2214259250077788,1,nr,2.716e-11
7.1500000000000004,2.2211985512709282,1,nr,1.147e-11
7.1625000000000005,2.2209349245049168,1,nr,6.942e-13
7.1750000000000007,2.2206327705424824,1,nr,2.066e-14
7.1875000000000009,2.2202899243998946,1,nr,1.538e-14
7.2000000000000002,2.2199043352733181,1,nr,3.176e-13
7.2125000000000004,2.2194740708327654,1,nr,1.688e-11
7.2250000000000005,2.2189973209346365,1,nr,1.964e-15
7.2375000000000007,2.2184724005004393,1,nr,5.206e-16
7.2500000000000009,2.2178977519511567,1,nr,0.000e+00
7.2625000000000002,2.2172719468017466,1,nr,3.032e-12
7.2750000000000004,2.2165936866526819,1,nr,2.999e-12
7.2875000000000005,2.2158618035424693,1,nr,1.644e-12
7.3000000000000007,2.2150752596572687,1,nr,2.358e-14
7.3125000000000009,2.2142331464478597,1,nr,2.284e-16
7.3250000000000002,2.2133346831748995,1,nr,1.147e-16
7.3375000000000004,2.2123792149347872,1,nr,1.153e-11
7.3500000000000005,2.2113662101496603,1,nr,8.780e-12
7.3625000000000007,2.2102952576824877,1,nr,8.172e-13
7.3750000000000009,2.2091660634776034,1,nr,1.169e-16
7.3875000000000002,2.2079784468443253,1,nr,1.331e-15
7.4000000000000004,2.2067323364633258,1,nr,2.193e-11
7.4125000000000005,2.2054277660252448,1,nr,3.029e-12
7.4250000000000007,2.2040648698281333,1,nr,2.781e-16
7.4375000000000009,2.2026438779561048,1,nr,2.795e-15
7.4500000000000002,2.2011651114885211,1,nr,2.375e-11
7.4625000000000004,2.1996289774737132,1,nr,1.695e-15
7.4750000000000005,2.1980359640424103,1,nr,5.680e-16
7.4875000000000007,2.1963866352469048,1,nr,4.298e-11
7.5000000000000009,2.1946816259643236,1,nr,2.460e-16
7.5125000000000002,2.1929216371053402,1,nr,1.154e-15
7.5250000000000004,2.1911074304485467,1,nr,4.413e-11
7.5375000000000005,2.1892398237726738,1,nr,3.334e-16
7.5500000000000007,2.1873196863029274,1,nr,8.381e-17
7.5625000000000009,2.185347933843095,1,nr,8.359e-12
7.5750000000000002,2.1833255243721599,1,nr,1.271e-15
7.5875000000000004,2.1812534537104167,1,nr,1.605e-11
7.6000000000000005,2.1791327513361223,1,nr,4.284e-16
7.6125000000000007,2.1769644763196654,1,nr,5.169e-16
7.6250000000000009,2.1747497135710607,1,nr,5.197e-16
7.6375000000000002,2.1724895701565217,1,nr,1.742e-15
7.6500000000000004,2.1701851718519358,1,nr,4.599e-12
7.6625000000000005,2.1678376598637614,1,nr,2.025e-15
7.6750000000000007,2.1654481877826899,1,nr,2.798e-11
7.6875000000000009,2.1630179186048744,1,nr,8.011e-16
7.7000000000000002,2.1605480221798881,1,nr,4.609e-11
7.7125000000000004,2.1580396724501418,1,nr,4.139e-15
7.7250000000000005,2.1554940453833948,1,nr,4.382e-11
7.7375000000000007,2.1529123164792052,1,nr,1.910e-15
7.7500000000000009,2.1502956590506965,1,nr,1.938e-11
7.7625000000000002,2.147645242116782,1,nr,0.000e+00
7.7750000000000004,2.1449622288655217,1,nr,1.918e-11
7.7875000000000005,2.1422477750348792,1,nr,1.393e-15
7.8000000000000007,2.1395030274563331,1,nr,3.733e-16
7.8125000000000009,2.1367291228397081,1,nr,1.501e-15
7.8250000000000002,2.1339271865742262,1,nr,1.697e-15
7.8375000000000004,2.1310983316958261,1,nr,3.221e-15
7.8500000000000005,2.1282436579590027,1,nr,2.094e-15
7.8625000000000007,2.1253642510317654,1,nr,4.640e-11
7.8750000000000009,2.1224611816849235,1,nr,2.788e-15
7.8875000000000002,2.1195355053363629,1,nr,2.704e-15
7.9000000000000004,2.1165882613324145,1,nr,3.979e-15
7.9125000000000005,2.1136204725721877,1,nr,7.799e-16
7.9250000000000007,2.1106331451020579,1,nr,3.428e-15
7.9375000000000009,2.1076272677972767,1,nr,5.411e-15
7.9500000000000002,2.1046038121079218,1,nr,6.917e-16
7.9625000000000004,2.1015637318643354,1,nr,3.374e-15
7.9750000000000005,2.098507963137235,1,nr,1.994e-16
7.9875000000000007,2.0954374241307772,1,nr,5.143e-11
8,2.0923530152255476,1,nr,8.645e-15
8.0124999999999993,2.0892556188039331,1,nr,7.065e-16
8.0250000000000004,2.0861460994600027,1,nr,3.142e-15
8.0374999999999996,2.0830253039846012,1,nr,4.884e-15
8.0499999999999989,2.0798940614857466,1,nr,3.167e-15
8.0625,2.076753183520232,1,nr,5.127e-15
8.0749999999999993,2.0736034642507368,1,nr,3.705e-15
8.0875000000000004,2.0704456806151659,1,nr,3.440e-11
8.0999999999999996,2.0672805925804858,1,nr,1.161e-14
8.1124999999999989,2.0641089432544533,1,nr,9.886e-16
8.125,2.0609314592268269,1,nr,5.691e-15
8.1374999999999993,2.0577488507644373,1,nr,6.968e-15
8.1500000000000004,2.0545618120823761,1,nr,1.787e-15
8.1624999999999996,2.0513710216150183,1,nr,5.168e-15
8.1749999999999989,2.0481771422958777,1,nr,6.402e-15
8.1875,2.04498082184283,1,nr,7.226e-12
8.1999999999999993,2.0417826930620415,1,nr,6.655e-15
8.2125000000000004,2.0385833741254902,1,nr,2.990e-15
8.2249999999999996,2.0353834688769492,1,nr,6.074e-11
8.2374999999999989,2.0321835672122006,1,nr,8.163e-15
8.25,2.0289842452170328,1,nr,8.078e-16
8.2624999999999993,2.0257860656464022,1,nr,3.888e-15
8.2750000000000004,2.0225895781473611,1,nr,9.583e-15
8.2874999999999996,2.0193953195842362,1,nr,2.225e-15
8.2999999999999989,2.0162038143458125,1,nr,3.265e-15
8.3125,2.0130155746509653,1,nr,4.800e-15
8.3249999999999993,2.0098311008523106,1,nr,3.827e-15
8.3375000000000004,2.0066508817374422,1,nr,6.027e-15
8.3499999999999996,2.003475394827309,1,nr,2.032e-15
8.3624999999999989,2.0003051066920516,1,nr,7.933e-11
8.375,1.9971404731395443,1,nr,5.018e-15
8.3874999999999993,1.9939819397097587,1,nr,6.077e-16
8.4000000000000004,1.9908299417523183,1,nr,9.963e-16
8.4124999999999996,1.9876849048095024,1,nr,3.272e-15
8.4249999999999989,1.9845472448709971,1,nr,2.000e-15
8.4375,1.9814173686447982,1,nr,2.977e-15
8.4499999999999993,1.9782956738234552,1,nr,3.232e-15
8.4625000000000004,1.975182549352319,1,nr,2.722e-11
8.4749999999999996,1.9720783756524369,1,nr,3.856e-15
8.4874999999999989,1.9689835249399075,1,nr,6.716e-16
8.5,1.9658983614051171,1,nr,1.401e-16
8.5124999999999993,1.9628232414883957,1,nr,2.525e-15
8.5250000000000004,1.9597585141100948,1,nr,8.707e-16
8.5374999999999996,1.9567045209024332,1,nr,1.265e-15
8.5499999999999989,1.9536615964363055,1,nr,3.293e-15
8.5625,1.9506300684431057,1,nr,1.690e-16
8.5749999999999993,1.9476102580315457,1,nr,2.791e-15
8.5875000000000004,1.9446024798995152,1,nr,4.966e-15
8.5999999999999996,1.9416070425410037,1,nr,1.892e-15
8.6124999999999989,1.9386242484481193,1,nr,6.357e-16
8.625,1.9356543943006157,1,nr,3.242e-11
8.6374999999999993,1.9326977711963138,1,nr,1.796e-15
8.6500000000000004,1.9297546647712693,1,nr,3.768e-11
8.6624999999999996,1.9268253554147925,1,nr,6.652e-16
8.6749999999999989,1.9239101184974392,1,nr,2.350e-15
8.6875,1.921009224464181,1,nr,1.090e-15
8.6999999999999993,1.9181229390472989,1,nr,1.084e-15
8.7125000000000004,1.9152515234253631,1,nr,1.476e-11
8.7249999999999996,1.9123952343661395,1,nr,1.185e-15
8.7374999999999989,1.9095543244315629,1,nr,6.768e-11
8.75,1.90672904201723,1,nr,1.735e-16
8.7624999999999993,1.903919631671309,1,nr,1.012e-15
8.7750000000000004,1.9011263340926705,1,nr,6.256e-11
8.7874999999999996,1.8983493862937768,1,nr,8.097e-11
8.7999999999999989,1.8955890217678335,1,nr,7.845e-12
8.8125,1.8928454706763744,1,nr,3.164e-11
8.8249999999999993,1.8901189598082537,1,nr,3.602e-13
8.8375000000000004,1.8874097128692966,1,nr,4.142e-12
8.8499999999999996,1.8847179504968734,1,nr,6.846e-13
8.8624999999999989,1.8820438904188079,1,nr,1.016e-15
8.875,1.879387747541263,1,nr,3.053e-11
8.8874999999999993,1.8767497340916721,1,nr,3.943e-16
8.9000000000000004,1.8741300596755048,1,nr,1.088e-10
8.9124999999999996,1.8715289313196992,1,nr,1.237e-15
8.9249999999999989,1.8689465537771259,1,nr,1.179e-15
8.9375,1.8663831293773097,1,nr,2.412e-15
8.9499999999999993,1.8638388582346157,1,nr,4.763e-16
8.9625000000000004,1.8613139383050898,1,nr,2.323e-15
8.9749999999999996,1.8588085654638336,1,nr,3.521e-15
8.9874999999999989,1.8563229335783311,1,nr,3.907e-16
9,1.8538572345777142,1,nr,3.651e-15
9.0124999999999993,1.8514116585179274,1,nr,2.950e-15
9.0250000000000004,1.84898639364274,1,nr,2.779e-16
9.0374999999999996,1.8465816264405928,1,nr,9.988e-16
9.0499999999999989,1.8441975416971992,1,nr,2.382e-15
9.0625,1.8418343225438583,1,nr,1.383e-15
9.0749999999999993,1.839492150511802,1,nr,4.562e-11
9.0875000000000004,1.8371712055198077,1,nr,3.857e-15
9.0999999999999996,1.8348716660098909,1,nr,1.397e-11
9.1124999999999989,1.8325937088898598,1,nr,1.647e-15
9.125,1.8303375095791197,1,nr,7.122e-16
9.1374999999999993,1.8281032420511949,1,nr,6.561e-16
9.1500000000000004,1.8258910788338993,1,nr,1.255e-15
9.1624999999999996,1.8237011910236725,1,nr,7.078e-16
9.1749999999999989,1.8215337482915945,1,nr,1.141e-15
9.1875,1.819388918884179,1,nr,2.006e-15
9.1999999999999993,1.8172668696187737,1,nr,3.137e-15
9.2125000000000004,1.8151677658734524,1,nr,4.046e-15
9.2249999999999996,1.8130917715712276,1,nr,9.957e-15
9.2374999999999989,1.811039049158419,1,nr,1.289e-15
9.25,1.8090097595770527,1,nr,3.803e-15
9.2624999999999993,1.8070040622310342,1,nr,6.143e-15
9.2750000000000004,1.8050221149480135,1,nr,8.524e-12
9.2874999999999996,1.8030640739225687,1,nr,1.047e-14
9.2999999999999989,1.8011300936828656,1,nr,2.491e-15
9.3125,1.7992203270100713,1,nr,1.004e-15
9.3249999999999993,1.7973349248807555,1,nr,1.276e-14
9.3375000000000004,1.7954740363898425,1,nr,1.051e-16
9.3499999999999996,1.7936378086678739,1,nr,7.390e-15
9.3624999999999989,1.7918263867904327,1,nr,6.428e-15
9.375,1.7900399136880505,1,nr,3.545e-11
9.3874999999999993,1.7882785299959378,1,nr,1.268e-14
9.4000000000000004,1.7865423740244752,1,nr,3.626e-15
9.4124999999999996,1.7848315815388873,1,nr,3.824e-11
9.4249999999999989,1.7831462857155624,1,nr,1.503e-14
9.4375,1.7814866168959096,1,nr,1.232e-15
9.4499999999999993,1.7798527025201356,1,nr,2.957e-11
9.4625000000000004,1.7782446669539267,1,nr,1.428e-14
9.4749999999999996,1.776662631250671,1,nr,4.371e-15
9.4874999999999989,1.7751067130413207,1,nr,1.216e-15
9.5,1.7735770263025998,1,nr,8.989e-15
9.5124999999999993,1.7720736811584046,1,nr,1.007e-14
9.5250000000000004,1.7705967836624135,1,nr,3.010e-15
9.5374999999999996,1.7691464355689239,1,nr,5.500e-15
9.5499999999999989,1.7677227340918336,1,nr,2.043e-14
9.5625,1.7663257716513301,1,nr,2.582e-15
9.5749999999999993,1.7649556356075309,1,nr,2.656e-12
9.5875000000000004,1.7636124079855209,1,nr,9.569e-15
9.5999999999999996,1.7622961651771494,1,nr,1.691e-14
9.6125000000000007,1.7610069776436987,1,nr,5.192e-15
9.625,1.7597449095740834,1,nr,7.734e-11
9.6374999999999993,1.7585100186582339,1,nr,1.226e-14
9.6500000000000004,1.7573023555356033,1,nr,1.483e-14
9.6624999999999996,1.7561219636444134,1,nr,2.705e-15
9.6750000000000007,1.7549688787462661,1,nr,1.187e-12
9.6875,1.7538431285635396,1,nr,7.866e-15
9.6999999999999993,1.7527447323776619,1,nr,1.711e-14
9.7125000000000004,1.7516737006205427,1,nr,5.048e-15
9.7249999999999996,1.7506300344480161,1,nr,3.037e-15
9.7375000000000007,1.749613725311288,1,nr,3.223e-11
9.75,1.7486247544610991,1,nr,8.482e-15
9.7624999999999993,1.7476630925757719,1,nr,1.409e-14
9.7750000000000004,1.7467286991960209,1,nr,4.492e-15
9.7874999999999996,1.7458215222847919,1,nr,3.637e-15
9.8000000000000007,1.7449414977210991,1,nr,3.418e-12
9.8125,1.7440885487992486,1,nr,1.667e-15
9.8249999999999993,1.7432625857043489,1,nr,1.163e-14
9.8375000000000004,1.7424635049998145,1,nr,1.554e-14
9.8499999999999996,1.7416911890933766,1,nr,4.857e-15
9.8625000000000007,1.7409455057035119,1,nr,1.096e-15
9.875,1.7402263073209543,1,nr,1.274e-15
9.8874999999999993,1.739533430671474,1,nr,1.258e-11
9.9000000000000004,1.7388666961550863,1,nr,3.074e-15
9.9124999999999996,1.7382259073432711,1,nr,1.127e-14
9.9250000000000007,1.7376108504033212,1,nr,1.217e-14
9.9375,1.7370212935848621,1,nr,6.402e-15
9.9499999999999993,1.7364569866911854,1,nr,2.142e-15
9.9625000000000004,1.735917660564364,1,nr,3.559e-16
9.9749999999999996,1.7354030265831681,1,nr,8.870e-17
9.9875000000000007,1.7349127761749661,1,nr,4.836e-12
10,1.7344465803562716,1,nr,2.999e-12
3.0500000000000003,14.98151096516961,2,nr,8.001e-12
3.0625000000000004,14.861836726264945,2,nr,5.950e-12
3.0750000000000002,14.743624897649264,2,nr,4.662e-16
3.0875000000000004,14.626851896558104,2,nr,5.374e-12
3.1000000000000005,14.511494615340464,2,nr,7.653e-12
3.1125000000000003,14.397530409934259,2,nr,4.537e-16
3.1250000000000004,14.284937088709158,2,nr,7.828e-12
3.1375000000000002,14.173692901912151,2,nr,2.956e-15
3.1500000000000004,14.063776530889337,2,nr,9.375e-16
3.1625000000000005,13.955167078109939,2,nr,3.445e-13
3.1750000000000003,13.847844057143709,2,nr,1.437e-15
3.1875000000000004,13.741787383037211,2,nr,2.580e-12
3.2000000000000002,13.636977362951548,2,nr,2.791e-13
3.2125000000000004,13.533394686983595,2,nr,1.760e-15
3.2250000000000005,13.431020419361497,2,nr,1.155e-11
3.2375000000000003,13.329835989659831,2,nr,9.455e-17
3.2500000000000004,13.229823184636773,2,nr,2.229e-16
3.2625000000000002,13.130964139833655,2,nr,1.250e-11
3.2750000000000004,13.033241331609572,2,nr,1.494e-15
3.2875000000000005,12.936637569608511,2,nr,2.591e-15
3.3000000000000003,12.841135988951713,2,nr,8.799e-12
3.3125000000000004,12.746720043091488,2,nr,1.672e-15
3.3250000000000002,12.653373496471577,2,nr,8.441e-16
3.3375000000000004,12.561080417704066,2,nr,9.117e-12
3.3500000000000005,12.469825172780915,2,nr,2.684e-15
3.3625000000000003,12.379592418325677,2,nr,2.883e-15
3.3750000000000004,12.290367095316165,2,nr,3.815e-12
3.3875000000000002,12.202134422704766,2,nr,3.184e-16
3.4000000000000004,12.11487989138376,2,nr,1.785e-16
3.4125000000000005,12.028589258170637,2,nr,4.323e-16
3.4250000000000003,11.943248540036315,2,nr,1.163e-15
3.4375000000000004,11.85884400844459,2,nr,1.173e-15
3.4500000000000002,11.775362183848053,2,nr,4.994e-12
3.4625000000000004,11.692789830281374,2,nr,2.612e-16
3.4750000000000005,11.611113950193044,2,nr,9.416e-13
3.4875000000000003,11.530321779282842,2,nr,4.614e-12
3.5000000000000004,11.450400781525511,2,nr,7.253e-12
3.5125000000000002,11.371338644336674,2,nr,8.107e-16
3.5250000000000004,11.293123273865993,2,nr,5.839e-16
3.5375000000000005,11.21574279029913,2,nr,1.699e-11
3.5500000000000003,11.13918552349849,2,nr,2.493e-15
3.5625000000000004,11.063440008397352,2,nr,2.074e-15
3.5750000000000002,10.988494980920866,2,nr,1.367e-15
3.5875000000000004,10.914339373704072,2,nr,1.540e-15
3.6000000000000005,10.84096231203463,2,nr,1.144e-15
3.6125000000000003,10.768353109873907,2,nr,2.881e-16
3.6250000000000004,10.696501265974158,2,nr,4.148e-17
3.6375000000000002,10.625396460101204,2,nr,1.147e-11
3.6500000000000004,10.555028549276869,2,nr,6.982e-14
3.6625000000000005,10.485387564299296,2,nr,1.193e-11
3.6750000000000003,10.41646370604199,2,nr,1.624e-15
3.6875000000000004,10.34824734219128,2,nr,5.640e-15
3.7000000000000002,10.280729003746053,2,nr,1.222e-11
3.7125000000000004,10.213899381855665,2,nr,5.460e-15
3.7250000000000005,10.147749324490904,2,nr,1.980e-15
3.7375000000000003,10.08226983343258,2,nr,4.740e-15
3.7500000000000004,10.01745206116037,2,nr,2.676e-15
3.7625000000000002,9.953287307882011,2,nr,7.636e-15
3.7750000000000004,9.8897670186203559,2,nr,1.854e-15
3.7875000000000005,9.826882780368015,2,nr,2.504e-15
3.8000000000000003,9.7646263193076788,2,nr,1.008e-15
3.8125000000000004,9.7029894980965405,2,nr,2.307e-16
3.8250000000000002,9.6419643132131476,2,nr,3.436e-15
3.8375000000000004,9.5815428923649772,2,nr,3.645e-15
3.8500000000000005,9.5217174919552576,2,nr,1.411e-15
3.8625000000000003,9.4624804946074832,2,nr,8.518e-16
3.8750000000000004,9.4038244067461179,2,nr,4.286e-16
3.8875000000000002,9.3457418562321131,2,nr,6.707e-16
3.9000000000000004,9.2882255900518214,2,nr,2.555e-15
3.9125000000000005,9.2312684720579039,2,nr,2.425e-16
3.9250000000000003,9.1748634807610099,2,nr,4.146e-15
3.9375000000000004,9.1190037071708812,2,nr,4.906e-16
3.9500000000000002,9.0636823526856709,2,nr,5.774e-15
3.9625000000000004,9.0088927270282841,2,nr,2.333e-15
3.9750000000000005,8.9546282462285536,2,nr,3.993e-16
3.9875000000000003,8.9008824306501015,2,nr,2.208e-15
4,8.8476489030608398,2,nr,8.226e-15
4.0125000000000002,8.7949213867459282,2,nr,1.268e-15
4.0250000000000004,8.74269370366234,2,nr,5.152e-15
4.0375000000000005,8.6909597726337608,2,nr,2.564e-16
4.0500000000000007,8.6397136075850938,2,nr,3.041e-15
4.0625,8.5889493158154231,2,nr,7.772e-16
4.0750000000000002,8.5386610963086227,2,nr,5.781e-15
4.0875000000000004,8.488843238080646,2,nr,1.989e-15
4.1000000000000005,8.4394901185626683,2,nr,5.575e-15
4.1125000000000007,8.3905962020151446,2,nr,7.024e-12
4.125,8.342156038000045,2,nr,4.142e-15
4.1375000000000002,8.2941642598264327,2,nr,9.604e-16
4.1500000000000004,8.2466155831085306,2,nr,2.680e-15
4.1625000000000005,8.1995048042956444,2,nr,3.231e-16
4.1750000000000007,8.1528267992570544,2,nr,3.732e-15
4.1875,8.1065765218932739,2,nr,7.063e-15
4.2000000000000002,8.060749002776932,2,nr,6.767e-15
4.2125000000000004,8.0153393478403476,2,nr,3.459e-11
4.2250000000000005,7.9703427370027571,2,nr,3.588e-11
4.2375000000000007,7.9257544229829051,2,nr,7.737e-16
4.25,7.8815697300562411,2,nr,3.163e-15
4.2625000000000002,7.8377840527402851,2,nr,5.293e-15
4.2750000000000004,7.7943928546731076,2,nr,6.041e-15
4.2875000000000005,7.7513916674251169,2,nr,8.423e-15
4.3000000000000007,7.708776089353778,2,nr,4.735e-15
4.3125,7.6665417844824244,2,nr,5.375e-15
4.3250000000000002,7.6246844814027019,2,nr,2.044e-15
4.3375000000000004,7.5831999721999805,2,nr,4.787e-15
4.3500000000000005,7.5420841114013948,2,nr,5.720e-17
4.3625000000000007,7.5013328149459104,2,nr,4.936e-15
4.375,7.460942059175971,2,nr,5.759e-16
4.3875000000000002,7.4209078798502741,2,nr,3.236e-15
4.4000000000000004,7.3812263711772577,2,nr,6.319e-15
4.4125000000000005,7.3418936848687499,2,nr,4.071e-15
4.4250000000000007,7.3029060292135055,2,nr,5.775e-15
4.4375,7.2642596681700562,2,nr,8.192e-15
4.4500000000000002,7.2259509204786436,2,nr,5.165e-15
4.4625000000000004,7.1879761587916766,2,nr,5.003e-15
4.4750000000000005,7.1503318088402246,2,nr,4.267e-11
4.4875000000000007,7.1130143485116752,2,nr,4.558e-15
4.5,7.0760203072115999,2,nr,2.433e-15
4.5125000000000002,7.039346264887115,2,nr,2.737e-15
4.5250000000000004,7.0029888513337886,2,nr,1.969e-15
4.5375000000000005,6.9669447454123166,2,nr,7.775e-16
4.5500000000000007,6.9312106742991482,2,nr,4.527e-15
4.5625,6.8957834127529187,2,nr,2.194e-15
4.5750000000000002,6.8606597823964428,2,nr,3.072e-15
4.5875000000000004,6.8258366510139501,2,nr,1.358e-15
4.6000000000000005,6.7913109318632729,2,nr,1.392e-15
4.6125000000000007,6.7570795830027182,2,nr,6.669e-16
4.625,6.723139606632345,2,nr,1.579e-15
4.6375000000000002,6.6894880484493981,2,nr,1.583e-15
4.6500000000000004,6.6561219970176495,2,nr,4.878e-15
4.6625000000000005,6.6230385831504019,2,nr,5.101e-15
4.6750000000000007,6.5902349793147952,2,nr,2.144e-11
4.6875,6.5577083990017853,2,nr,6.038e-15
4.7000000000000002,6.5254560962043371,2,nr,6.477e-11
4.7125000000000004,6.4934753648917649,2,nr,7.071e-16
4.7250000000000005,6.4617635382605911,2,nr,5.142e-15
4.7375000000000007,6.4303179884361992,2,nr,3.544e-11
4.75,6.3991361257632331,2,nr,7.718e-16
4.7625000000000002,6.3682153984408369,2,nr,4.698e-15
4.7750000000000004,6.3375532918914779,2,nr,1.841e-15
4.7875000000000005,6.3071473283322952,2,nr,1.224e-15
4.8000000000000007,6.2769950662815033,2,nr,5.055e-15
4.8125000000000009,6.2470941000888054,2,nr,4.206e-15
4.8250000000000002,6.2174420594769328,2,nr,7.410e-15
4.8375000000000004,6.1880366090941603,2,nr,9.640e-16
4.8500000000000005,6.1588754480776302,2,nr,3.112e-17
4.8625000000000007,6.1299563096245864,2,nr,8.275e-12
4.8750000000000009,6.1012769605910897,2,nr,3.918e-15
4.8875000000000002,6.0728352010587647,2,nr,5.183e-15
4.9000000000000004,6.04462886396845,2,nr,9.903e-16
4.9125000000000005,6.0166558147216032,2,nr,8.581e-16
4.9250000000000007,5.9889139508087927,2,nr,6.223e-15
4.9375000000000009,5.9614012014453417,2,nr,1.218e-15
4.9500000000000002,5.9341155272168891,2,nr,3.247e-15
4.9625000000000004,5.9070549197347386,2,nr,5.849e-15
4.9750000000000005,5.8802174013035575,2,nr,7.793e-12
4.9875000000000007,5.8536010245831651,2,nr,9.220e-15
5.0000000000000009,5.8272038722987194,2,nr,3.880e-15
5.0125000000000002,5.8010240568896192,2,nr,5.783e-11
5.0250000000000004,5.7750597203210248,2,nr,3.959e-13
5.0375000000000005,5.7493090336029198,2,nr,2.020e-15
5.0500000000000007,5.7237701967037404,2,nr,3.150e-15
5.0625000000000009,5.6984414381851947,2,nr,3.437e-15
5.0750000000000002,5.6733210149624789,2,nr,1.246e-16
5.0875000000000004,5.6484072120538888,2,nr,1.354e-15
5.1000000000000005,5.6236983423187201,2,nr,6.483e-11
5.1125000000000007,5.5991927463270734,2,nr,1.122e-11
5.1250000000000009,5.5748887919446091,2,nr,2.163e-14
5.1375000000000002,5.5507848742954522,2,nr,6.682e-12
5.1500000000000004,5.5268794154987066,2,nr,6.433e-11
5.1625000000000005,5.5031708643742538,2,nr,5.972e-11
5.1750000000000007,5.479657696541973,2,nr,4.431e-12
5.1875000000000009,5.4563384138611637,2,nr,3.676e-15
5.2000000000000002,5.433211544550943,2,nr,2.284e-11
5.2125000000000004,5.4102756429054581,2,nr,4.320e-11
5.2250000000000005,5.3875292891605868,2,nr,3.076e-16
5.2375000000000007,5.3649710894209344,2,nr,1.134e-13
5.2500000000000009,5.3425996754262997,2,nr,4.600e-15
5.2625000000000002,5.3204137044921644,2,nr,7.256e-15
5.2750000000000004,5.2984118593838438,2,nr,2.139e-15
5.2875000000000005,5.2765928482135349,2,nr,3.294e-15
5.3000000000000007,5.2549554043469158,2,nr,4.413e-13
5.3125000000000009,5.233498286320124,2,nr,1.823e-15
5.3250000000000002,5.212220277764267,2,nr,2.426e-15
5.3375000000000004,5.191120187342487,2,nr,1.392e-15
5.3500000000000005,5.1701968486879348,2,nr,2.066e-11
5.3625000000000007,5.1494491203681534,2,nr,7.597e-11
5.3750000000000009,5.1288758859072576,2,nr,2.464e-15
5.3875000000000002,5.1084760535800875,2,nr,1.618e-15
5.4000000000000004,5.0882485566128546,2,nr,8.968e-16
5.4125000000000005,5.0681923530614039,2,nr,2.981e-16
5.4250000000000007,5.0483064258424202,2,nr,1.725e-15
5.4375000000000009,5.0285897827502817,2,nr,6.523e-15
5.4500000000000002,5.0090414564845931,2,nr,3.725e-15
5.4625000000000004,4.9896605046739735,2,nr,4.327e-11
5.4750000000000005,4.9704460099977057,2,nr,9.756e-15
5.4875000000000007,4.9513970801011764,2,nr,1.816e-15
5.5000000000000009,4.9325128478121059,2,nr,3.679e-15
5.5125000000000002,4.9137924711509156,2,nr,8.149e-16
5.5250000000000004,4.8952351334394075,2,nr,2.494e-15
5.5375000000000005,4.8768400434065873,2,nr,8.845e-15
5.5500000000000007,4.8586064353061982,2,nr,3.456e-15
5.5625000000000009,4.8405335690461255,2,nr,2.927e-15
5.5750000000000002,4.8226207303298567,2,nr,1.064e-14
5.5875000000000004,4.804867230806904,2,nr,8.906e-12
5.6000000000000005,4.7872724082542257,2,nr,2.156e-15
5.6125000000000007,4.7698356267185202,2,nr,1.381e-11
5.6250000000000009,4.7525562767623981,2,nr,6.867e-15
5.6375000000000002,4.7354337756035569,2,nr,3.083e-15
5.6500000000000004,4.718467567382711,2,nr,4.410e-15
5.6625000000000005,4.7016571233681566,2,nr,6.113e-16
5.6750000000000007,4.6850019422025078,2,nr,5.871e-14
5.6875000000000009,4.6685015501573304,2,nr,6.720e-15
5.7000000000000002,4.6521555014010989,2,nr,4.935e-16
5.7125000000000004,4.6359633782797278,2,nr,3.275e-16
5.7250000000000005,4.619924791609189,2,nr,3.158e-12
5.7375000000000007,4.6040393809880209,2,nr,2.000e-15
5.7500000000000009,4.5883068151050548,2,nr,4.787e-15
5.7625000000000002,4.5727267920834231,2,nr,7.813e-15
5.7750000000000004,4.5572990398194797,2,nr,6.389e-15
5.7875000000000005,4.5420233163411989,2,nr,7.415e-15
5.8000000000000007,4.5268994101774318,2,nr,7.903e-15
5.8125000000000009,4.5119271407390178,2,nr,4.716e-15
5.8250000000000002,4.497106358711247,2,nr,6.254e-16
5.8375000000000004,4.4824369464572555,2,nr,1.109e-14
5.8500000000000005,4.4679188184318006,2,nr,6.184e-15
5.8625000000000007,4.4535519216046726,2,nr,8.813e-15
5.8750000000000009,4.4393362358931654,2,nr,4.075e-16
5.8875000000000002,4.4252717746025567,2,nr,4.861e-15
5.9000000000000004,4.4113585848736578,2,nr,4.731e-15
5.9125000000000005,4.3975967481363121,2,nr,7.604e-15
5.9250000000000007,4.3839863805674719,2,nr,2.486e-15
5.9375000000000009,4.3705276335524719,2,nr,1.285e-15
5.9500000000000002,4.357220694147661,2,nr,1.090e-14
5.9625000000000004,4.3440657855426785,2,nr,1.073e-15
5.9750000000000005,4.3310631675201003,2,nr,2.713e-15
5.9875000000000007,4.318213136910221,2,nr,7.701e-15
6.0000000000000009,4.3055160280381379,2,nr,1.817e-15
6.0125000000000002,4.2929722131603638,2,nr,1.206e-14
6.0250000000000004,4.2805821028874265,2,nr,2.924e-15
6.0375000000000005,4.2683461465890371,2,nr,5.900e-15
6.0500000000000007,4.2562648327774779,2,nr,1.581e-15
6.0625000000000009,4.244338689464902,2,nr,1.200e-15
6.0750000000000002,4.2325682844893784,2,nr,7.149e-15
6.0875000000000004,4.2209542258042294,2,nr,2.729e-16
6.1000000000000005,4.2094971617361647,2,nr,2.321e-11
6.1125000000000007,4.1981977811242999,2,nr,5.915e-15
6.1250000000000009,4.1870568135759756,2,nr,6.403e-15
6.1375000000000002,4.1760750294259461,2,nr,2.118e-15
6.1500000000000004,4.1652532397951756,2,nr,1.489e-15
6.1625000000000005,4.1545922964725701,2,nr,4.505e-11
6.1750000000000007,4.1440930918576457,2,nr,0.000e+00
6.1875000000000009,4.1337565584375602,2,nr,3.505e-15
6.2000000000000002,4.1235836686248319,2,nr,1.357e-15
6.2125000000000004,4.1135754341028647,2,nr,4.121e-15
6.2250000000000005,4.1037329051676243,2,nr,5.005e-16
6.2375000000000007,4.0940571698814034,2,nr,2.399e-15
6.2500000000000009,4.0845493530205852,2,nr,4.140e-11
6.2625000000000002,4.0752106149683449,2,nr,1.139e-15
6.2750000000000004,4.0660421500216,2,nr,8.063e-16
6.2875000000000005,4.0570451849399936,2,nr,7.994e-17
6.3000000000000007,4.0482209768629884,2,nr,6.974e-15
6.3125000000000009,4.0395708110603215,2,nr,3.027e-11
6.3250000000000002,4.0310959984523551,2,nr,2.569e-15
6.3375000000000004,4.0227978724936282,2,nr,1.389e-15
6.3500000000000005,4.0146777860478986,2,nr,1.537e-11
6.3625000000000007,4.0067371076235414,2,nr,1.743e-15
6.3750000000000009,3.9989772171225013,2,nr,1.502e-16
6.3875000000000002,3.9913995012886114,2,nr,2.382e-15
6.4000000000000004,3.9840053484800495,2,nr,1.549e-15
6.4125000000000005,3.9767961429398637,2,nr,2.193e-16
6.4250000000000007,3.9697732584481673,2,nr,5.656e-12
6.4375000000000009,3.9629380513527508,2,nr,2.870e-16
6.4500000000000002,3.9562918528486191,2,nr,1.635e-15
6.4625000000000004,3.9498359606053204,2,nr,2.516e-12
6.4750000000000005,3.9435716295680021,2,nr,1.745e-15
6.4875000000000007,3.9375000619357614,2,nr,2.006e-15
6.5000000000000009,3.9316223963145842,2,nr,3.426e-16
6.5125000000000002,3.9259396959427693,2,nr,5.432e-16
6.5250000000000004,3.9204529359936298,2,nr,7.400e-16
6.5375000000000005,3.9151629899108422,2,nr,7.333e-16
6.5500000000000007,3.9100706147331823,2,nr,2.302e-11
6.5625000000000009,3.9051764355288583,2,nr,2.029e-15
6.5750000000000002,3.9004809285152962,2,nr,2.076e-15
6.5875000000000004,3.8959844035576503,2,nr,0.000e+00
6.6000000000000005,3.8916869853690299,2,nr,0.000e+00
6.6125000000000007,3.8875885938571293,2,nr,1.769e-15
6.6250000000000009,3.8836889235445811,2,nr,1.946e-11
6.6375000000000002,3.8799874220212405,2,nr,5.526e-15
6.6500000000000004,3.8764832679049741,2,nr,3.078e-16
6.6625000000000005,3.8731753477967867,2,nr,1.519e-11
6.6750000000000007,3.8700622329281678,2,nr,1.563e-11
6.6875000000000009,3.8671421554932541,2,nr,1.201e-16
6.7000000000000002,3.8644129847987458,2,nr,4.985e-12
6.7125000000000004,3.8618722034657456,2,nr,1.005e-15
6.7250000000000005,3.8595168840819207,2,nr,2.726e-12
6.7375000000000007,3.8573436665918175,2,nr,1.807e-15
6.7500000000000009,3.8553487366258103,2,nr,1.100e-15
6.7625000000000002,3.8535278053329014,2,nr,9.770e-12
6.7750000000000004,3.8518760910686494,2,nr,1.999e-16
6.7875000000000005,3.8503883032176871,2,nr,1.192e-15
6.8000000000000007,3.8490586289689404,2,nr,2.972e-12
6.8125000000000009,3.8478807231612944,2,nr,5.946e-12
6.8250000000000002,3.8468477018861251,2,nr,1.227e-15
6.8375000000000004,3.8459521402216574,2,nr,2.220e-16
6.8500000000000005,3.8451860746900866,2,nr,2.486e-16
6.8625000000000007,3.844541010692331,2,nr,1.414e-13
6.8750000000000009,3.8440079354195338,2,nr,1.530e-13
6.8875000000000002,3.8435773365071593,2,nr,2.383e-13
6.9000000000000004,3.8432392266718374,2,nr,8.026e-13
6.9125000000000005,3.8429831744683831,2,nr,1.336e-12
6.9250000000000007,3.84279834119048,2,nr,1.753e-12
6.9375000000000009,3.8426735238175103,2,nr,2.035e-12
6.9500000000000002,3.8425972037773257,2,nr,2.199e-12
6.9625000000000004,3.8425576011562992,2,nr,2.257e-12
6.9750000000000005,3.8425427338485787,2,nr,2.227e-12
6.9875000000000007,3.8425404810005772,2,nr,2.117e-12
7.0000000000000009,3.8425386499801859,2,nr,1.932e-12
7.0125000000000002,3.842525045987728,2,nr,1.686e-12
7.0250000000000004,3.842487543331182,2,nr,1.193e-15
7.0375000000000005,3.8424141573319015,2,nr,6.415e-16
7.0500000000000007,3.8422931157335776,2,nr,1.071e-11
7.0625000000000009,3.8421129286535032,2,nr,3.005e-12
7.0750000000000002,3.8418624556637329,2,nr,2.034e-13
7.0875000000000004,3.8415309695352562,2,nr,4.971e-13
7.1000000000000005,3.8411082151014604,2,nr,5.444e-13
7.1125000000000007,3.840584462815047,2,nr,2.704e-13
7.1250000000000009,3.8399505561214298,2,nr,2.376e-13
7.1375000000000002,3.8391979521306596,2,nr,8.330e-16
7.1500000000000004,3.8383187551757834,2,nr,7.815e-16
7.1625000000000005,3.8373057430238671,2,nr,2.872e-12
7.1750000000000007,3.8361523856770194,2,nr,1.542e-12
7.1875000000000009,3.8348528567774247,2,nr,9.880e-12
7.2000000000000002,3.8334020379931664,2,nr,4.575e-16
7.2125000000000004,3.8317955164437798,2,nr,2.372e-12
7.2250000000000005,3.8300295760387382,2,nr,1.160e-16
7.2375000000000007,3.8281011828448803,2,nr,1.577e-15
7.2500000000000009,3.8260079654094965,2,nr,3.991e-13
7.2625000000000002,3.8237481905314135,2,nr,4.747e-16
7.2750000000000004,3.8213207352176903,2,nr,8.690e-13
7.2875000000000005,3.8187250555005403,2,nr,2.292e-15
7.3000000000000007,3.8159611527947153,2,nr,1.962e-12
7.3125000000000009,3.8130295384049777,2,nr,9.202e-16
7.3250000000000002,3.8099311968468039,2,nr,1.199e-11
7.3375000000000004,3.8066675485427441,2,nr,1.056e-11
7.3500000000000005,3.8032404121682237,2,nr,1.134e-15
7.3625000000000007,3.7996519676511089,2,nr,1.399e-15
7.3750000000000009,3.7959047195002715,2,nr,9.137e-12
7.3875000000000002,3.7920014613356021,2,nr,2.880e-11
7.4000000000000004,3.7879452416029791,2,nr,1.111e-15
7.4125000000000005,3.7837393310074718,2,nr,1.254e-15
7.4250000000000007,3.7793871912410557,2,nr,0.000e+00
7.4375000000000009,3.7748924458162696,2,nr,7.396e-16
7.4500000000000002,3.770258852627363,2,nr,2.633e-12
7.4625000000000004,3.7654902784381261,2,nr,9.758e-12
7.4750000000000005,3.76059067528529,2,nr,1.538e-11
7.4875000000000007,3.755564058797503,2,nr,1.604e-11
7.5000000000000009,3.7504144883702955,2,nr,1.041e-11
7.5125000000000002,3.7451460491520376,2,nr,1.625e-12
7.5250000000000004,3.739762835769306,2,nr,1.868e-15
7.5375000000000005,3.7342689376940403,2,nr,7.253e-17
7.5500000000000007,3.7286684262116716,2,nr,5.857e-16
7.5625000000000009,3.7229653428517366,2,nr,3.621e-15
7.5750000000000002,3.7171636892015978,2,nr,2.909e-15
7.5875000000000004,3.7112674180070622,2,nr,7.527e-17
7.6000000000000005,3.7052804254693856,2,nr,1.128e-11
7.6125000000000007,3.6992065445970463,2,nr,1.150e-15
7.6250000000000009,3.6930495396629324,2,nr,2.320e-15
7.6375000000000002,3.6868131014420209,2,nr,3.512e-15
7.6500000000000004,3.6805008433579918,2,nr,4.460e-11
7.6625000000000005,3.6741162984902536,2,nr,2.383e-16
7.6750000000000007,3.6676629168948951,2,nr,3.926e-15
7.6875000000000009,3.6611440640283792,2,nr,2.747e-15
7.7000000000000002,3.6545630193436032,2,nr,2.200e-15
7.7125000000000004,3.6479229755173224,2,nr,4.766e-15
7.7250000000000005,3.6412270380804763,2,nr,3.066e-15
7.7375000000000007,3.6344782254251489,2,nr,1.170e-15
7.7500000000000009,3.6276794691414547,2,nr,7.917e-15
7.7625000000000002,3.6208336146419722,2,nr,1.274e-15
7.7750000000000004,3.6139434220350433,2,nr,1.883e-15
7.7875000000000005,3.6070115672118956,2,nr,1.095e-14
7.8000000000000007,3.6000406431165177,2,nr,8.049e-13
7.8125000000000009,3.5930331611671606,2,nr,5.605e-15
7.8250000000000002,3.5859915528116626,2,nr,4.853e-15
7.8375000000000004,3.5789181711811753,2,nr,1.244e-15
7.8500000000000005,3.5718152928344011,2,nr,7.342e-15
7.8625000000000007,3.5646851195669211,2,nr,4.329e-15
7.8750000000000009,3.5575297802718917,2,nr,1.262e-14
7.8875000000000002,3.5503513328174425,2,nr,5.134e-11
7.9000000000000004,3.5431517660704652,2,nr,1.188e-14
7.9125000000000005,3.5359330016293162,2,nr,3.708e-15
7.9250000000000007,3.5286968959668399,2,nr,1.306e-15
7.9375000000000009,3.5214452422645368,2,nr,9.862e-15
7.9500000000000002,3.514179772357346,2,nr,1.134e-15
7.9625000000000004,3.5069021586405791,2,nr,1.465e-14
7.9750000000000005,3.4996140159543141,2,nr,9.571e-16
7.9875000000000007,3.4923169034405506,2,nr,2.292e-14
8,3.4850123263698061,2,nr,1.520e-13
8.0124999999999993,3.4777017379333475,2,nr,2.036e-14
8.0250000000000004,3.4703865409955261,2,nr,1.328e-11
8.0374999999999996,3.4630680898335418,2,nr,1.183e-14
8.0499999999999989,3.4557476917708518,2,nr,9.909e-17
8.0625,3.4484266088588202,2,nr,8.468e-15
8.0749999999999993,3.4411060594492464,2,nr,9.715e-15
8.0875000000000004,3.4337872197514243,2,nr,6.342e-15
8.0999999999999996,3.4264712253418503,2,nr,1.543e-14
8.1124999999999989,3.4191591726313182,2,nr,2.034e-16
8.125,3.4118521202891916,2,nr,2.723e-14
8.1374999999999993,3.4045510906255512,2,nr,2.053e-16
8.1500000000000004,3.3972570709312295,2,nr,3.063e-14
8.1624999999999996,3.3899710147681885,2,nr,2.919e-11
8.1749999999999989,3.3826938432706144,2,nr,2.539e-14
8.1875,3.3754264462772623,2,nr,2.927e-15
8.1999999999999993,3.3681696835967818,2,nr,9.447e-15
8.2125000000000004,3.3609243861056792,2,nr,9.749e-15
8.2249999999999996,3.3536913568608275,2,nr,6.666e-15
8.2374999999999989,3.3464713721668913,2,nr,1.482e-14
8.25,3.3392651826085977,2,nr,1.546e-15
8.2624999999999993,3.3320735140485382,2,nr,1.985e-14
8.2750000000000004,3.3248970685917998,2,nr,1.826e-15
8.2874999999999996,3.3177365255181841,2,nr,1.331e-14
8.2999999999999989,3.3105925421832301,2,nr,2.758e-15
8.3125,3.3034657548889705,2,nr,6.673e-15
8.3249999999999993,3.2963567797253606,2,nr,6.802e-15
8.3375000000000004,3.2892662133835211,2,nr,1.037e-15
8.3499999999999996,3.282194633941609,2,nr,1.440e-14
8.3624999999999989,3.2751426016316225,2,nr,2.826e-11
8.375,3.2681106595376139,2,nr,1.096e-14
8.3874999999999993,3.2610993343772989,2,nr,3.367e-15
8.4000000000000004,3.2541091371163651,2,nr,1.550e-15
8.4124999999999996,3.247140563667855,2,nr,1.182e-14
8.4249999999999989,3.2401940955384863,2,nr,4.816e-11
8.4375,3.2332702003901717,2,nr,9.335e-15
8.4499999999999993,3.2263693327587877,2,nr,1.019e-14
8.4625000000000004,3.2194919345170416,2,nr,6.632e-15
8.4749999999999996,3.2126384354960789,2,nr,2.776e-15
8.4874999999999989,3.2058092540182885,2,nr,1.545e-15
8.5,3.1990047974247862,2,nr,5.262e-15
8.5124999999999993,3.1922254625864186,2,nr,4.143e-15
8.5250000000000004,3.1854716363967963,2,nr,9.450e-12
8.5374999999999996,3.1787436962634614,2,nr,2.177e-15
8.5499999999999989,3.1720420105513574,2,nr,2.321e-15
8.5625,3.1653669390324266,2,nr,1.049e-10
8.5749999999999993,3.1587188334343188,2,nr,5.080e-15
8.5875000000000004,3.1520980376255623,2,nr,1.704e-16
8.5999999999999996,3.1455048882595689,2,nr,5.357e-11
8.6124999999999989,3.1389397151163068,2,nr,5.678e-15
8.625,3.1324028413948746,2,nr,3.589e-15
8.6374999999999993,3.1258945842159531,2,nr,1.354e-15
8.6500000000000004,3.1194152549304621,2,nr,3.322e-15
8.6624999999999996,3.1129651594919387,2,nr,1.469e-15
8.6749999999999989,3.1065445988073743,2,nr,1.706e-15
8.6875,3.1001538690807502,2,nr,6.957e-12
8.6999999999999993,3.09379326213877,2,nr,8.828e-15
8.7125000000000004,3.0874630657718436,2,nr,2.181e-15
8.7249999999999996,3.0811635640158044,2,nr,9.217e-11
8.7374999999999989,3.0748950375715789,2,nr,4.014e-12
8.75,3.068657763886085,2,nr,9.296e-11
8.7624999999999993,3.0624520177605872,2,nr,5.770e-11
8.7750000000000004,3.0562780712754685,2,nr,1.079e-11
8.7874999999999996,3.0501361944366936,2,nr,3.009e-12
8.7999999999999989,3.0440266551876856,2,nr,4.467e-11
8.8125,3.0379497198465324,2,nr,1.054e-15
8.8249999999999993,3.031905653244011,2,nr,3.246e-15
8.8375000000000004,3.0258947190906658,2,nr,1.849e-15
8.8499999999999996,3.0199171801845686,2,nr,2.086e-12
8.8624999999999989,3.013973298677068,2,nr,6.957e-16
8.875,3.0080633363174973,2,nr,3.631e-15
8.8874999999999993,3.0021875547029495,2,nr,1.162e-15
8.9000000000000004,2.9963462155172285,2,nr,2.207e-15
8.9124999999999996,2.9905395807688011,2,nr,3.673e-16
8.9249999999999989,2.9847679130161691,2,nr,3.848e-11
8.9375,2.9790314756408098,2,nr,2.676e-15
8.9499999999999993,2.9733305329892334,2,nr,2.109e-15
8.9625000000000004,2.9676653506818704,2,nr,3.959e-15
8.9749999999999996,2.9620361957913168,2,nr,1.850e-15
8.9874999999999989,2.9564433370685488,2,nr,3.077e-16
9,2.9508870451576699,2,nr,1.871e-15
9.0124999999999993,2.9453675928077674,2,nr,2.507e-15
9.0250000000000004,2.9398852550781363,2,nr,1.666e-11
9.0374999999999996,2.9344403095630884,2,nr,3.883e-16
9.0499999999999989,2.9290330365578603,2,nr,5.424e-15
9.0625,2.9236637192963717,2,nr,5.245e-15
9.0749999999999993,2.9183326441300537,2,nr,6.664e-15
9.0875000000000004,2.913040100726108,2,nr,1.730e-14
9.0999999999999996,2.9077863822590109,2,nr,1.167e-14
9.1124999999999989,2.9025717855988549,2,nr,2.371e-14
9.125,2.8973966114964012,2,nr,1.721e-14
9.1374999999999993,2.892261164764776,2,nr,1.396e-14
9.1500000000000004,2.8871657544574276,2,nr,1.272e-14
9.1624999999999996,2.8821106940423826,2,nr,1.841e-14
9.1749999999999989,2.8770963015723705,2,nr,1.856e-14
9.1875,2.8721228998506301,2,nr,1.603e-14
9.1999999999999993,2.8671908165920597,2,nr,1.673e-14
9.2125000000000004,2.8623003845793633,2,nr,2.184e-14
9.2249999999999996,2.8574519418138244,2,nr,2.998e-14
9.2374999999999989,2.852645831660269,2,nr,3.712e-14
9.25,2.8478824029856531,2,nr,2.687e-14
9.2624999999999993,2.8431620102910218,2,nr,2.624e-14
9.2750000000000004,2.8384850138358986,2,nr,2.086e-14
9.2874999999999996,2.8338517797547582,2,nr,1.750e-14
9.2999999999999989,2.8292626801647875,2,nr,5.808e-15
9.3125,2.8247180932774634,2,nr,5.318e-11
9.3249999999999993,2.8202184034203581,2,nr,4.886e-15
9.3375000000000004,2.815764001246631,2,nr,2.560e-15
9.3499999999999996,2.8113552836673823,2,nr,6.220e-15
9.3624999999999989,2.8069926539696977,2,nr,2.802e-14
9.375,2.8026765218410263,2,nr,4.467e-14
9.3874999999999993,2.79840730339127,2,nr,3.048e-14
9.4000000000000004,2.794185421158434,2,nr,9.412e-15
9.4124999999999996,2.7900113040975811,2,nr,5.887e-12
9.4249999999999989,2.7858853875410046,2,nr,3.372e-15
9.4375,2.7818081131606043,2,nr,2.003e-14
9.4499999999999993,2.7777799288764187,2,nr,4.615e-14
9.4625000000000004,2.7738012887637042,2,nr,1.768e-14
9.4749999999999996,2.7698726529164284,2,nr,2.908e-11
9.4874999999999989,2.7659944873314486,2,nr,1.934e-16
9.5,2.7621672636420609,2,nr,3.819e-14
9.5124999999999993,2.7583914589784846,2,nr,3.435e-14
9.5250000000000004,2.7546675556740059,2,nr,4.983e-12
9.5374999999999996,2.7509960409727832,2,nr,1.893e-16
9.5499999999999989,2.7473774067096972,2,nr,4.057e-14
9.5625,2.7438121489182388,2,nr,1.778e-14
9.5749999999999993,2.7403007674125797,2,nr,3.723e-16
9.5875000000000004,2.7368437653113236,2,nr,2.129e-14
9.5999999999999996,2.7334416485089932,2,nr,2.889e-14
9.6125000000000007,2.7300949250905355,2,nr,1.830e-15
9.625,2.726804104685367,2,nr,1.564e-14
9.6374999999999993,2.7235696977566963,2,nr,2.324e-14
9.6500000000000004,2.7203922148224282,2,nr,3.325e-15
9.6624999999999996,2.7172721656036245,2,nr,2.752e-14
9.6750000000000007,2.7142100580959956,2,nr,4.973e-15
9.6875,2.7112063975602099,2,nr,2.471e-15
9.6999999999999993,2.7082616854267565,2,nr,2.640e-14
9.7125000000000004,2.7053764181104412,2,nr,1.656e-15
9.7249999999999996,2.7025510857304123,2,nr,2.946e-14
9.7375000000000007,2.6997861707150959,2,nr,4.571e-11
9.75,2.6970821463964469,2,nr,1.968e-14
9.7624999999999993,2.6944394752632497,2,nr,3.401e-15
9.7750000000000004,2.6918586074112887,2,nr,1.251e-14
9.7874999999999996,2.6893399786441852,2,nr,8.396e-17
9.8000000000000007,2.6868840085456829,2,nr,1.360e-14
9.8125,2.6844910984115566,2,nr,1.575e-15
9.8249999999999993,2.6821616290528096,2,nr,1.705e-14
9.8375000000000004,2.6798959584644715,2,nr,8.044e-12
9.8499999999999996,2.6776944193780543,2,nr,1.716e-14
9.8625000000000007,2.6755573166334257,2,nr,3.233e-16
9.875,2.6734849244732226,2,nr,1.148e-14
9.8874999999999993,2.6714774836550395,2,nr,2.633e-15
9.9000000000000004,2.669535198452996,2,nr,2.039e-11
9.9124999999999996,2.6676582334733445,2,nr,1.348e-14
9.9250000000000007,2.6658467104584256,2,nr,1.253e-15
9.9375,2.6641007048034746,2,nr,2.724e-15
9.9499999999999993,2.6624202420722733,2,nr,8.431e-15
9.9625000000000004,2.6608052943517793,2,nr,2.306e-16
9.9749999999999996,2.6592557765113041,2,nr,2.903e-15
9.9875000000000007,2.6577715423703809,2,nr,8.202e-15
10,2.6563523807892961,2,nr,1.057e-15
3.9250000000000003,14.95930783240366,3,nr,4.744e-15
3.9375000000000004,14.866712202133556,3,nr,4.821e-15
3.9500000000000002,14.775002641363194,3,nr,6.482e-15
3.9625000000000004,14.684168076959178,3,nr,4.977e-16
3.9750000000000005,14.594197610911801,3,nr,3.003e-15
3.9875000000000003,14.50508051707194,3,nr,1.688e-12
4,14.41680623795348,3,nr,1.078e-14
4.0125000000000002,14.329364381621845,3,nr,5.497e-15
4.0250000000000004,14.242744718629465,3,nr,9.212e-16
4.0375000000000005,14.156937179034019,3,nr,2.058e-16
4.0500000000000007,14.071931849475298,3,nr,2.793e-15
4.0625,13.987718970316621,3,nr,1.716e-15
4.0750000000000002,13.904288932848113,3,nr,4.704e-16
4.0875000000000004,13.821632276550595,3,nr,7.775e-15
4.1000000000000005,13.739739686418316,3,nr,6.653e-15
4.1125000000000007,13.658601990339283,3,nr,1.592e-15
4.125,13.578210156531851,3,nr,2.559e-15
4.1375000000000002,13.498555291036135,3,nr,2.411e-15
4.1500000000000004,13.419628635258995,3,nr,1.346e-15
4.1625000000000005,13.341421563571345,3,nr,4.705e-15
4.1750000000000007,13.263925580956496,3,nr,3.206e-15
4.1875,13.18713232070842,3,nr,8.023e-15
4.2000000000000002,13.111033542178681,3,nr,6.085e-15
4.2125000000000004,13.035621128571014,3,nr,3.414e-15
4.2250000000000005,12.960887084782328,3,nr,4.424e-16
4.2375000000000007,12.886823535289162,3,nr,9.386e-15
4.25,12.813422722078524,3,nr,1.227e-15
4.2625000000000002,12.74067700262199,3,nr,1.305e-14
4.2750000000000004,12.668578847892364,3,nr,8.884e-15
4.2875000000000005,12.59712084042156,3,nr,9.653e-15
4.3000000000000007,12.526295672399135,3,nr,3.060e-15
4.3125,12.456096143810266,3,nr,4.380e-15
4.3250000000000002,12.386515160612461,3,nr,6.852e-16
4.3375000000000004,12.317545732950213,3,nr,8.310e-15
4.3500000000000005,12.249180973406478,3,nr,7.190e-15
4.3625000000000007,12.181414095290478,3,nr,1.281e-14
4.375,12.114238410960837,3,nr,1.008e-14
4.3875000000000002,12.047647330183317,3,nr,7.091e-15
4.4000000000000004,11.98163435852255,3,nr,2.916e-16
4.4125000000000005,11.916193095766809,3,nr,8.308e-15
4.4250000000000007,11.851317234385247,3,nr,6.457e-15
4.4375,11.787000558016912,3,nr,1.048e-14
4.4500000000000002,11.723236939990835,3,nr,1.063e-15
4.4625000000000004,11.660020341876647,3,nr,2.076e-13
4.4750000000000005,11.597344812064431,3,nr,1.895e-14
4.4875000000000007,11.535204484383192,3,nr,2.017e-11
4.5,11.473593576697718,3,nr,2.808e-15
4.5125000000000002,11.412506389655729,3,nr,2.546e-15
4.5250000000000004,11.351937305300687,3,nr,1.757e-14
4.5375000000000005,11.291880785832491,3,nr,8.130e-16
4.5500000000000007,11.232331372346154,3,nr,1.177e-15
4.5625,11.17328368360436,3,nr,7.867e-15
4.5750000000000002,11.114732414835348,3,nr,8.614e-15
4.5875000000000004,11.056672336555641,3,nr,4.682e-15
4.6000000000000005,10.999098293417115,3,nr,1.158e-15
4.6125000000000007,10.942005203077926,3,nr,1.386e-14
4.625,10.885388055121302,3,nr,6.637e-11
4.6375000000000002,10.829241909851165,3,nr,6.101e-15
4.6500000000000004,10.773561897475627,3,nr,6.880e-15
4.6625000000000005,10.718343216825671,3,nr,9.847e-15
4.6750000000000007,10.66358113446082,3,nr,3.699e-16
4.6875,10.609270983650124,3,nr,2.718e-15
4.7000000000000002,10.555408163422626,3,nr,6.841e-11
4.7125000000000004,10.501988137493701,3,nr,6.506e-15
4.7250000000000005,10.449006433573739,3,nr,3.537e-15
4.7375000000000007,10.396458642214048,3,nr,2.796e-16
4.75,10.344340416034461,3,nr,1.092e-14
4.7625000000000002,10.292647468825475,3,nr,1.179e-14
4.7750000000000004,10.241375574693517,3,nr,4.180e-15
4.7875000000000005,10.190520567206338,3,nr,5.490e-11
4.8000000000000007,10.140078338669516,3,nr,2.426e-12
4.8125000000000009,10.090044839136821,3,nr,7.781e-13
4.8250000000000002,10.040416075841012,3,nr,5.634e-11
4.8375000000000004,9.9911881122369124,3,nr,7.257e-15
4.8500000000000005,9.9423570674639166,3,nr,3.921e-15
4.8625000000000007,9.8939191154286643,3,nr,6.907e-15
4.8750000000000009,9.8458704841870031,3,nr,4.712e-17
4.8875000000000002,9.798207455229754,3,nr,4.542e-15
4.9000000000000004,9.7509263628039307,3,nr,8.074e-15
4.9125000000000005,9.7040235932503638,3,nr,3.633e-15
4.9250000000000007,9.6574955843575356,3,nr,9.956e-15
4.9375000000000009,9.6113388247314404,3,nr,6.882e-15
4.9500000000000002,9.5655498531993395,3,nr,5.565e-11
4.9625000000000004,9.5201252581224765,3,nr,3.102e-12
4.9750000000000005,9.4750616769879805,3,nr,6.900e-13
4.9875000000000007,9.4303557956768582,3,nr,1.890e-11
5.0000000000000009,9.3860043479471944,3,nr,5.189e-11
5.0125000000000002,9.3420041150254551,3,nr,1.077e-14
5.0250000000000004,9.2983519248589648,3,nr,3.316e-15
5.0375000000000005,9.2550446518050524,3,nr,1.663e-13
5.0500000000000007,9.2120792160456375,3,nr,1.528e-11
5.0625000000000009,9.1694525831327116,3,nr,6.089e-11
5.0750000000000002,9.1271617635503244,3,nr,7.520e-11
5.0875000000000004,9.0852038122426819,3,nr,1.230e-13
5.1000000000000005,9.0435758281106207,3,nr,7.311e-12
5.1125000000000007,9.0022749537498967,3,nr,7.894e-12
5.1250000000000009,8.9612983749465602,3,nr,2.584e-11
5.1375000000000002,8.9206433202813322,3,nr,3.272e-11
5.1500000000000004,8.8803070608053911,3,nr,1.688e-11
5.1625000000000005,8.8402869096750667,3,nr,2.376e-11
5.1750000000000007,8.8005802217546982,3,nr,3.311e-11
5.1875000000000009,8.7611843934056033,3,nr,6.942e-15
5.2000000000000002,8.7220968620111439,3,nr,7.150e-16
5.2125000000000004,8.6833151058149713,3,nr,1.059e-14
5.2250000000000005,8.6448366435780208,3,nr,4.269e-12
5.2375000000000007,8.6066590343286133,3,nr,1.256e-14
5.2500000000000009,8.5687798770976134,3,nr,7.445e-15
5.2625000000000002,8.5311968106960681,3,nr,4.317e-15
5.2750000000000004,8.493907513488514,3,nr,1.385e-15
5.2875000000000005,8.4569097031903375,3,nr,9.123e-15
5.3000000000000007,8.4202011366697427,3,nr,3.255e-11
5.3125000000000009,8.3837796098278066,3,nr,5.506e-16
5.3250000000000002,8.347642957340895,3,nr,5.769e-15
5.3375000000000004,8.3117890526257323,3,nr,7.004e-16
5.3500000000000005,8.2762158076673256,3,nr,1.094e-15
5.3625000000000007,8.2409211729260985,3,nr,2.606e-15
5.3750000000000009,8.2059031372524949,3,nr,4.292e-15
5.3875000000000002,8.1711597278197097,3,nr,6.512e-15
5.4000000000000004,8.1366890100749174,3,nr,1.082e-15
5.4125000000000005,8.1024890877093334,3,nr,5.816e-15
5.4250000000000007,8.0685581026475734,3,nr,1.375e-14
5.4375000000000009,8.0348942350548729,3,nr,5.475e-12
5.4500000000000002,8.0014957033752392,3,nr,5.467e-15
5.4625000000000004,7.9683607643634167,3,nr,3.436e-15
5.4750000000000005,7.9354877131737211,3,nr,4.546e-15
5.4875000000000007,7.9028748834437934,3,nr,2.236e-15
5.5000000000000009,7.8705206474113227,3,nr,7.037e-15
5.5125000000000002,7.8384234160518567,3,nr,5.843e-16
5.5250000000000004,7.8065816392400906,3,nr,8.442e-15
5.5375000000000005,7.7749938059353347,3,nr,1.827e-14
5.5500000000000007,7.7436584443918974,3,nr,4.045e-15
5.5625000000000009,7.7125741223949396,3,nr,9.669e-15
5.5750000000000002,7.681739447522844,3,nr,8.541e-15
5.5875000000000004,7.6511530674367192,3,nr,2.226e-15
5.6000000000000005,7.6208136701979061,3,nr,2.558e-15
5.6125000000000007,7.5907199846144602,3,nr,1.415e-15
5.6250000000000009,7.5608707806174564,3,nr,1.578e-15
5.6375000000000002,7.5312648696681554,3,nr,3.366e-15
5.6500000000000004,7.5019011051969491,3,nr,2.457e-15
5.6625000000000005,7.4727783830753012,3,nr,9.559e-15
5.6750000000000007,7.4438956421215838,3,nr,4.978e-16
5.6875000000000009,7.4152518646422001,3,nr,2.202e-15
5.7000000000000002,7.386846077008923,3,nr,4.819e-15
5.7125000000000004,7.3586773502739424,3,nr,3.487e-15
5.7250000000000005,7.330744800823723,3,nr,2.818e-15
5.7375000000000007,7.3030475910731285,3,nr,1.617e-14
5.7500000000000009,7.2755849302011208,3,nr,5.576e-15
5.7625000000000002,7.2483560749295544,3,nr,1.653e-15
5.7750000000000004,7.2213603303463794,3,nr,7.529e-15
5.7875000000000005,7.1945970507887322,3,nr,3.537e-11
5.8000000000000007,7.1680656406911796,3,nr,1.174e-14
5.8125000000000009,7.1417655556890285,3,nr,4.063e-15
5.8250000000000002,7.1156963034980976,3,nr,2.071e-15
5.8375000000000004,7.0898574450476319,3,nr,1.258e-11
5.8500000000000005,7.0642485956156484,3,nr,7.159e-15
5.8625000000000007,7.0388694259577962,3,nr,4.471e-15
5.8750000000000009,7.0137196635953272,3,nr,8.379e-15
5.8875000000000002,6.9887990940864402,3,nr,1.314e-14
5.9000000000000004,6.9641075623891799,3,nr,3.984e-16
5.9125000000000005,6.9396449743039774,3,nr,5.065e-11
5.9250000000000007,6.9154112978500786,3,nr,8.841e-16
5.9375000000000009,6.8914065650348499,3,nr,9.753e-17
5.9500000000000002,6.8676308732554689,3,nr,1.036e-14
5.9625000000000004,6.8440843870965002,3,nr,9.612e-17
5.9750000000000005,6.8207673400676745,3,nr,3.148e-15
5.9875000000000007,6.79768003643533,3,nr,1.468e-14
6.0000000000000009,6.7748228531198693,3,nr,1.520e-11
6.0125000000000002,6.752196241709977,3,nr,4.754e-15
6.0250000000000004,6.7298007304357634,3,nr,1.811e-11
6.0375000000000005,6.7076369264116247,3,nr,9.632e-15
6.0500000000000007,6.6857055177164231,3,nr,9.098e-17
6.0625000000000009,6.6640072757651074,3,nr,8.391e-15
6.0750000000000002,6.6425430576158684,3,nr,7.425e-15
6.0875000000000004,6.6213138084015641,3,nr,7.184e-15
6.1000000000000005,6.6003205638220797,3,nr,2.726e-15
6.1125000000000007,6.579564452719695,3,nr,3.073e-11
6.1250000000000009,6.5590466996190031,3,nr,1.641e-15
6.1375000000000002,6.5387686275701444,3,nr,1.626e-15
6.1500000000000004,6.5187316607162922,3,nr,1.781e-15
6.1625000000000005,6.4989373271507294,3,nr,7.309e-15
6.1750000000000007,6.4793872617107091,3,nr,9.154e-16
6.1875000000000009,6.4600832088117359,3,nr,2.885e-15
6.2000000000000002,6.441027025292974,3,nr,2.367e-15
6.2125000000000004,6.4222206832585274,3,nr,3.071e-15
6.2250000000000005,6.4036662728967206,3,nr,8.001e-16
6.2375000000000007,6.3853660052564667,3,nr,6.336e-16
6.2500000000000009,6.3673222149566291,3,nr,5.252e-15
6.2625000000000002,6.349537362822594,3,nr,3.414e-11
6.2750000000000004,6.3320140382617884,3,nr,2.457e-15
6.2875000000000005,6.3147549618013814,3,nr,1.179e-11
6.3000000000000007,6.2977629870214704,3,nr,9.769e-16
6.3125000000000009,6.2810411024479205,3,nr,2.453e-15
6.3250000000000002,6.2645924331429699,3,nr,2.581e-11
6.3375000000000004,6.2484202419374064,3,nr,1.163e-15
6.3500000000000005,6.2325279299900576,3,nr,5.966e-15
6.3625000000000007,6.216919037188033,3,nr,4.619e-15
6.3750000000000009,6.2015972416574296,3,nr,3.513e-16
6.3875000000000002,6.186566358673339,3,nr,1.389e-16
6.4000000000000004,6.1718303387272808,3,nr,8.922e-16
6.4125000000000005,6.1573932646452763,3,nr,4.002e-15
6.4250000000000007,6.1432593476173292,3,nr,3.016e-15
6.4375000000000009,6.1294329219615182,3,nr,2.593e-11
6.4500000000000002,6.1159184386098699,3,nr,3.206e-15
6.4625000000000004,6.1027204566561224,3,nr,2.004e-15
6.4750000000000005,6.0898436335458017,3,nr,1.873e-12
6.4875000000000007,6.0772927129098129,3,nr,5.675e-16
6.5000000000000009,6.0650725102255985,3,nr,9.545e-12
6.5125000000000002,6.0531878960126484,3,nr,3.690e-16
6.5250000000000004,6.0416437760498054,3,nr,1.640e-15
6.5375000000000005,6.0304450686775679,3,nr,2.999e-16
6.5500000000000007,6.0195966785291688,3,nr,6.667e-12
6.5625000000000009,6.0091034666343086,3,nr,2.209e-11
6.5750000000000002,5.9989702161986216,3,nr,1.821e-11
6.5875000000000004,5.9892015943214831,3,nr,1.620e-11
6.6000000000000005,5.9798021087798485,3,nr,1.171e-12
6.6125000000000007,5.9707760594545558,3,nr,1.168e-15
6.6250000000000009,5.9621274848691028,3,nr,6.039e-16
6.6375000000000002,5.9538601027004416,3,nr,1.780e-11
6.6500000000000004,5.94597724465791,3,nr,9.640e-16
6.6625000000000005,5.9384817850163589,3,nr,1.818e-11
6.6750000000000007,5.9313760633669022,3,nr,4.703e-16
6.6875000000000009,5.9246618013618146,3,nr,1.349e-12
6.7000000000000002,5.9183400132782849,3,nr,1.436e-11
6.7125000000000004,5.9124109115507322,3,nr,8.573e-16
6.7250000000000005,5.9068738070069333,3,nr,2.218e-15
6.7375000000000007,5.901727005420871,3,nr,5.669e-16
6.7500000000000009,5.8969677007630459,3,nr,8.289e-16
6.7625000000000002,5.8925918669111423,3,nr,7.323e-12
6.7750000000000004,5.888594149436913,3,nr,3.810e-12
6.7875000000000005,5.8849677593054928,3,nr,3.120e-15
6.8000000000000007,5.8817043711104153,3,nr,1.919e-15
6.8125000000000009,5.878794028332532,3,nr,1.218e-12
6.8250000000000002,5.8762250586424294,3,nr,4.598e-16
6.8375000000000004,5.8739840024772176,3,nr,2.717e-13
6.8500000000000005,5.8720555583390661,3,nr,7.693e-16
6.8625000000000007,5.8704225482196062,3,nr,1.415e-15
6.8750000000000009,5.8690659066399391,3,nr,3.293e-13
6.8875000000000002,5.8679646965029253,3,nr,1.124e-12
6.9000000000000004,5.8670961546264344,3,nr,2.758e-16
6.9125000000000005,5.8664357692817575,3,nr,3.952e-16
6.9250000000000007,5.8659573912516976,3,nr,3.608e-16
6.9375000000000009,5.865633379118111,3,nr,5.994e-17
6.9500000000000002,5.8654347783232641,3,nr,3.424e-16
6.9625000000000004,5.8653315324475059,3,nr,1.212e-11
6.9750000000000005,5.8652927237211774,3,nr,6.573e-12
6.9875000000000007,5.8652868391199142,3,nr,3.999e-12
7.0000000000000009,5.8652820562444807,3,nr,2.129e-12
7.0125000000000002,5.865246543300187,3,nr,6.919e-13
7.0250000000000004,5.8651487659901695,3,nr,5.260e-14
7.0375000000000005,5.8649577939544253,3,nr,3.650e-16
7.0500000000000007,5.8646435991955288,3,nr,5.518e-13
7.0625000000000009,5.8641773391227048,3,nr,9.640e-12
7.0750000000000002,5.8635316175039955,3,nr,4.412e-16
7.0875000000000004,5.8626807170282227,3,nr,1.331e-15
7.1000000000000005,5.8616007992126802,3,nr,1.238e-12
7.1125000000000007,5.8602700674929045,3,nr,7.910e-14
7.1250000000000009,5.8586688916326626,3,nr,4.301e-16
7.1375000000000002,5.856779892612396,3,nr,1.890e-12
7.1500000000000004,5.8545879885079399,3,nr,3.222e-16
7.1625000000000005,5.8520804030742912,3,nr,2.187e-12
7.1750000000000007,5.8492466399214722,3,nr,1.032e-15
7.1875000000000009,5.8460784256486882,3,nr,8.939e-13
7.2000000000000002,5.8425696262620335,3,nr,4.546e-16
7.2125000000000004,5.8387161411453583,3,nr,1.258e-15
7.2250000000000005,5.8345157792780018,3,nr,6.603e-16
7.2375000000000007,5.8299681221114952,3,nr,1.281e-12
7.2500000000000009,5.8250743774112106,3,nr,4.905e-15
7.2625000000000002,5.8198372279241992,3,nr,1.266e-15
7.2750000000000004,5.8142606784200455,3,nr,5.128e-16
7.2875000000000005,5.8083499040400977,3,nr,2.596e-16
7.3000000000000007,5.8021111025107945,3,nr,9.356e-12
7.3125000000000009,5.795551352139741,3,nr,1.978e-12
7.3250000000000002,5.7886784773792588,3,nr,1.833e-15
7.3375000000000004,5.7815009227266883,3,nr,1.417e-11
7.3500000000000005,5.7740276359189382,3,nr,4.426e-16
7.3625000000000007,5.7662679610392953,3,nr,1.693e-11
7.3750000000000009,5.7582315409853297,3,nr,7.949e-16
7.3875000000000002,5.749928230222956,3,nr,2.184e-11
7.4000000000000004,5.7413680163608216,3,nr,1.780e-11
7.4125000000000005,5.7325609515390434,3,nr,7.674e-16
7.4250000000000007,5.7235170915220248,3,nr,9.568e-16
7.4375000000000009,5.7142464435156741,3,nr,7.875e-16
7.4500000000000002,5.7047589209580103,3,nr,1.779e-15
7.4625000000000004,5.6950643052104848,3,nr,2.498e-13
7.4750000000000005,5.6851722133788343,3,nr,1.931e-12
7.4875000000000007,5.6750920716694244,3,nr,6.413e-13
7.5000000000000009,5.6648330937229865,3,nr,1.162e-15
7.5125000000000002,5.654404263334837,3,nr,1.438e-15
7.5250000000000004,5.6438143210811713,3,nr,3.308e-16
7.5375000000000005,5.6330717543590776,3,nr,1.138e-15
7.5500000000000007,5.6221847904019109,3,nr,2.508e-15
7.5625000000000009,5.6111613918729404,3,nr,4.801e-16
7.5750000000000002,5.6000092546755535,3,nr,1.534e-14
7.5875000000000004,5.5887358076555085,3,nr,2.107e-16
7.6000000000000005,5.5773482139055233,3,nr,4.759e-15
7.6125000000000007,5.565853373414293,3,nr,4.598e-15
7.6250000000000009,5.5542579268325367,3,nr,2.180e-16
7.6375000000000002,5.5425682601556376,3,nr,3.159e-15
7.6500000000000004,5.5307905101475381,3,nr,4.977e-15
7.6625000000000005,5.5189305703531426,3,nr,1.126e-15
7.6750000000000007,5.5069940975665608,3,nr,6.527e-15
7.6875000000000009,5.4949865186386342,3,nr,4.215e-12
7.7000000000000002,5.4829130375420689,3,nr,3.488e-15
7.7125000000000004,5.4707786425600515,3,nr,2.192e-15
7.7250000000000005,5.4585881136110039,3,nr,1.265e-15
7.7375000000000007,5.4463460295652615,3,nr,9.186e-15
7.7500000000000009,5.4340567755538078,3,nr,1.371e-15
7.7625000000000002,5.4217245502101949,3,nr,1.222e-14
7.7750000000000004,5.4093533728137668,3,nr,1.316e-15
7.7875000000000005,5.3969470903058632,3,nr,7.386e-15
7.8000000000000007,5.384509384156809,3,nr,3.602e-15
7.8125000000000009,5.3720437770655849,3,nr,1.090e-14
7.8250000000000002,5.3595536394789729,3,nr,4.264e-16
7.8375000000000004,5.3470421959196077,3,nr,1.738e-14
7.8500000000000005,5.3345125311162844,3,nr,6.073e-16
7.8625000000000007,5.3219675959313975,3,nr,1.881e-14
7.8750000000000009,5.3094102130835727,3,nr,2.823e-15
7.8875000000000002,5.2968430826642594,3,nr,2.010e-14
7.9000000000000004,5.2842687874495873,3,nr,5.021e-15
7.9125000000000005,5.2716897980090094,3,nr,1.898e-14
7.9250000000000007,5.2591084776142392,3,nr,2.732e-15
7.9375000000000009,5.2465270869517679,3,nr,2.065e-14
7.9500000000000002,5.2339477886439676,3,nr,5.547e-16
7.9625000000000004,5.2213726515832191,3,nr,1.769e-14
7.9750000000000005,5.2088036550848891,3,nr,3.283e-15
7.9875000000000007,5.196242692864308,3,nr,1.029e-14
8,5.1836915768440051,3,nr,8.654e-15
8.0124999999999993,5.171152040796696,3,nr,4.787e-15
8.0250000000000004,5.1586257438304148,3,nr,1.031e-14
8.0374999999999996,5.1461142737213947,3,nr,1.057e-14
8.0499999999999989,5.1336191501010138,3,nr,8.297e-15
8.0625,5.1211418275023188,3,nr,1.739e-14
8.0749999999999993,5.108683698272336,3,nr,1.206e-14
8.0875000000000004,5.0962460953553439,3,nr,1.352e-14
8.0999999999999996,5.0838302949531782,3,nr,7.999e-16
8.1124999999999989,5.0714375190673984,3,nr,2.479e-14
8.125,5.0590689379290472,3,nr,5.460e-15
8.1374999999999993,5.0467256723205924,3,nr,2.643e-14
8.1500000000000004,5.0344087957953718,3,nr,2.913e-15
8.1624999999999996,5.0221193367987631,3,nr,4.032e-14
8.1749999999999989,5.0098582806961574,3,nr,3.717e-15
8.1875,4.9976265717114776,3,nr,3.512e-14
8.1999999999999993,4.9854251147809752,3,nr,1.564e-16
8.2125000000000004,4.9732547773260238,3,nr,1.519e-14
8.2249999999999996,4.9611163909486544,3,nr,1.042e-14
8.2374999999999989,4.9490107530538525,3,nr,1.585e-15
8.25,4.9369386284017356,3,nr,3.019e-14
8.2624999999999993,4.9249007505933546,3,nr,8.899e-15
8.2750000000000004,4.9128978234929424,3,nr,1.985e-14
8.2874999999999996,4.9009305225900279,3,nr,2.363e-15
8.2999999999999989,4.8889994963041534,3,nr,2.696e-15
8.3125,4.877105367234944,3,nr,2.684e-14
8.3249999999999993,4.8652487333366485,3,nr,9.216e-11
8.3375000000000004,4.8534301691857653,3,nr,1.112e-14
8.3499999999999996,4.8416502268453545,3,nr,1.449e-14
8.3624999999999989,4.8299094371600626,3,nr,3.620e-15
8.375,4.8182083106521016,3,nr,1.596e-14
8.3874999999999993,4.8065473385196613,3,nr,1.060e-14
8.4000000000000004,4.794926993589435,3,nr,6.610e-11
8.4124999999999996,4.7833477311352528,3,nr,1.665e-15
8.4249999999999989,4.7718099899057966,3,nr,1.391e-14
8.4375,4.7603141927788633,3,nr,6.579e-11
8.4499999999999993,4.7488607477229143,3,nr,6.683e-15
8.4625000000000004,4.7374500483943187,3,nr,1.763e-14
8.4749999999999996,4.7260824750391768,3,nr,3.258e-15
8.4874999999999989,4.714758395131093,3,nr,2.815e-17
8.5,4.7034781640787164,3,nr,5.359e-16
8.5124999999999993,4.6922421258934124,3,nr,6.357e-15
8.5250000000000004,4.6810506138342722,3,nr,5.944e-16
8.5374999999999996,4.669903951056253,3,nr,1.074e-10
8.5499999999999989,4.6588024510899881,3,nr,6.389e-15
8.5625,4.6477464186722894,3,nr,1.393e-15
8.5749999999999993,4.6367361500651691,3,nr,8.827e-16
8.5875000000000004,4.6257719337275889,3,nr,3.920e-15
8.5999999999999996,4.6148540508414335,3,nr,8.207e-11
8.6124999999999989,4.6039827757362337,3,nr,2.128e-15
8.625,4.5931583765759134,3,nr,4.417e-15
8.6374999999999993,4.5823811156633623,3,nr,4.950e-15
8.6500000000000004,4.571651250008653,3,nr,4.452e-15
8.6624999999999996,4.5609690317747429,3,nr,1.253e-15
8.6749999999999989,4.5503347087389843,3,nr,3.917e-11
8.6875,4.5397485246717224,3,nr,9.383e-11
8.6999999999999993,4.5292107199583267,3,nr,3.147e-15
8.7125000000000004,4.5187215317300922,3,nr,6.794e-16
8.7249999999999996,4.5082811945286352,3,nr,6.952e-15
8.7374999999999989,4.4978899405874397,3,nr,6.346e-11
8.75,4.4875480003299932,3,nr,3.844e-11
8.7624999999999993,4.4772556025741865,3,nr,3.941e-11
8.7750000000000004,4.4670129751685099,3,nr,7.382e-11
8.7874999999999996,4.4568203452152559,3,nr,1.718e-15
8.7999999999999989,4.4466779394282119,3,nr,3.149e-16
8.8125,4.4365859846141076,3,nr,1.659e-15
8.8249999999999993,4.4265447079692404,3,nr,5.059e-15
8.8375000000000004,4.4165543374603047,3,nr,2.084e-15
8.8499999999999996,4.4066151021862368,3,nr,4.307e-15
8.8624999999999989,4.3967272327375007,3,nr,1.581e-15
8.875,4.3868909615533216,3,nr,1.907e-15
8.8874999999999993,4.3771065232773143,3,nr,2.501e-15
8.9000000000000004,4.3673741551118939,3,nr,4.342e-15
8.9124999999999996,4.3576940971719393,3,nr,5.355e-15
8.9249999999999989,4.3480665928380997,3,nr,3.790e-15
8.9375,4.3384918891101441,3,nr,3.558e-15
8.9499999999999993,4.3289702369607657,3,nr,1.096e-14
8.9625000000000004,4.3195018916901891,3,nr,6.554e-15
8.9749999999999996,4.3100871133048511,3,nr,1.036e-10
8.9874999999999989,4.3007261667605921,3,nr,8.402e-16
9,4.2914193225503237,3,nr,2.319e-15
9.0124999999999993,4.2821668568372715,3,nr,7.861e-15
9.0250000000000004,4.2729690519333214,3,nr,1.552e-14
9.0374999999999996,4.2638261966432829,3,nr,1.226e-14
9.0499999999999989,4.2547385866590908,3,nr,1.059e-10
9.0625,4.2457065248146391,3,nr,8.274e-15
9.0749999999999993,4.2367303217016179,3,nr,1.760e-15
9.0875000000000004,4.2278102958132822,3,nr,2.380e-14
9.0999999999999996,4.2189467740497033,3,nr,1.306e-14
9.1124999999999989,4.2101400920848508,3,nr,5.449e-16
9.125,4.2013905947622652,3,nr,2.987e-15
9.1374999999999993,4.1926986364958276,3,nr,3.988e-14
9.1500000000000004,4.1840645816757078,3,nr,9.545e-15
9.1624999999999996,4.1754888050798655,3,nr,6.447e-16
9.1749999999999989,4.166971692290919,3,nr,2.221e-14
9.1875,4.1585136401187981,3,nr,2.143e-14
9.1999999999999993,4.1501150570289989,3,nr,2.124e-16
9.2125000000000004,4.1417763635767733,3,nr,2.369e-14
9.2249999999999996,4.1334979928469453,3,nr,3.718e-14
9.2374999999999989,4.1252803908994276,3,nr,5.244e-17
9.25,4.1171240172205472,3,nr,3.435e-14
9.2624999999999993,4.1090293451796791,3,nr,1.622e-14
9.2750000000000004,4.1009968624911268,3,nr,1.035e-16
9.2874999999999996,4.0930270716812309,3,nr,5.680e-14
9.2999999999999989,4.0851204905597918,3,nr,1.589e-15
9.3125,4.0772776526960444,3,nr,5.869e-14
9.3249999999999993,4.0694991078980944,3,nr,1.370e-15
9.3375000000000004,4.0617854226953991,3,nr,3.614e-14
9.3499999999999996,4.0541371808238713,3,nr,1.054e-14
9.3624999999999989,4.0465549837120696,3,nr,2.068e-14
9.375,4.0390394509682608,3,nr,1.877e-14
9.3874999999999993,4.0315912208664928,3,nr,2.074e-14
9.4000000000000004,4.0242109508310362,3,nr,7.269e-15
9.4124999999999996,4.0168993179170949,3,nr,4.199e-14
9.4249999999999989,4.0096570192867125,3,nr,8.446e-15
9.4375,4.0024847726773398,3,nr,7.440e-14
9.4499999999999993,3.9953833168616968,3,nr,9.592e-17
9.4625000000000004,3.988353412095611,3,nr,5.224e-14
9.4749999999999996,3.9813958405520657,3,nr,1.828e-14
9.4874999999999989,3.9745114067379994,3,nr,1.882e-16
9.5,3.9677009378903656,3,nr,7.565e-14
9.5124999999999993,3.9609652843481995,3,nr,7.338e-15
9.5250000000000004,3.9543053198965374,3,nr,5.167e-15
9.5374999999999996,3.9477219420771594,3,nr,6.892e-14
9.5499999999999989,3.9412160724617533,3,nr,7.736e-15
9.5625,3.9347886568585708,3,nr,7.421e-11
9.5749999999999993,3.9284406656092923,3,nr,4.191e-14
9.5875000000000004,3.922173093480164,3,nr,4.945e-14
9.5999999999999996,3.9159869599564718,3,nr,3.184e-15
9.6125000000000007,3.9098833091084098,3,nr,2.075e-11
9.625,3.9038632095585344,3,nr,1.586e-14
9.6374999999999993,3.897927754232887,3,nr,4.834e-14
9.6500000000000004,3.8920780601495659,3,nr,3.493e-14
9.6624999999999996,3.8863152679931265,3,nr,1.141e-14
9.6750000000000007,3.8806405416062435,3,nr,5.576e-15
9.6875,3.8750550673381192,3,nr,5.197e-15
9.6999999999999993,3.8695600532415693,3,nr,5.987e-15
9.7125000000000004,3.8641567281036138,3,nr,8.908e-15
9.7249999999999996,3.8588463402930224,3,nr,1.497e-14
9.7375000000000007,3.8536301564069464,3,nr,2.126e-14
9.75,3.8485094596977572,3,nr,1.947e-14
9.7624999999999993,3.8434855482597894,3,nr,2.099e-14
9.7750000000000004,3.8385597329545504,3,nr,1.765e-14
9.7874999999999996,3.8337333350516416,3,nr,1.114e-14
9.8000000000000007,3.8290076835614753,3,nr,7.779e-15
9.8125,3.8243841122346578,3,nr,3.702e-15
9.8249999999999993,3.8198639561963339,3,nr,1.298e-11
9.8375000000000004,3.8154485482269473,3,nr,1.743e-15
9.8499999999999996,3.8111392145455447,3,nr,3.005e-16
9.8625000000000007,3.8069372702600983,3,nr,1.028e-14
9.875,3.8028440142627926,3,nr,1.949e-14
9.8874999999999993,3.798860723656877,3,nr,4.464e-15
9.9000000000000004,3.7949886476479846,3,nr,6.216e-14
9.9124999999999996,3.7912290008772076,3,nr,1.510e-15
9.9250000000000007,3.7875829561688361,3,nr,1.268e-14
9.9375,3.7840516366687917,3,nr,3.814e-15
9.9499999999999993,3.7806361073505843,3,nr,4.200e-16
9.9625000000000004,3.7773373658704492,3,nr,9.021e-15
9.9749999999999996,3.7741563327571686,3,nr,3.026e-15
9.9875000000000007,3.7710938409274486,3,nr,3.068e-15
10,3.7681506245245568,3,nr,7.300e-15
4.7875000000000005,14.931197736672024,4,nr,4.860e-15
4.8000000000000007,14.856052373300084,4,nr,2.213e-14
4.8125000000000009,14.781507738810468,4,nr,1.615e-14
4.8250000000000002,14.707557856074425,4,nr,2.076e-15
4.8375000000000004,14.634196830095721,4,nr,7.853e-15
4.8500000000000005,14.561418846875823,4,nr,4.331e-15
4.8625000000000007,14.489218172303834,4,nr,4.870e-15
4.8750000000000009,14.417589151070743,4,nr,7.949e-15
4.8875000000000002,14.346526205607676,4,nr,8.103e-15
4.9000000000000004,14.276023835047846,4,nr,1.681e-15
4.9125000000000005,14.206076614211895,4,nr,8.916e-15
4.9250000000000007,14.13667919261635,4,nr,9.069e-15
4.9375000000000009,14.06782629350487,4,nr,1.184e-14
4.9500000000000002,13.999512712902135,4,nr,9.885e-15
4.9625000000000004,13.931733318689961,4,nr,9.396e-16
4.9750000000000005,13.864483049705621,4,nr,3.949e-15
4.9875000000000007,13.797756914862006,4,nr,1.138e-14
5.0000000000000009,13.731549992289461,4,nr,1.861e-15
5.0125000000000002,13.665857428521395,4,nr,7.098e-11
5.0250000000000004,13.600674437580061,4,nr,3.919e-11
5.0375000000000005,13.535996300362838,4,nr,6.201e-11
5.0500000000000007,13.471818363659247,4,nr,4.296e-11
5.0625000000000009,13.408136039647802,4,nr,1.555e-14
5.0750000000000002,13.344944804876361,4,nr,3.520e-13
5.0875000000000004,13.282240199781588,4,nr,3.635e-11
5.1000000000000005,13.22001782785534,4,nr,1.409e-14
5.1125000000000007,13.158273355099631,4,nr,9.208e-12
5.1250000000000009,13.09700250925469,4,nr,7.821e-11
5.1375000000000002,13.03620107931261,4,nr,2.263e-11
5.1500000000000004,12.975864914717242,4,nr,8.718e-12
5.1625000000000005,12.915989924948292,4,nr,6.267e-17
5.1750000000000007,12.856572078879573,4,nr,5.320e-15
5.1875000000000009,12.797607404249316,4,nr,1.875e-15
5.2000000000000002,12.739091987150083,4,nr,6.993e-11
5.2125000000000004,12.681021971419014,4,nr,3.802e-15
5.2250000000000005,12.62339355837052,4,nr,3.422e-16
5.2375000000000007,12.566203006117759,4,nr,6.678e-15
5.2500000000000009,12.509446629220143,4,nr,6.265e-11
5.2625000000000002,12.453120798339121,4,nr,6.190e-15
5.2750000000000004,12.397221939645844,4,nr,1.396e-14
5.2875000000000005,12.341746534639196,4,nr,2.815e-14
5.3000000000000007,12.286691119694582,4,nr,6.245e-15
5.3125000000000009,12.232052285751688,4,nr,5.188e-15
5.3250000000000002,12.177826678005591,4,nr,3.277e-15
5.3375000000000004,12.124010995620926,4,nr,4.522e-15
5.3500000000000005,12.070601991469584,4,nr,5.273e-15
5.3625000000000007,12.017596471892272,4,nr,1.210e-14
5.3750000000000009,11.964991296484438,4,nr,2.826e-14
5.3875000000000002,11.912783377907083,4,nr,2.419e-15
5.4000000000000004,11.860969681722768,4,nr,1.242e-14
5.4125000000000005,11.809547226278399,4,nr,6.453e-11
5.4250000000000007,11.758513082490744,4,nr,8.573e-15
5.4375000000000009,11.70786437396821,4,nr,3.825e-15
5.4500000000000002,11.6575982767485,4,nr,1.495e-14
5.4625000000000004,11.607712019373873,4,nr,2.138e-15
5.4750000000000005,11.558202882872241,4,nr,2.959e-16
5.4875000000000007,11.509068200789095,4,nr,6.428e-15
5.5000000000000009,11.46030535925061,4,nr,1.187e-14
5.5125000000000002,11.411911797058881,4,nr,9.016e-15
5.5250000000000004,11.363885005820302,4,nr,1.750e-15
5.5375000000000005,11.316222530108135,4,nr,8.715e-15
5.5500000000000007,11.268921967660543,4,nr,3.530e-15
5.5625000000000009,11.221980969615137,4,nr,1.412e-14
5.5750000000000002,11.175397240781543,4,nr,1.205e-15
5.5875000000000004,11.129168539953138,4,nr,4.000e-16
5.6000000000000005,11.083292680259678,4,nr,9.730e-15
5.6125000000000007,11.03776752956211,4,nr,4.192e-15
5.6250000000000009,10.992591010891456,4,nr,3.609e-15
5.6375000000000002,10.947761102933301,4,nr,1.470e-14
5.6500000000000004,10.903275840559861,4,nr,3.574e-15
5.6625000000000005,10.859133315411601,4,nr,9.670e-15
5.6750000000000007,10.815331676530342,4,nr,6.580e-15
5.6875000000000009,10.771869131046184,4,nr,1.760e-15
5.7000000000000002,10.728743944920488,4,nr,1.308e-14
5.7125000000000004,10.685954443747374,4,nr,1.524e-15
5.7250000000000005,10.643499013616383,4,nr,1.012e-14
5.7375000000000007,10.601376102038913,4,nr,2.746e-15
5.7500000000000009,10.559584218949826,4,nr,2.200e-11
5.7625000000000002,10.518121937728921,4,nr,2.608e-15
5.7750000000000004,10.476987896420056,4,nr,2.963e-15
5.7875000000000005,10.436180798860683,4,nr,1.683e-15
5.8000000000000007,10.395699416015882,4,nr,1.150e-15
5.8125000000000009,10.355542587346479,4,nr,8.621e-15
5.8250000000000002,10.31570922227332,4,nr,6.192e-16
5.8375000000000004,10.276198301733508,4,nr,2.256e-15
5.8500000000000005,10.237008879833265,4,nr,4.481e-15
5.8625000000000007,10.19814008560188,4,nr,1.386e-14
5.8750000000000009,10.159591124861169,4,nr,2.252e-11
5.8875000000000002,10.121361282149779,4,nr,6.983e-15
5.9000000000000004,10.083449922905441,4,nr,1.337e-14
5.9125000000000005,10.045856495581191,4,nr,1.445e-14
5.9250000000000007,10.008580534031427,4,nr,1.952e-16
5.9375000000000009,9.9716216599760195,4,nr,9.394e-15
5.9500000000000002,9.9349795856150145,4,nr,2.546e-13
5.9625000000000004,9.8986541163920823,4,nr,7.247e-15
5.9750000000000005,9.8626451539115543,4,nr,1.722e-14
5.9875000000000007,9.8269526990203779,4,nr,6.568e-15
6.0000000000000009,9.7915768550589384,4,nr,1.024e-15
6.0125000000000002,9.7565178312908145,4,nr,5.352e-15
6.0250000000000004,9.7217759465194327,4,nr,1.080e-14
6.0375000000000005,9.6873516328999436,4,nr,1.179e-14
6.0500000000000007,9.6532454399552794,4,nr,4.495e-16
6.0625000000000009,9.6194580388053677,4,nr,1.425e-15
6.0750000000000002,9.58599022661876,4,nr,1.059e-15
6.0875000000000004,9.5528429312958067,4,nr,4.461e-15
6.1000000000000005,9.5200172163969068,4,nr,7.399e-12
6.1125000000000007,9.4875142862971629,4,nr,1.622e-14
6.1250000000000009,9.455335491660394,4,nr,1.954e-15
6.1375000000000002,9.4234823351020793,4,nr,5.048e-15
6.1500000000000004,9.3919564771891864,4,nr,4.914e-15
6.1625000000000005,9.3607597427015978,4,nr,2.638e-15
6.1750000000000007,9.3298941271878704,4,nr,3.684e-12
6.1875000000000009,9.2993618038335129,4,nr,1.857e-15
6.2000000000000002,9.2691651306003937,4,nr,3.674e-15
6.2125000000000004,9.2393066577182577,4,nr,3.160e-16
6.2250000000000005,9.2097891354451544,4,nr,1.165e-11
6.2375000000000007,9.1806155221951453,4,nr,1.854e-15
6.2500000000000009,9.1517889928555594,4,nr,4.430e-15
6.2625000000000002,9.1233129475529324,4,nr,8.683e-15
6.2750000000000004,9.0951910205915478,4,nr,2.313e-15
6.2875000000000005,9.0674270897064222,4,nr,1.475e-16
6.3000000000000007,9.0400252855622778,4,nr,1.052e-11
6.3125000000000009,9.0129900014216062,4,nr,9.570e-15
6.3250000000000002,8.9863259031049445,4,nr,3.553e-16
6.3375000000000004,8.9600379389399158,4,nr,2.107e-11
6.3500000000000005,8.9341313497920236,4,nr,3.118e-15
6.3625000000000007,8.9086116792874162,4,nr,4.308e-15
6.3750000000000009,8.8834847836094735,4,nr,1.890e-15
6.3875000000000002,8.8587568413304805,4,nr,6.660e-15
6.4000000000000004,8.8344343628193496,4,nr,2.538e-11
6.4125000000000005,8.8105241990249592,4,nr,2.916e-15
6.4250000000000007,8.7870335499026044,4,nr,1.087e-15
6.4375000000000009,8.7639699714732231,4,nr,8.193e-16
6.4500000000000002,8.7413413820421386,4,nr,1.367e-15
6.4625000000000004,8.7191560668076882,4,nr,8.517e-12
6.4750000000000005,8.6974226806017008,4,nr,3.139e-15
6.4875000000000007,8.6761502485078115,4,nr,2.617e-15
6.5000000000000009,8.655348163581138,4,nr,1.172e-15
6.5125000000000002,8.6350261814295948,4,nr,4.945e-12
6.5250000000000004,8.6151944108124798,4,nr,1.251e-15
6.5375000000000005,8.5958632997226232,4,nr,6.162e-16
6.5500000000000007,8.5770436159440777,4,nr,1.048e-15
6.5625000000000009,8.5587464213812456,4,nr,5.051e-12
6.5750000000000002,8.5409830389861519,4,nr,2.834e-15
6.5875000000000004,8.5237650113472334,4,nr,1.017e-11
6.6000000000000005,8.507104049380656,4,nr,9.846e-16
6.6125000000000007,8.4910119702866123,4,nr,5.101e-17
6.6250000000000009,8.4755006227109657,4,nr,1.506e-16
6.6375000000000002,8.4605817980930258,4,nr,3.558e-15
6.6500000000000004,8.4462671262991869,4,nr,7.296e-16
6.6625000000000005,8.4325679540075207,4,nr,8.362e-12
6.6750000000000007,8.4194952040990003,4,nr,2.622e-12
6.6875000000000009,8.4070592148058001,4,nr,1.763e-15
6.7000000000000002,8.3952695566514652,4,nr,4.567e-17
6.7125000000000004,8.384134826642498,4,nr,4.024e-12
6.7250000000000005,8.3736624185477648,4,nr,6.301e-12
6.7375000000000007,8.3638582691311658,4,nr,4.208e-12
6.7500000000000009,8.354726580822831,4,nr,2.959e-13
6.7625000000000002,8.3462695221906404,4,nr,7.200e-16
6.7750000000000004,8.3384869086990587,4,nr,3.066e-12
6.7875000000000005,8.3313758675491574,4,nr,1.235e-16
6.8000000000000007,8.3249304919020215,4,nr,8.411e-15
6.8125000000000009,8.3191414917674944,4,nr,5.249e-13
6.8250000000000002,8.3139958503031846,4,nr,4.047e-13
6.8375000000000004,8.3094764965077843,4,nr,6.512e-14
6.8500000000000005,8.3055620069955634,4,nr,1.317e-15
6.8625000000000007,8.3022263511740277,4,nr,1.265e-15
6.8750000000000009,8.2994386953582033,4,nr,9.048e-14
6.8875000000000002,8.2971632819536403,4,nr,5.831e-16
6.9000000000000004,8.2953593995993682,4,nr,2.519e-16
6.9125000000000005,8.2939814588872665,4,nr,3.966e-13
6.9250000000000007,8.2929791858441746,4,nr,8.887e-13
6.9375000000000009,8.2922979416786706,4,nr,9.714e-16
6.9500000000000002,8.2918791724299954,4,nr,1.009e-15
6.9625000000000004,8.2916609862021264,4,nr,1.365e-17
6.9750000000000005,8.2915788491907172,4,nr,1.090e-15
6.9875000000000007,8.2915663847980099,4,nr,4.914e-16
7.0000000000000009,8.2915562536907039,4,nr,6.635e-12
7.0125000000000002,8.2914810872344891,4,nr,1.524e-12
7.0250000000000004,8.2912744421455571,4,nr,5.020e-14
7.0375000000000005,8.2908717432067078,4,nr,9.629e-14
7.0500000000000007,8.2902111794995772,4,nr,1.184e-14
7.0625000000000009,8.2892345232537679,4,nr,2.135e-12
7.0750000000000002,8.2878878440396555,4,nr,1.064e-15
7.0875000000000004,8.2861220974763565,4,nr,5.085e-13
7.1000000000000005,8.2838935743907083,4,nr,2.278e-16
7.1125000000000007,8.2811642042434066,4,nr,6.567e-13
7.1250000000000009,8.2779017137212794,4,nr,5.425e-16
7.1375000000000002,8.2740796479499643,4,nr,1.176e-16
7.1500000000000004,8.2696772672434165,4,nr,1.071e-15
7.1625000000000005,8.2646793360759947,4,nr,3.214e-16
7.1750000000000007,8.2590758234663539,4,nr,1.995e-15
7.1875000000000009,8.2528615348855254,4,nr,2.064e-16
7.2000000000000002,8.2460356955353191,4,nr,8.222e-14
7.2125000000000004,8.2386015035670006,4,nr,1.169e-15
7.2250000000000005,8.2305656698310514,4,nr,2.983e-13
7.2375000000000007,8.2219379583199466,4,nr,2.687e-12
7.2500000000000009,8.2127307388438346,4,nr,7.566e-16
7.2625000000000002,8.2029585609756879,4,nr,8.138e-16
7.2750000000000004,8.192637755626107,4,nr,4.594e-17
7.2875000000000005,8.1817860687487833,4,nr,8.830e-12
7.3000000000000007,8.1704223294286553,4,nr,1.270e-12
7.3125000000000009,8.1585661535770928,4,nr,0.000e+00
7.3250000000000002,8.1462376824728793,4,nr,1.119e-11
7.3375000000000004,8.1334573552276375,4,nr,1.395e-15
7.3500000000000005,8.1202457133963062,4,nr,1.021e-12
7.3625000000000007,8.1066232348697067,4,nr,1.144e-11
7.3750000000000009,8.0926101951786897,4,nr,7.844e-16
7.3875000000000002,8.0782265528216932,4,nr,9.033e-16
7.4000000000000004,8.0634918566306304,4,nr,3.563e-15
7.4125000000000005,8.0484251720150883,4,nr,7.130e-16
7.4250000000000007,8.0330450239629592,4,nr,1.449e-15
7.4375000000000009,8.0173693544195892,4,nr,1.132e-15
7.4500000000000002,8.0014154919849059,4,nr,1.896e-15
7.4625000000000004,7.9852001320584334,4,nr,2.533e-12
7.4750000000000005,7.9687393257437646,4,nr,3.850e-15
7.4875000000000007,7.9520484760899182,4,nr,1.804e-16
7.5000000000000009,7.9351423402891434,4,nr,1.855e-12
7.5125000000000002,7.918035036784965,4,nr,1.052e-15
7.5250000000000004,7.9007400562945111,4,nr,1.032e-11
7.5375000000000005,7.8832702759353532,4,nr,4.267e-15
7.5500000000000007,7.8656379756073198,4,nr,1.617e-11
7.5625000000000009,7.8478548563991923,4,nr,2.619e-16
7.5750000000000002,7.8299320599439559,4,nr,2.389e-15
7.5875000000000004,7.811880188948364,4,nr,1.278e-15
7.6000000000000005,7.793709328029343,4,nr,7.498e-16
7.6125000000000007,7.7754290648323501,4,nr,3.555e-11
7.6250000000000009,7.7570485112836582,4,nr,4.896e-15
7.6375000000000002,7.7385763242791858,4,nr,7.578e-15
7.6500000000000004,7.7200207265364122,4,nr,1.284e-13
7.6625000000000005,7.7013895266193959,4,nr,1.031e-14
7.6750000000000007,7.6826901385746211,4,nr,1.065e-14
7.6875000000000009,7.6639296009342468,4,nr,2.453e-15
7.7000000000000002,7.6451145950708153,4,nr,4.983e-12
7.7125000000000004,7.6262514628494253,4,nr,2.814e-15
7.7250000000000005,7.6073462236206781,4,nr,1.846e-14
7.7375000000000007,7.5884045904437656,4,nr,4.044e-15
7.7500000000000009,7.5694319856414349,4,nr,8.648e-16
7.7625000000000002,7.5504335556274107,4,nr,9.814e-12
7.7750000000000004,7.5314141850736664,4,nr,1.301e-14
7.7875000000000005,7.5123785103239662,4,nr,2.077e-14
7.8000000000000007,7.493330932250462,4,nr,1.106e-14
7.8125000000000009,7.4742756283964837,4,nr,5.462e-15
7.8250000000000002,7.4552165645500734,4,nr,3.153e-11
7.8375000000000004,7.4361575056335951,4,nr,9.957e-15
7.8500000000000005,7.4171020262467948,4,nr,2.479e-14
7.8625000000000007,7.3980535203754672,4,nr,1.934e-14
7.8750000000000009,7.3790152108026668,4,nr,5.205e-16
7.8875000000000002,7.3599901579381761,4,nr,4.142e-12
7.9000000000000004,7.3409812682041746,4,nr,1.395e-14
7.9125000000000005,7.3219913019498746,4,nr,3.749e-14
7.9250000000000007,7.3030228809784132,4,nr,2.658e-14
7.9375000000000009,7.284078495646936,4,nr,7.604e-15
7.9500000000000002,7.2651605116086895,4,nr,2.804e-11
7.9625000000000004,7.2462711761294729,4,nr,2.502e-14
7.9750000000000005,7.2274126242252503,4,nr,4.042e-14
7.9875000000000007,7.2085868842639256,4,nr,1.961e-15
8,7.189795883424078,4,nr,3.293e-15
8.0124999999999993,7.1710414528026378,4,nr,1.109e-14
8.0250000000000004,7.1523253322619977,4,nr,4.926e-14
8.0374999999999996,7.1336491750213646,4,nr,5.864e-15
8.0499999999999989,7.1150145520063273,4,nr,3.171e-13
8.0625,7.0964229559700573,4,nr,2.874e-14
8.0749999999999993,7.0778758054006241,4,nr,3.413e-14
8.0875000000000004,7.0593744482229317,4,nr,1.549e-14
8.0999999999999996,7.040920165310899,4,nr,7.448e-15
8.1124999999999989,7.0225141738177719,4,nr,4.501e-14
8.125,7.0041576303358983,4,nr,1.206e-15
8.1374999999999993,6.9858516338956704,4,nr,1.092e-14
8.1500000000000004,6.9675972288120995,4,nr,5.276e-14
8.1624999999999996,6.9493954073880966,4,nr,2.862e-15
8.1749999999999989,6.9312471124824988,4,nr,1.953e-14
8.1875,6.9131532399500504,4,nr,2.392e-14
8.1999999999999993,6.8951146409677504,4,nr,2.423e-11
8.2125000000000004,6.8771321242060512,4,nr,4.822e-14
8.2249999999999996,6.8592064579959278,4,nr,3.303e-15
8.2374999999999989,6.8413383722563559,4,nr,2.297e-14
8.25,6.8235285604297031,4,nr,4.075e-15
8.2624999999999993,6.8057776812849227,4,nr,4.625e-15
8.2750000000000004,6.7880863606423816,4,nr,1.922e-14
8.2874999999999996,6.7704551930177628,4,nr,3.378e-15
8.2999999999999989,6.7528847431898491,4,nr,3.504e-14
8.3125,6.7353755476960906,4,nr,4.540e-15
8.3249999999999993,6.7179281162603068,4,nr,2.349e-14
8.3375000000000004,6.7005429331558206,4,nr,1.470e-15
8.3499999999999996,6.6832204585080932,4,nr,2.891e-14
8.3624999999999989,6.6659611295397161,4,nr,1.261e-14
8.375,6.6487653617613542,4,nr,6.271e-15
8.3874999999999993,6.6316335501112817,4,nr,1.302e-14
8.4000000000000004,6.6145660700466227,4,nr,1.124e-14
8.4124999999999996,6.5975632785887779,4,nr,1.754e-14
8.4249999999999989,6.5806255153256625,4,nr,3.675e-15
8.4375,6.5637531033732097,4,nr,2.875e-15
8.4499999999999993,6.5469463502982261,4,nr,8.116e-16
8.4625000000000004,6.5302055490207058,4,nr,6.676e-11
8.4749999999999996,6.513530978587454,4,nr,5.511e-15
8.4874999999999989,6.4969229051490762,4,nr,1.153e-14
8.5,6.4803815825871629,4,nr,2.155e-11
8.5124999999999993,6.4639072533782453,4,nr,6.565e-15
8.5250000000000004,6.4475001492616739,4,nr,9.072e-15
8.5374999999999996,6.4311604919972556,4,nr,1.389e-14
8.5499999999999989,6.4148884940409765,4,nr,7.437e-11
8.5625,6.3986843591270608,4,nr,7.749e-15
8.5749999999999993,6.3825482830762716,4,nr,4.393e-15
8.5875000000000004,6.3664804542476823,4,nr,7.470e-15
8.5999999999999996,6.3504810542157255,4,nr,3.853e-11
8.6124999999999989,6.3345502583801574,4,nr,3.893e-15
8.625,6.3186882364480894,4,nr,8.740e-16
8.6374999999999993,6.3028951530721491,4,nr,2.280e-15
8.6500000000000004,6.2871711683459628,4,nr,1.336e-14
8.6624999999999996,6.271516438337998,4,nr,1.680e-15
8.6749999999999989,6.2559311156045974,4,nr,1.395e-14
8.6875,6.2404153497016805,4,nr,4.486e-11
8.6999999999999993,6.2249692876272986,4,nr,1.003e-12
8.7125000000000004,6.2095930743834753,4,nr,8.823e-11
8.7249999999999996,6.1942868534231996,4,nr,1.039e-10
8.7374999999999989,6.1790507670826837,4,nr,2.748e-11
8.75,6.1638849570330061,4,nr,3.430e-11
8.7624999999999993,6.1487895647650079,4,nr,5.654e-12
8.7750000000000004,6.1337647320610085,4,nr,1.024e-10
8.7874999999999996,6.1188106014651753,4,nr,4.860e-11
8.7999999999999989,6.1039273165058257,4,nr,3.713e-12
8.8125,6.0891150224418933,4,nr,1.295e-11
8.8249999999999993,6.0743738664948337,4,nr,8.293e-11
8.8375000000000004,6.0597039982758973,4,nr,4.459e-11
8.8499999999999996,6.0451055704188672,4,nr,4.496e-11
8.8624999999999989,6.0305787387007843,4,nr,9.720e-15
8.875,6.0161236627521104,4,nr,4.276e-15
8.8874999999999993,6.0017405063258948,4,nr,7.829e-15
8.9000000000000004,5.9874294377892801,4,nr,2.103e-15
8.9124999999999996,5.973190630549694,4,nr,3.320e-15
8.9249999999999989,5.9590242634936654,4,nr,4.561e-15
8.9375,5.9449305214279322,4,nr,6.555e-12
8.9499999999999993,5.9309095955333895,4,nr,2.906e-15
8.9625000000000004,5.9169616838026702,4,nr,5.040e-15
8.9749999999999996,5.9030869915119206,4,nr,1.509e-14
8.9874999999999989,5.8892857316775045,4,nr,2.214e-15
9,5.8755581255283316,4,nr,1.090e-15
9.0124999999999993,5.8619044029844547,4,nr,1.958e-14
9.0250000000000004,5.8483248031440818,4,nr,1.808e-14
9.0374999999999996,5.8348195747654454,4,nr,6.372e-11
9.0499999999999989,5.8213889768439495,4,nr,6.913e-15
9.0625,5.8080332789863283,4,nr,1.979e-14
9.0749999999999993,5.7947527621016794,4,nr,9.270e-11
9.0875000000000004,5.7815477187652062,4,nr,9.422e-15
9.0999999999999996,5.7684184539947791,4,nr,2.331e-14
9.1124999999999989,5.7553652856070885,4,nr,8.650e-15
9.125,5.7423885449029424,4,nr,3.935e-14
9.1374999999999993,5.7294885772416269,4,nr,7.560e-16
9.1500000000000004,5.7166657426519976,4,nr,2.345e-14
9.1624999999999996,5.7039204164604298,4,nr,1.023e-14
9.1749999999999989,5.6912529899359345,4,nr,1.334e-14
9.1875,5.67866387095372,4,nr,2.306e-14
9.1999999999999993,5.6661534846775989,4,nr,8.729e-15
9.2125000000000004,5.6537222742624307,4,nr,2.955e-14
9.2249999999999996,5.6413707015770189,4,nr,1.269e-14
9.2374999999999989,5.6290992479487025,4,nr,1.231e-14
9.25,5.6169084149299566,4,nr,3.713e-14
9.2624999999999993,5.6047987251121745,4,nr,9.532e-11
9.2750000000000004,5.5927707228200223,4,nr,8.175e-14
9.2874999999999996,5.5808249751879373,4,nr,4.603e-15
9.2999999999999989,5.5689620727855731,4,nr,3.236e-14
9.3125,5.5571826306262366,4,nr,6.461e-14
9.3249999999999993,5.5454872890595466,4,nr,9.057e-16
9.3375000000000004,5.5338767147146664,4,nr,2.892e-14
9.3499999999999996,5.5223516014717644,4,nr,7.690e-14
9.3624999999999989,5.5109126714616687,4,nr,2.868e-15
9.375,5.4995606760938207,4,nr,2.654e-15
9.3874999999999993,5.4882963971136824,4,nr,6.975e-14
9.4000000000000004,5.4771206476887047,4,nr,6.358e-14
9.4124999999999996,5.4660342735238912,4,nr,1.350e-15
9.4249999999999989,5.4550381539843897,4,nr,7.447e-11
9.4375,5.4441332033744754,4,nr,1.494e-14
9.4499999999999993,5.4333203719260652,4,nr,6.182e-14
9.4625000000000004,5.4226006472385206,4,nr,1.006e-13
9.4749999999999996,5.4119750554263693,4,nr,5.984e-14
9.4874999999999989,5.4014446624189931,4,nr,1.925e-14
9.5,5.3910105752612187,4,nr,1.075e-14
9.5124999999999993,5.3806739434349167,4,nr,5.197e-15
9.5250000000000004,5.3704359601978453,4,nr,7.873e-15
9.5374999999999996,5.3602978639368937,4,nr,2.065e-15
9.5499999999999989,5.3502609395315837,4,nr,8.375e-15
9.5625,5.3403265197232361,4,nr,5.922e-15
9.5749999999999993,5.3304959864842836,4,nr,9.556e-15
9.5875000000000004,5.32077077238133,4,nr,4.956e-15
9.5999999999999996,5.3111523619246581,4,nr,6.726e-15
9.6125000000000007,5.3016422928955391,4,nr,2.736e-14
9.625,5.2922421576416774,4,nr,5.755e-14
9.6374999999999993,5.2829536043295846,4,nr,5.865e-14
9.6500000000000004,5.2737783381408061,4,nr,2.673e-14
9.6624999999999996,5.2647181224109554,4,nr,3.393e-11
9.6750000000000007,5.2557747796055603,4,nr,4.989e-15
9.6875,5.2469501923802673,4,nr,3.241e-14
9.6999999999999993,5.2382463042620095,4,nr,3.998e-14
9.7125000000000004,5.2296651203735633,4,nr,1.023e-11
9.7249999999999996,5.2212087078818872,4,nr,2.993e-15
9.7375000000000007,5.2128791963138532,4,nr,4.477e-14
9.75,5.2046787775631964,4,nr,2.754e-11
9.7624999999999993,5.1966097056136062,4,nr,1.269e-14
9.7750000000000004,5.18867429609426,4,nr,1.067e-14
9.7874999999999996,5.1808749252462274,4,nr,5.246e-15
9.8000000000000007,5.1732140286511878,4,nr,2.136e-14
9.8125,5.1656940994239191,4,nr,3.377e-15
9.8249999999999993,5.1583176858899717,4,nr,2.078e-14
9.8375000000000004,5.1510873886704749,4,nr,3.163e-15
9.8499999999999996,5.1440058571029121,4,nr,5.049e-15
9.8625000000000007,5.1370757849194133,4,nr,1.238e-14
9.875,5.130299905099001,4,nr,1.531e-15
9.8874999999999993,5.1236809838028918,4,nr,9.776e-15
9.9000000000000004,5.117221813296605,4,nr,1.015e-14
9.9124999999999996,5.1109252037560431,4,nr,1.751e-15
9.9250000000000007,5.104793973840569,4,nr,1.545e-11
9.9375,5.098830939980056,4,nr,7.905e-16
9.9499999999999993,5.0930389040784938,4,nr,1.068e-14
9.9625000000000004,5.0874206398136295,4,nr,7.409e-15
9.9749999999999996,5.0819788771116734,4,nr,3.631e-15
9.9875000000000007,5.0767162848559382,4,nr,1.197e-15
10,5.0716354516525444,4,nr,2.866e-15
5.6375000000000002,14.985154264221372,5,nr,1.908e-15
5.6500000000000004,14.922811835627551,5,nr,4.357e-15
5.6625000000000005,14.860931240754406,5,nr,1.612e-15
5.6750000000000007,14.799509644314103,5,nr,1.084e-14
5.6875000000000009,14.738544283698943,5,nr,3.245e-15
5.7000000000000002,14.678032469775239,5,nr,1.745e-14
5.7125000000000004,14.617971587751958,5,nr,2.503e-14
5.7250000000000005,14.558359098127976,5,nr,1.861e-14
5.7375000000000007,14.499192537721598,5,nr,1.829e-15
5.7500000000000009,14.440469520786605,5,nr,7.326e-15
5.7625000000000002,14.382187740219162,5,nr,1.079e-14
5.7750000000000004,14.324344968860316,5,nr,1.310e-14
5.7875000000000005,14.266939060898967,5,nr,1.344e-14
5.8000000000000007,14.20996795338054,5,nr,7.831e-13
5.8125000000000009,14.153429667828863,5,nr,4.769e-15
5.8250000000000002,14.097322311981118,5,nr,2.235e-14
5.8375000000000004,14.041644081652981,5,nr,3.069e-16
5.8500000000000005,13.986393262729877,5,nr,5.283e-15
5.8625000000000007,13.931568233298442,5,nr,2.219e-15
5.8750000000000009,13.87716746592355,5,nr,1.853e-14
5.8875000000000002,13.823189530079691,5,nr,1.949e-14
5.9000000000000004,13.769633094760639,5,nr,3.544e-11
5.9125000000000005,13.716496931170326,5,nr,3.135e-15
5.9250000000000007,13.663779915825094,5,nr,1.225e-14
5.9375000000000009,13.611481033544083,5,nr,2.700e-15
5.9500000000000002,13.559599380883682,5,nr,2.272e-11
5.9625000000000004,13.508134169635248,5,nr,1.129e-14
5.9750000000000005,13.457084730722807,5,nr,1.694e-15
5.9875000000000007,13.406450518137904,5,nr,0.000e+00
6.0000000000000009,13.356231113287397,5,nr,1.758e-15
6.0125000000000002,13.306426229553193,5,nr,5.961e-15
6.0250000000000004,13.257035717152592,5,nr,1.427e-14
6.0375000000000005,13.208059568306574,5,nr,6.215e-15
6.0500000000000007,13.159497922734525,5,nr,2.588e-15
6.0625000000000009,13.1113510734955,5,nr,5.482e-15
6.0750000000000002,13.063619473196587,5,nr,5.517e-15
6.0875000000000004,13.016303740590851,5,nr,7.024e-15
6.1000000000000005,12.969404667588245,5,nr,2.576e-16
6.1125000000000007,12.92292322670408,5,nr,1.513e-14
6.1250000000000009,12.876860578971282,5,nr,1.430e-14
6.1375000000000002,12.83121808234389,5,nr,2.248e-15
6.1500000000000004,12.785997300620194,5,nr,3.378e-15
6.1625000000000005,12.741200012916059,5,nr,8.964e-16
6.1750000000000007,12.69682822371939,5,nr,5.400e-15
6.1875000000000009,12.652884173558482,5,nr,1.028e-14
6.2000000000000002,12.609370350317775,5,nr,3.467e-15
6.2125000000000004,12.566289501235802,5,nr,2.726e-15
6.2250000000000005,12.523644645620427,5,nr,2.618e-15
6.2375000000000007,12.4814390883173,5,nr,6.010e-15
6.2500000000000009,12.439676433950732,5,nr,2.403e-11
6.2625000000000002,12.3983606020896,5,nr,3.711e-16
6.2750000000000004,12.35749584302124,5,nr,1.429e-14
6.2875000000000005,12.317086754752554,5,nr,6.947e-15
6.3000000000000007,12.27713830068233,5,nr,4.286e-16
6.3125000000000009,12.237655828323074,5,nr,4.794e-15
6.3250000000000002,12.198645088976885,5,nr,2.226e-15
6.3375000000000004,12.160112258396715,5,nr,3.019e-15
6.3500000000000005,12.122063958439044,5,nr,3.383e-15
6.3625000000000007,12.084507279726763,5,nr,2.791e-11
6.3750000000000009,12.047449805133288,5,nr,6.314e-15
6.3875000000000002,12.010899634558324,5,nr,5.769e-15
6.4000000000000004,11.9748654100867,5,nr,2.085e-12
6.4125000000000005,11.939356342319341,5,nr,1.641e-11
6.4250000000000007,11.904382237114925,5,nr,1.987e-11
6.4375000000000009,11.869953523012684,5,nr,2.028e-13
6.4500000000000002,11.836081278893474,5,nr,2.763e-15
6.4625000000000004,11.80277726150797,5,nr,3.547e-16
6.4750000000000005,11.770053932857639,5,nr,2.050e-11
6.4875000000000007,11.737924486850405,5,nr,6.295e-16
6.5000000000000009,11.706402874345279,5,nr,3.884e-15
6.5125000000000002,11.675503826713582,5,nr,1.771e-15
6.5250000000000004,11.645242876319942,5,nr,1.469e-15
6.5375000000000005,11.615636373440923,5,nr,3.209e-16
6.5500000000000007,11.58670149830294,5,nr,1.787e-15
6.5625000000000009,11.55845626687773,5,nr,5.163e-16
6.5750000000000002,11.530919528790822,5,nr,7.607e-16
6.5875000000000004,11.504110955378039,5,nr,1.556e-11
6.6000000000000005,11.478051015775756,5,nr,6.358e-16
6.6125000000000007,11.45276093790496,5,nr,1.824e-15
6.6250000000000009,11.42826265210585,5,nr,4.477e-12
6.6375000000000002,11.404578713042541,5,nr,2.600e-12
6.6500000000000004,11.381732196570647,5,nr,1.090e-15
6.6625000000000005,11.359746566583933,5,nr,7.602e-13
6.6750000000000007,11.338645507326602,5,nr,1.099e-11
6.6875000000000009,11.318452715577147,5,nr,1.097e-11
6.7000000000000002,11.29919164686768,5,nr,3.738e-12
6.7125000000000004,11.280885210029149,5,nr,6.607e-16
6.7250000000000005,11.263555403980757,5,nr,5.989e-12
6.7375000000000007,11.247222891113903,5,nr,7.557e-16
6.7500000000000009,11.231906502045907,5,nr,7.809e-16
6.7625000000000002,11.217622668461086,5,nr,4.682e-12
6.7750000000000004,11.204384781755961,5,nr,6.876e-13
6.7875000000000005,11.192202478389845,5,nr,3.699e-17
6.8000000000000007,11.181080856716715,5,nr,2.909e-16
6.8125000000000009,11.171019634174399,5,nr,1.019e-15
6.8250000000000002,11.162012259992732,5,nr,3.519e-16
6.8375000000000004,11.15404500514008,5,nr,1.973e-13
6.8500000000000005,11.147096058845946,5,nr,3.926e-16
6.8625000000000007,11.141134668973889,5,nr,7.239e-16
6.8750000000000009,11.136120371251126,5,nr,4.321e-16
6.8875000000000002,11.132002358906854,5,nr,8.375e-16
6.9000000000000004,11.128719048710458,5,nr,2.907e-13
6.9125000000000005,11.126197900409961,5,nr,8.609e-16
6.9250000000000007,11.124355543100338,5,nr,1.125e-13
6.9375000000000009,11.123098253019556,5,nr,4.752e-13
6.9500000000000002,11.122322812434136,5,nr,8.749e-16
6.9625000000000004,11.121917758675556,5,nr,4.593e-16
6.9750000000000005,11.12176500726237,5,nr,3.368e-16
6.9875000000000007,11.121741805603982,5,nr,1.839e-16
7.0000000000000009,11.121722946595044,5,nr,3.371e-12
7.0125000000000002,11.121583147909929,5,nr,1.297e-14
7.0250000000000004,11.121199486515595,5,nr,7.653e-14
7.0375000000000005,11.12045376989942,5,nr,2.959e-14
7.0500000000000007,11.119234729580945,5,nr,3.016e-12
7.0625000000000009,11.117439935243462,5,nr,5.103e-13
7.0750000000000002,11.114977350614781,5,nr,3.303e-14
7.0875000000000004,11.111766479405247,5,nr,5.793e-13
7.1000000000000005,11.107739080664169,5,nr,6.649e-16
7.1125000000000007,11.102839461152715,5,nr,0.000e+00
7.1250000000000009,11.09702437772358,5,nr,6.722e-13
7.1375000000000002,11.090262601289377,5,nr,2.459e-14
7.1500000000000004,11.082534205926784,5,nr,5.286e-16
7.1625000000000005,11.073829651796183,5,nr,6.091e-16
7.1750000000000007,11.064148729583973,5,nr,1.094e-16
7.1875000000000009,11.053499428870607,5,nr,1.670e-15
7.2000000000000002,11.041896784327223,5,nr,1.141e-12
7.2125000000000004,11.029361743596169,5,nr,1.501e-15
7.2250000000000005,11.015920090377588,5,nr,1.124e-12
7.2375000000000007,11.001601446191669,5,nr,3.288e-12
7.2500000000000009,10.986438365748839,5,nr,3.916e-12
7.2625000000000002,10.970465533373339,5,nr,8.711e-13
7.2750000000000004,10.953719062200371,5,nr,1.525e-15
7.2875000000000005,10.936235893470622,5,nr,6.762e-12
7.3000000000000007,10.918053290262785,5,nr,7.045e-16
7.3125000000000009,10.899208418265104,5,nr,1.122e-15
7.3250000000000002,10.879738004496128,5,nr,8.694e-16
7.3375000000000004,10.859678065370939,5,nr,9.795e-16
7.3500000000000005,10.839063694889084,5,nr,1.379e-15
7.3625000000000007,10.817928904502418,5,nr,9.688e-17
7.3750000000000009,10.796306506741203,5,nr,9.312e-12
7.3875000000000002,10.774228035543725,5,nr,5.027e-17
7.4000000000000004,10.751723696659656,5,nr,2.560e-16
7.4125000000000005,10.728822343026271,5,nr,8.861e-16
7.4250000000000007,10.705551469863231,5,nr,1.191e-11
7.4375000000000009,10.681937225553657,5,nr,5.940e-16
7.4500000000000002,10.658004435048891,5,nr,1.374e-15
7.4625000000000004,10.633776632392856,5,nr,3.577e-15
7.4750000000000005,10.609276100455965,5,nr,1.705e-15
7.4875000000000007,10.584523915585828,5,nr,1.098e-15
7.5000000000000009,10.55953999565406,5,nr,3.935e-15
7.5125000000000002,10.534343150174326,5,nr,2.925e-15
7.5250000000000004,10.508951131443583,5,nr,9.703e-16
7.5375000000000005,10.483380685878334,5,nr,1.848e-15
7.5500000000000007,10.457647604899881,5,nr,1.063e-15
7.5625000000000009,10.431766774873388,5,nr,1.397e-15
7.5750000000000002,10.405752225729044,5,nr,5.800e-16
7.5875000000000004,10.379617177993971,5,nr,3.923e-15
7.6000000000000005,10.353374088045372,5,nr,3.648e-15
7.6125000000000007,10.327034691460273,5,nr,9.888e-15
7.6250000000000009,10.300610044389739,5,nr,2.728e-15
7.6375000000000002,10.274110562926031,5,nr,1.867e-15
7.6500000000000004,10.247546060463685,5,nr,9.039e-15
7.6625000000000005,10.220925783079641,5,nr,6.176e-15
7.6750000000000007,10.194258442976512,5,nr,3.883e-15
7.6875000000000009,10.167552250046413,5,nr,1.012e-14
7.7000000000000002,10.140814941623049,5,nr,3.245e-15
7.7125000000000004,10.114053810495928,5,nr,1.120e-15
7.7250000000000005,10.087275731264882,5,nr,1.458e-14
7.7375000000000007,10.060487185115427,5,nr,1.682e-15
7.7500000000000009,10.033694283095699,5,nr,2.861e-15
7.7625000000000002,10.006902787975653,5,nr,1.681e-14
7.7750000000000004,9.9801181347716685,5,nr,8.252e-12
7.7875000000000005,9.9533454499833116,5,nr,7.195e-15
7.8000000000000007,9.9265895697067492,5,nr,1.277e-14
7.8125000000000009,9.8998550565460057,5,nr,1.633e-16
7.8250000000000002,9.8731462155400962,5,nr,9.488e-15
7.8375000000000004,9.8464671090811535,5,nr,1.567e-14
7.8500000000000005,9.819821570915046,5,nr,4.714e-15
7.8625000000000007,9.7932132192781634,5,nr,1.861e-14
7.8750000000000009,9.7666454692257059,5,nr,2.712e-14
7.8875000000000002,9.7401215442090709,5,nr,1.405e-11
7.9000000000000004,9.7136444869088123,5,nr,7.081e-15
7.9125000000000005,9.6872171694949714,5,nr,3.237e-14
7.9250000000000007,9.6608423031480051,5,nr,2.492e-15
7.9375000000000009,9.6345224470894983,5,nr,3.231e-15
7.9500000000000002,9.6082600170352048,5,nr,1.086e-14
7.9625000000000004,9.5820572931467947,5,nr,4.335e-14
7.9750000000000005,9.5559164275096329,5,nr,9.109e-15
7.9875000000000007,9.5298394511666586,5,nr,7.420e-16
8,9.5038282807377019,5,nr,5.701e-15
8.0124999999999993,9.4778847246503446,5,nr,3.513e-14
8.0250000000000004,9.4520104890075221,5,nr,5.579e-14
8.0374999999999996,9.4262071831153769,5,nr,2.112e-14
8.0499999999999989,9.4004763246923169,5,nr,9.433e-15
8.0625,9.3748193447805512,5,nr,1.454e-15
8.0749999999999993,9.3492375923782411,5,nr,3.904e-16
8.0875000000000004,9.323732338810192,5,nr,1.867e-15
8.0999999999999996,9.2983047818536058,5,nr,2.680e-14
8.1124999999999989,9.2729560496340664,5,nr,3.692e-14
8.125,9.2476872043063345,5,nr,5.417e-14
8.1374999999999993,9.2224992455331112,5,nr,6.653e-14
8.1500000000000004,9.1973931137746074,5,nr,5.441e-14
8.1624999999999996,9.1723696934000003,5,nr,5.794e-14
8.1749999999999989,9.1474298156324743,5,nr,6.170e-14
8.1875,9.1225742613374603,5,nr,4.786e-14
8.1999999999999993,9.0978037636637321,5,nr,3.781e-14
8.2125000000000004,9.0731190105466197,5,nr,3.025e-14
8.2249999999999996,9.0485206470811477,5,nr,1.235e-14
8.2374999999999989,9.0240092777732794,5,nr,2.629e-16
8.25,8.9995854686764893,5,nr,1.268e-15
8.2624999999999993,8.9752497494031029,5,nr,6.466e-11
8.2750000000000004,8.9510026151384867,5,nr,1.706e-14
8.2874999999999996,8.9268445282991333,5,nr,3.449e-14
8.2999999999999989,8.902775920448617,5,nr,4.603e-14
8.3125,8.8787971938682109,5,nr,4.158e-15
8.3249999999999993,8.8549087231525849,5,nr,6.451e-15
8.3375000000000004,8.8311108567129164,5,nr,2.296e-14
8.3499999999999996,8.8074039182097987,5,nr,2.906e-14
8.3624999999999989,8.7837882079196685,5,nr,6.962e-15
8.375,8.7602640040211437,5,nr,7.137e-11
8.3874999999999993,8.7368315639283054,5,nr,2.196e-14
8.4000000000000004,8.7134911253043406,5,nr,6.090e-15
8.4124999999999996,8.6902429073510223,5,nr,1.003e-10
8.4249999999999989,8.6670871119299964,5,nr,2.723e-14
8.4375,8.6440239243810542,5,nr,1.173e-15
8.4499999999999993,8.6210535147623926,5,nr,6.888e-15
8.4625000000000004,8.5981760386876385,5,nr,5.277e-15
8.4749999999999996,8.5753916382692292,5,nr,3.686e-15
8.4874999999999989,8.5527004430014131,5,nr,8.715e-15
8.5,8.5301025706129927,5,nr,1.660e-11
8.5124999999999993,8.5075981278652417,5,nr,6.174e-15
8.5250000000000004,8.4851872113880162,5,nr,4.913e-11
8.5374999999999996,8.4628699083445991,5,nr,1.055e-14
8.5499999999999989,8.4406462972945597,5,nr,1.407e-14
8.5625,8.4185164487859279,5,nr,6.703e-15
8.5749999999999993,8.3964804260953247,5,nr,6.798e-15
8.5875000000000004,8.3745382858795594,5,nr,1.160e-14
8.5999999999999996,8.3526900788182274,5,nr,4.625e-15
8.6124999999999989,8.3309358502374806,5,nr,7.325e-15
8.625,8.3092756407164323,5,nr,3.099e-15
8.6374999999999993,8.2877094866773575,5,nr,1.084e-14
8.6500000000000004,8.2662374209609641,5,nr,8.191e-16
8.6624999999999996,8.2448594733761862,5,nr,5.416e-11
8.6749999999999989,8.2235756713079464,5,nr,9.992e-15
8.6875,8.2023860401369095,5,nr,7.372e-15
8.6999999999999993,8.1812906038841824,5,nr,1.005e-14
8.7125000000000004,8.160289385671069,5,nr,4.724e-12
8.7249999999999996,8.1393824082205821,5,nr,6.701e-11
8.7374999999999989,8.1185696944448846,5,nr,1.615e-11
8.75,8.0978512677609782,5,nr,3.755e-11
8.7624999999999993,8.0772271527849373,5,nr,9.193e-11
8.7750000000000004,8.0566973757272926,5,nr,5.825e-15
8.7874999999999996,8.036261964789821,5,nr,7.073e-15
8.7999999999999989,8.0159209507974207,5,nr,3.117e-15
8.8125,7.9956743675843933,5,nr,1.008e-14
8.8249999999999993,7.975522252489748,5,nr,2.323e-15
8.8375000000000004,7.9554646468325876,5,nr,7.564e-15
8.8499999999999996,7.9355015963881606,5,nr,9.402e-15
8.8624999999999989,7.9156331518653493,5,nr,7.346e-15
8.875,7.8958593693865513,5,nr,2.911e-15
8.8874999999999993,7.8761803109707653,5,nr,4.076e-15
8.9000000000000004,7.8565960450207006,5,nr,4.382e-15
8.9124999999999996,7.8371066468148776,5,nr,1.213e-14
8.9249999999999989,7.8177121990054976,5,nr,2.090e-14
8.9375,7.7984127921230391,5,nr,4.612e-15
8.9499999999999993,7.779208525088487,5,nr,7.455e-15
8.9625000000000004,7.7600995057212137,5,nr,5.872e-11
8.9749999999999996,7.7410858513331986,5,nr,1.012e-14
8.9874999999999989,7.7221676891416013,5,nr,1.363e-14
9,7.7033451569487541,5,nr,1.854e-14
9.0124999999999993,7.6846184036425171,5,nr,1.110e-14
9.0250000000000004,7.6659875897868961,5,nr,3.894e-16
9.0374999999999996,7.6474528882142421,5,nr,3.128e-14
9.0499999999999989,7.6290144846331014,5,nr,1.338e-14
9.0625,7.6106725782525881,5,nr,1.080e-14
9.0749999999999993,7.5924273824247512,5,nr,5.120e-14
9.0875000000000004,7.5742791253058144,5,nr,6.734e-15
9.0999999999999996,7.5562280505376176,5,nr,6.982e-15
9.1124999999999989,7.5382744179507251,5,nr,4.500e-14
9.125,7.520418504290113,5,nr,1.624e-16
9.1374999999999993,7.5026606039652863,5,nr,5.183e-14
9.1500000000000004,7.4850010298256535,5,nr,5.564e-14
9.1624999999999996,7.4674401139632325,5,nr,6.653e-14
9.1749999999999989,7.4499782085434747,5,nr,1.365e-12
9.1875,7.4326156866679245,5,nr,6.982e-14
9.1999999999999993,7.4153529432640468,5,nr,8.233e-15
9.2125000000000004,7.3981903960148845,5,nr,6.723e-14
9.2249999999999996,7.3811284863187208,5,nr,1.113e-14
9.2374999999999989,7.3641676802880545,5,nr,1.722e-14
9.25,7.3473084697866131,5,nr,7.995e-14
9.2624999999999993,7.330551373507542,5,nr,2.214e-15
9.2750000000000004,7.3138969380937988,5,nr,2.970e-14
9.2874999999999996,7.297345739303764,5,nr,9.166e-14
9.2999999999999989,7.2808983832236107,5,nr,1.175e-14
9.3125,7.2645555075283994,5,nr,5.085e-15
9.3249999999999993,7.2483177827949676,5,nr,7.787e-14
9.3375000000000004,7.2321859138679123,5,nr,8.297e-14
9.3499999999999996,7.2161606412820154,5,nr,3.065e-15
9.3624999999999989,7.2002427427422084,5,nr,3.046e-15
9.375,7.1844330346649681,5,nr,4.686e-15
9.3874999999999993,7.1687323737824604,5,nr,4.664e-14
9.4000000000000004,7.1531416588123475,5,nr,9.276e-14
9.4124999999999996,7.1376618321957617,5,nr,1.140e-13
9.4249999999999989,7.1222938819056862,5,nr,1.002e-13
9.4375,7.107038843328624,5,nr,7.073e-14
9.4499999999999993,7.0918978012209175,5,nr,5.514e-14
9.4625000000000004,7.0768718917433286,5,nr,4.637e-14
9.4749999999999996,7.0619623045750561,5,nr,5.607e-14
9.4874999999999989,7.047170285109555,5,nr,7.943e-14
9.5,7.0324971367340012,5,nr,1.064e-13
9.5124999999999993,7.0179442231935587,5,nr,9.681e-14
9.5250000000000004,7.0035129710426052,5,nr,6.065e-14
9.5374999999999996,6.9892048721826168,5,nr,2.144e-14
9.5499999999999989,6.9750214864991165,5,nr,3.367e-11
9.5625,6.9609644445186003,5,nr,9.577e-15
9.5749999999999993,6.9470354503206044,5,nr,5.592e-14
9.5875000000000004,6.9332362843100892,5,nr,6.449e-14
9.5999999999999996,6.9195688062403766,5,nr,1.780e-15
9.6125000000000007,6.9060349582480631,5,nr,8.481e-15
9.625,6.8926367679722578,5,nr,7.753e-14
9.6374999999999993,6.8793763517413256,5,nr,7.909e-15
9.6500000000000004,6.8662559178190721,5,nr,1.640e-14
9.6624999999999996,6.8532777696992868,5,nr,5.275e-14
9.6750000000000007,6.8404443094367764,5,nr,1.759e-15
9.6875,6.8277580409998073,5,nr,5.605e-14
9.6999999999999993,6.8152215736246369,5,nr,3.761e-15
9.7125000000000004,6.8028376251516525,5,nr,5.342e-14
9.7249999999999996,6.7906090253157361,5,nr,3.222e-15
9.7375000000000007,6.778538718961741,5,nr,2.648e-14
9.75,6.76662976914798,5,nr,1.463e-14
9.7624999999999993,6.7548853600917331,5,nr,1.194e-11
9.7750000000000004,6.7433087999453569,5,nr,2.282e-14
9.7874999999999996,6.7319035232335125,5,nr,1.509e-14
9.8000000000000007,6.7206730930768543,5,nr,2.151e-16
9.8125,6.7096212029424525,5,nr,9.987e-12
9.8249999999999993,6.6987516779160243,5,nr,8.755e-15
9.8375000000000004,6.6880684754647151,5,nr,2.007e-14
9.8499999999999996,6.6775756854126236,5,nr,2.256e-14
9.8625000000000007,6.6672775291778388,5,nr,1.898e-14
9.875,6.6571783580264938,5,nr,1.414e-14
9.8874999999999993,6.6472826502201876,5,nr,1.713e-14
9.9000000000000004,6.637595006875495,5,nr,1.385e-14
9.9124999999999996,6.628120146337996,5,nr,9.761e-15
9.9250000000000007,6.6188628968526011,5,nr,3.360e-15
9.9375,6.6098281872827256,5,nr,9.370e-12
9.9499999999999993,6.6010210356549255,5,nr,4.879e-15
9.9625000000000004,6.5924465351170127,5,nr,8.168e-15
9.9749999999999996,6.5841098372030515,5,nr,2.346e-15
9.9875000000000007,6.5760161318643009,5,nr,1.543e-15
10,6.568170624033578,5,nr,2.343e-15
6.5750000000000002,14.97158965753259,6,nr,2.637e-15
6.5875000000000004,14.933118638562112,6,nr,9.094e-16
6.6000000000000005,14.895584651691365,6,nr,3.752e-16
6.6125000000000007,14.859018985786262,6,nr,1.334e-11
6.6250000000000009,14.823454605479693,6,nr,6.091e-12
6.6375000000000002,14.788926138267158,6,nr,1.161e-11
6.6500000000000004,14.75546983338057,6,nr,2.028e-15
6.6625000000000005,14.723123483184276,6,nr,7.647e-12
6.6750000000000007,14.691926299627813,6,nr,1.240e-16
6.6875000000000009,14.661918734382729,6,nr,8.088e-17
6.7000000000000002,14.633142230481045,6,nr,1.014e-11
6.7125000000000004,14.605638892163949,6,nr,1.471e-15
6.7250000000000005,14.579451056692724,6,nr,1.231e-12
6.7375000000000007,14.554620752261076,6,nr,5.173e-13
6.7500000000000009,14.531189023369532,6,nr,6.523e-16
6.7625000000000002,14.509195106316989,6,nr,1.242e-12
6.7750000000000004,14.488675437657834,6,nr,2.022e-12
6.7875000000000005,14.469662481297437,6,nr,1.614e-13
6.8000000000000007,14.45218336472125,6,nr,3.992e-16
6.8125000000000009,14.436258322579459,6,nr,2.281e-16
6.8250000000000002,14.421898956786826,6,nr,2.715e-16
6.8375000000000004,14.40910633757963,6,nr,1.955e-13
6.8500000000000005,14.397868989109366,6,nr,2.709e-13
6.8625000000000007,14.388160826292006,6,nr,5.812e-14
6.8750000000000009,14.379939135599242,6,nr,3.420e-16
6.8875000000000002,14.373142719245301,6,nr,1.801e-13
6.9000000000000004,14.367690346601266,6,nr,2.776e-13
6.9125000000000005,14.363479674454048,6,nr,2.308e-13
6.9250000000000007,14.360386803725149,6,nr,9.513e-13
6.9375000000000009,14.358266629496249,6,nr,2.648e-13
6.9500000000000002,14.35695410931381,6,nr,9.237e-16
6.9625000000000004,14.35626652077017,6,nr,4.007e-16
6.9750000000000005,14.356006704253765,6,nr,2.212e-12
6.9875000000000007,14.355967198686445,6,nr,2.744e-12
7.0000000000000009,14.355935086041274,6,nr,2.367e-13
7.0125000000000002,14.355697280703822,6,nr,1.125e-14
7.0250000000000004,14.355045942004242,6,nr,2.638e-16
7.0375000000000005,14.353783668398494,6,nr,1.888e-16
7.0500000000000007,14.351728149336939,6,nr,2.339e-13
7.0625000000000009,14.348716006947251,6,nr,2.139e-16
7.0750000000000002,14.344605643149453,6,nr,2.779e-12
7.0875000000000004,14.339279005448383,6,nr,3.076e-16
7.1000000000000005,14.332642281636957,6,nr,7.437e-17
7.1125000000000007,14.324625615880841,6,nr,1.059e-16
7.1250000000000009,14.315181999794044,6,nr,6.467e-15
7.1375000000000002,14.304285525870277,6,nr,1.726e-16
7.1500000000000004,14.291929200716098,6,nr,2.040e-14
7.1625000000000005,14.278122505110931,6,nr,1.307e-16
7.1750000000000007,14.262888863729124,6,nr,3.002e-16
7.1875000000000009,14.246263155606412,6,nr,7.108e-13
7.2000000000000002,14.228289362525008,6,nr,1.010e-15
7.2125000000000004,14.209018420484801,6,nr,4.986e-16
7.2250000000000005,14.188506311539117,6,nr,8.011e-16
7.2375000000000007,14.166812411104765,6,nr,4.325e-12
7.2500000000000009,14.143998088923414,6,nr,5.332e-16
7.2625000000000002,14.120125550629732,6,nr,8.187e-14
7.2750000000000004,14.095256898997539,6,nr,4.012e-13
7.2875000000000005,14.069453390860973,6,nr,7.330e-16
7.3000000000000007,14.042774863803457,6,nr,9.576e-16
7.3125000000000009,14.015279307428996,6,nr,8.670e-13
7.3250000000000002,13.987022555549538,6,nr,5.719e-12
7.3375000000000004,13.958058077942727,6,nr,5.332e-16
7.3500000000000005,13.928436852489732,6,nr,9.531e-16
7.3625000000000007,13.898207301765673,6,nr,6.488e-16
7.3750000000000009,13.867415279795928,6,nr,4.258e-16
7.3875000000000002,13.836104097577103,6,nr,9.238e-12
7.4000000000000004,13.804314577789023,6,nr,2.956e-15
7.4125000000000005,13.772085130596972,6,nr,1.256e-15
7.4250000000000007,13.739451844707355,6,nr,1.537e-15
7.4375000000000009,13.706448588169886,6,nr,1.358e-15
7.4500000000000002,13.673107115246149,6,nr,1.916e-15
7.4625000000000004,13.639457176164997,6,nr,3.361e-15
7.4750000000000005,13.605526627433976,6,nr,1.859e-11
7.4875000000000007,13.571341540780429,6,nr,3.821e-15
7.5000000000000009,13.53692630984086,6,nr,2.859e-15
7.5125000000000002,13.502303752936587,6,nr,1.164e-15
7.5250000000000004,13.467495212009943,6,nr,3.905e-15
7.5375000000000005,13.43252064687251,6,nr,1.143e-15
7.5500000000000007,13.397398724671763,6,nr,6.299e-15
7.5625000000000009,13.362146904454834,6,nr,2.672e-15
7.5750000000000002,13.326781516831348,6,nr,4.482e-15
7.5875000000000004,13.291317838814203,6,nr,1.539e-15
7.6000000000000005,13.255770163972196,6,nr,1.497e-15
7.6125000000000007,13.220151868071405,6,nr,5.458e-12
7.6250000000000009,13.184475470375109,6,nr,5.363e-16
7.6375000000000002,13.14875269090348,6,nr,1.020e-15
7.6500000000000004,13.112994503731109,6,nr,3.379e-15
7.6625000000000005,13.077211186692189,6,nr,1.503e-14
7.6750000000000007,13.04141236762986,6,nr,7.725e-15
7.6875000000000009,13.005607067436717,6,nr,1.652e-15
7.7000000000000002,12.969803740093614,6,nr,6.184e-15
7.7125000000000004,12.934010309908802,6,nr,1.474e-16
7.7250000000000005,12.898234206149979,6,nr,3.880e-15
7.7375000000000007,12.86248239525138,6,nr,1.277e-14
7.7500000000000009,12.826761410767762,6,nr,1.269e-14
7.7625000000000002,12.791077381236164,6,nr,3.172e-15
7.7750000000000004,12.755436056096517,6,nr,8.609e-16
7.7875000000000005,12.719842829811824,6,nr,4.274e-15
7.8000000000000007,12.684302764318954,6,nr,5.763e-15
7.8125000000000009,12.648820609932077,6,nr,2.023e-15
7.8250000000000002,12.613400824811968,6,nr,7.607e-15
7.8375000000000004,12.578047593106165,6,nr,2.331e-14
7.8500000000000005,12.542764841857318,6,nr,2.539e-14
7.8625000000000007,12.507556256769776,6,nr,3.281e-14
7.8750000000000009,12.47242529691775,6,nr,4.021e-14
7.8875000000000002,12.437375208472384,6,nr,4.559e-14
7.9000000000000004,12.402409037518421,6,nr,3.890e-14
7.9125000000000005,12.367529642027137,6,nr,3.865e-14
7.9250000000000007,12.33273970304567,6,nr,3.777e-14
7.9375000000000009,12.298041735159723,6,nr,2.490e-14
7.9500000000000002,12.26343809628095,6,nr,6.481e-15
7.9625000000000004,12.228930996807522,6,nr,1.144e-14
7.9750000000000005,12.194522508202153,6,nr,1.648e-15
7.9875000000000007,12.160214571050991,6,nr,6.073e-11
8,12.126009002484931,6,nr,1.200e-14
8.0124999999999993,12.091907503467569,6,nr,5.542e-14
8.0250000000000004,12.057911665200583,6,nr,3.676e-14
8.0374999999999996,12.024022975457989,6,nr,2.571e-15
8.0499999999999989,11.990242824389208,6,nr,5.790e-11
8.0625,11.956572510109073,6,nr,3.864e-14
8.0749999999999993,11.923013243666373,6,nr,3.774e-14
8.0875000000000004,11.88956615409684,6,nr,2.938e-16
8.0999999999999996,11.856232292897465,6,nr,2.652e-14
8.1124999999999989,11.823012638350912,6,nr,4.253e-14
8.125,11.789908099581316,6,nr,4.644e-15
8.1374999999999993,11.756919520377561,6,nr,6.246e-14
8.1500000000000004,11.724047682798686,6,nr,5.460e-15
8.1624999999999996,11.691293310575881,6,nr,2.675e-14
8.1749999999999989,11.658657072324504,6,nr,1.565e-14
8.1875,11.626139584577583,6,nr,1.476e-14
8.1999999999999993,11.593741414653069,6,nr,1.370e-14
8.2125000000000004,11.561463083364579,6,nr,3.889e-14
8.2249999999999996,11.529305067586275,6,nr,8.570e-15
8.2374999999999989,11.497267802680293,6,nr,6.213e-14
8.25,11.465351684796145,6,nr,2.164e-15
8.2624999999999993,11.433557073049171,6,nr,2.089e-14
8.2750000000000004,11.401884291586308,6,nr,4.827e-14
8.2874999999999996,11.370333631545778,6,nr,1.712e-15
8.2999999999999989,11.338905352916965,6,nr,9.835e-15
8.3125,11.307599686307215,6,nr,5.240e-14
8.3249999999999993,11.276416834620624,6,nr,1.978e-14
8.3375000000000004,11.245356974654641,6,nr,1.795e-15
8.3499999999999996,11.214420258619008,6,nr,6.717e-15
8.3624999999999989,11.183606815582179,6,nr,1.809e-15
8.375,11.152916752849331,6,nr,1.947e-14
8.3874999999999993,11.122350157276157,6,nr,5.165e-14
8.4000000000000004,11.091907096522398,6,nr,1.534e-14
8.4124999999999996,11.061587620248531,6,nr,1.305e-14
8.4249999999999989,11.031391761259341,6,nr,2.017e-14
8.4375,11.001319536597357,6,nr,1.237e-14
8.4499999999999993,10.971370948589334,6,nr,2.328e-14
8.4625000000000004,10.941545985848496,6,nr,9.716e-15
8.4749999999999996,10.911844624235419,6,nr,2.100e-14
8.4874999999999989,10.882266827779969,6,nr,3.101e-14
8.5,10.852812549566753,6,nr,2.376e-14
8.5124999999999993,10.823481732586348,6,nr,1.216e-14
8.5250000000000004,10.794274310554558,6,nr,1.005e-14
8.5374999999999996,10.765190208712832,6,nr,5.001e-11
8.5499999999999989,10.736229344533147,6,nr,1.462e-14
8.5625,10.70739162856554,6,nr,1.276e-14
8.5749999999999993,10.678676965036066,6,nr,1.369e-14
8.5875000000000004,10.650085252592577,6,nr,7.941e-12
8.5999999999999996,10.621616384951315,6,nr,2.164e-15
8.6124999999999989,10.593270251561423,6,nr,4.390e-15
8.625,10.565046738216592,6,nr,1.758e-12
8.6374999999999993,10.53694572767402,6,nr,6.037e-16
8.6500000000000004,10.508967100253116,6,nr,3.251e-15
8.6624999999999996,10.481110734414271,6,nr,8.277e-16
8.6749999999999989,10.453376507330489,6,nr,2.441e-15
8.6875,10.425764295425335,6,nr,9.182e-11
8.6999999999999993,10.398273975019482,6,nr,5.826e-15
8.7125000000000004,10.370905422684409,6,nr,6.113e-11
8.7249999999999996,10.343658515928782,6,nr,1.122e-10
8.7374999999999989,10.316533133623397,6,nr,4.794e-11
8.75,10.289529156700597,6,nr,1.089e-11
8.7624999999999993,10.26264646837754,6,nr,7.620e-15
8.7750000000000004,10.235884954896944,6,nr,5.450e-15
8.7874999999999996,10.209244505909716,6,nr,1.122e-10
8.7999999999999989,10.182725015119544,6,nr,2.272e-15
8.8125,10.156326380543419,6,nr,6.782e-15
8.8249999999999993,10.130048505254756,6,nr,7.884e-12
8.8375000000000004,10.103891297758441,6,nr,1.147e-14
8.8499999999999996,10.077854672536743,6,nr,8.164e-15
8.8624999999999989,10.051938550540561,6,nr,2.875e-15
8.875,10.026142859709905,6,nr,6.228e-15
8.8874999999999993,10.000467535489289,6,nr,3.280e-15
8.9000000000000004,9.9749125213486458,6,nr,9.641e-12
8.9124999999999996,9.9494777693237761,6,nr,5.969e-16
8.9249999999999989,9.9241632405337494,6,nr,3.121e-15
8.9375,9.8989689057488928,6,nr,6.540e-15
8.9499999999999993,9.8738947459379514,6,nr,3.814e-15
8.9625000000000004,9.8489407528389936,6,nr,8.738e-16
8.9749999999999996,9.824106929540827,6,nr,9.560e-16
8.9874999999999989,9.7993932910780135,6,nr,5.610e-15
9,9.7747998650232546,6,nr,8.009e-11
9.0124999999999993,9.7503266922015808,6,nr,1.049e-14
9.0250000000000004,9.7259738271578708,6,nr,1.613e-15
9.0374999999999996,9.7017413389953813,6,nr,1.875e-14
9.0499999999999989,9.6776293119704029,6,nr,3.605e-14
9.0625,9.6536378462141563,6,nr,2.452e-14
9.0749999999999993,9.6297670584807307,6,nr,8.967e-11
9.0875000000000004,9.6060170827979938,6,nr,1.587e-15
9.0999999999999996,9.5823880714491327,6,nr,5.414e-14
9.1124999999999989,9.5588801955769078,6,nr,2.270e-14
9.125,9.5354936461217772,6,nr,3.246e-16
9.1374999999999993,9.512228634670544,6,nr,5.786e-14
9.1500000000000004,9.4890853943588329,6,nr,1.620e-14
9.1624999999999996,9.4660641808094326,6,nr,4.434e-15
9.1749999999999989,9.4431652731089226,6,nr,5.547e-14
9.1875,9.4203889748242791,6,nr,4.500e-15
9.1999999999999993,9.3977356150625493,6,nr,7.987e-14
9.2125000000000004,9.3752055495752398,6,nr,1.264e-14
9.2249999999999996,9.3527991619111006,6,nr,9.505e-14
9.2374999999999989,9.3305168646187973,6,nr,3.789e-15
9.25,9.3083591005037682,6,nr,6.066e-14
9.2624999999999993,9.2863263439408659,6,nr,1.037e-14
9.2750000000000004,9.2644191022472917,6,nr,8.629e-15
9.2874999999999996,9.2426379171181043,6,nr,1.177e-13
9.2999999999999989,9.2209833661284133,6,nr,0.000e+00
9.3125,9.1994560643060783,6,nr,1.334e-14
9.3249999999999993,9.1780566657779978,6,nr,1.092e-13
9.3375000000000004,9.1567858654947827,6,nr,4.697e-14
9.3499999999999996,9.135644401038169,6,nr,5.514e-15
9.3624999999999989,9.1146330545145204,6,nr,9.585e-15
9.375,9.0937526545405056,6,nr,5.305e-14
9.3874999999999993,9.0730040783247734,6,nr,1.122e-13
9.4000000000000004,9.0523882538510563,6,nr,1.196e-13
9.4124999999999996,9.0319061621684149,6,nr,6.925e-14
9.4249999999999989,9.0115588397928228,6,nr,4.032e-14
9.4375,8.99134738122752,6,nr,2.090e-14
9.4499999999999993,8.9712729416067774,6,nr,1.851e-14
9.4625000000000004,8.9513367394696832,6,nr,2.565e-14
9.4749999999999996,8.9315400596702013,6,nr,2.517e-14
9.4874999999999989,8.9118842564299197,6,nr,5.838e-14
9.5,8.8923707565401742,6,nr,1.087e-13
9.5124999999999993,8.8730010627203271,6,nr,1.021e-13
9.5250000000000004,8.8537767571384691,6,nr,5.328e-14
9.5374999999999996,8.8346995051027779,6,nr,2.193e-15
9.5499999999999989,8.8157710589285756,6,nr,2.435e-15
9.5625,8.7969932619890514,6,nr,6.539e-14
9.5749999999999993,8.7783680529560151,6,nr,6.444e-14
9.5875000000000004,8.7598974702293866,6,nr,1.906e-11
9.5999999999999996,8.7415836566105209,6,nr,3.157e-14
9.6125000000000007,8.7234288640795441,6,nr,5.945e-14
9.625,8.7054354589214604,6,nr,2.545e-15
9.6374999999999993,8.6876059269655546,6,nr,7.979e-14
9.6500000000000004,8.6699428790809971,6,nr,4.892e-12
9.6624999999999996,8.6524490568967138,6,nr,7.248e-14
9.6750000000000007,8.6351273387095606,6,nr,1.181e-15
9.6875,8.6179807456456281,6,nr,5.684e-14
9.6999999999999993,8.6010124480014589,6,nr,6.930e-16
9.7125000000000004,8.5842257717960901,6,nr,4.492e-15
9.7249999999999996,8.5676242055068208,6,nr,5.471e-14
9.7375000000000007,8.5512114069732448,6,nr,9.298e-15
9.75,8.5349912104458365,6,nr,7.336e-14
9.7624999999999993,8.5189676337483924,6,nr,1.082e-14
9.7750000000000004,8.5031448855164591,6,nr,3.229e-14
9.7874999999999996,8.487527372465058,6,nr,3.642e-14
9.8000000000000007,8.472119706626783,6,nr,2.456e-14
9.8125,8.4569267124905707,6,nr,2.024e-14
9.8249999999999993,8.4419534339554101,6,nr,1.473e-14
9.8375000000000004,8.4272051409978577,6,nr,1.992e-14
9.8499999999999996,8.4126873359315599,6,nr,2.550e-14
9.8625000000000007,8.3984057591151871,6,nr,1.533e-14
9.875,8.3843663939400237,6,nr,1.292e-16
9.8874999999999993,8.3705754708982081,6,nr,2.103e-15
9.9000000000000004,8.3570394705005402,6,nr,9.364e-15
9.9124999999999996,8.3437651247748423,6,nr,6.939e-15
9.9250000000000007,8.3307594170336507,6,nr,3.664e-16
9.9375,8.3180295795536505,6,nr,9.330e-15
9.9499999999999993,8.3055830887563467,6,nr,1.424e-15
9.9625000000000004,8.2934276574232477,6,nr,4.617e-15
9.9749999999999996,8.2815712234156535,6,nr,1.842e-15
9.9875000000000007,8.2700219343103161,6,nr,9.536e-12
10,8.2587881272327106,6,nr,3.351e-15
7.3000000000000007,-9.5232662517510196,7,nr,2.981e-17
7.3125000000000009,-8.7478527446437493,7,nr,3.460e-16
7.3250000000000002,-8.0571383398560847,7,nr,9.785e-17
7.3375000000000004,-7.4392291162490238,7,nr,1.061e-16
7.3500000000000005,-6.8842481620829972,7,nr,2.336e-16
7.3625000000000007,-6.3839386134953413,7,nr,4.772e-16
7.3750000000000009,-5.9313549363951257,7,nr,1.214e-16
7.3875000000000002,-5.5206207249394321,7,nr,6.680e-13
7.4000000000000004,-5.1467371276094651,7,nr,1.581e-16
7.4125000000000005,-4.8054301582901724,7,nr,5.117e-13
7.4250000000000007,-4.4930281260506577,7,nr,3.415e-15
7.4375000000000009,-4.2063625812445276,7,nr,2.718e-17
7.4500000000000002,-3.9426877585859716,7,nr,6.210e-15
7.4625000000000004,-3.6996146730172046,7,nr,8.577e-16
7.4750000000000005,-3.4750568994125137,7,nr,2.521e-14
7.4875000000000007,-3.2671857274985299,7,nr,3.891e-16
7.5000000000000009,-3.0743928840835015,7,nr,2.855e-15
7.5125000000000002,-2.8952593976588985,7,nr,8.490e-13
7.5250000000000004,-2.7285294752622407,7,nr,1.726e-14
7.5375000000000005,-2.5730884904603264,7,nr,2.760e-14
7.5500000000000007,-2.4279443589221561,7,nr,3.561e-14
7.5625000000000009,-2.2922117189895777,7,nr,2.384e-17
7.5750000000000002,-2.1650984444045136,7,nr,2.785e-13
7.5875000000000004,-2.0458941044359178,7,nr,7.077e-17
7.6000000000000005,-1.9339600566046935,7,nr,3.625e-14
7.6125000000000007,-1.8287209131906108,7,nr,5.790e-14
7.6250000000000009,-1.7296571681367723,7,nr,8.210e-15
7.6375000000000002,-1.6362988074095723,7,nr,1.187e-16
7.6500000000000004,-1.5482197557267807,7,nr,1.449e-13
7.6625000000000005,-1.4650330368389979,7,nr,8.460e-14
7.6750000000000007,-1.3863865444528587,7,nr,5.867e-17
7.6875000000000009,-1.3119593373524863,7,nr,9.744e-17
7.7000000000000002,-1.241458385705217,7,nr,1.108e-16
7.7125000000000004,-1.1746157068722187,7,nr,3.211e-14
7.7250000000000005,-1.1111858383186597,7,nr,1.116e-16
7.7375000000000007,-1.0509436030344883,7,nr,2.010e-16
7.7500000000000009,-0.9936821294071847,7,nr,3.850e-13
7.7625000000000002,-0.93921109297233896,7,nr,2.099e-13
7.7750000000000004,-0.88735515205061755,7,nr,1.814e-16
7.7875000000000005,-0.83795255325488494,7,nr,9.376e-13
7.8000000000000007,-0.79085388611174567,7,nr,1.086e-16
7.8125000000000009,-0.74592096877315872,7,nr,3.656e-16
7.8250000000000002,-0.70302584941683566,7,nr,1.412e-12
7.8375000000000004,-0.66204990971661437,7,nr,7.191e-17
7.8500000000000005,-0.62288305859330995,7,nr,1.948e-12
7.8625000000000007,-0.58542300620107357,7,nr,1.562e-16
7.8750000000000009,-0.54957460885250553,7,nr,2.601e-13
7.8875000000000002,-0.51524927739353943,7,nr,2.415e-16
7.9000000000000004,-0.48236444184134114,7,nr,1.502e-16
7.9125000000000005,-0.45084306640816529,7,nr,5.510e-17
7.9250000000000007,-0.42061320949856307,7,nr,3.981e-16
7.9375000000000009,-0.39160762399765686,7,nr,7.985e-17
7.9500000000000002,-0.3637633936761131,7,nr,3.239e-12
7.9625000000000004,-0.33702160208701615,7,nr,1.763e-16
7.9750000000000005,-0.31132703051616184,7,nr,9.952e-17
7.9875000000000007,-0.28662788237227693,7,nr,1.228e-16
8,-0.2628755311296041,7,nr,9.118e-12
8.0124999999999993,-0.24002428983696836,7,nr,8.986e-13
8.0250000000000004,-0.21803119963352202,7,nr,1.103e-11
8.0374999999999996,-0.19685583633509846,7,nr,1.924e-16
8.0499999999999989,-0.17646013222608259,7,nr,1.739e-16
8.0625,-0.15680821284730362,7,nr,3.371e-16
8.0749999999999993,-0.13786624652425294,7,nr,1.030e-11
8.0875000000000004,-0.11960230582271689,7,nr,1.840e-12
8.0999999999999996,-0.10198624010868719,7,nr,9.864e-17
8.1124999999999989,-0.084989557582236516,7,nr,1.706e-15
8.125,-0.068585316678263175,7,nr,1.326e-11
8.1374999999999993,-0.052748025429324115,7,nr,1.415e-12
8.1500000000000004,-0.037453548684477311,7,nr,2.242e-16
8.1624999999999996,-0.02267902184556882,7,nr,5.359e-16
8.1749999999999989,-0.0084027711821296723,7,nr,3.007e-12
8.1875,0.0053957601825305361,7,nr,4.312e-12
8.1999999999999993,0.018736080869472243,7,nr,5.133e-16
8.2125000000000004,0.031636715120604036,7,nr,2.521e-16
8.2249999999999996,0.044115262014283473,7,nr,1.814e-16
8.2374999999999989,0.056188450651450096,7,nr,4.028e-12
8.25,0.067872191525683037,7,nr,1.051e-15
8.2624999999999993,0.079181624321421701,7,nr,1.940e-16
8.2750000000000004,0.090131162567335915,7,nr,1.068e-12
8.2874999999999996,0.10073453520365444,7,nr,2.144e-11
8.2999999999999989,0.11100482556025168,7,nr,4.910e-14
8.3125,0.12095450743002799,7,nr,6.937e-13
8.3249999999999993,0.13059547925256376,7,nr,2.641e-11
8.3375000000000004,0.13993909563723414,7,nr,1.509e-11
8.3499999999999996,0.14899619728260582,7,nr,9.786e-17
8.3624999999999989,0.15777713869863599,7,nr,2.676e-15
8.375,0.16629181428003093,7,nr,1.738e-15
8.3874999999999993,0.17454968281236005,7,nr,1.598e-16
8.4000000000000004,0.18255979041303322,7,nr,3.976e-15
8.4124999999999996,0.19033079209578221,7,nr,1.728e-11
8.4249999999999989,0.19787097195117787,7,nr,4.153e-15
8.4375,0.20518826231172593,7,nr,7.072e-12
8.4499999999999993,0.21229026149277783,7,nr,5.794e-15
8.4625000000000004,0.21918425074825992,7,nr,3.122e-16
8.4749999999999996,0.22587721006127356,7,nr,1.336e-15
8.4874999999999989,0.23237583310337476,7,nr,8.297e-15
8.5,0.23868654130385852,7,nr,2.116e-15
8.5124999999999993,0.2448154971206232,7,nr,1.989e-16
8.5250000000000004,0.25076861655981408,7,nr,1.983e-15
8.5374999999999996,0.25655158099231296,7,nr,8.879e-15
8.5499999999999989,0.26216984831214768,7,nr,1.477e-14
8.5625,0.26762866347833392,7,nr,1.553e-14
8.5749999999999993,0.27293306847883408,7,nr,1.261e-14
8.5875000000000004,0.27808791175289727,7,nr,1.123e-14
8.5999999999999996,0.28309785710486485,7,nr,1.232e-14
8.6124999999999989,0.2879673921409403,7,nr,1.640e-14
8.625,0.29270083625782872,7,nr,2.493e-14
8.6374999999999993,0.2973023482103061,7,nr,3.175e-14
8.6500000000000004,0.3017759332831631,7,nr,2.738e-14
8.6624999999999996,0.306125450090586,7,nr,1.357e-14
8.6749999999999989,0.31035461702231865,7,nr,7.301e-12
8.6875,0.31446701837949498,7,nr,1.956e-16
8.6999999999999993,0.31846611015114246,7,nr,1.470e-14
8.7125000000000004,0.32235522556310664,7,nr,5.787e-14
8.7249999999999996,0.32613758030257017,7,nr,2.192e-14
8.7374999999999989,0.32981627750156117,7,nr,1.259e-17
8.75,0.33339431247224233,7,nr,2.416e-14
8.7624999999999993,0.33687457721026376,7,nr,6.815e-14
8.7750000000000004,0.34025986466765173,7,nr,3.231e-11
8.7874999999999996,0.34355287289090619,7,nr,2.259e-14
8.7999999999999989,0.34675620878348362,7,nr,8.199e-14
8.8125,0.34987239192477515,7,nr,3.694e-16
8.8249999999999993,0.35290385803314545,7,nr,8.586e-14
8.8375000000000004,0.35585296233665431,7,nr,2.521e-14
8.8499999999999996,0.35872198277536343,7,nr,2.322e-14
8.8624999999999989,0.36151312305498706,7,nr,9.728e-14
8.875,0.36422851556118196,7,nr,4.800e-15
8.8874999999999993,0.3668702241399649,7,nr,1.562e-13
8.9000000000000004,0.36944024675329812,7,nr,2.330e-15
8.9124999999999996,0.37194051801387412,7,nr,1.904e-13
8.9249999999999989,0.37437291160812908,7,nr,3.383e-15
8.9375,0.37673924261003255,7,nr,1.911e-13
8.9499999999999993,0.37904126969458884,7,nr,1.602e-14
8.9625000000000004,0.38128069725260788,7,nr,1.290e-13
8.9749999999999996,0.3834591774151544,7,nr,8.867e-14
8.9874999999999989,0.38557831198885678,7,nr,2.291e-14
9,0.38763965430963987,7,nr,3.203e-13
9.0124999999999993,0.38964471101569814,7,nr,4.941e-16
9.0250000000000004,0.39159494374714776,7,nr,2.671e-13
9.0374999999999996,0.39349177077261005,7,nr,1.159e-13
9.0499999999999989,0.39533656854782445,7,nr,7.600e-15
9.0625,0.39713067321059276,7,nr,4.628e-13
9.0749999999999993,0.39887538201312905,7,nr,5.294e-14
9.0875000000000004,0.40057195469472495,7,nr,3.557e-14
9.0999999999999996,0.40222161480041585,7,nr,5.662e-13
9.1124999999999989,0.40382555094502859,7,nr,7.282e-14
9.125,0.40538491802528132,7,nr,1.519e-14
9.1374999999999993,0.40690083838570829,7,nr,5.726e-13
9.1500000000000004,0.40837440293680566,7,nr,2.400e-13
9.1624999999999996,0.40980667222787154,7,nr,1.181e-16
9.1749999999999989,0.41119867748054395,7,nr,3.003e-13
9.1875,0.41255142157974029,7,nr,7.937e-13
9.1999999999999993,0.41386588002575325,7,nr,9.208e-14
9.2125000000000004,0.41514300184317582,7,nr,4.862e-11
9.2249999999999996,0.41638371050789913,7,nr,4.762e-13
9.2374999999999989,0.41758890470095733,7,nr,9.146e-13
9.25,0.41875945921744689,7,nr,1.475e-13
9.2624999999999993,0.41989622570636626,7,nr,6.210e-16
9.2750000000000004,0.42100003343374021,7,nr,2.799e-13
9.2874999999999996,0.42207169001087752,7,nr,1.050e-12
9.2999999999999989,0.42311198209552564,7,nr,6.103e-13
9.3125,0.42412167606489165,7,nr,5.505e-14
9.3249999999999993,0.42510151864381723,7,nr,1.449e-10
9.3375000000000004,0.42605223765370859,7,nr,3.643e-13
9.3499999999999996,0.42697454236933718,7,nr,1.164e-12
9.3624999999999989,0.42786912435005059,7,nr,9.627e-13
9.375,0.42873665787549819,7,nr,2.176e-13
9.3874999999999993,0.42957780051553074,7,nr,4.421e-15
9.4000000000000004,0.43039319365108142,7,nr,3.226e-14
9.4124999999999996,0.43118346297953664,7,nr,5.375e-13
9.4249999999999989,0.43194921900222238,7,nr,1.304e-12
9.4375,0.43269105749532205,7,nr,1.303e-12
9.4499999999999993,0.43340955996222347,7,nr,5.027e-13
9.4625000000000004,0.43410529407574516,7,nr,7.814e-14
9.4749999999999996,0.43477881410015107,7,nr,5.495e-16
9.4874999999999989,0.43543066130170183,7,nr,4.455e-14
9.5,0.43606136434505294,7,nr,4.546e-13
9.5124999999999993,0.43667143967661182,7,nr,1.122e-12
9.5250000000000004,0.43726139189521035,7,nr,1.618e-12
9.5374999999999996,0.43783171411106164,7,nr,1.204e-12
9.5499999999999989,0.43838288829105315,7,nr,5.584e-13
9.5625,0.43891538559747395,7,nr,1.596e-13
9.5749999999999993,0.43942966671124362,7,nr,1.699e-14
9.5875000000000004,0.43992618214733303,7,nr,5.044e-16
9.5999999999999996,0.4404053725598282,7,nr,3.455e-14
9.6125000000000007,0.44086766903748559,7,nr,2.641e-13
9.625,0.44131349339019454,7,nr,6.656e-13
9.6374999999999993,0.44174325842663759,7,nr,1.098e-12
9.6500000000000004,0.44215736822351576,7,nr,1.411e-12
9.6624999999999996,0.44255621838703979,7,nr,1.356e-12
9.6750000000000007,0.44294019630479003,7,nr,9.276e-13
9.6875,0.44330968139391974,7,nr,5.432e-13
9.6999999999999993,0.44366504533824297,7,nr,2.642e-13
9.7125000000000004,0.44400665232037861,7,nr,9.937e-14
9.7249999999999996,0.44433485924685212,7,nr,2.338e-14
9.7375000000000007,0.44465001596680126,7,nr,1.525e-15
9.75,0.44495246548452977,7,nr,6.890e-16
9.7624999999999993,0.44524254416614945,7,nr,5.074e-15
9.7750000000000004,0.44552058194053157,7,nr,3.983e-14
9.7874999999999996,0.44578690249480124,7,nr,1.121e-13
9.8000000000000007,0.44604182346457311,7,nr,2.143e-13
9.8125,0.44628565661913822,7,nr,3.190e-13
9.8249999999999993,0.44651870804179494,7,nr,4.202e-13
9.8375000000000004,0.44674127830552096,7,nr,4.983e-13
9.8499999999999996,0.44695366264416064,7,nr,5.473e-13
9.8625000000000007,0.44715615111930895,7,nr,5.691e-13
9.875,0.44734902878305949,7,nr,5.625e-13
9.8874999999999993,0.44753257583688622,7,nr,4.495e-13
9.9000000000000004,0.44770706778617436,7,nr,3.572e-13
9.9124999999999996,0.44787277559219724,7,nr,2.781e-13
9.9250000000000007,0.44802996581944554,7,nr,2.088e-13
9.9375,0.44817890078017025,7,nr,1.523e-13
9.9499999999999993,0.44831983867557429,7,nr,1.122e-13
9.9625000000000004,0.44845303373390905,7,nr,7.658e-14
9.9749999999999996,0.44857873634560447,7,nr,5.183e-14
9.9875000000000007,0.44869719319555501,7,nr,3.516e-14
10,0.44880864739268705,7,nr,2.134e-14
8.0250000000000004,14.970143926186998,8,nr,3.197e-11
8.0374999999999996,14.92721378901507,8,nr,6.874e-14
8.0499999999999989,14.884433174882975,8,nr,1.014e-14
8.0625,14.841803193512655,8,nr,6.321e-14
8.0749999999999993,14.799324864765767,8,nr,3.397e-15
8.0875000000000004,14.756999123849454,8,nr,6.138e-14
8.0999999999999996,14.714826826216866,8,nr,3.149e-15
8.1124999999999989,14.672808752171733,8,nr,6.290e-14
8.125,14.630945611198385,8,nr,1.725e-14
8.1374999999999993,14.589238046035463,8,nr,2.508e-15
8.1500000000000004,14.547686636510322,8,nr,5.769e-14
8.1624999999999996,14.506291903150865,8,nr,3.641e-14
8.1749999999999989,14.46505431059119,8,nr,6.224e-12
8.1875,14.423974270771721,8,nr,1.366e-14
8.1999999999999993,14.383052145985607,8,nr,3.792e-14
8.2125000000000004,14.342288251718831,8,nr,6.315e-14
8.2249999999999996,14.301682859359413,8,nr,4.041e-14
8.2374999999999989,14.261236198746952,8,nr,4.466e-14
8.25,14.220948460585642,8,nr,1.635e-14
8.2624999999999993,14.180819798727228,8,nr,1.431e-15
8.2750000000000004,14.140850332332336,8,nr,1.294e-14
8.2874999999999996,14.101040147917972,8,nr,1.407e-14
8.2999999999999989,14.061389301298158,8,nr,2.697e-14
8.3125,14.021897819424648,8,nr,5.147e-14
8.3249999999999993,13.982565702133828,8,nr,4.664e-14
8.3375000000000004,13.943392923805476,8,nr,1.001e-14
8.3499999999999996,13.904379434939456,8,nr,4.368e-16
8.3624999999999989,13.865525163654592,8,nr,4.548e-15
8.375,13.826830017115181,8,nr,2.348e-14
8.3874999999999993,13.788293882889418,8,nr,1.943e-14
8.4000000000000004,13.749916630243693,8,nr,8.361e-15
8.4124999999999996,13.711698111377231,8,nr,3.566e-14
8.4249999999999989,13.673638162600202,8,nr,1.348e-14
8.4375,13.635736605459114,8,nr,1.126e-14
8.4499999999999993,13.59799324781282,8,nr,2.589e-14
8.4625000000000004,13.560407884861874,8,nr,1.129e-14
8.4749999999999996,13.522980300134568,8,nr,1.856e-14
8.4874999999999989,13.485710266431989,8,nr,1.115e-14
8.5,13.448597546735019,8,nr,5.093e-15
8.5124999999999993,13.41164189507551,8,nr,6.635e-15
8.5250000000000004,13.374843057373999,8,nr,1.705e-15
8.5374999999999996,13.338200772246207,8,nr,6.120e-15
8.5499999999999989,13.301714771780333,8,nr,2.852e-15
8.5625,13.265384782275767,8,nr,5.134e-11
8.5749999999999993,13.229210525024936,8,nr,2.346e-15
8.5875000000000004,13.193191716900444,8,nr,6.588e-15
8.5999999999999996,13.157328071148648,8,nr,1.662e-14
8.6124999999999989,13.121619297991838,8,nr,1.292e-15
8.625,13.086065105280289,8,nr,1.229e-14
8.6374999999999993,13.050665199115809,8,nr,1.899e-15
8.6500000000000004,13.015419284480352,8,nr,9.626e-11
8.6624999999999996,12.980327065736093,8,nr,4.921e-11
8.6749999999999989,12.945388247372607,8,nr,5.313e-11
8.6875,12.910602534435613,8,nr,8.868e-11
8.6999999999999993,12.875969633082981,8,nr,9.171e-11
8.7125000000000004,12.841489251328829,8,nr,5.523e-11
8.7249999999999996,12.807161099289191,8,nr,6.812e-11
8.7374999999999989,12.772984889963746,8,nr,5.803e-11
8.75,12.738960339564111,8,nr,2.703e-11
8.7624999999999993,12.705087168239837,8,nr,3.131e-12
8.7750000000000004,12.671365100468957,8,nr,1.187e-14
8.7874999999999996,12.637793865602124,8,nr,4.104e-16
8.7999999999999989,12.604373198413152,8,nr,1.104e-10
8.8125,12.57110283949646,8,nr,4.817e-15
8.8249999999999993,12.537982536019184,8,nr,2.341e-15
8.8375000000000004,12.505012042006694,8,nr,6.713e-13
8.8499999999999996,12.472191118982416,8,nr,7.065e-15
8.8624999999999989,12.439519536481262,8,nr,3.842e-11
8.875,12.406997072539852,8,nr,8.489e-15
8.8874999999999993,12.374623514335058,8,nr,7.902e-11
8.9000000000000004,12.342398658563887,8,nr,5.812e-15
8.9124999999999996,12.31032231220871,8,nr,1.479e-15
8.9249999999999989,12.278394292925077,8,nr,1.272e-14
8.9375,12.24661442970238,8,nr,3.172e-15
8.9499999999999993,12.214982563435356,8,nr,5.530e-13
8.9625000000000004,12.183498547526725,8,nr,5.301e-15
8.9749999999999996,12.152162248503062,8,nr,1.505e-14
8.9874999999999989,12.12097354664933,8,nr,1.007e-14
9,12.089932336657128,8,nr,1.000e-11
9.0124999999999993,12.059038528306123,8,nr,1.601e-14
9.0250000000000004,12.028292047133014,8,nr,1.302e-14
9.0374999999999996,11.997692835166898,8,nr,3.233e-14
9.0499999999999989,11.967240851655552,8,nr,3.698e-14
9.0625,11.93693607383079,8,nr,3.118e-14
9.0749999999999993,11.906778497699015,8,nr,2.443e-14
9.0875000000000004,11.876768138861348,8,nr,2.434e-14
9.0999999999999996,11.846905033365228,8,nr,4.665e-14
9.1124999999999989,11.817189238589583,8,nr,3.518e-14
9.125,11.787620834165793,8,nr,7.964e-14
9.1374999999999993,11.758199922936717,8,nr,6.073e-14
9.1500000000000004,11.728926631956501,8,nr,2.815e-14
9.1624999999999996,11.699801113556259,8,nr,9.673e-11
9.1749999999999989,11.670823546318342,8,nr,4.516e-15
9.1875,11.641994136442841,8,nr,4.468e-14
9.1999999999999993,11.613313118708101,8,nr,7.415e-14
9.2125000000000004,11.584780757844586,8,nr,6.209e-11
9.2249999999999996,11.55639734973929,8,nr,1.891e-14
9.2374999999999989,11.528163222952283,8,nr,8.296e-14
9.25,11.500078739995715,8,nr,7.215e-16
9.2624999999999993,11.472144298910674,8,nr,8.133e-14
9.2750000000000004,11.444360334826829,8,nr,1.350e-14
9.2874999999999996,11.416727321615978,8,nr,5.339e-14
9.2999999999999989,11.389245773629524,8,nr,1.319e-14
9.3125,11.361916247523997,8,nr,6.906e-14
9.3249999999999993,11.33473934418117,8,nr,1.193e-15
9.3375000000000004,11.307715710727342,8,nr,1.265e-13
9.3499999999999996,11.280846042658737,8,nr,3.926e-16
9.3624999999999989,11.254131086079267,8,nr,1.726e-14
9.375,11.227571640056773,8,nr,1.313e-13
9.3874999999999993,11.201168559105824,8,nr,1.663e-14
9.4000000000000004,11.174922755799733,8,nr,1.691e-11
9.4124999999999996,11.148835203553068,8,nr,5.561e-14
9.4249999999999989,11.122906939482126,8,nr,1.098e-13
9.4375,11.097139067522006,8,nr,9.851e-14
9.4499999999999993,11.071532761640166,8,nr,2.416e-14
9.4625000000000004,11.046089269257442,8,nr,8.538e-15
9.4749999999999996,11.020809914854899,8,nr,6.555e-15
9.4874999999999989,10.995696103781126,8,nr,2.167e-15
9.5,10.970749326272438,8,nr,3.043e-15
9.5124999999999993,10.945971161698195,8,nr,7.985e-15
9.5250000000000004,10.921363283044206,8,nr,1.424e-14
9.5374999999999996,10.89692746164787,8,nr,5.637e-14
9.5499999999999989,10.8726655721992,8,nr,1.166e-13
9.5625,10.848579598022074,8,nr,6.062e-14
9.5749999999999993,10.824671636652146,8,nr,3.217e-15
9.5875000000000004,10.800943905725658,8,nr,1.677e-15
9.5999999999999996,10.77739874919645,8,nr,9.237e-14
9.6125000000000007,10.754038643897653,8,nr,1.815e-14
9.625,10.73086620646413,8,nr,7.722e-15
9.6374999999999993,10.707884200633927,8,nr,8.259e-14
9.6500000000000004,10.68509554494397,8,nr,9.546e-16
9.6624999999999996,10.662503320838255,8,nr,7.907e-14
9.6750000000000007,10.640110781202599,8,nr,1.400e-15
9.6875,10.617921359343045,8,nr,6.698e-14
9.6999999999999993,10.595938678419365,8,nr,4.713e-15
9.7125000000000004,10.574166561347431,8,nr,5.183e-15
9.7249999999999996,10.552609041177881,8,nr,5.291e-14
9.7375000000000007,10.531270371958039,8,nr,4.105e-15
9.75,10.5101550400785,8,nr,0.000e+00
9.7624999999999993,10.489267776099943,8,nr,5.717e-16
9.7750000000000004,10.468613567050609,8,nr,1.714e-14
9.7874999999999996,10.448197669175002,8,nr,2.875e-14
9.8000000000000007,10.428025621105068,8,nr,2.961e-14
9.8125,10.408103257412382,8,nr,2.670e-14
9.8249999999999993,10.388436722484688,8,nr,2.025e-14
9.8375000000000004,10.369032484652143,8,nr,1.160e-14
9.8499999999999996,10.349897350463023,8,nr,5.871e-12
9.8625000000000007,10.331038479010241,8,nr,7.683e-16
9.875,10.31246339608205,8,nr,2.378e-14
9.8874999999999993,10.294180008067007,8,nr,3.729e-15
9.9000000000000004,10.276196615257234,8,nr,2.693e-15
9.9124999999999996,10.258521924337218,8,nr,8.198e-15
9.9250000000000007,10.241165059687269,8,nr,0.000e+00
9.9375,10.224135573089859,8,nr,1.811e-15
9.9499999999999993,10.20744345134147,8,nr,9.428e-15
9.9625000000000004,10.191099121180173,8,nr,4.864e-15
9.9749999999999996,10.175113450831718,8,nr,1.280e-15
9.9875000000000007,10.159497747371343,8,nr,1.850e-11
10,10.144263748840658,8,nr,1.884e-15
8.8874999999999993,14.998660135415117,9,nr,4.853e-15
8.9000000000000004,14.959065493839628,9,nr,2.765e-15
8.9124999999999996,14.919650497006847,9,nr,6.759e-11
8.9249999999999989,14.880414799062022,9,nr,6.530e-16
8.9375,14.841358067202272,9,nr,1.074e-14
8.9499999999999993,14.802479982140726,9,nr,7.802e-15
8.9625000000000004,14.76378023880345,9,nr,2.637e-14
8.9749999999999996,14.725258546956326,9,nr,1.584e-14
8.9874999999999989,14.686914631864818,9,nr,4.854e-15
9,14.648748234973784,9,nr,2.362e-14
9.0124999999999993,14.610759114608831,9,nr,1.116e-16
9.0250000000000004,14.572947046701135,9,nr,2.253e-14
9.0374999999999996,14.535311825537301,9,nr,2.939e-14
9.0499999999999989,14.497853264536362,9,nr,5.809e-14
9.0625,14.460571197055673,9,nr,1.939e-14
9.0749999999999993,14.423465477228079,9,nr,1.614e-14
9.0875000000000004,14.386535980832063,9,nr,2.226e-14
9.0999999999999996,14.349782606218309,9,nr,8.973e-11
9.1124999999999989,14.31320527515083,9,nr,2.567e-14
9.125,14.276803933996655,9,nr,1.038e-14
9.1374999999999993,14.24057855454835,9,nr,7.588e-15
9.1500000000000004,14.204529135200296,9,nr,8.037e-16
9.1624999999999996,14.168655702051208,9,nr,3.867e-14
9.1749999999999989,14.132958310079349,9,nr,8.006e-14
9.1875,14.097437044373589,9,nr,1.016e-13
9.1999999999999993,14.062092021424013,9,nr,8.344e-14
9.2125000000000004,14.026923390475254,9,nr,5.451e-14
9.2249999999999996,13.991931334947635,9,nr,6.338e-14
9.2374999999999989,13.957116073929642,9,nr,7.826e-14
9.25,13.922477863746721,9,nr,1.364e-13
9.2624999999999993,13.888016999611299,9,nr,1.099e-13
9.2750000000000004,13.853733817358746,9,nr,5.856e-14
9.2874999999999996,13.819628695276098,9,nr,3.035e-16
9.2999999999999989,13.785702056027867,9,nr,3.016e-16
9.3125,13.751954368686393,9,nr,6.139e-14
9.3249999999999993,13.718386150873293,9,nr,9.182e-14
9.3375000000000004,13.684997971018571,9,nr,1.923e-14
9.3499999999999996,13.651790450746367,9,nr,5.181e-14
9.3624999999999989,13.618764267393978,9,nr,6.176e-14
9.375,13.585920156673991,9,nr,1.584e-14
9.3874999999999993,13.553258915488907,9,nr,1.025e-13
9.4000000000000004,13.520781404907153,9,nr,9.326e-15
9.4124999999999996,13.488488553312834,9,nr,6.261e-14
9.4249999999999989,13.456381359738739,9,nr,3.139e-14
9.4375,13.424460897396564,9,nr,1.023e-15
9.4499999999999993,13.392728317415809,9,nr,1.567e-13
9.4625000000000004,13.361184852806076,9,nr,3.914e-14
9.4749999999999996,13.329831822636018,9,nr,6.914e-11
9.4874999999999989,13.298670636596217,9,nr,7.551e-14
9.5,13.26770279950555,9,nr,1.299e-13
9.5124999999999993,13.236929916542936,9,nr,7.894e-14
9.5250000000000004,13.206353698459198,9,nr,2.529e-14
9.5374999999999996,13.175975967247236,9,nr,4.334e-15
9.5499999999999989,13.145798662140717,9,nr,1.717e-15
9.5625,13.115823845984906,9,nr,2.295e-15
9.5749999999999993,13.086053712004368,9,nr,1.456e-14
9.5875000000000004,13.056490590993324,9,nr,1.283e-14
9.5999999999999996,13.027136958955897,9,nr,8.055e-14
9.6125000000000007,12.997995445225042,9,nr,9.307e-14
9.625,12.969068841089877,9,nr,1.582e-14
9.6374999999999993,12.940360108964413,9,nr,1.285e-14
9.6500000000000004,12.911872392129034,9,nr,4.151e-14
9.6624999999999996,12.883609025080801,9,nr,5.118e-14
9.6750000000000007,12.855573544527017,9,nr,3.084e-16
9.6875,12.827769701060115,9,nr,7.269e-14
9.6999999999999993,12.800201471549682,9,nr,2.484e-15
9.7125000000000004,12.772873072291423,9,nr,6.699e-14
9.7249999999999996,12.745788972948967,9,nr,2.937e-16
9.7375000000000007,12.718953911327697,9,nr,2.196e-14
9.75,12.692372909014699,9,nr,4.593e-14
9.7624999999999993,12.666051287919847,9,nr,2.824e-16
9.7750000000000004,12.639994687746649,9,nr,1.964e-14
9.7874999999999996,12.614209084419112,9,nr,7.556e-15
9.8000000000000007,12.588700809481427,9,nr,1.483e-14
9.8125,12.563476570480331,9,nr,2.484e-14
9.8249999999999993,12.538543472326392,9,nr,9.607e-15
9.8375000000000004,12.513909039616097,9,nr,7.910e-15
9.8499999999999996,12.489581239876498,9,nr,1.661e-15
9.8625000000000007,12.465568507669902,9,nr,2.201e-15
9.875,12.441879769465253,9,nr,6.874e-15
9.8874999999999993,12.418524469145032,9,nr,1.390e-14
9.9000000000000004,12.395512593969491,9,nr,3.779e-15
9.9124999999999996,12.372854700763497,9,nr,1.570e-14
9.9250000000000007,12.350561942020709,9,nr,4.062e-15
9.9375,12.328646091536895,9,nr,5.706e-15
9.9499999999999993,12.307119569081694,9,nr,1.234e-15
9.9625000000000004,12.285995463497716,9,nr,2.481e-15
9.9749999999999996,12.265287553470619,9,nr,1.083e-15
9.9875000000000007,12.245010325044902,9,nr,1.985e-12
10,12.225178984744817,9,nr,9.927e-16
9.7874999999999996,14.9857588321753,10,nr,1.631e-15
9.8000000000000007,14.954353729920232,10,nr,7.771e-15
9.8125,14.923266809383335,10,nr,2.917e-14
9.8249999999999993,14.892505995425445,10,nr,3.127e-14
9.8375000000000004,14.862079722691574,10,nr,1.236e-14
9.8499999999999996,14.831996968113867,10,nr,1.670e-14
9.8625000000000007,14.802267285266577,10,nr,1.768e-14
9.875,14.772900840580023,10,nr,2.099e-14
9.8874999999999993,14.743908451387432,10,nr,1.981e-15
9.9000000000000004,14.715301625739192,10,nr,1.357e-15
9.9124999999999996,14.68709260386429,10,nr,1.224e-14
9.9250000000000007,14.659294401092792,10,nr,1.653e-15
9.9375,14.631920851966459,10,nr,1.176e-14
9.9499999999999993,14.60498665515818,10,nr,4.840e-14
9.9625000000000004,14.578507418686751,10,nr,9.720e-16
9.9749999999999996,14.552499704747694,10,nr,7.527e-15
9.9875000000000007,14.526981073278579,10,nr,9.361e-16
10,14.501970123126387,10,nr,5.357e-15
1.4750000000000001,14.769793951600848,1,sr,1.792e-13
1.4875,14.512700165078014,1,sr,4.126e-14
1.5,14.261970806105435,1,sr,5.048e-14
1.5125,14.01739729777251,1,sr,9.882e-15
1.5250000000000001,13.778779624790369,1,sr,5.806e-14
1.5375000000000001,13.545925917823249,1,sr,0.000e+00
1.55,13.318652061148081,1,sr,2.785e-14
1.5625,13.096781322154419,1,sr,7.733e-14
1.575,12.880144001304958,1,sr,4.286e-11
1.5875000000000001,12.668577101255297,1,sr,7.867e-14
1.6000000000000001,12.461924013989345,1,sr,5.142e-14
1.6125,12.260034224774593,1,sr,6.943e-12
1.625,12.062763031984359,1,sr,3.298e-14
1.6375,11.869971281781643,1,sr,4.782e-12
1.6500000000000001,11.681525116765952,1,sr,5.955e-14
1.6625000000000001,11.497295737764741,1,sr,7.404e-14
1.675,11.317159177967634,1,sr,5.357e-14
1.6875,11.140996088688166,1,sr,7.515e-15
1.7,10.968691536064204,1,sr,1.476e-14
1.7125000000000001,10.80013480806671,1,sr,4.954e-11
1.7250000000000001,10.635219231201203,1,sr,9.364e-11
1.7375,10.473841996374107,1,sr,3.501e-14
1.75,10.315903993425707,1,sr,1.377e-14
1.7625,10.161309653712303,1,sr,1.015e-14
1.7750000000000001,10.009966800465156,1,sr,2.659e-12
1.7875000000000001,9.8617865063637193,1,sr,6.546e-15
1.8,9.7166829579761007,1,sr,3.220e-15
1.8125,9.5745733266612643,1,sr,1.296e-10
1.825,9.4353776456946417,1,sr,1.707e-10
1.8375000000000001,9.2990186928917051,1,sr,1.228e-14
1.8500000000000001,9.1654218792485604,1,sr,1.934e-10
1.8625,9.0345151420983001,1,sr,1.360e-10
1.875,8.9062288439087656,1,sr,4.706e-11
1.8875,8.7804956749951959,1,sr,2.052e-10
1.9000000000000001,8.6572505613288175,1,sr,7.108e-15
1.9125000000000001,8.5364305759392014,1,sr,2.137e-11
1.925,8.4179748547687883,1,sr,2.485e-14
1.9375,8.3018245159730348,1,sr,1.772e-10
1.95,8.1879225830116393,1,sr,4.024e-15
1.9625000000000001,8.0762139108138005,1,sr,1.455e-14
1.9750000000000001,7.9666451155817741,1,sr,1.063e-10
1.9875,7.8591645073905436,1,sr,1.512e-10
2,7.7537220257531434,1,sr,7.652e-11
2.0125000000000002,7.6502691778535379,1,sr,8.211e-11
2.0250000000000004,7.5487589797033996,1,sr,6.092e-12
2.0375000000000001,7.4491458995590341,1,sr,8.602e-11
2.0500000000000003,7.3513858036691415,1,sr,6.018e-15
2.0625000000000004,7.2554359045737931,1,sr,1.460e-10
2.0750000000000002,7.16125471137335,1,sr,1.408e-14
2.0875000000000004,7.0688019819047962,1,sr,1.456e-10
2.1000000000000001,6.9780386774027878,1,sr,9.154e-15
2.1125000000000003,6.888926918332082,1,sr,1.224e-10
2.1250000000000004,6.8014299427410307,1,sr,1.563e-14
2.1375000000000002,6.7155120656233631,1,sr,6.727e-11
2.1500000000000004,6.6311386405342567,1,sr,1.090e-14
2.1625000000000001,6.5482760222521472,1,sr,1.509e-14
2.1750000000000003,6.466891531285957,1,sr,1.065e-15
2.1875000000000004,6.3869534196049278,1,sr,4.214e-15
2.2000000000000002,6.3084308377962941,1,sr,1.110e-16
2.2125000000000004,6.2312938035088816,1,sr,2.060e-15
2.2250000000000001,6.1555131711308393,1,sr,3.531e-11
2.2375000000000003,6.0810606026968541,1,sr,4.032e-15
2.2500000000000004,6.0079085398266638,1,sr,2.494e-15
2.2625000000000002,5.9360301768916388,1,sr,2.961e-15
2.2750000000000004,5.8653994350977605,1,sr,9.519e-11
2.2875000000000001,5.7959909377297425,1,sr,4.829e-16
2.3000000000000003,5.7277799860412051,1,sr,1.243e-14
2.3125000000000004,5.6607425364651389,1,sr,3.785e-15
2.3250000000000002,5.5948551783989346,1,sr,3.617e-12
2.3375000000000004,5.5300951129599758,1,sr,9.298e-12
2.3500000000000001,5.4664401325038305,1,sr,5.970e-15
2.3625000000000003,5.4038686009690355,1,sr,1.354e-11
2.3750000000000004,5.3423594348915246,1,sr,0.000e+00
2.3875000000000002,5.2818920852177591,1,sr,8.924e-16
2.4000000000000004,5.2224465197256098,1,sr,4.863e-15
2.4125000000000005,5.1640032061654022,1,sr,4.785e-11
2.4250000000000003,5.1065430959419054,1,sr,5.208e-15
2.4375000000000004,5.0500476085869597,1,sr,2.458e-12
2.4500000000000002,4.9944986165609793,1,sr,4.253e-11
2.4625000000000004,4.9398784308699719,1,sr,2.695e-12
2.4750000000000005,4.8861697869747021,1,sr,1.675e-15
2.4875000000000003,4.83335583145033,1,sr,3.322e-15
2.5000000000000004,4.7814201089879811,1,sr,3.294e-15
2.5125000000000002,4.7303465499156925,1,sr,5.713e-11
2.5250000000000004,4.6801194582726771,1,sr,1.596e-11
2.5375000000000005,4.6307235000603093,1,sr,8.031e-15
2.5500000000000003,4.5821436923042516,1,sr,1.195e-15
2.5625000000000004,4.5343653921804217,1,sr,5.977e-11
2.5750000000000002,4.4873742868026163,1,sr,3.136e-15
2.5875000000000004,4.4411563830845502,1,sr,3.500e-15
2.6000000000000005,4.3956979983202862,1,sr,4.244e-15
2.6125000000000003,4.3509857508538339,1,sr,1.914e-15
2.6250000000000004,4.3070065511911917,1,sr,1.520e-15
2.6375000000000002,4.2637475934199571,1,sr,7.542e-16
2.6500000000000004,4.2211963469416274,1,sr,4.117e-15
2.6625000000000005,4.1793405484862411,1,sr,5.833e-11
2.6750000000000003,4.1381681945282871,1,sr,1.106e-15
2.6875000000000004,4.0976675337020225,1,sr,1.831e-15
2.7000000000000002,4.0578270598572965,1,sr,3.999e-15
2.7125000000000004,4.0186355050941085,1,sr,4.332e-15
2.7250000000000005,3.980081833160277,1,sr,9.218e-12
2.7375000000000003,3.942155233050753,1,sr,1.602e-15
2.7500000000000004,3.9048451128819952,1,sr,3.597e-12
2.7625000000000002,3.8681410939329446,1,sr,1.229e-15
2.7750000000000004,3.8320330049266524,1,sr,2.095e-15
2.7875000000000005,3.796510876522611,1,sr,2.944e-15
2.8000000000000003,3.7615649359905134,1,sr,5.162e-15
2.8125000000000004,3.7271856020807088,1,sr,1.367e-15
2.8250000000000002,3.6933634800754844,1,sr,3.396e-16
2.8375000000000004,3.6600893570199893,1,sr,1.253e-11
2.8500000000000005,3.6273541970940735,1,sr,5.030e-16
2.8625000000000003,3.5951491372276503,1,sr,3.540e-11
2.8750000000000004,3.563465482701456,1,sr,9.933e-16
2.8875000000000002,3.5322947031629486,1,sr,2.470e-15
2.9000000000000004,3.5016284284958128,1,sr,0.000e+00
2.9125000000000005,3.4714584450292545,1,sr,2.925e-15
2.9250000000000003,3.4417766918012052,1,sr,4.846e-16
2.9375000000000004,3.4125752569622367,1,sr,2.087e-15
2.9500000000000002,3.3838463743069669,1,sr,1.257e-11
2.9625000000000004,3.3555824198935609,1,sr,1.586e-15
2.9750000000000005,3.3277759088503474,1,sr,6.309e-15
2.9875000000000003,3.3004194921923373,1,sr,7.839e-16
3.0000000000000004,3.2735059538160596,1,sr,1.403e-15
3.0125000000000002,3.2470282075649233,1,sr,1.240e-15
3.0250000000000004,3.2209792943956805,1,sr,1.079e-15
3.0375000000000005,3.1953523796371948,1,sr,1.685e-15
3.0500000000000003,3.1701407503545074,1,sr,4.011e-11
3.0625000000000004,3.1453378126978442,1,sr,6.059e-16
3.0750000000000002,3.1209370895835735,1,sr,1.356e-15
3.0875000000000004,3.0969322181197607,1,sr,1.502e-15
3.1000000000000005,3.0733169473572319,1,sr,2.980e-16
3.1125000000000003,3.0500851360196011,1,sr,1.611e-11
3.1250000000000004,3.0272307502776283,1,sr,1.473e-16
3.1375000000000002,3.004747861690757,1,sr,7.383e-12
3.1500000000000004,2.9826306450930966,1,sr,7.372e-16
3.1625000000000005,2.9608733765962421,1,sr,4.349e-16
3.1750000000000003,2.9394704316608276,1,sr,2.864e-11
3.1875000000000004,2.918416283259377,1,sr,2.871e-15
3.2000000000000002,2.8977054999216305,1,sr,1.573e-15
3.2125000000000004,2.8773327440829322,1,sr,1.277e-15
3.2250000000000005,2.8572927702914992,1,sr,3.106e-15
3.2375000000000003,2.8375804235397375,1,sr,1.129e-15
3.2500000000000004,2.8181906376286121,1,sr,5.588e-16
3.2625000000000002,2.7991184335954964,1,sr,4.220e-11
3.2750000000000004,2.7803589180668706,1,sr,1.106e-15
3.2875000000000005,2.7619072819447412,1,sr,1.238e-15
3.3000000000000003,2.7437587987408913,1,sr,2.873e-15
3.3125000000000004,2.7259088232416415,1,sr,2.450e-15
3.3250000000000002,2.7083527900911113,1,sr,8.125e-16
3.3375000000000004,2.6910862124283872,1,sr,2.021e-15
3.3500000000000005,2.6741046805761326,1,sr,3.832e-11
3.3625000000000003,2.6574038606500983,1,sr,2.667e-16
3.3750000000000004,2.6409794934760478,1,sr,1.596e-15
3.3875000000000002,2.6248273931649804,1,sr,3.289e-12
3.4000000000000004,2.6089434460122041,1,sr,1.850e-11
3.4125000000000005,2.5933236092337784,1,sr,1.176e-15
3.4250000000000003,2.5779639099162157,1,sr,2.080e-15
3.4375000000000004,2.562860443784746,1,sr,1.940e-15
3.4500000000000002,2.5480093741418641,1,sr,1.030e-15
3.4625000000000004,2.5334069307726312,1,sr,3.999e-16
3.4750000000000005,2.5190494088960822,1,sr,2.921e-11
3.4875000000000003,2.5049331680486073,1,sr,4.984e-13
3.5000000000000004,2.4910546312120188,1,sr,2.649e-15
3.5125000000000002,2.4774102836605905,1,sr,3.766e-16
3.5250000000000004,2.4639966720664321,1,sr,2.237e-11
3.5375000000000005,2.4508104034605229,1,sr,3.728e-16
3.5500000000000003,2.4378481444017996,1,sr,1.978e-15
3.5625000000000004,2.4251066199528166,1,sr,4.208e-11
3.5750000000000002,2.412582612712729,1,sr,1.224e-16
3.5875000000000004,2.4002729621287857,1,sr,0.000e+00
3.6000000000000005,2.3881745633909568,1,sr,8.485e-16
3.6125000000000003,2.3762843666735405,1,sr,7.237e-16
3.6250000000000004,2.3645993762494535,1,sr,1.503e-11
3.6375000000000002,2.3531166496886815,1,sr,1.314e-15
3.6500000000000004,2.3418332969476481,1,sr,6.044e-16
3.6625000000000005,2.3307464796332455,1,sr,1.182e-16
3.6750000000000003,2.3198534101555137,1,sr,2.198e-12
3.6875000000000004,2.3091513509675825,1,sr,3.616e-11
3.7000000000000002,2.298637613669761,1,sr,4.659e-16
3.7125000000000004,2.288309558448745,1,sr,1.049e-15
3.7250000000000005,2.2781645931075372,1,sr,6.919e-16
3.7375000000000003,2.2682001724125689,1,sr,5.737e-16
3.7500000000000004,2.2584137973281626,1,sr,1.028e-15
3.7625000000000002,2.2488030142793991,1,sr,9.089e-16
3.7750000000000004,2.2393654144043431,1,sr,3.224e-11
3.7875000000000005,2.2300986328998795,1,sr,4.319e-11
3.8000000000000003,2.2210003482463638,1,sr,7.834e-16
3.8125000000000004,2.2120682814350889,1,sr,1.559e-15
3.8250000000000002,2.2033001954227336,1,sr,1.662e-15
3.8375000000000004,2.1946938943234855,1,sr,8.411e-12
3.8500000000000005,2.1862472227671081,1,sr,3.291e-16
3.8625000000000003,2.1779580651622985,1,sr,2.183e-16
3.8750000000000004,2.1698243450615951,1,sr,2.869e-12
3.8875000000000002,2.1618440244658395,1,sr,1.081e-15
3.9000000000000004,2.1540151031481716,1,sr,2.056e-11
3.9125000000000005,2.1463356179353803,1,sr,6.420e-16
3.9250000000000003,2.1388036421524075,1,sr,5.474e-13
3.9375000000000004,2.1314172848279687,1,sr,1.377e-15
3.9500000000000002,2.1241746901126524,1,sr,3.516e-11
3.9625000000000004,2.1170740364857874,1,sr,1.154e-15
3.9750000000000005,2.1101135362949015,1,sr,1.672e-11
3.9875000000000003,2.1032914349206022,1,sr,1.038e-15
4,2.0966060101095194,1,sr,3.100e-16
4.0125000000000002,2.0900555713935494,1,sr,1.556e-11
4.0250000000000004,2.0836384593121662,1,sr,1.125e-15
4.0375000000000005,2.0773530448421171,1,sr,2.036e-16
4.0500000000000007,2.071197728614969,1,sr,1.013e-16
4.0625,2.0651709402779383,1,sr,9.069e-16
4.0750000000000002,2.0592711377674568,1,sr,3.431e-11
4.0875000000000004,2.0534968067205113,1,sr,1.995e-16
4.1000000000000005,2.047846459543003,1,sr,6.949e-16
4.1125000000000007,2.0423186349177964,1,sr,5.927e-16
4.125,2.0369118969681055,1,sr,7.864e-16
4.1375000000000002,2.0316248345454508,1,sr,6.847e-16
4.1500000000000004,2.0264560604845854,1,sr,6.813e-16
4.1625000000000005,2.0214042108468595,1,sr,9.685e-17
4.1750000000000007,2.0164679441510787,1,sr,2.891e-16
4.1875,2.0116459405908729,1,sr,4.795e-16
4.2000000000000002,2.0069369012376086,1,sr,8.588e-16
4.2125000000000004,2.0023395472278231,1,sr,2.849e-16
4.2250000000000005,1.9978526189341379,1,sr,1.228e-15
4.2375000000000007,1.9934748751186186,1,sr,2.821e-16
4.25,1.9892050920437372,1,sr,3.364e-11
4.2625000000000002,1.9850420627128333,1,sr,9.089e-12
4.2750000000000004,1.9809845956941363,1,sr,8.414e-16
4.2875000000000005,1.9770315144957513,1,sr,9.223e-17
4.3000000000000007,1.9731816564314755,1,sr,9.178e-17
4.3125,1.9694338716895019,1,sr,1.760e-11
4.3250000000000002,1.9657870223903842,1,sr,1.818e-16
4.3375000000000004,1.9622399814328615,1,sr,9.048e-17
4.3500000000000005,1.9587916315774863,1,sr,1.135e-11
4.3625000000000007,1.9554408642590684,1,sr,8.067e-16
4.375,1.9521865785732715,1,sr,1.784e-16
4.3875000000000002,1.949027680072547,1,sr,2.736e-11
4.4000000000000004,1.9459630795333922,1,sr,1.326e-15
4.4125000000000005,1.942991691951637,1,sr,2.639e-16
4.4250000000000007,1.9401124350962997,1,sr,4.993e-12
4.4375,1.9373242283638368,1,sr,7.846e-16
4.4500000000000002,1.9346259914118922,1,sr,6.853e-12
4.4625000000000004,1.9320166428890124,1,sr,1.037e-15
4.4750000000000005,1.9294950989837842,1,sr,1.131e-11
4.4875000000000007,1.9270602721236372,1,sr,1.199e-15
4.5,1.9247110694191181,1,sr,3.888e-12
4.5125000000000002,1.9224463913042236,1,sr,1.110e-16
4.5250000000000004,1.9202651299585334,1,sr,5.072e-16
4.5375000000000005,1.9181661678135888,1,sr,1.684e-16
4.5500000000000007,1.9161483759736204,1,sr,1.006e-15
4.5625,1.9142106126094935,1,sr,2.056e-11
4.5750000000000002,1.9123517214246237,1,sr,4.988e-16
4.5875000000000004,1.910570529842825,1,sr,3.726e-16
4.6000000000000005,1.908865847535798,1,sr,2.661e-11
4.6125000000000007,1.9072364645447906,1,sr,5.857e-16
4.625,1.9056811498243318,1,sr,9.476e-16
4.6375000000000002,1.9041986492976755,1,sr,1.779e-11
4.6500000000000004,1.9027876843331191,1,sr,6.705e-14
4.6625000000000005,1.9014469498587496,1,sr,1.618e-15
4.6750000000000007,1.9001751128106248,1,sr,3.225e-16
4.6875,1.8989708103451339,1,sr,2.309e-11
4.7000000000000002,1.8978326482906938,1,sr,6.464e-12
4.7125000000000004,1.8967591992761907,1,sr,5.984e-16
4.7250000000000005,1.8957490013854883,1,sr,3.976e-17
4.7375000000000007,1.8948005564421004,1,sr,1.095e-12
4.75,1.8939123285444892,1,sr,2.087e-11
4.7625000000000002,1.8930827427281127,1,sr,1.672e-11
4.7750000000000004,1.8923101833614584,1,sr,4.320e-16
4.7875000000000005,1.8915929932199946,1,sr,3.524e-16
4.8000000000000007,1.8909294720889023,1,sr,7.809e-17
4.8125000000000009,1.8903178758218075,1,sr,4.673e-16
4.8250000000000002,1.8897564154218218,1,sr,1.195e-12
4.8375000000000004,1.8892432562831312,1,sr,8.755e-12
4.8500000000000005,1.8887765176103726,1,sr,1.727e-11
4.8625000000000007,1.8883542719895325,1,sr,2.343e-11
4.8750000000000009,1.8879745451617667,1,sr,2.649e-11
4.8875000000000002,1.8876353160555532,1,sr,2.623e-11
4.9000000000000004,1.8873345167636391,1,sr,3.806e-16
4.9125000000000005,1.8870700333833792,1,sr,4.780e-16
4.9250000000000007,1.8868397063547759,1,sr,6.681e-16
4.9375000000000009,1.886641331558836,1,sr,3.240e-16
4.9500000000000002,1.8864726615170995,1,sr,4.947e-16
4.9625000000000004,1.8863314069008006,1,sr,1.900e-17
4.9750000000000005,1.8862152383340742,1,sr,9.742e-16
4.9875000000000007,1.886121788498609,1,sr,1.611e-16
5.0000000000000009,1.8860486545451567,1,sr,8.143e-16
5.0125000000000002,1.8859934008150965,1,sr,1.324e-16
5.0250000000000004,1.8859535618728598,1,sr,2.552e-16
5.0375000000000005,1.8859266458473296,1,sr,1.417e-17
5.0500000000000007,1.8859101380775796,1,sr,2.691e-16
5.0625000000000009,1.8859015050552999,1,sr,2.879e-16
5.0750000000000002,1.8858981986531971,1,sr,7.986e-16
5.0875000000000004,1.8858976606254756,1,sr,7.562e-16
5.1000000000000005,1.8858973273632995,1,sr,7.785e-17
5.1125000000000007,1.8858946348849368,1,sr,4.011e-17
5.1250000000000009,1.885887024037161,1,sr,4.060e-16
5.1375000000000002,1.8858719458814319,1,sr,3.164e-16
5.1500000000000004,1.885846867235583,1,sr,1.890e-17
5.1625000000000005,1.8858092763390459,1,sr,3.216e-16
5.1750000000000007,1.8857566886073833,1,sr,3.030e-16
5.1875000000000009,1.8856866524398208,1,sr,8.814e-16
5.2000000000000002,1.8855967550418744,1,sr,2.941e-16
5.2125000000000004,1.8854846282239879,1,sr,9.501e-17
5.2250000000000005,1.8853479541362721,1,sr,1.903e-17
5.2375000000000007,1.8851844709123622,1,sr,1.375e-11
5.2500000000000009,1.8849919780908311,1,sr,3.818e-16
5.2625000000000002,1.8847683420499635,1,sr,1.924e-14
5.2750000000000004,1.8845115009598361,1,sr,5.284e-14
5.2875000000000005,1.8842194696737469,1,sr,7.223e-14
5.3000000000000007,1.8838903442501131,1,sr,6.017e-14
5.3125000000000009,1.8835223061653479,1,sr,1.839e-14
5.3250000000000002,1.8831136261763897,1,sr,3.857e-14
5.3375000000000004,1.882662667808108,1,sr,8.878e-14
5.3500000000000005,1.882167890444383,1,sr,1.556e-16
5.3625000000000007,1.8816278520062903,1,sr,7.800e-17
5.3750000000000009,1.8810412112277011,1,sr,2.776e-11
5.3875000000000002,1.8804067293490259,1,sr,2.751e-12
5.4000000000000004,1.8797232717300401,1,sr,2.204e-15
5.4125000000000005,1.8789898085594035,1,sr,9.319e-15
5.4250000000000007,1.8782054154520091,1,sr,2.452e-14
5.4375000000000009,1.8773692735033118,1,sr,1.622e-14
5.4500000000000002,1.8764806689341111,1,sr,1.333e-14
5.4625000000000004,1.8755389923330146,1,sr,6.006e-16
5.4750000000000005,1.8745437375048346,1,sr,7.033e-12
5.4875000000000007,1.873494499986873,1,sr,7.665e-16
5.5000000000000009,1.8723909751306269,1,sr,2.379e-13
5.5125000000000002,1.8712329559801091,1,sr,2.222e-13
5.5250000000000004,1.8700203307675158,1,sr,4.899e-16
5.5375000000000005,1.8687530801750376,1,sr,4.509e-16
5.5500000000000007,1.8674312743505983,1,sr,1.227e-12
5.5625000000000009,1.866055069707804,1,sr,7.315e-13
5.5750000000000002,1.8646247055675989,1,sr,1.915e-11
5.5875000000000004,1.8631405005439716,1,sr,2.918e-16
5.6000000000000005,1.8616028490319512,1,sr,2.589e-12
5.6125000000000007,1.8600122172863041,1,sr,9.671e-16
5.6250000000000009,1.8583691396777131,1,sr,8.447e-17
5.6375000000000002,1.8566742147739146,1,sr,4.854e-12
5.6500000000000004,1.8549281014148462,1,sr,4.028e-12
5.6625000000000005,1.8531315148435139,1,sr,7.277e-16
5.6750000000000007,1.8512852227430494,1,sr,5.823e-12
5.6875000000000009,1.8493900413969702,1,sr,1.123e-15
5.7000000000000002,1.847446831907817,1,sr,1.328e-11
5.7125000000000004,1.8454564963666222,1,sr,1.675e-12
5.7250000000000005,1.8434199742963644,1,sr,7.883e-16
5.7375000000000007,1.8413382390032429,1,sr,1.202e-11
5.7500000000000009,1.8392122941038749,1,sr,4.420e-16
5.7625000000000002,1.8370431702643808,1,sr,2.305e-11
5.7750000000000004,1.8348319218232982,1,sr,2.356e-11
5.7875000000000005,1.8325796238005128,1,sr,2.689e-16
5.8000000000000007,1.8302873689155097,1,sr,1.587e-12
5.8125000000000009,1.8279562646627969,1,sr,0.000e+00
5.8250000000000002,1.8255874306833519,1,sr,7.054e-12
5.8375000000000004,1.8231819961502369,1,sr,1.369e-15
5.8500000000000005,1.8207410973968179,1,sr,1.254e-11
5.8625000000000007,1.8182658755428636,1,sr,8.292e-16
5.8750000000000009,1.8157574744478813,1,sr,1.540e-11
5.8875000000000002,1.8132170385648294,1,sr,8.367e-16
5.9000000000000004,1.8106457111902026,1,sr,1.382e-11
5.9125000000000005,1.8080446325657633,1,sr,1.876e-16
5.9250000000000007,1.8054149383753531,1,sr,7.344e-12
5.9375000000000009,1.8027577581226701,1,sr,1.892e-15
5.9500000000000002,1.8000742138188046,1,sr,3.107e-13
5.9625000000000004,1.7973654186502395,1,sr,1.241e-15
5.9750000000000005,1.794632475828553,1,sr,2.215e-16
5.9875000000000007,1.791876477515546,1,sr,6.739e-16
6.0000000000000009,1.7890985038542981,1,sr,5.800e-16
6.0125000000000002,1.7862996220827263,1,sr,2.073e-11
6.0250000000000004,1.7834808858021172,1,sr,3.899e-16
6.0375000000000005,1.7806433341822063,1,sr,2.841e-11
6.0500000000000007,1.7777879913763921,1,sr,1.965e-16
6.0625000000000009,1.7749158660480071,1,sr,3.973e-11
6.0750000000000002,1.7720279508613066,1,sr,5.943e-16
6.0875000000000004,1.7691252219480254,1,sr,3.978e-16
6.1000000000000005,1.7662086387452329,1,sr,4.045e-12
6.1125000000000007,1.7632791436193243,1,sr,7.015e-16
6.1250000000000009,1.760337661640474,1,sr,1.279e-11
6.1375000000000002,1.757385100390598,1,sr,1.111e-15
6.1500000000000004,1.7544223498798559,1,sr,1.115e-15
6.1625000000000005,1.7514502823969849,1,sr,1.119e-15
6.1750000000000007,1.7484697524888104,1,sr,1.429e-15
6.1875000000000009,1.7454815969539508,1,sr,3.031e-11
6.2000000000000002,1.742486634794558,1,sr,8.297e-16
6.2125000000000004,1.7394856674040386,1,sr,7.219e-16
6.2250000000000005,1.7364794785099673,1,sr,1.711e-15
6.2375000000000007,1.7334688343477567,1,sr,2.803e-15
6.2500000000000009,1.7304544837898888,1,sr,3.284e-11
6.2625000000000002,1.7274371584255299,1,sr,0.000e+00
6.2750000000000004,1.7244175728704989,1,sr,2.044e-15
6.2875000000000005,1.7213964248126594,1,sr,1.577e-16
6.3000000000000007,1.7183743952838695,1,sr,2.056e-15
6.3125000000000009,1.7153521488708046,1,sr,2.408e-11
6.3250000000000002,1.7123303338927023,1,sr,2.970e-15
6.3375000000000004,1.7093095827373366,1,sr,1.064e-15
6.3500000000000005,1.706290512008976,1,sr,6.400e-16
6.3625000000000007,1.703273722831913,1,sr,2.246e-15
6.3750000000000009,1.7002598011074994,1,sr,1.550e-11
6.3875000000000002,1.6972493177500967,1,sr,2.419e-15
6.4000000000000004,1.694242829018497,1,sr,1.563e-15
6.4125000000000005,1.6912408767294729,1,sr,8.646e-16
6.4250000000000007,1.6882439885650216,1,sr,1.408e-15
6.4375000000000009,1.6852526783511559,1,sr,1.630e-11
6.4500000000000002,1.6822674463071439,1,sr,1.796e-15
6.4625000000000004,1.6792887793871254,1,sr,2.400e-15
6.4750000000000005,1.6763171514990323,1,sr,2.460e-15
6.4875000000000007,1.6733530238147585,1,sr,7.122e-16
6.5000000000000009,1.6703968450571742,1,sr,4.098e-11
6.5125000000000002,1.6674490517027161,1,sr,1.430e-15
6.5250000000000004,1.6645100684042855,1,sr,3.307e-16
6.5375000000000005,1.6615803081152536,1,sr,1.104e-15
6.5500000000000007,1.6586601724331091,1,sr,8.852e-16
6.5625000000000009,1.6557500518473636,1,sr,1.076e-11
6.5750000000000002,1.6528503260215455,1,sr,1.448e-15
6.5875000000000004,1.6499613640117159,1,sr,1.050e-11
6.6000000000000005,1.6470835245780895,1,sr,2.339e-15
6.6125000000000007,1.6442171563821937,1,sr,2.789e-16
6.6250000000000009,1.6413625982748212,1,sr,2.126e-15
6.6375000000000002,1.6385201795218505,1,sr,1.007e-15
6.6500000000000004,1.6356902200371011,1,sr,3.099e-11
6.6625000000000005,1.6328730306693264,1,sr,1.066e-15
6.6750000000000007,1.6300689133300077,1,sr,1.521e-12
6.6875000000000009,1.6272781613206266,1,sr,2.643e-15
6.7000000000000002,1.624501059507693,1,sr,8.446e-17
6.7125000000000004,1.6217378845452266,1,sr,1.043e-15
6.7250000000000005,1.6189889050898494,1,sr,3.950e-16
6.7375000000000007,1.6162543820082427,1,sr,2.344e-15
6.7500000000000009,1.6135345685805016,1,sr,1.950e-15
6.7625000000000002,1.6108297106978375,1,sr,3.340e-12
6.7750000000000004,1.6081400470620606,1,sr,2.780e-16
6.7875000000000005,1.6054658093819671,1,sr,5.521e-11
6.8000000000000007,1.602807222482129,1,sr,8.790e-16
6.8125000000000009,1.6001645046543518,1,sr,7.490e-12
6.8250000000000002,1.597537867649359,1,sr,9.227e-16
6.8375000000000004,1.5949275169531676,1,sr,1.823e-11
6.8500000000000005,1.5923336519418996,1,sr,1.009e-15
6.8625000000000007,1.5897564660001233,1,sr,1.166e-15
6.8750000000000009,1.587196146733699,1,sr,3.320e-16
6.8875000000000002,1.5846528760961691,1,sr,2.155e-15
6.9000000000000004,1.5821268305448282,1,sr,5.939e-16
6.9125000000000005,1.5796181811870749,1,sr,2.064e-15
6.9250000000000007,1.5771270939227144,1,sr,1.053e-15
6.9375000000000009,1.5746537295823073,1,sr,2.291e-15
6.9500000000000002,1.5721982440615949,1,sr,9.095e-16
6.9625000000000004,1.5697607884748679,1,sr,7.649e-11
6.9750000000000005,1.5673415091677994,1,sr,8.935e-16
6.9875000000000007,1.5649405480669774,1,sr,4.854e-12
7.0000000000000009,1.562558042578567,1,sr,7.545e-16
7.0125000000000002,1.5601941258052379,1,sr,5.334e-12
7.0250000000000004,1.5578489266421143,1,sr,4.696e-16
7.0375000000000005,1.5555225699025985,1,sr,2.927e-11
7.0500000000000007,1.553215176366511,1,sr,3.271e-16
7.0625000000000009,1.5509268629945894,1,sr,6.521e-11
7.0750000000000002,1.548657742844717,1,sr,2.021e-15
7.0875000000000004,1.5464079253784822,1,sr,7.460e-11
7.1000000000000005,1.5441775164663278,1,sr,1.209e-11
7.1125000000000007,1.5419666183192799,1,sr,6.302e-11
7.1250000000000009,1.5397753298956371,1,sr,8.792e-12
7.1375000000000002,1.5376037466767443,1,sr,2.010e-11
7.1500000000000004,1.5354519609138955,1,sr,1.297e-12
7.1625000000000005,1.5333200616842839,1,sr,2.588e-11
7.1750000000000007,1.531208134951535,1,sr,5.539e-12
7.1875000000000009,1.5291162635987865,1,sr,3.574e-12
7.2000000000000002,1.5270445275448843,1,sr,3.189e-12
7.2125000000000004,1.5249930038023904,1,sr,9.306e-16
7.2250000000000005,1.5229617665038317,1,sr,5.587e-11
7.2375000000000007,1.5209508870783142,1,sr,7.717e-11
7.2500000000000009,1.5189604340234089,1,sr,3.441e-11
7.2625000000000002,1.5169904733876449,1,sr,1.966e-16
7.2750000000000004,1.5150410684242532,1,sr,6.025e-13
7.2875000000000005,1.513112279867703,1,sr,1.967e-11
7.3000000000000007,1.5112041658819459,1,sr,2.409e-15
7.3125000000000009,1.509316782154972,1,sr,4.238e-11
7.3250000000000002,1.5074501819438402,1,sr,1.575e-16
7.3375000000000004,1.5056044160194897,1,sr,7.806e-16
7.3500000000000005,1.503779532822771,1,sr,2.447e-11
7.3625000000000007,1.5019755784015043,1,sr,6.117e-16
7.3750000000000009,1.5001925965344953,1,sr,4.797e-11
7.3875000000000002,1.498430628620655,1,sr,9.426e-16
7.4000000000000004,1.4966897138731596,1,sr,2.214e-15
7.4125000000000005,1.4949698891974956,1,sr,2.069e-13
7.4250000000000007,1.4932711892778299,1,sr,1.269e-15
7.4375000000000009,1.4915936465781978,1,sr,4.959e-16
7.4500000000000002,1.4899372913553646,1,sr,1.059e-12
7.4625000000000004,1.488302151669787,1,sr,2.362e-15
7.4750000000000005,1.4866882533895751,1,sr,4.934e-16
7.4875000000000007,1.485095620205529,1,sr,2.811e-11
7.5000000000000009,1.4835242735908207,1,sr,3.825e-16
7.5125000000000002,1.4819742328793859,1,sr,1.473e-15
7.5250000000000004,1.4804455151812588,1,sr,2.123e-15
7.5375000000000005,1.4789381354147264,1,sr,2.500e-15
7.5500000000000007,1.477452106287505,1,sr,5.424e-17
7.5625000000000009,1.4759874382828044,1,sr,0.000e+00
7.5750000000000002,1.474544139621824,1,sr,7.138e-11
7.5875000000000004,1.4731222163456226,1,sr,2.696e-15
7.6000000000000005,1.4717216720873481,1,sr,5.920e-16
7.6125000000000007,1.4703425082497199,1,sr,1.128e-15
7.6250000000000009,1.4689847238727547,1,sr,6.432e-16
7.6375000000000002,1.467648315620671,1,sr,2.300e-15
7.6500000000000004,1.4663332777449067,1,sr,3.737e-16
7.6625000000000005,1.4650396020466654,1,sr,1.047e-11
7.6750000000000007,1.4637672778177255,1,sr,1.063e-16
7.6875000000000009,1.4625162918230386,1,sr,1.807e-15
7.7000000000000002,1.4612866282191082,1,sr,1.270e-15
7.7125000000000004,1.4600782685277127,1,sr,4.694e-11
7.7250000000000005,1.4588911915056078,1,sr,7.379e-16
7.7375000000000007,1.4577253732185582,1,sr,3.155e-15
7.7500000000000009,1.4565807868379255,1,sr,4.198e-16
7.7625000000000002,1.4554574026384581,1,sr,2.304e-15
7.7750000000000004,1.4543551879099894,1,sr,5.224e-16
7.7875000000000005,1.4532741068787747,1,sr,2.919e-15
7.8000000000000007,1.4522141206247015,1,sr,1.872e-15
7.8125000000000009,1.4511751869943803,1,sr,4.151e-16
7.8250000000000002,1.4501572605100164,1,sr,1.242e-15
7.8375000000000004,1.4491602922740956,1,sr,4.132e-16
7.8500000000000005,1.448184229869814,1,sr,5.050e-15
7.8625000000000007,1.4472290172572391,1,sr,2.468e-15
7.8750000000000009,1.4462945946652226,1,sr,1.026e-15
7.8875000000000002,1.4453808984789969,1,sr,7.164e-16
7.9000000000000004,1.4444878611357881,1,sr,4.059e-11
7.9125000000000005,1.4436154109426118,1,sr,2.445e-15
7.9250000000000007,1.4427634720737035,1,sr,3.153e-15
7.9375000000000009,1.4419319643186026,1,sr,5.273e-15
7.9500000000000002,1.4411208030099747,1,sr,3.035e-16
7.9625000000000004,1.4403298988737832,1,sr,1.110e-15
7.9750000000000005,1.4395591579084326,1,sr,6.727e-11
7.9875000000000007,1.4388084811359962,1,sr,2.411e-15
8,1.4380777646596687,1,sr,5.514e-15
8.0124999999999993,1.4373668993042619,1,sr,4.701e-15
8.0250000000000004,1.4366757705632243,1,sr,1.297e-15
8.0374999999999996,1.4360042584183323,1,sr,2.389e-15
8.0499999999999989,1.4353522371769964,1,sr,1.291e-15
8.0625,1.4347195752940889,1,sr,4.010e-11
8.0749999999999993,1.4341061352666826,1,sr,2.076e-15
8.0875000000000004,1.4335117733377023,1,sr,2.170e-15
8.0999999999999996,1.4329363394492498,1,sr,5.117e-15
8.1124999999999989,1.4323796770054982,1,sr,4.321e-15
8.125,1.4318416227098263,1,sr,2.547e-15
8.1374999999999993,1.4313220063884591,1,sr,7.821e-16
8.1500000000000004,1.4308206508137156,1,sr,7.804e-16
8.1624999999999996,1.4303373715272896,1,sr,4.867e-16
8.1749999999999989,1.4298719766614791,1,sr,8.188e-12
8.1875,1.4294242667833894,1,sr,1.851e-11
8.1999999999999993,1.4289940346652574,1,sr,4.836e-17
8.2125000000000004,1.4285810651999431,1,sr,4.343e-15
8.2249999999999996,1.4281851351599002,1,sr,3.227e-15
8.2374999999999989,1.4278060130657226,1,sr,3.797e-15
8.25,1.4274434590205833,1,sr,5.037e-15
8.2624999999999993,1.4270972245560172,1,sr,3.638e-15
8.2750000000000004,1.4267670524838401,1,sr,1.577e-15
8.2874999999999996,1.4264526767551413,1,sr,7.631e-16
8.2999999999999989,1.4261538223272265,1,sr,1.095e-15
8.3125,1.4258702050394765,1,sr,8.553e-16
8.3249999999999993,1.4256015314991113,1,sr,1.660e-15
8.3375000000000004,1.4253474989778745,1,sr,2.367e-16
8.3499999999999996,1.4251077953165394,1,sr,1.232e-11
8.3624999999999989,1.4248820988655215,1,sr,5.452e-12
8.375,1.4246700783754269,1,sr,3.836e-11
8.3874999999999993,1.424471393056123,1,sr,5.870e-11
8.4000000000000004,1.4242856923127352,1,sr,1.278e-12
8.4124999999999996,1.424112616052619,1,sr,7.502e-16
8.4249999999999989,1.4239517944308915,1,sr,1.217e-15
8.4375,1.4238028479821159,1,sr,1.683e-15
8.4499999999999993,1.4236653876467977,1,sr,4.669e-16
8.4625000000000004,1.4235390148371807,1,sr,9.792e-16
8.4749999999999996,1.423423321526502,1,sr,4.657e-16
8.4874999999999989,1.4233178903623049,1,sr,5.235e-16
8.5,1.4232222948047839,1,sr,5.807e-16
8.5124999999999993,1.4231360992910829,1,sr,1.415e-15
8.5250000000000004,1.4230588594263984,1,sr,3.940e-16
8.5374999999999996,1.4229901222026757,1,sr,1.459e-15
8.5499999999999989,1.4229294262455712,1,sr,1.110e-15
8.5625,1.4228763020902986,1,sr,8.320e-16
8.5749999999999993,1.4228302724868298,1,sr,3.002e-15
8.5875000000000004,1.4227908527348276,1,sr,3.369e-15
8.5999999999999996,1.4227575510485582,1,sr,7.148e-16
8.6124999999999989,1.4227298689518912,1,sr,3.195e-16
8.625,1.4227073017033418,1,sr,8.175e-16
8.6374999999999993,1.42268933875098,1,sr,6.675e-16
8.6500000000000004,1.4226754642168482,1,sr,2.246e-15
8.6624999999999996,1.4226651574103755,1,sr,2.185e-16
8.6749999999999989,1.4226578933700993,1,sr,1.494e-15
8.6875,1.4226531434328287,1,sr,1.442e-15
8.6999999999999993,1.4226503758292073,1,sr,2.269e-15
8.7125000000000004,1.4226490563044591,1,sr,6.289e-16
8.7249999999999996,1.4226486487629038,1,sr,2.352e-15
8.7374999999999989,1.4226486159346665,1,sr,5.076e-16
8.75,1.4226484200628335,1,sr,1.258e-15
8.7624999999999993,1.4226475236091156,1,sr,1.551e-15
8.7750000000000004,1.4226453899759441,1,sr,3.390e-16
8.7874999999999996,1.4226414842427644,1,sr,1.773e-15
8.7999999999999989,1.4226352739141352,1,sr,1.506e-15
8.8125,1.4226262296771284,1,sr,9.086e-16
8.8249999999999993,1.422613826165416,1,sr,1.645e-15
8.8375000000000004,1.4225975427272965,1,sr,1.163e-15
8.8499999999999996,1.4225768641948737,1,sr,5.760e-16
8.8624999999999989,1.4225512816515031,1,sr,1.452e-15
8.875,1.4225202931945944,1,sr,6.460e-16
8.8874999999999993,1.422483404690825,1,sr,4.156e-16
8.9000000000000004,1.4224401305208183,1,sr,2.987e-16
8.9124999999999996,1.4223899943103608,1,sr,6.013e-16
8.9249999999999989,1.422332529645262,1,sr,7.408e-16
8.9375,1.4222672807670329,1,sr,9.733e-16
8.9499999999999993,1.4221938032466357,1,sr,1.276e-15
8.9625000000000004,1.4221116646336485,1,sr,1.022e-15
8.9749999999999996,1.4220204450783351,1,sr,4.186e-16
8.9874999999999989,1.421919737924223,1,sr,9.313e-17
9,1.4218091502689689,1,sr,1.786e-16
9.0124999999999993,1.4216883034914587,1,sr,6.537e-16
9.0250000000000004,1.421556833743274,1,sr,1.637e-15
9.0374999999999996,1.4214143924028626,1,sr,1.218e-15
9.0499999999999989,1.4212606464779809,1,sr,3.833e-11
9.0625,1.42109527906244,1,sr,4.872e-11
9.0749999999999993,1.4209179894639559,1,sr,1.596e-11
9.0875000000000004,1.4207284937649485,1,sr,2.504e-12
9.0999999999999996,1.4205265248929626,1,sr,2.705e-13
9.1124999999999989,1.4203118328787605,1,sr,2.052e-13
9.125,1.4200841850220116,1,sr,5.425e-14
9.1374999999999993,1.4198433660132577,1,sr,1.991e-12
9.1500000000000004,1.4195891780087211,1,sr,2.049e-11
9.1624999999999996,1.4193214406710897,1,sr,7.604e-11
9.1749999999999989,1.4190399912303626,1,sr,5.730e-16
9.1875,1.4187446842569575,1,sr,1.340e-15
9.1999999999999993,1.4184353917953745,1,sr,7.191e-16
9.2125000000000004,1.418112003127713,1,sr,1.153e-15
9.2249999999999996,1.4177744246431738,1,sr,1.733e-15
9.2374999999999989,1.417422579637748,1,sr,3.276e-11
9.25,1.4170564081338251,1,sr,2.988e-11
9.2624999999999993,1.4166758665567323,1,sr,4.067e-11
9.2750000000000004,1.4162809275041492,1,sr,6.615e-11
9.2874999999999996,1.4158715794713421,1,sr,5.803e-11
9.2999999999999989,1.415447826315879,1,sr,2.003e-11
9.3125,1.4150096871992119,1,sr,1.178e-14
9.3249999999999993,1.4145571959974381,1,sr,1.372e-15
9.3375000000000004,1.4140904009502377,1,sr,1.277e-15
9.3499999999999996,1.4136093642566165,1,sr,6.011e-16
9.3624999999999989,1.4131141616364826,1,sr,1.875e-15
9.375,1.4126048818852295,1,sr,2.968e-15
9.3874999999999993,1.4120816264171407,1,sr,2.479e-15
9.4000000000000004,1.4115445087995375,1,sr,9.939e-16
9.4124999999999996,1.4109936542726729,1,sr,2.338e-11
9.4249999999999989,1.4104291993159488,1,sr,3.749e-11
9.4375,1.4098512910651206,1,sr,7.903e-11
9.4499999999999993,1.4092600868904845,1,sr,2.007e-16
9.4625000000000004,1.4086557539963449,1,sr,8.046e-16
9.4749999999999996,1.4080384687691228,1,sr,2.218e-15
9.4874999999999989,1.4074084163978986,1,sr,1.415e-15
9.5,1.4067657903723443,1,sr,7.091e-16
9.5124999999999993,1.4061107920081555,1,sr,1.015e-15
9.5250000000000004,1.4054436299950903,1,sr,6.077e-11
9.5374999999999996,1.4047645198509819,1,sr,4.081e-16
9.5499999999999989,1.4040736836355903,1,sr,3.068e-16
9.5625,1.4033713493369047,1,sr,1.640e-15
9.5749999999999993,1.402657750518884,1,sr,2.568e-15
9.5875000000000004,1.4019331258783621,1,sr,2.677e-15
9.5999999999999996,1.4011977188293565,1,sr,3.509e-15
9.6125000000000007,1.4004517771208806,1,sr,8.470e-11
9.625,1.399695552331792,1,sr,2.073e-16
9.6374999999999993,1.3989292997138043,1,sr,1.558e-15
9.6500000000000004,1.3981532775983099,1,sr,2.082e-16
9.6624999999999996,1.3973677471518959,1,sr,5.739e-15
9.6750000000000007,1.396572972009926,1,sr,2.823e-15
9.6875,1.3957692179452246,1,sr,9.432e-16
9.6999999999999993,1.3949567525448434,1,sr,1.844e-11
9.7125000000000004,1.3941358449276189,1,sr,3.157e-16
9.7249999999999996,1.3933067654043578,1,sr,2.109e-16
9.7375000000000007,1.3924697852441215,1,sr,2.430e-15
9.75,1.3916251763829555,1,sr,4.077e-15
9.7624999999999993,1.3907732111730351,1,sr,6.366e-16
9.7750000000000004,1.3899141621200275,1,sr,7.899e-11
9.7874999999999996,1.3890483017483486,1,sr,2.130e-16
9.8000000000000007,1.3881759021884705,1,sr,3.201e-16
9.8125,1.3872972351620361,1,sr,2.405e-15
9.8249999999999993,1.3864125716885189,1,sr,4.605e-15
9.8375000000000004,1.3855221819125483,1,sr,2.602e-11
9.8499999999999996,1.3846263349596877,1,sr,2.257e-15
9.8625000000000007,1.3837252987098476,1,sr,2.476e-15
9.875,1.3828193397043884,1,sr,1.510e-15
9.8874999999999993,1.3819087229702098,1,sr,4.537e-15
9.9000000000000004,1.3809937118903406,1,sr,2.218e-15
9.9124999999999996,1.380074568078526,1,sr,4.926e-12
9.9250000000000007,1.3791515512557646,1,sr,1.737e-15
9.9375,1.3782249191522322,1,sr,3.153e-15
9.9499999999999993,1.3772949273946034,1,sr,5.716e-15
9.9625000000000004,1.3763618294181226,1,sr,4.470e-15
9.9749999999999996,1.3754258763623917,1,sr,7.524e-11
9.9875000000000007,1.3744873170765926,1,sr,1.093e-16
10,1.3735463978784757,1,sr,2.847e-15
2.3125000000000004,14.964839335240447,2,sr,2.501e-11
2.3250000000000002,14.800038209897725,2,sr,8.476e-12
2.3375000000000004,14.637941876056743,2,sr,4.835e-15
2.3500000000000001,14.478494082235271,2,sr,2.395e-15
2.3625000000000003,14.32164004280857,2,sr,1.614e-14
2.3750000000000004,14.167326391498124,2,sr,2.304e-14
2.3875000000000002,14.015501136578452,2,sr,7.457e-15
2.4000000000000004,13.866113617746022,2,sr,2.218e-14
2.4125000000000005,13.719114464580146,2,sr,1.465e-14
2.4250000000000003,13.574455556530646,2,sr,1.193e-12
2.4375000000000004,13.432089984367977,2,sr,1.620e-14
2.4500000000000002,13.291972013041605,2,sr,1.562e-14
2.4625000000000004,13.154057045880604,2,sr,1.372e-14
2.4750000000000005,13.018301590090966,2,sr,7.901e-15
2.4875000000000003,12.884663223471797,2,sr,9.188e-11
2.5000000000000004,12.753100562444923,2,sr,1.512e-14
2.5125000000000002,12.623573230922608,2,sr,2.570e-14
2.5250000000000004,12.496041830680149,2,sr,8.075e-15
2.5375000000000005,12.370467912477601,2,sr,1.181e-14
2.5500000000000003,12.246813948316092,2,sr,2.511e-15
2.5625000000000004,12.125043304649688,2,sr,1.291e-11
2.5750000000000002,12.005120216536973,2,sr,9.860e-11
2.5875000000000004,11.887009762595017,2,sr,1.922e-14
2.6000000000000005,11.770677841108808,2,sr,2.152e-14
2.6125000000000003,11.65609114654443,2,sr,6.447e-15
2.6250000000000004,11.543217147194841,2,sr,4.000e-16
2.6375000000000002,11.432024063453802,2,sr,1.747e-14
2.6500000000000004,11.322480846850366,2,sr,1.025e-14
2.6625000000000005,11.214557159808779,2,sr,6.480e-11
2.6750000000000003,11.108223355990356,2,sr,5.054e-15
2.6875000000000004,11.003450461540265,2,sr,1.158e-15
2.7000000000000002,10.900210156632882,2,sr,7.668e-16
2.7125000000000004,10.798474757873217,2,sr,9.900e-15
2.7250000000000005,10.698217201182754,2,sr,1.891e-16
2.7375000000000003,10.599411025263965,2,sr,4.695e-15
2.7500000000000004,10.502030355605825,2,sr,7.276e-15
2.7625000000000002,10.406049889010216,2,sr,1.260e-14
2.7750000000000004,10.311444878619712,2,sr,8.653e-15
2.7875000000000005,10.21819111942823,2,sr,8.414e-15
2.8000000000000003,10.12626493425673,2,sr,4.725e-15
2.8125000000000004,10.035643160176772,2,sr,1.047e-14
2.8250000000000002,9.9463031353656,2,sr,7.895e-15
2.8375000000000004,9.8582226863768678,2,sr,2.139e-15
2.8500000000000005,9.7713801158120237,2,sr,5.315e-16
2.8625000000000003,9.6857541903777289,2,sr,1.391e-14
2.8750000000000004,9.6013241293154028,2,sr,8.748e-16
2.8875000000000002,9.518069593189562,2,sr,1.130e-14
2.9000000000000004,9.4359706730220445,2,sr,5.703e-15
2.9125000000000005,9.3550078797600751,2,sr,6.282e-13
2.9250000000000003,9.2751621340649049,2,sr,6.146e-15
2.9375000000000004,9.1964147564137324,2,sr,1.052e-14
2.9500000000000002,9.118747457497367,2,sr,1.018e-15
2.9625000000000004,9.0421423289097493,2,sr,8.887e-15
2.9750000000000005,8.9665818341153294,2,sr,2.334e-15
2.9875000000000003,8.8920487996860196,2,sr,9.445e-15
3.0000000000000004,8.8185264067981652,2,sr,1.812e-15
3.0125000000000002,8.7459981829807916,2,sr,5.404e-15
3.0250000000000004,8.6744479941085899,2,sr,6.657e-12
3.0375000000000005,8.6038600366163802,2,sr,4.208e-15
3.0500000000000003,8.5342188299727386,2,sr,8.367e-15
3.0625000000000004,8.4655092093291415,2,sr,2.560e-15
3.0750000000000002,8.3977163184135382,2,sr,1.670e-14
3.0875000000000004,8.3308256026156062,2,sr,1.113e-15
3.1000000000000005,8.2648228022666572,2,sr,1.669e-11
3.1125000000000003,8.1996939461292193,2,sr,4.692e-11
3.1250000000000004,8.1354253450834566,2,sr,6.839e-15
3.1375000000000002,8.0720035858651311,2,sr,7.109e-15
3.1500000000000004,8.0094155252147008,2,sr,5.225e-15
3.1625000000000005,7.9476482839869451,2,sr,6.112e-16
3.1750000000000003,7.8866892415149348,2,sr,3.191e-15
3.1875000000000004,7.8265260301159723,2,sr,1.964e-15
3.2000000000000002,7.7671465297508666,2,sr,1.202e-15
3.2125000000000004,7.7085388628318308,2,sr,1.942e-15
3.2250000000000005,7.6506913891746011,2,sr,1.485e-15
3.2375000000000003,7.5935927010904498,2,sr,7.679e-15
3.2500000000000004,7.5372316186140242,2,sr,5.580e-15
3.2625000000000002,7.4815971848630056,2,sr,7.593e-15
3.2750000000000004,7.4266786615258553,2,sr,1.452e-15
3.2875000000000005,7.3724655244739505,2,sr,6.495e-15
3.3000000000000003,7.3189474594946908,2,sr,1.292e-15
3.3125000000000004,7.2661143581421017,2,sr,2.283e-15
3.3250000000000002,7.2139563137018694,2,sr,4.257e-15
3.3375000000000004,7.1624636172675702,2,sr,1.134e-15
3.3500000000000005,7.1116267539252034,2,sr,6.172e-15
3.3625000000000003,7.0614363990431821,2,sr,6.554e-15
3.3750000000000004,7.0118834146649904,2,sr,4.714e-15
3.3875000000000002,6.9629588460019747,2,sr,2.619e-15
3.4000000000000004,6.9146539180043547,2,sr,4.720e-11
3.4125000000000005,6.8669600321430879,2,sr,2.180e-15
3.4250000000000003,6.8198687629924377,2,sr,7.249e-12
3.4375000000000004,6.7733718553066007,2,sr,2.289e-15
3.4500000000000002,6.7274612208507021,2,sr,3.884e-15
3.4625000000000004,6.6821289354939122,2,sr,5.323e-16
3.4750000000000005,6.6373672363226888,2,sr,6.218e-15
3.4875000000000003,6.5931685188546547,2,sr,5.392e-15
3.5000000000000004,6.5495253343470141,2,sr,3.864e-11
3.5125000000000002,6.506430387083264,2,sr,6.237e-15
3.5250000000000004,6.4638765319892801,2,sr,2.844e-15
3.5375000000000005,6.4218567719892086,2,sr,4.750e-15
3.5500000000000003,6.3803642556876552,2,sr,2.554e-15
3.5625000000000004,6.3393922750238767,2,sr,2.080e-14
3.5750000000000002,6.2989342630141856,2,sr,2.647e-15
3.5875000000000004,6.258983791564555,2,sr,1.253e-15
3.6000000000000005,6.2195345693711941,2,sr,4.163e-11
3.6125000000000003,6.1805804397726742,2,sr,1.735e-15
3.6250000000000004,6.1421153789587697,2,sr,3.688e-15
3.6375000000000002,6.1041334938573835,2,sr,1.344e-15
3.6500000000000004,6.0666290203759496,2,sr,6.068e-16
3.6625000000000005,6.0295963215670332,2,sr,4.702e-11
3.6750000000000003,5.9930298860124154,2,sr,5.032e-15
3.6875000000000004,5.9569243259255051,2,sr,2.740e-15
3.7000000000000002,5.9212743757710582,2,sr,4.494e-15
3.7125000000000004,5.8860748906012734,2,sr,3.524e-16
3.7250000000000005,5.8513208445874598,2,sr,1.167e-15
3.7375000000000003,5.817007329586338,2,sr,0.000e+00
3.7500000000000004,5.7831295537630512,2,sr,3.569e-15
3.7625000000000002,5.7496828402563347,2,sr,2.607e-11
3.7750000000000004,5.7166626259808018,2,sr,4.543e-15
3.7875000000000005,5.6840644602784316,2,sr,2.256e-16
3.8000000000000003,5.6518840038968596,2,sr,1.904e-15
3.8125000000000004,5.6201170278153647,2,sr,1.001e-15
3.8250000000000002,5.588759412204694,2,sr,1.326e-15
3.8375000000000004,5.5578071454242552,2,sr,2.413e-15
3.8500000000000005,5.5272563230695582,2,sr,7.623e-16
3.8625000000000003,5.497103147069029,2,sr,1.406e-15
3.8750000000000004,5.4673439248292581,2,sr,3.220e-16
3.8875000000000002,5.4379750684278561,2,sr,3.197e-16
3.9000000000000004,5.4089930938528497,2,sr,2.750e-15
3.9125000000000005,5.3803946202876922,2,sr,3.150e-16
3.9250000000000003,5.3521763694406683,2,sr,2.814e-15
3.9375000000000004,5.3243351649239532,2,sr,1.035e-11
3.9500000000000002,5.2968679316368936,2,sr,4.209e-15
3.9625000000000004,5.26977169527831,2,sr,9.732e-12
3.9750000000000005,5.2430435818084646,2,sr,3.336e-15
3.9875000000000003,5.2166808169521808,2,sr,5.115e-15
4,5.1906807258210792,2,sr,0.000e+00
4.0125000000000002,5.1650407324986594,2,sr,2.066e-11
4.0250000000000004,5.1397583596063967,2,sr,9.425e-12
4.0375000000000005,5.1148312281295789,2,sr,4.599e-12
4.0500000000000007,5.090257056925612,2,sr,8.674e-16
4.0625,5.0660336625368112,2,sr,3.155e-15
4.0750000000000002,5.0421589589113998,2,sr,2.089e-15
4.0875000000000004,5.0186309571466383,2,sr,2.821e-15
4.1000000000000005,4.9954477652578415,2,sr,3.637e-15
4.1125000000000007,4.9726075879537541,2,sr,9.313e-16
4.125,4.9501087264167634,2,sr,4.584e-16
4.1375000000000002,4.9279495780827745,2,sr,2.545e-15
4.1500000000000004,4.9061286364151311,2,sr,2.163e-15
4.1625000000000005,4.8846444906559903,2,sr,1.361e-11
4.1750000000000007,4.8634958256208209,2,sr,3.454e-15
4.1875,4.8426814213107363,2,sr,1.756e-16
4.2000000000000002,4.8222001526972083,2,sr,5.220e-16
4.2125000000000004,4.8020509893070766,2,sr,6.898e-16
4.2250000000000005,4.7822329948154705,2,sr,2.307e-15
4.2375000000000007,4.7627453265629924,2,sr,2.625e-15
4.25,4.7435872349952479,2,sr,3.356e-16
4.2625000000000002,4.7247580630073127,2,sr,4.850e-12
4.2750000000000004,4.706257245207297,2,sr,3.377e-15
4.2875000000000005,4.688084306996041,2,sr,6.528e-16
4.3000000000000007,4.6702388635902539,2,sr,2.425e-16
4.3125,4.6527206188249055,2,sr,3.283e-15
4.3250000000000002,4.6355293638007673,2,sr,1.666e-15
4.3375000000000004,4.6186649753252613,2,sr,1.571e-16
4.3500000000000005,4.6021274141257145,2,sr,3.112e-16
4.3625000000000007,4.5859167228078466,2,sr,3.082e-16
4.375,4.5700330235370483,2,sr,7.177e-12
4.3875000000000002,4.5544765153483739,2,sr,1.270e-11
4.4000000000000004,4.5392474712645816,2,sr,2.247e-11
4.4125000000000005,4.5243462348139341,2,sr,1.686e-11
4.4250000000000007,4.5097732162383624,2,sr,2.319e-12
4.4375,4.4955288882064908,2,sr,1.235e-15
4.4500000000000002,4.4816137810599352,2,sr,1.438e-16
4.4625000000000004,4.4680284774023287,2,sr,1.286e-15
4.4750000000000005,4.4547736061086542,2,sr,1.851e-12
4.4875000000000007,4.441849835664609,2,sr,3.660e-16
4.5,4.4292578667160551,2,sr,1.407e-11
4.5125000000000002,4.416998423954082,2,sr,0.000e+00
4.5250000000000004,4.4050722468295467,2,sr,1.944e-11
4.5375000000000005,4.3934800798153404,2,sr,8.153e-12
4.5500000000000007,4.3822226609968871,2,sr,6.721e-16
4.5625,4.3713007102866905,2,sr,1.378e-15
4.5750000000000002,4.3607149159048193,2,sr,1.498e-15
4.5875000000000004,4.3504659199017235,2,sr,1.675e-15
4.6000000000000005,4.3405543022710606,2,sr,5.727e-16
4.6125000000000007,4.3309805636666701,2,sr,2.520e-16
4.625,4.3217451066366026,2,sr,1.670e-16
4.6375000000000002,4.3128482153151708,2,sr,1.049e-11
4.6500000000000004,4.3042900333932748,2,sr,5.726e-12
4.6625000000000005,4.2960705406727957,2,sr,1.150e-15
4.6750000000000007,4.2881895274903377,2,sr,1.626e-11
4.6875,4.2806465676062713,2,sr,7.711e-16
4.7000000000000002,4.2734409894272529,2,sr,1.272e-11
4.7125000000000004,4.2665718451296,2,sr,1.745e-16
4.7250000000000005,4.260037878071758,2,sr,2.845e-12
4.7375000000000007,4.2538374886902579,2,sr,6.660e-12
4.75,4.2479686986025289,2,sr,1.102e-11
4.7625000000000002,4.2424291131699432,2,sr,5.603e-17
4.7750000000000004,4.237215882708834,2,sr,9.996e-16
4.7875000000000005,4.2323256627511459,2,sr,1.101e-16
4.8000000000000007,4.2277545732435327,2,sr,7.474e-12
4.8125000000000009,4.2234981574065085,2,sr,4.774e-12
4.8250000000000002,4.2195513403276204,2,sr,6.341e-13
4.8375000000000004,4.2159083880712993,2,sr,6.122e-16
4.8500000000000005,4.2125628676637072,2,sr,4.470e-12
4.8625000000000007,4.2095076086546594,2,sr,4.853e-13
4.8750000000000009,4.2067346668376224,2,sr,3.643e-16
4.8875000000000002,4.2042352911495593,2,sr,7.270e-13
4.9000000000000004,4.2019998943428369,2,sr,2.311e-16
4.9125000000000005,4.2000180284400646,2,sr,2.268e-13
4.9250000000000007,4.1982783659160559,2,sr,1.099e-12
4.9375000000000009,4.1967686875486905,2,sr,1.513e-16
4.9500000000000002,4.1954758778742933,2,sr,3.638e-16
4.9625000000000004,4.1943859292734,2,sr,7.013e-14
4.9750000000000005,4.193483955491768,2,sr,8.467e-14
4.9875000000000007,4.1927542154448085,2,sr,9.980e-14
5.0000000000000009,4.1921801479650549,2,sr,1.233e-17
5.0125000000000002,4.191744418013081,2,sr,1.721e-16
5.0250000000000004,4.1914289746539355,2,sr,6.621e-16
5.0375000000000005,4.1912151208864339,2,sr,2.814e-16
5.0500000000000007,4.1910835951312784,2,sr,1.832e-17
5.0625000000000009,4.1910146639015942,2,sr,5.809e-16
5.0750000000000002,4.1909882248730774,2,sr,3.565e-16
5.0875000000000004,4.1909839192629068,2,sr,3.957e-16
5.1000000000000005,4.1909812521265568,2,sr,3.686e-16
5.1125000000000007,4.1909597189038159,2,sr,4.024e-16
5.1250000000000009,4.190898936302669,2,sr,2.442e-16
5.1375000000000002,4.1907787754014514,2,sr,6.565e-12
5.1500000000000004,4.1905794948403434,2,sr,6.019e-12
5.1625000000000005,4.1902818714115888,2,sr,8.009e-13
5.1750000000000007,4.189867326499586,2,sr,2.219e-15
5.1875000000000009,4.1893180452476724,2,sr,2.088e-14
5.2000000000000002,4.1886170870764401,2,sr,3.154e-13
5.2125000000000004,4.1877484853952405,2,sr,8.985e-12
5.2250000000000005,4.1866973351338039,2,sr,2.910e-13
5.2375000000000007,4.1854498665050066,2,sr,5.539e-14
5.2500000000000009,4.1839935047364065,2,sr,7.866e-16
5.2625000000000002,4.1823169146545709,2,sr,8.016e-13
5.2750000000000004,4.1804100303693277,2,sr,8.621e-14
5.2875000000000005,4.178264070129921,2,sr,3.106e-16
5.3000000000000007,4.1758715369693977,2,sr,3.877e-13
5.3125000000000009,4.1732262059271328,2,sr,4.992e-16
5.3250000000000002,4.1703230989332294,2,sr,7.548e-14
5.3375000000000004,4.167158448629074,2,sr,1.270e-12
5.3500000000000005,4.1637296525011758,2,sr,3.232e-16
5.3625000000000007,4.1600352187691589,2,sr,1.603e-15
5.3750000000000009,4.1560747055936984,2,sr,4.986e-13
5.3875000000000002,4.1518486550152778,2,sr,7.926e-13
5.4000000000000004,4.1473585230892143,2,sr,6.555e-13
5.4125000000000005,4.1426066075540859,2,sr,2.820e-16
5.4250000000000007,4.1375959742649355,2,sr,9.680e-16
5.4375000000000009,4.1323303835105412,2,sr,6.122e-13
5.4500000000000002,4.1268142171682101,2,sr,1.073e-12
5.4625000000000004,4.1210524075536581,2,sr,8.889e-13
5.4750000000000005,4.1150503686465241,2,sr,4.268e-15
5.4875000000000007,4.1088139302569315,2,sr,2.994e-16
5.5000000000000009,4.1023492755650626,2,sr,5.014e-12
5.5125000000000002,4.0956628823238743,2,sr,1.360e-12
5.5250000000000004,4.0887614680518505,2,sr,1.174e-15
5.5375000000000005,4.0816519391536534,2,sr,7.538e-12
5.5500000000000007,4.0743413441174647,2,sr,1.514e-15
5.5625000000000009,4.0668368308987368,2,sr,1.181e-11
5.5750000000000002,4.0591456079855552,2,sr,1.095e-15
5.5875000000000004,4.0512749096729346,2,sr,1.078e-11
5.6000000000000005,4.0432319645977008,2,sr,1.250e-15
5.6125000000000007,4.035023968176823,2,sr,7.710e-15
5.6250000000000009,4.0266580580255082,2,sr,2.214e-11
5.6375000000000002,4.0181412925098368,2,sr,2.714e-16
5.6500000000000004,4.0094806324386276,2,sr,6.856e-16
5.6625000000000005,4.0006829249368039,2,sr,9.009e-12
5.6750000000000007,3.9917548900267397,2,sr,1.339e-11
5.6875000000000009,3.9827031094870651,2,sr,5.762e-16
5.7000000000000002,3.9735340173588751,2,sr,1.214e-15
5.7125000000000004,3.9642538926568984,2,sr,6.584e-16
5.7250000000000005,3.9548688534518184,2,sr,1.893e-15
5.7375000000000007,3.9453848524954713,2,sr,6.063e-12
5.7500000000000009,3.9358076741105554,2,sr,2.417e-11
5.7625000000000002,3.9261429321631356,2,sr,1.481e-11
5.7750000000000004,3.9163960693167565,2,sr,9.839e-16
5.7875000000000005,3.9065723566424988,2,sr,1.452e-15
5.8000000000000007,3.896676894518583,2,sr,8.483e-16
5.8125000000000009,3.8867146138828357,2,sr,7.005e-16
5.8250000000000002,3.8766902781444581,2,sr,2.435e-15
5.8375000000000004,3.8666084855626495,2,sr,2.299e-15
5.8500000000000005,3.85647367202847,2,sr,1.599e-16
5.8625000000000007,3.8462901141819579,2,sr,1.533e-15
5.8750000000000009,3.8360619328039496,2,sr,9.766e-16
5.8875000000000002,3.8257930964166276,2,sr,1.802e-11
5.9000000000000004,3.8154874251483584,2,sr,2.569e-11
5.9125000000000005,3.8051485944450141,2,sr,2.941e-12
5.9250000000000007,3.7947801393676999,2,sr,1.684e-15
5.9375000000000009,3.7843854584548997,2,sr,8.487e-16
5.9500000000000002,3.7739678179122782,2,sr,1.283e-15
5.9625000000000004,3.7635303557270903,2,sr,2.587e-16
5.9750000000000005,3.753076085778436,2,sr,4.520e-15
5.9875000000000007,3.7426079019218941,2,sr,8.759e-16
6.0000000000000009,3.7321285820315868,2,sr,1.324e-15
6.0125000000000002,3.7216407919869603,2,sr,2.045e-15
6.0250000000000004,3.7111470895936476,2,sr,1.702e-15
6.0375000000000005,3.7006499284231333,2,sr,1.212e-11
6.0500000000000007,3.6901516616134051,2,sr,5.626e-12
6.0625000000000009,3.6796545454648166,2,sr,2.380e-15
6.0750000000000002,3.6691607431218451,2,sr,7.373e-16
6.0875000000000004,3.6586723280000313,2,sr,6.496e-16
6.1000000000000005,3.6481912872005067,2,sr,3.176e-15
6.1125000000000007,3.6377195248007639,2,sr,5.454e-15
6.1250000000000009,3.6272588650486508,2,sr,5.774e-15
6.1375000000000002,3.616811055456389,2,sr,6.288e-15
6.1500000000000004,3.6063777697948436,2,sr,4.793e-15
6.1625000000000005,3.595960610988933,2,sr,2.315e-15
6.1750000000000007,3.5855611139102321,2,sr,1.095e-11
6.1875000000000009,3.5751807481089601,2,sr,1.239e-11
6.2000000000000002,3.5648209203424628,2,sr,1.866e-15
6.2125000000000004,3.5544829771954336,2,sr,3.164e-16
6.2250000000000005,3.5441682074222371,2,sr,1.192e-15
6.2375000000000007,3.5338778443149956,2,sr,6.990e-16
6.2500000000000009,3.5236130679470552,2,sr,1.406e-15
6.2625000000000002,3.5133750073384271,2,sr,1.262e-15
6.2750000000000004,3.5031647425400969,2,sr,5.631e-15
6.2875000000000005,3.4929833066396738,2,sr,8.668e-15
6.3000000000000007,3.4828316876909051,2,sr,3.382e-15
6.3125000000000009,3.472710830569552,2,sr,8.960e-15
6.3250000000000002,3.4626216387581197,2,sr,8.434e-15
6.3375000000000004,3.4525649760619341,2,sr,8.786e-15
6.3500000000000005,3.4425416682589707,2,sr,6.789e-15
6.3625000000000007,3.4325525046858707,2,sr,6.610e-15
6.3750000000000009,3.4225982397624604,2,sr,8.799e-15
6.3875000000000002,3.4126795944571029,2,sr,5.291e-15
6.4000000000000004,3.4027972576951209,2,sr,6.217e-15
6.4125000000000005,3.3929518877124645,2,sr,5.655e-15
6.4250000000000007,3.3831441133567828,2,sr,2.143e-16
6.4375000000000009,3.3733745353379336,2,sr,1.075e-16
6.4500000000000002,3.3636437274299529,2,sr,3.400e-15
6.4625000000000004,3.3539522376264279,2,sr,3.305e-15
6.4750000000000005,3.3443005892511408,2,sr,1.468e-15
6.4875000000000007,3.3346892820257983,2,sr,1.855e-15
6.5000000000000009,3.3251187930996862,2,sr,9.102e-12
6.5125000000000002,3.3155895780214073,2,sr,1.208e-15
6.5250000000000004,3.3061020717188629,2,sr,2.314e-15
6.5375000000000005,3.2966566893815354,2,sr,6.522e-15
6.5500000000000007,3.2872538273540761,2,sr,5.876e-15
6.5625000000000009,3.2778938639781554,2,sr,1.112e-16
6.5750000000000002,3.2685771604054721,2,sr,5.631e-15
6.5875000000000004,3.2593040613802153,2,sr,2.068e-15
6.6000000000000005,3.2500748959933974,2,sr,3.687e-12
6.6125000000000007,3.2408899784021759,2,sr,4.945e-15
6.6250000000000009,3.2317496085397912,2,sr,7.886e-16
6.6375000000000002,3.22265407277653,2,sr,6.437e-15
6.6500000000000004,3.2136036445735336,2,sr,3.310e-15
6.6625000000000005,3.2045985851061052,2,sr,2.155e-15
6.6750000000000007,3.1956391438656078,2,sr,2.530e-16
6.6875000000000009,3.1867255592398145,2,sr,1.993e-16
6.7000000000000002,3.1778580590726233,2,sr,7.245e-15
6.7125000000000004,3.1690368612040007,2,sr,1.000e-15
6.7250000000000005,3.1602621740018524,2,sr,3.651e-11
6.7375000000000007,3.1515341968111117,2,sr,2.293e-16
6.7500000000000009,3.1428531205472408,2,sr,9.255e-16
6.7625000000000002,3.1342191280576128,2,sr,4.803e-15
6.7750000000000004,3.1256323946258164,2,sr,1.026e-11
6.7875000000000005,3.1170930884139332,2,sr,6.343e-15
6.8000000000000007,3.1086013708566802,2,sr,1.408e-16
6.8125000000000009,3.1001573971040775,2,sr,1.074e-11
6.8250000000000002,3.0917613163880673,2,sr,6.508e-15
6.8375000000000004,3.0834132724402172,2,sr,1.592e-16
6.8500000000000005,3.0751134038344894,2,sr,4.813e-12
6.8625000000000007,3.0668618443563043,2,sr,4.059e-16
6.8750000000000009,3.0586587233624858,2,sr,6.237e-16
6.8875000000000002,3.0505041661251919,2,sr,6.652e-11
6.9000000000000004,3.0423982940750043,2,sr,2.043e-15
6.9125000000000005,3.0343412253039639,2,sr,9.794e-16
6.9250000000000007,3.0263330746905379,2,sr,1.059e-15
6.9375000000000009,3.0183739542934882,2,sr,1.853e-15
6.9500000000000002,3.0104639736349355,2,sr,3.150e-11
6.9625000000000004,3.0026032399420943,2,sr,4.483e-16
6.9750000000000005,2.9947918585044455,2,sr,2.382e-11
6.9875000000000007,2.9870299328898446,2,sr,2.256e-15
7.0000000000000009,2.9793175651614217,2,sr,8.940e-11
7.0125000000000002,2.9716548563288923,2,sr,6.290e-11
7.0250000000000004,2.9640419062306766,2,sr,2.581e-11
7.0375000000000005,2.9564788142294907,2,sr,1.306e-11
7.0500000000000007,2.9489656791081802,2,sr,8.189e-12
7.0625000000000009,2.9415025994541888,2,sr,6.933e-11
7.0750000000000002,2.9340896737917941,2,sr,2.546e-11
7.0875000000000004,2.9267270009929542,2,sr,5.893e-16
7.1000000000000005,2.9194146802459167,2,sr,2.781e-11
7.1125000000000007,2.9121528114653339,2,sr,8.088e-16
7.1250000000000009,2.9049414953723502,2,sr,5.236e-13
7.1375000000000002,2.8977808337809723,2,sr,1.302e-15
7.1500000000000004,2.8906709297589659,2,sr,2.159e-15
7.1625000000000005,2.8836118878325512,2,sr,2.329e-15
7.1750000000000007,2.876603814177666,2,sr,8.899e-16
7.1875000000000009,2.8696468167987224,2,sr,3.580e-11
7.2000000000000002,2.8627410057615497,2,sr,1.202e-15
7.2125000000000004,2.8558864932780739,2,sr,2.857e-17
7.2250000000000005,2.8490833939806675,2,sr,2.852e-15
7.2375000000000007,2.8423318250483907,2,sr,3.106e-15
7.2500000000000009,2.8356319063879085,2,sr,1.563e-15
7.2625000000000002,2.828983760801556,2,sr,1.872e-15
7.2750000000000004,2.8223875141522594,2,sr,3.851e-15
7.2875000000000005,2.815843295525307,2,sr,3.164e-15
7.3000000000000007,2.8093512373870073,2,sr,3.778e-15
7.3125000000000009,2.8029114757402027,2,sr,1.968e-15
7.3250000000000002,2.7965241502766349,2,sr,2.637e-15
7.3375000000000004,2.790189404526108,2,sr,1.119e-16
7.3500000000000005,2.7839073860023937,2,sr,6.588e-15
7.3625000000000007,2.7776782463458138,2,sr,4.455e-15
7.3750000000000009,2.7715021414623879,2,sr,1.610e-15
7.3875000000000002,2.7653792316594634,2,sr,1.661e-16
7.4000000000000004,2.7593096817776335,2,sr,3.369e-15
7.4125000000000005,2.7532936613188648,2,sr,8.975e-15
7.4250000000000007,2.7473313445705854,2,sr,4.776e-15
7.4375000000000009,2.7414229107255919,2,sr,3.174e-15
7.4500000000000002,2.7355685439974677,2,sr,1.255e-15
7.4625000000000004,2.7297684337190797,2,sr,4.307e-11
7.4750000000000005,2.7240227745096552,2,sr,2.927e-15
7.4875000000000007,2.7183317662526183,2,sr,6.429e-15
7.5000000000000009,2.7126956143130396,2,sr,1.012e-14
7.5125000000000002,2.7071145295651284,2,sr,6.652e-15
7.5250000000000004,2.7015887284868865,2,sr,5.399e-15
7.5375000000000005,2.6961184332355623,2,sr,1.012e-15
7.5500000000000007,2.6907038717157907,2,sr,4.086e-15
7.5625000000000009,2.6853452776398012,2,sr,3.330e-15
7.5750000000000002,2.6800428905904918,2,sr,3.813e-11
7.5875000000000004,2.6747969559963249,2,sr,3.681e-11
7.6000000000000005,2.6696077253443522,2,sr,3.855e-11
7.6125000000000007,2.6644754559209316,2,sr,1.405e-15
7.6250000000000009,2.6594004111058203,2,sr,0.000e+00
7.6375000000000002,2.6543828601887287,2,sr,8.253e-16
7.6500000000000004,2.6494230784244261,2,sr,1.335e-15
7.6625000000000005,2.6445213469932729,2,sr,3.068e-16
7.6750000000000007,2.639677952981005,2,sr,7.224e-11
7.6875000000000009,2.634893189203662,2,sr,1.046e-11
7.7000000000000002,2.6301673543739077,2,sr,1.715e-15
7.7125000000000004,2.6255007527477812,2,sr,2.511e-15
7.7250000000000005,2.620893694156389,2,sr,4.998e-16
7.7375000000000007,2.6163464938315619,2,sr,4.576e-15
7.7500000000000009,2.6118594722512452,2,sr,5.940e-15
7.7625000000000002,2.6074329549574391,2,sr,1.241e-14
7.7750000000000004,2.6030672723483179,2,sr,1.127e-14
7.7875000000000005,2.5987627594427245,2,sr,4.585e-15
7.8000000000000007,2.5945197556153374,2,sr,9.706e-17
7.8125000000000009,2.5903386043003631,2,sr,6.759e-16
7.8250000000000002,2.58621965266184,2,sr,4.611e-15
7.8375000000000004,2.5821632512283643,2,sr,1.118e-14
7.8500000000000005,2.5781697534899668,2,sr,1.302e-14
7.8625000000000007,2.5742395154547113,2,sr,2.836e-16
7.8750000000000009,2.5703728951627287,2,sr,2.633e-15
7.8875000000000002,2.5665702521548299,2,sr,4.396e-15
7.9000000000000004,2.5628319468932359,2,sr,1.395e-14
7.9125000000000005,2.5591583401314844,2,sr,3.053e-15
7.9250000000000007,2.5555497922307584,2,sr,7.360e-16
7.9375000000000009,2.5520066624194628,2,sr,4.849e-15
7.9500000000000002,2.5485293079931468,2,sr,8.096e-15
7.9625000000000004,2.5451180834514546,2,sr,2.442e-15
7.9750000000000005,2.5417733395690387,2,sr,6.385e-15
7.9875000000000007,2.5384954223969567,2,sr,6.260e-15
8,2.5352846721913136,2,sr,0.000e+00
8.0124999999999993,2.5321414222658105,2,sr,8.132e-15
8.0250000000000004,2.5290659977647043,2,sr,5.273e-16
8.0374999999999996,2.5260587143528799,2,sr,9.610e-16
8.0499999999999989,2.5231198768197394,2,sr,8.164e-15
8.0625,2.5202497775935462,2,sr,9.562e-16
8.0749999999999993,2.5174486951632056,2,sr,1.064e-14
8.0875000000000004,2.5147168923900169,2,sr,3.439e-11
8.0999999999999996,2.5120546148069525,2,sr,4.158e-15
8.1124999999999989,2.5094620886081627,2,sr,1.449e-11
8.125,2.5069395187847103,2,sr,4.945e-15
8.1374999999999993,2.5044870870447125,2,sr,2.781e-11
8.1500000000000004,2.5021049495168923,2,sr,4.224e-15
8.1624999999999996,2.4997932345991294,2,sr,1.484e-11
8.1749999999999989,2.4975520404597038,2,sr,6.139e-15
8.1875,2.4953814325192356,2,sr,8.138e-17
8.1999999999999993,2.4932814408847239,2,sr,4.854e-15
8.2125000000000004,2.4912520575917592,2,sr,0.000e+00
8.2249999999999996,2.4892932337838891,2,sr,1.120e-15
8.2374999999999989,2.4874048767867838,2,sr,4.851e-15
8.25,2.4855868470889426,2,sr,1.822e-15
8.2624999999999993,2.4838389552351452,2,sr,7.860e-16
8.2750000000000004,2.4821609586404878,2,sr,2.582e-15
8.2874999999999996,2.4805525583342156,2,sr,6.995e-16
8.2999999999999989,2.4790133956442602,2,sr,3.865e-16
8.3125,2.4775430488352566,2,sr,2.383e-15
8.3249999999999993,2.476141029714515,2,sr,8.028e-16
8.3375000000000004,2.47480678021941,2,sr,6.213e-12
8.3499999999999996,2.4735396690269176,2,sr,1.816e-15
8.3624999999999989,2.4723389881395259,2,sr,9.784e-16
8.375,2.4712039495813962,2,sr,2.177e-16
8.3874999999999993,2.4701336821189406,2,sr,1.043e-15
8.4000000000000004,2.4691272281140959,2,sr,2.682e-11
8.4124999999999996,2.468183540417249,2,sr,4.208e-16
8.4249999999999989,2.4673014796356552,2,sr,1.983e-15
8.4375,2.4664798113091209,2,sr,1.686e-15
8.4499999999999993,2.465717203530077,2,sr,7.280e-17
8.4625000000000004,2.4650122247445378,2,sr,1.169e-12
8.4749999999999996,2.4643633418540953,2,sr,2.459e-11
8.4874999999999989,2.4637689187685186,2,sr,2.554e-11
8.5,2.4632272150348729,2,sr,5.535e-13
8.5124999999999993,2.4627363853903157,2,sr,3.925e-16
8.5250000000000004,2.4622944792813839,2,sr,7.112e-17
8.5374999999999996,2.4618994411772523,2,sr,1.595e-15
8.5499999999999989,2.4615491113234342,2,sr,8.479e-16
8.5625,2.4612412270781614,2,sr,1.427e-15
8.5749999999999993,2.4609734248498394,2,sr,2.371e-15
8.5875000000000004,2.4607432426619966,2,sr,7.614e-16
8.5999999999999996,2.4605481233677611,2,sr,8.563e-16
8.6124999999999989,2.4603854185303793,2,sr,1.569e-16
8.625,2.4602523929801374,2,sr,1.044e-15
8.6374999999999993,2.4601462300340131,2,sr,2.830e-11
8.6500000000000004,2.4600640374994951,2,sr,9.491e-12
8.6624999999999996,2.4600028540510324,2,sr,1.659e-14
8.6749999999999989,2.4599596566779764,2,sr,1.918e-14
8.6875,2.4599313683750683,2,sr,4.344e-14
8.6999999999999993,2.4599148665975781,2,sr,5.518e-14
8.7125000000000004,2.4599069921941763,2,sr,5.438e-14
8.7249999999999996,2.4599045588194808,2,sr,4.677e-14
8.7374999999999989,2.459904362757277,2,sr,3.845e-14
8.75,2.459903193083667,2,sr,2.957e-14
8.7624999999999993,2.4598978420928197,2,sr,2.661e-14
8.7750000000000004,2.459885115902424,2,sr,2.383e-14
8.7874999999999996,2.459861845151452,2,sr,2.791e-14
8.7999999999999989,2.4598248956997577,2,sr,3.168e-14
8.8125,2.4597711792372237,2,sr,3.591e-14
8.8249999999999993,2.4596976637099814,2,sr,4.007e-14
8.8375000000000004,2.4596013834723931,2,sr,3.664e-14
8.8499999999999996,2.4594794490763143,2,sr,1.406e-14
8.8624999999999989,2.4593290566121424,2,sr,1.871e-12
8.875,2.4591474965205968,2,sr,1.733e-11
8.8874999999999993,2.4589321618630664,2,sr,1.893e-11
8.9000000000000004,2.4586805557311022,2,sr,7.568e-16
8.9124999999999996,2.4583902982965862,2,sr,2.472e-16
8.9249999999999989,2.4580591327282586,2,sr,3.896e-16
8.9375,2.457684930539644,2,sr,1.457e-15
8.9499999999999993,2.4572656960407215,2,sr,5.793e-12
8.9625000000000004,2.4567995699481338,2,sr,6.555e-12
8.9749999999999996,2.4562848321853927,2,sr,5.801e-12
8.9874999999999989,2.4557199038199853,2,sr,3.068e-12
9,2.4551033481949895,2,sr,1.040e-13
9.0124999999999993,2.454433871261104,2,sr,2.184e-16
9.0250000000000004,2.4537103211415223,2,sr,7.315e-17
9.0374999999999996,2.4529316869805506,2,sr,1.066e-15
9.0499999999999989,2.4520970971232936,2,sr,3.280e-11
9.0625,2.4512058165731094,2,sr,2.204e-11
9.0749999999999993,2.4502572440648485,2,sr,1.850e-12
9.0875000000000004,2.4492509084365706,2,sr,2.812e-15
9.0999999999999996,2.448186464582359,2,sr,4.292e-16
9.1124999999999989,2.447063689037019,2,sr,2.759e-11
9.125,2.4458824752754142,2,sr,2.971e-11
9.1374999999999993,2.4446428284332402,2,sr,1.494e-15
9.1500000000000004,2.4433448602956394,2,sr,1.541e-16
9.1624999999999996,2.4419887836049119,2,sr,3.875e-16
9.1749999999999989,2.4405749065575106,2,sr,2.418e-11
9.1875,2.4391036270514541,2,sr,6.272e-16
9.1999999999999993,2.43757542708591,2,sr,7.887e-17
9.2125000000000004,2.4359908669266299,2,sr,2.739e-11
9.2249999999999996,2.4343505795615634,2,sr,2.394e-16
9.2374999999999989,2.4326552649783149,2,sr,1.850e-15
9.25,2.4309056848014099,2,sr,1.689e-11
9.2624999999999993,2.4291026569192611,2,sr,2.032e-15
9.2750000000000004,2.4272470502293371,2,sr,3.843e-15
9.2874999999999996,2.425339779700963,2,sr,2.341e-11
9.2999999999999989,2.4233818014561281,2,sr,3.228e-15
9.3125,2.4213741082417233,2,sr,1.166e-15
9.3249999999999993,2.4193177249067119,2,sr,1.676e-16
9.3375000000000004,2.417213704241997,2,sr,1.180e-15
9.3499999999999996,2.4150631229813135,2,sr,1.363e-12
9.3624999999999989,2.4128670780300885,2,sr,4.266e-15
9.375,2.4106266829205398,2,sr,8.397e-12
9.3874999999999993,2.4083430644951056,2,sr,1.900e-15
9.4000000000000004,2.4060173597664885,2,sr,6.081e-16
9.4124999999999996,2.4036507130510181,2,sr,2.362e-15
9.4249999999999989,2.4012442732614527,2,sr,5.187e-15
9.4375,2.3987991914198332,2,sr,1.061e-15
9.4499999999999993,2.3963166183609563,2,sr,8.717e-15
9.4625000000000004,2.3937977026222979,2,sr,4.473e-15
9.4749999999999996,2.3912435885123746,2,sr,8.279e-15
9.4874999999999989,2.3886554143495538,2,sr,1.810e-15
9.5,2.3860343108627511,2,sr,3.459e-15
9.5124999999999993,2.3833813997458098,2,sr,1.739e-15
9.5250000000000004,2.3806977923569126,2,sr,1.749e-15
9.5374999999999996,2.3779845885548401,2,sr,8.885e-15
9.5499999999999989,2.3752428756794295,2,sr,4.969e-11
9.5625,2.3724737275579111,2,sr,2.096e-14
9.5749999999999993,2.3696782038603903,2,sr,2.446e-15
9.5875000000000004,2.3668573492447682,2,sr,1.759e-14
9.5999999999999996,2.3640121928360398,2,sr,1.711e-15
9.6125000000000007,2.3611437477013486,2,sr,7.644e-15
9.625,2.358253010424828,2,sr,1.325e-14
9.6374999999999993,2.355340960746656,2,sr,4.472e-11
9.6500000000000004,2.3524085613517807,2,sr,2.377e-14
9.6624999999999996,2.3494567575285061,2,sr,1.072e-15
9.6750000000000007,2.346486477147856,2,sr,1.704e-14
9.6875,2.3434986305024035,2,sr,8.463e-15
9.6999999999999993,2.3404941102731835,2,sr,4.844e-15
9.7125000000000004,2.3374737915292449,2,sr,2.910e-14
9.7249999999999996,2.3344385317683649,2,sr,2.993e-16
9.7375000000000007,2.3313891709949881,2,sr,1.724e-14
9.75,2.3283265318319071,2,sr,1.168e-14
9.7624999999999993,2.3252514196373939,2,sr,9.372e-11
9.7750000000000004,2.3221646227963046,2,sr,3.167e-14
9.7874999999999996,2.3190669126678998,2,sr,8.664e-16
9.8000000000000007,2.3159590440443911,2,sr,4.554e-15
9.8125,2.3128417552611826,2,sr,2.687e-14
9.8249999999999993,2.3097157684701406,2,sr,1.289e-15
9.8375000000000004,2.3065817899027863,2,sr,2.278e-14
9.8499999999999996,2.3034405101455975,2,sr,1.221e-14
9.8625000000000007,2.3002926044125664,2,sr,5.447e-11
9.875,2.2971387329056854,2,sr,3.590e-14
9.8874999999999993,2.2939795409850237,2,sr,5.042e-15
9.9000000000000004,2.2908156596080698,2,sr,5.322e-15
9.9124999999999996,2.287647705576306,2,sr,2.945e-14
9.9250000000000007,2.2844762818640953,2,sr,4.880e-15
9.9375,2.2813019779370456,2,sr,2.080e-14
9.9499999999999993,2.278125370071765,2,sr,1.745e-14
9.9625000000000004,2.2749470216549899,2,sr,9.427e-11
9.9749999999999996,2.2717674836107,2,sr,2.035e-14
9.9875000000000007,2.2685872945064891,2,sr,1.190e-14
10,2.265406981085103,2,sr,4.319e-16
3.1500000000000004,14.986057541096736,3,sr,9.182e-15
3.1625000000000005,14.869174198048659,3,sr,4.641e-15
3.1750000000000003,14.753744874940985,3,sr,9.229e-15
3.1875000000000004,14.639747126506846,3,sr,4.190e-11
3.2000000000000002,14.52715895454457,3,sr,9.428e-15
3.2125000000000004,14.415958798011532,3,sr,2.570e-15
3.2250000000000005,14.306125523677098,3,sr,5.411e-15
3.2375000000000003,14.197638416826612,3,sr,1.300e-14
3.2500000000000004,14.090477172308741,3,sr,1.174e-14
3.2625000000000002,13.984621885839053,3,sr,5.609e-11
3.2750000000000004,13.88005304544498,3,sr,5.114e-11
3.2875000000000005,13.776751523337422,3,sr,4.519e-16
3.3000000000000003,13.674698567868278,3,sr,5.345e-11
3.3125000000000004,13.573875795761293,3,sr,2.312e-15
3.3250000000000002,13.474265184423638,3,sr,6.313e-15
3.3375000000000004,13.375849064769653,3,sr,3.425e-15
3.3500000000000005,13.278610113976653,3,sr,2.141e-14
3.3625000000000003,13.182531348559017,3,sr,7.471e-15
3.3750000000000004,13.087596117618995,3,sr,2.074e-14
3.3875000000000002,12.993788096288752,3,sr,1.045e-14
3.4000000000000004,12.901091279359088,3,sr,9.693e-15
3.4125000000000005,12.809489975090612,3,sr,6.747e-13
3.4250000000000003,12.718968799201322,3,sr,1.373e-15
3.4375000000000004,12.629512669036513,3,sr,1.130e-11
3.4500000000000002,12.541106797876468,3,sr,3.786e-15
3.4625000000000004,12.45373668948203,3,sr,1.867e-14
3.4750000000000005,12.367388132711268,3,sr,1.669e-14
3.4875000000000003,12.282047196363651,3,sr,6.502e-15
3.5000000000000004,12.197700224153367,3,sr,1.371e-14
3.5125000000000002,12.114333829840636,3,sr,2.231e-15
3.5250000000000004,12.031934892513547,3,sr,3.516e-15
3.5375000000000005,11.950490552017708,3,sr,6.342e-15
3.5500000000000003,11.869988204531246,3,sr,6.583e-14
3.5625000000000004,11.790415498283032,3,sr,2.811e-15
3.5750000000000002,11.711760329411216,3,sr,8.759e-15
3.5875000000000004,11.634010837961197,3,sr,8.450e-15
3.6000000000000005,11.557155404019946,3,sr,7.643e-15
3.6125000000000003,11.481182643985763,3,sr,1.070e-14
3.6250000000000004,11.406081406971472,3,sr,4.453e-15
3.6375000000000002,11.331840771339806,3,sr,4.299e-15
3.6500000000000004,11.258450041369622,3,sr,1.833e-15
3.6625000000000005,11.18589874405181,3,sr,6.786e-15
3.6750000000000003,11.114176626013956,3,sr,3.731e-15
3.6875000000000004,11.043273650572875,3,sr,5.618e-15
3.7000000000000002,10.973179994914371,3,sr,3.086e-15
3.7125000000000004,10.903886047399656,3,sr,2.711e-15
3.7250000000000005,10.835382404998118,3,sr,4.447e-15
3.7375000000000003,10.767659870846126,3,sr,6.507e-15
3.7500000000000004,10.700709451931868,3,sr,1.142e-14
3.7625000000000002,10.634522356919719,3,sr,2.613e-11
3.7750000000000004,10.569089994020676,3,sr,4.663e-15
3.7875000000000005,10.504403969190241,3,sr,6.320e-15
3.8000000000000003,10.44045608418616,3,sr,2.129e-15
3.8125000000000004,10.377238334954875,3,sr,7.783e-15
3.8250000000000002,10.314742910055827,3,sr,2.035e-11
3.8375000000000004,10.252962189295282,3,sr,8.760e-15
3.8500000000000005,10.191888742326267,3,sr,1.087e-16
3.8625000000000003,10.131515327601827,3,sr,9.595e-15
3.8750000000000004,10.071834891297291,3,sr,5.669e-15
3.8875000000000002,10.01284056643501,3,sr,3.608e-15
3.9000000000000004,9.9545256721546043,3,sr,3.150e-11
3.9125000000000005,9.8968837130135494,3,sr,1.044e-15
3.9250000000000003,9.8399083787044361,3,sr,2.251e-12
3.9375000000000004,9.7835935435585206,3,sr,7.600e-15
3.9500000000000002,9.7279332664524567,3,sr,3.870e-15
3.9625000000000004,9.6729217907827412,3,sr,1.515e-15
3.9750000000000005,9.6185535445923662,3,sr,2.403e-15
3.9875000000000003,9.5648231408583815,3,sr,6.997e-12
4,9.5117253779657176,3,sr,1.771e-15
4.0125000000000002,9.4592552402782655,3,sr,5.950e-15
4.0250000000000004,9.4074078989676586,3,sr,5.317e-15
4.0375000000000005,9.356178712946976,3,sr,7.089e-15
4.0500000000000007,9.3055632300074809,3,sr,2.566e-15
4.0625,9.2555571881312027,3,sr,4.703e-16
4.0750000000000002,9.2061565169881749,3,sr,5.405e-15
4.0875000000000004,9.1573573396225925,3,sr,1.292e-15
4.1000000000000005,9.1091559743323351,3,sr,2.926e-15
4.1125000000000007,9.0615489367461919,3,sr,4.258e-15
4.125,9.0145329420809688,3,sr,2.944e-11
4.1375000000000002,8.968104907738077,3,sr,7.992e-16
4.1500000000000004,8.9222619557774117,3,sr,7.034e-16
4.1625000000000005,8.8770014160495307,3,sr,3.917e-15
4.1750000000000007,8.8323208292123851,3,sr,4.482e-15
4.1875,8.7882179501020321,3,sr,4.434e-15
4.2000000000000002,8.7446907512953871,3,sr,1.078e-11
4.2125000000000004,8.7017374269520253,3,sr,8.351e-17
4.2250000000000005,8.6593563967651583,3,sr,2.098e-11
4.2375000000000007,8.6175463102096259,3,sr,1.965e-15
4.25,8.5763060511516276,3,sr,6.468e-16
4.2625000000000002,8.5356347423713448,3,sr,2.399e-15
4.2750000000000004,8.4955317505656325,3,sr,2.847e-15
4.2875000000000005,8.4559966914521691,3,sr,6.803e-15
4.3000000000000007,8.4170294350925676,3,sr,2.242e-15
4.3125,8.3786301114040675,3,sr,3.746e-15
4.3250000000000002,8.3407991158440726,3,sr,4.003e-15
4.3375000000000004,8.3035371152476873,3,sr,1.941e-15
4.3500000000000005,8.266845053793789,3,sr,1.475e-16
4.3625000000000007,8.2307241590696716,3,sr,7.372e-16
4.375,8.1951759481980861,3,sr,1.728e-15
4.3875000000000002,8.1602022339831723,3,sr,4.267e-16
4.4000000000000004,8.1258051310234958,3,sr,7.024e-16
4.4125000000000005,8.0919870617308209,3,sr,3.468e-16
4.4250000000000007,8.0587507621822869,3,sr,3.016e-15
4.4375,8.0260992877211788,3,sr,6.762e-16
4.4500000000000002,7.9940360182245902,3,sr,1.400e-11
4.4625000000000004,7.962564662800605,3,sr,1.976e-15
4.4750000000000005,7.93168926414784,3,sr,3.901e-16
4.4875000000000007,7.9014142018119102,3,sr,2.056e-15
4.5,7.8717441947719635,3,sr,2.722e-15
4.5125000000000002,7.8426843027864717,3,sr,1.378e-15
4.5250000000000004,7.8142399263700364,3,sr,1.165e-11
4.5375000000000005,7.786416805234107,3,sr,9.782e-16
4.5500000000000007,7.7592210145215468,3,sr,1.037e-11
4.5625,7.7326589591860531,3,sr,1.536e-15
4.5750000000000002,7.7067373652143285,3,sr,1.281e-15
4.5875000000000004,7.6814632681524078,3,sr,1.148e-15
4.6000000000000005,7.6568439977816176,3,sr,1.132e-16
4.6125000000000007,7.6328871587522622,3,sr,5.912e-12
4.625,7.6096006063833137,3,sr,1.927e-12
4.6375000000000002,7.5869924172076892,3,sr,1.626e-16
4.6500000000000004,7.5650708531199191,3,sr,1.127e-11
4.6625000000000005,7.5438443186299784,3,sr,8.422e-12
4.6750000000000007,7.5233213105448398,3,sr,1.197e-11
4.6875,7.5035103583584419,3,sr,9.475e-12
4.7000000000000002,7.4844199552462545,3,sr,2.043e-12
4.7125000000000004,7.4660584780689554,3,sr,3.969e-16
4.7250000000000005,7.4484340955257036,3,sr,7.152e-12
4.7375000000000007,7.4315546633051257,3,sr,9.633e-17
4.75,7.4154276049217644,3,sr,6.171e-16
4.7625000000000002,7.4000597777268533,3,sr,4.164e-12
4.7750000000000004,7.3854573225186577,3,sr,1.383e-15
4.7875000000000005,7.3716254964852093,3,sr,9.999e-16
4.8000000000000007,7.3585684884342104,3,sr,2.914e-12
4.8125000000000009,7.3462892164343065,3,sr,1.016e-15
4.8250000000000002,7.3347891076159257,3,sr,8.399e-14
4.8375000000000004,7.3240678610748287,3,sr,9.839e-13
4.8500000000000005,7.3141231948643854,3,sr,7.425e-13
4.8625000000000007,7.3049505791995752,3,sr,2.303e-15
4.8750000000000009,7.2965429587572315,3,sr,1.447e-16
4.8875000000000002,7.2888904679775708,3,sr,5.470e-13
4.9000000000000004,7.28198014441615,3,sr,5.166e-16
4.9125000000000005,7.2757956464204865,3,sr,3.192e-16
4.9250000000000007,7.2703169827372243,3,sr,3.947e-16
4.9375000000000009,7.2655202628145652,3,sr,5.274e-16
4.9500000000000002,7.2613774778212079,3,sr,3.869e-16
4.9625000000000004,7.2578563233271165,3,sr,1.731e-14
4.9750000000000005,7.2549200752627714,3,sr,3.802e-17
4.9875000000000007,7.2525275309939721,3,sr,1.967e-13
5.0000000000000009,7.2506330269930555,3,sr,4.089e-16
5.0125000000000002,7.2491865435810361,3,sr,8.802e-14
5.0250000000000004,7.2481339053708815,3,sr,2.816e-13
5.0375000000000005,7.2474170834798635,3,sr,4.252e-16
5.0500000000000007,7.2469746021482067,3,sr,3.885e-16
5.0625000000000009,7.2467420482926421,3,sr,1.516e-16
5.0750000000000002,7.2466526779740699,3,sr,9.408e-16
5.0875000000000004,7.2466381088734986,3,sr,3.622e-16
5.1000000000000005,7.2466290831535858,3,sr,7.747e-16
5.1125000000000007,7.2465562807915331,3,sr,1.938e-12
5.1250000000000009,7.2463511601039716,3,sr,3.405e-12
5.1375000000000002,7.2459467996175171,3,sr,2.254e-13
5.1500000000000004,7.2452787153405529,3,sr,1.343e-15
5.1625000000000005,7.2442856269916351,3,sr,1.043e-12
5.1750000000000007,7.2429101502237314,3,sr,2.154e-16
5.1875000000000009,7.2410993944996358,3,sr,1.177e-13
5.2000000000000002,7.2388054514935627,3,sr,1.140e-16
5.2125000000000004,7.2359857638646021,3,sr,1.544e-13
5.2250000000000005,7.2326033700864372,3,sr,3.290e-16
5.2375000000000007,7.2286270263088666,3,sr,1.173e-15
5.2500000000000009,7.2240312112229317,3,sr,1.976e-16
5.2625000000000002,7.2187960239523692,3,sr,2.398e-16
5.2750000000000004,7.2129069881375285,3,sr,8.694e-16
5.2875000000000005,7.2063547774064363,3,sr,3.263e-13
5.3000000000000007,7.1991348784422184,3,sr,1.514e-15
5.3125000000000009,7.191247207891168,3,sr,2.122e-13
5.3250000000000002,7.1826956986947339,3,sr,5.750e-16
5.3375000000000004,7.1734878700270279,3,sr,1.236e-15
5.3500000000000005,7.1636343933820461,3,sr,1.008e-15
5.3625000000000007,7.1531486653335978,3,sr,4.889e-16
5.3750000000000009,7.142046395507168,3,sr,7.785e-13
5.3875000000000002,7.1303452162939234,3,sr,8.675e-14
5.4000000000000004,7.1180643190563639,3,sr,8.364e-16
5.4125000000000005,7.1052241198389963,3,sr,7.345e-14
5.4250000000000007,7.0918459563181067,3,sr,2.796e-12
5.4375000000000009,7.0779518164295316,3,sr,2.431e-16
5.4500000000000002,7.0635640983870562,3,sr,9.874e-17
5.4625000000000004,7.0487054007684495,3,sr,1.654e-15
5.4750000000000005,7.0333983412417238,3,sr,1.730e-15
5.4875000000000007,7.0176654018332458,3,sr,1.033e-15
5.5000000000000009,7.0015287986125232,3,sr,7.828e-12
5.5125000000000002,6.9850103734182607,3,sr,5.325e-17
5.5250000000000004,6.9681315056307644,3,sr,3.784e-16
5.5375000000000005,6.9509130412993194,3,sr,6.181e-12
5.5500000000000007,6.9333752379129887,3,sr,1.396e-15
5.5625000000000009,6.9155377227528483,3,sr,3.383e-12
5.5750000000000002,6.8974194626989309,3,sr,8.691e-12
5.5875000000000004,6.879038744342477,3,sr,6.979e-16
5.6000000000000005,6.860413162258622,3,sr,3.097e-12
5.6125000000000007,6.8415596147323603,3,sr,1.026e-11
5.6250000000000009,6.8224943053756952,3,sr,2.132e-16
5.6375000000000002,6.8032327494576021,3,sr,2.153e-16
5.6500000000000004,6.7837897845560775,3,sr,1.933e-15
5.6625000000000005,6.7641795841944496,3,sr,3.160e-16
5.6750000000000007,6.7444156740899492,3,sr,2.884e-15
5.6875000000000009,6.7245109503316245,3,sr,2.271e-15
5.7000000000000002,6.7044776990033466,3,sr,1.512e-15
5.7125000000000004,6.6843276168311423,3,sr,2.267e-15
5.7250000000000005,6.6640718325015662,3,sr,1.018e-15
5.7375000000000007,6.6437209283563696,3,sr,4.907e-16
5.7500000000000009,6.6232849622198584,3,sr,1.590e-15
5.7625000000000002,6.602773489159059,3,sr,1.819e-15
5.7750000000000004,6.5821955830146166,3,sr,1.204e-15
5.7875000000000005,6.5615598575725329,3,sr,9.314e-16
5.8000000000000007,6.5408744872696714,3,sr,5.406e-12
5.8125000000000009,6.5201472273880823,3,sr,2.240e-12
5.8250000000000002,6.4993854335680696,3,sr,5.932e-16
5.8375000000000004,6.4785960807982157,3,sr,2.102e-15
5.8500000000000005,6.4577857816251338,3,sr,1.061e-15
5.8625000000000007,6.4369608037274579,3,sr,1.073e-15
5.8750000000000009,6.416127086773546,3,sr,4.646e-16
5.8875000000000002,6.3952902585882905,3,sr,1.252e-11
5.9000000000000004,6.3744556505688568,3,sr,3.953e-16
5.9125000000000005,6.3536283125491337,3,sr,1.438e-15
5.9250000000000007,6.3328130268100224,3,sr,1.371e-15
5.9375000000000009,6.3120143215689719,3,sr,5.540e-15
5.9500000000000002,6.2912364837779151,3,sr,3.292e-15
5.9625000000000004,6.2704835712926954,3,sr,3.299e-11
5.9750000000000005,6.2497594245730248,3,sr,3.352e-15
5.9875000000000007,6.229067677497504,3,sr,3.891e-15
6.0000000000000009,6.2084117680468669,3,sr,1.792e-15
6.0125000000000002,6.187794948148583,3,sr,7.663e-15
6.0250000000000004,6.1672202931439655,3,sr,8.946e-15
6.0375000000000005,6.1466907107545889,3,sr,7.183e-15
6.0500000000000007,6.1262089495911791,3,sr,7.421e-15
6.0625000000000009,6.1057776072269174,3,sr,6.057e-15
6.0750000000000002,6.0853991378334245,3,sr,4.325e-11
6.0875000000000004,6.0650758595612357,3,sr,2.216e-12
6.1000000000000005,6.0448099611962274,3,sr,7.299e-16
6.1125000000000007,6.0246035089355967,3,sr,5.516e-16
6.1250000000000009,6.0044584524610123,3,sr,5.002e-15
6.1375000000000002,5.984376630846902,3,sr,3.266e-15
6.1500000000000004,5.9643597781363162,3,sr,1.410e-15
6.1625000000000005,5.944409528631283,3,sr,1.136e-15
6.1750000000000007,5.9245274219115975,3,sr,1.049e-15
6.1875000000000009,5.9047149075965377,3,sr,3.840e-15
6.2000000000000002,5.884973349855084,3,sr,1.820e-11
6.2125000000000004,5.8653040317551541,3,sr,4.718e-11
6.2250000000000005,5.8457081591490061,3,sr,1.571e-15
6.2375000000000007,5.8261868648250257,3,sr,7.982e-15
6.2500000000000009,5.8067412119287338,3,sr,6.247e-15
6.2625000000000002,5.7873721975582262,3,sr,1.147e-14
6.2750000000000004,5.768080756052627,3,sr,6.373e-15
6.2875000000000005,5.748867762135851,3,sr,3.231e-15
6.3000000000000007,5.7297340339040748,3,sr,8.123e-16
6.3125000000000009,5.7106803356650708,3,sr,2.553e-16
6.3250000000000002,5.6917073806375944,3,sr,1.288e-14
6.3375000000000004,5.6728158335182304,3,sr,1.337e-14
6.3500000000000005,5.6540063129227525,3,sr,1.089e-15
6.3625000000000007,5.6352793937291246,3,sr,5.433e-11
6.3750000000000009,5.6166356091869138,3,sr,1.347e-14
6.3875000000000002,5.5980754532231343,3,sr,5.424e-15
6.4000000000000004,5.5795993822437673,3,sr,3.968e-15
6.4125000000000005,5.5612078171427317,3,sr,6.007e-15
6.4250000000000007,5.5429011450994166,3,sr,1.896e-14
6.4375000000000009,5.5246797213109229,3,sr,2.199e-15
6.4500000000000002,5.5065438706434238,3,sr,9.427e-15
6.4625000000000004,5.4884938892067439,3,sr,1.515e-15
6.4750000000000005,5.4705300458563135,3,sr,6.192e-15
6.4875000000000007,5.4526525836263531,3,sr,1.309e-14
6.5000000000000009,5.4348617210977377,3,sr,3.230e-15
6.5125000000000002,5.417157653704205,3,sr,9.615e-15
6.5250000000000004,5.3995405549798718,3,sr,8.382e-15
6.5375000000000005,5.3820105777513056,3,sr,1.649e-14
6.5500000000000007,5.3645678552770608,3,sr,1.555e-15
6.5625000000000009,5.3472125023372081,3,sr,1.109e-14
6.5750000000000002,5.3299446162576265,3,sr,5.829e-11
6.5875000000000004,5.3127642779982018,3,sr,9.250e-15
6.6000000000000005,5.2956715529265557,3,sr,4.611e-15
6.6125000000000007,5.2786664919142972,3,sr,2.368e-15
6.6250000000000009,5.2617491321229704,3,sr,9.726e-15
6.6375000000000002,5.2449194978827025,3,sr,6.669e-11
6.6500000000000004,5.228177601398686,3,sr,4.576e-15
6.6625000000000005,5.2115234437244107,3,sr,4.245e-15
6.6750000000000007,5.1949570152978932,3,sr,2.492e-11
6.6875000000000009,5.1784782967916758,3,sr,2.576e-15
6.7000000000000002,5.162087259706114,3,sr,1.337e-14
6.7125000000000004,5.1457838671023666,3,sr,1.207e-15
6.7250000000000005,5.1295680742011163,3,sr,4.925e-15
6.7375000000000007,5.1134398290017016,3,sr,4.904e-16
6.7500000000000009,5.0973990728716858,3,sr,1.104e-14
6.7625000000000002,5.0814457411154832,3,sr,4.631e-16
6.7750000000000004,5.0655797635211979,3,sr,6.864e-12
6.7875000000000005,5.0498010649002341,3,sr,1.167e-15
6.8000000000000007,5.0341095655804384,3,sr,4.071e-15
6.8125000000000009,5.0185051819208724,3,sr,6.883e-15
6.8250000000000002,5.0029878267820553,3,sr,3.220e-15
6.8375000000000004,4.9875574099928945,3,sr,1.434e-15
6.8500000000000005,4.9722138388016939,3,sr,6.861e-16
6.8625000000000007,4.9569570183140383,3,sr,5.113e-15
6.8750000000000009,4.9417868519183266,3,sr,7.602e-16
6.8875000000000002,4.9267032416997489,3,sr,6.356e-15
6.9000000000000004,4.9117060888434123,3,sr,4.903e-16
6.9125000000000005,4.8967952940273536,3,sr,2.079e-15
6.9250000000000007,4.8819707578060969,3,sr,7.141e-16
6.9375000000000009,4.8672323809854321,3,sr,2.798e-15
6.9500000000000002,4.8525800649890352,3,sr,4.046e-15
6.9625000000000004,4.8380137122175304,3,sr,7.116e-15
6.9750000000000005,4.8235332264006168,3,sr,6.410e-16
6.9875000000000007,4.8091385129202058,3,sr,8.569e-11
7.0000000000000009,4.7948294792626935,3,sr,2.031e-12
7.0125000000000002,4.7806060351293818,3,sr,3.784e-12
7.0250000000000004,4.7664680929959902,3,sr,1.621e-11
7.0375000000000005,4.7524155682807629,3,sr,7.103e-11
7.0500000000000007,4.7384483798529411,3,sr,8.117e-11
7.0625000000000009,4.7245664500074733,3,sr,1.584e-11
7.0750000000000002,4.7107697052224058,3,sr,3.035e-15
7.0875000000000004,4.6970580761205056,3,sr,5.525e-15
7.1000000000000005,4.6834314979468132,3,sr,4.385e-15
7.1125000000000007,4.6698899108353809,3,sr,3.153e-12
7.1250000000000009,4.6564332601260103,3,sr,3.342e-15
7.1375000000000002,4.6430614966637318,3,sr,1.687e-15
7.1500000000000004,4.6297745771094663,3,sr,1.909e-11
7.1625000000000005,4.6165724642684163,3,sr,8.101e-15
7.1750000000000007,4.603455127348778,3,sr,1.906e-15
7.1875000000000009,4.5904225423205958,3,sr,4.729e-15
7.2000000000000002,4.5774746922007177,3,sr,1.123e-15
7.2125000000000004,4.5646115673478871,3,sr,8.141e-11
7.2250000000000005,4.5518331658836768,3,sr,2.351e-15
7.2375000000000007,4.5391394937933809,3,sr,4.577e-15
7.2500000000000009,4.5265305654593035,3,sr,8.222e-15
7.2625000000000002,4.5140064038746708,3,sr,1.965e-15
7.2750000000000004,4.5015670409897881,3,sr,4.887e-15
7.2875000000000005,4.4892125180403042,3,sr,8.502e-16
7.3000000000000007,4.4769428858794251,3,sr,4.579e-15
7.3125000000000009,4.4647582053011075,3,sr,4.917e-11
7.3250000000000002,4.4526585474473546,3,sr,6.466e-15
7.3375000000000004,4.4406439940214613,3,sr,8.801e-15
7.3500000000000005,4.4287146377715851,3,sr,3.800e-15
7.3625000000000007,4.4168705827807946,3,sr,3.231e-15
7.3750000000000009,4.4051119448423641,3,sr,2.277e-15
7.3875000000000002,4.3934388518277165,3,sr,5.037e-15
7.4000000000000004,4.3818514440604792,3,sr,1.931e-15
7.4125000000000005,4.3703498746969895,3,sr,1.814e-15
7.4250000000000007,4.358934310113284,3,sr,1.238e-14
7.4375000000000009,4.3476049302989193,3,sr,9.932e-15
7.4500000000000002,4.3363619292576931,3,sr,9.513e-15
7.4625000000000004,4.3252055154154725,3,sr,4.494e-15
7.4750000000000005,4.3141359120351472,3,sr,1.888e-15
7.4875000000000007,4.3031533576389318,3,sr,1.450e-14
7.5000000000000009,4.2922581064379486,3,sr,1.492e-14
7.5125000000000002,4.2814504287692561,3,sr,1.917e-15
7.5250000000000004,4.2707306115400634,3,sr,8.112e-15
7.5375000000000005,4.2600989586793743,3,sr,2.745e-15
7.5500000000000007,4.2495557915966868,3,sr,1.208e-15
7.5625000000000009,4.2391014496477428,3,sr,1.569e-16
7.5750000000000002,4.2287362906069932,3,sr,7.806e-15
7.5875000000000004,4.218460691146551,3,sr,1.569e-14
7.6000000000000005,4.2082750473212389,3,sr,2.046e-14
7.6125000000000007,4.198179775059252,3,sr,2.338e-14
7.6250000000000009,4.1881753106579094,3,sr,1.917e-14
7.6375000000000002,4.178262111283841,3,sr,2.100e-14
7.6500000000000004,4.1684406554768314,3,sr,5.651e-15
7.6625000000000005,4.1587114436564683,3,sr,1.555e-14
7.6750000000000007,4.1490749986304873,3,sr,3.193e-15
7.6875000000000009,4.1395318661037512,3,sr,1.191e-15
7.7000000000000002,4.1300826151864083,3,sr,6.708e-15
7.7125000000000004,4.1207278388997608,3,sr,9.806e-16
7.7250000000000005,4.1114681546781116,3,sr,9.065e-15
7.7375000000000007,4.102304204864609,3,sr,2.519e-14
7.7500000000000009,4.0932366571989443,3,sr,2.570e-14
7.7625000000000002,4.0842662052942789,3,sr,3.541e-15
7.7750000000000004,4.0753935691010135,3,sr,3.707e-15
7.7875000000000005,4.0666194953538639,3,sr,4.816e-15
7.8000000000000007,4.057944757999187,3,sr,2.364e-14
7.8125000000000009,4.0493701585985251,3,sr,1.770e-15
7.8250000000000002,4.0408965267044401,3,sr,1.854e-15
7.8375000000000004,4.0325247202036048,3,sr,2.638e-14
7.8500000000000005,4.0242556256222919,3,sr,2.829e-15
7.8625000000000007,4.0160901583885957,3,sr,1.178e-15
7.8750000000000009,4.0080292630448691,3,sr,1.710e-14
7.8875000000000002,4.0000739134037921,3,sr,4.019e-15
7.9000000000000004,3.9922251126404689,3,sr,2.004e-14
7.9125000000000005,3.9844838933121935,3,sr,5.280e-16
7.9250000000000007,3.9768513172969002,3,sr,1.170e-14
7.9375000000000009,3.9693284756406042,3,sr,1.733e-16
7.9500000000000002,3.9619164883027755,3,sr,1.135e-14
7.9625000000000004,3.9546165038012377,3,sr,3.062e-11
7.9750000000000005,3.947429698652805,3,sr,2.218e-14
7.9875000000000007,3.9403572768685393,3,sr,3.612e-15
8,3.9334004690344191,3,sr,1.183e-14
8.0124999999999993,3.9265605314156238,3,sr,9.338e-15
8.0250000000000004,3.9198387447881906,3,sr,1.384e-11
8.0374999999999996,3.9132364131142019,3,sr,1.114e-14
8.0499999999999989,3.9067548618955015,3,sr,4.998e-15
8.0625,3.900395436404779,3,sr,2.318e-15
8.0749999999999993,3.8941594995507467,3,sr,9.510e-16
8.0875000000000004,3.8880484294855591,3,sr,8.565e-15
8.0999999999999996,3.8820636168845097,3,sr,1.184e-14
8.1124999999999989,3.8762064618773353,3,sr,9.268e-16
8.125,3.8704783706024046,3,sr,2.067e-15
8.1374999999999993,3.8648807513516954,3,sr,4.905e-12
8.1500000000000004,3.8594150102948053,3,sr,2.945e-12
8.1624999999999996,3.8540825466853832,3,sr,2.311e-15
8.1749999999999989,3.8488847476394188,3,sr,1.921e-15
8.1875,3.8438229823076742,3,sr,1.688e-15
8.1999999999999993,3.8388985955168575,3,sr,1.239e-15
8.2125000000000004,3.8341129007951986,3,sr,1.659e-15
8.2249999999999996,3.8294671727818286,3,sr,3.260e-11
8.2374999999999989,3.8249626388530289,3,sr,3.003e-13
8.25,3.8206004703362564,3,sr,4.903e-16
8.2624999999999993,3.8163817726142537,3,sr,0.000e+00
8.2750000000000004,3.8123075747677393,3,sr,3.234e-15
8.2874999999999996,3.8083788183309792,3,sr,4.433e-15
8.2999999999999989,3.8045963452699785,3,sr,2.050e-11
8.3125,3.8009608852484389,3,sr,8.710e-16
8.3249999999999993,3.7974730419053619,3,sr,2.125e-15
8.3375000000000004,3.7941332786277564,3,sr,1.487e-11
8.3499999999999996,3.790941903308306,3,sr,1.305e-15
8.3624999999999989,3.7878990526124956,3,sr,2.009e-15
8.375,3.785004675361769,3,sr,2.179e-13
8.3874999999999993,3.7822585154650508,3,sr,0.000e+00
8.4000000000000004,3.7796600942723613,3,sr,7.042e-12
8.4124999999999996,3.7772086925594341,3,sr,3.131e-16
8.4249999999999989,3.7749033321603518,3,sr,5.006e-13
8.4375,3.7727427575821579,3,sr,1.110e-15
8.4499999999999993,3.7707254175938525,3,sr,1.315e-15
8.4625000000000004,3.7688494470929439,3,sr,2.998e-11
8.4749999999999996,3.7671126495973981,3,sr,4.656e-16
8.4874999999999989,3.7655124801382986,3,sr,3.292e-16
8.5,3.7640460296473846,3,sr,1.453e-11
8.5124999999999993,3.7627100104264395,3,sr,2.875e-11
8.5250000000000004,3.7615007431023555,3,sr,4.109e-16
8.5374999999999996,3.7604141461605955,3,sr,9.112e-16
8.5499999999999989,3.759445727177769,3,sr,2.712e-12
8.5625,3.7585905772004313,3,sr,8.830e-12
8.5749999999999993,3.7578433680318213,3,sr,9.597e-12
8.5875000000000004,3.7571983529207555,3,sr,0.000e+00
8.5999999999999996,3.7566493709512181,3,sr,2.559e-16
8.6124999999999989,3.7561898554856956,3,sr,9.271e-16
8.625,3.7558128467448708,3,sr,9.875e-17
8.6374999999999993,3.7555110088243762,3,sr,8.014e-16
8.6500000000000004,3.7552766512048823,3,sr,1.336e-15
8.6624999999999996,3.7551017548030257,3,sr,1.033e-11
8.6749999999999989,3.754978002439525,3,sr,2.442e-15
8.6875,3.7548968137743057,3,sr,2.714e-14
8.6999999999999993,3.7548493841280637,3,sr,6.138e-14
8.7125000000000004,3.75482672717806,3,sr,7.831e-14
8.7249999999999996,3.7548197208866485,3,sr,8.063e-14
8.7374999999999989,3.7548191561975304,3,sr,7.264e-14
8.75,3.75481578787794,3,sr,6.406e-14
8.7624999999999993,3.7548003868266617,3,sr,5.787e-14
8.7750000000000004,3.7547637931158846,3,sr,5.627e-14
8.7874999999999996,3.7546969690015546,3,sr,4.420e-14
8.7999999999999989,3.754591051123803,3,sr,8.627e-15
8.8125,3.7544374011245387,3,sr,3.113e-12
8.8249999999999993,3.7542276539419404,3,sr,2.083e-11
8.8375000000000004,3.7539537631651578,3,sr,7.609e-16
8.8499999999999996,3.7536080425267393,3,sr,1.697e-16
8.8624999999999989,3.7531832035612425,3,sr,8.237e-16
8.875,3.7526723883835316,3,sr,1.341e-15
8.8874999999999993,3.7520691976273652,3,sr,5.118e-12
8.9000000000000004,3.7513677132188055,3,sr,3.558e-12
8.9124999999999996,3.7505625158187152,3,sr,8.865e-13
8.9249999999999989,3.7496486970292704,3,sr,1.148e-16
8.9375,3.7486218663996977,3,sr,6.546e-16
8.9499999999999993,3.747478153434491,3,sr,3.382e-12
8.9625000000000004,3.7462142049044687,3,sr,9.328e-13
8.9749999999999996,3.7448271777496407,3,sr,5.944e-13
8.9874999999999989,3.7433147280467871,3,sr,1.296e-15
9,3.7416749964213878,3,sr,5.073e-12
9.0124999999999993,3.7399065903312683,3,sr,2.801e-11
9.0250000000000004,3.7380085639403924,3,sr,4.756e-16
9.0374999999999996,3.7359803954602668,3,sr,8.372e-12
9.0499999999999989,3.7338219632683733,3,sr,3.133e-17
9.0625,3.7315335205585836,3,sr,2.548e-11
9.0749999999999993,3.7291156690694991,3,sr,2.039e-15
9.0875000000000004,3.7265693326929266,3,sr,3.262e-11
9.0999999999999996,3.7238957307164475,3,sr,1.110e-16
9.1124999999999989,3.7210963512364019,3,sr,3.637e-11
9.125,3.7181729252339917,3,sr,1.782e-15
9.1374999999999993,3.7151274013867992,3,sr,1.057e-12
9.1500000000000004,3.7119619214053632,3,sr,1.546e-15
9.1624999999999996,3.7086787967456964,3,sr,1.289e-15
9.1749999999999989,3.7052804863092614,3,sr,7.326e-12
9.1875,3.7017695753765034,3,sr,2.832e-15
9.1999999999999993,3.6981487558849078,3,sr,3.555e-15
9.2125000000000004,3.6944208079338661,3,sr,3.025e-16
9.2249999999999996,3.6905885826566531,3,sr,4.403e-11
9.2374999999999989,3.6866549865311504,3,sr,4.730e-15
9.25,3.6826229666228358,3,sr,3.833e-15
9.2624999999999993,3.6784954975793909,3,sr,2.190e-16
9.2750000000000004,3.6742755694738918,3,sr,4.419e-16
9.2874999999999996,3.6699661769473679,3,sr,2.404e-11
9.2999999999999989,3.6655703094955445,3,sr,2.178e-11
9.3125,3.661090942683384,3,sr,2.422e-15
9.3249999999999993,3.6565310304219878,3,sr,4.276e-15
9.3375000000000004,3.6518934981954985,3,sr,9.707e-15
9.3499999999999996,3.6471812370507735,3,sr,1.135e-14
9.3624999999999989,3.6423970984272303,3,sr,1.082e-14
9.375,3.6375438897012202,3,sr,1.242e-14
9.3874999999999993,3.6326243703953218,3,sr,1.372e-14
9.4000000000000004,3.6276412489950021,3,sr,1.303e-14
9.4124999999999996,3.6225971803174741,3,sr,1.582e-14
9.4249999999999989,3.6174947633809666,3,sr,1.841e-14
9.4375,3.6123365397256437,3,sr,1.873e-14
9.4499999999999993,3.6071249921403212,3,sr,2.271e-14
9.4625000000000004,3.6018625437528038,3,sr,2.205e-14
9.4749999999999996,3.5965515574442906,3,sr,1.521e-14
9.4874999999999989,3.5911943355515947,3,sr,9.881e-15
9.5,3.5857931198237951,3,sr,3.692e-15
9.5124999999999993,3.5803500915926292,3,sr,2.778e-11
9.5250000000000004,3.5748673721990847,3,sr,3.487e-16
9.5374999999999996,3.5693470234395632,3,sr,3.952e-15
9.5499999999999989,3.5637910483604514,3,sr,4.689e-15
9.5625,3.5582013920282511,3,sr,1.426e-14
9.5749999999999993,3.5525799424675548,3,sr,4.614e-14
9.5875000000000004,3.5469285316794434,3,sr,3.508e-14
9.5999999999999996,3.5412489367353723,3,sr,1.957e-14
9.6125000000000007,3.5355428809323159,3,sr,7.332e-16
9.625,3.5298120349977355,3,sr,3.045e-15
9.6374999999999993,3.5240580183330197,3,sr,6.781e-15
9.6500000000000004,3.5182824002859796,3,sr,2.048e-14
9.6624999999999996,3.512486701443863,3,sr,6.201e-14
9.6750000000000007,3.5066723949395939,3,sr,4.469e-14
9.6875,3.5008409077642439,3,sr,4.668e-15
9.6999999999999993,3.4949936220798508,3,sr,2.374e-12
9.7125000000000004,3.4891318765320714,3,sr,4.146e-15
9.7249999999999996,3.4832569675440515,3,sr,2.881e-14
9.7375000000000007,3.4773701506117063,3,sr,6.731e-14
9.75,3.4714726415735968,3,sr,3.875e-14
9.7624999999999993,3.4655656178664715,3,sr,4.932e-15
9.7750000000000004,3.459650219760166,3,sr,4.066e-15
9.7874999999999996,3.4537275515702053,3,sr,7.777e-15
9.8000000000000007,3.4477986828466851,3,sr,5.492e-14
9.8125,3.4418646495382359,3,sr,5.545e-14
9.8249999999999993,3.4359264551303563,3,sr,1.913e-14
9.8375000000000004,3.4299850717534661,3,sr,1.300e-11
9.8499999999999996,3.4240414412839022,3,sr,1.099e-14
9.8625000000000007,3.4180964763683397,3,sr,3.270e-14
9.875,3.4121510614858979,3,sr,6.725e-14
9.8874999999999993,3.4062060539339094,3,sr,2.838e-14
9.9000000000000004,3.4002622847967192,3,sr,3.653e-11
9.9124999999999996,3.3943205599363955,3,sr,5.746e-16
9.9250000000000007,3.3883816608259387,3,sr,2.166e-14
9.9375,3.3824463455295626,3,sr,6.672e-14
9.9499999999999993,3.3765153495266018,3,sr,3.082e-14
9.9625000000000004,3.3705893865615089,3,sr,4.935e-15
9.9749999999999996,3.3646691494601999,3,sr,1.012e-15
9.9875000000000007,3.358755310921627,3,sr,7.482e-15
10,3.3528485242852613,3,sr,4.467e-14
4.0125000000000002,14.977765173991223,4,sr,7.179e-15
4.0250000000000004,14.891724164380596,4,sr,6.920e-15
4.0375000000000005,14.806626004259551,4,sr,2.856e-15
4.0500000000000007,14.722462790483947,4,sr,9.524e-15
4.0625,14.639226899467081,4,sr,2.802e-16
4.0750000000000002,14.556910989653126,4,sr,4.254e-15
4.0875000000000004,14.475508004363428,4,sr,4.853e-15
4.1000000000000005,14.395011175033765,4,sr,1.829e-12
4.1125000000000007,14.315414024851474,4,sr,4.845e-15
4.125,14.236710372840092,4,sr,2.664e-16
4.1375000000000002,14.158894338364879,4,sr,2.460e-15
4.1500000000000004,14.081960346128554,4,sr,5.652e-15
4.1625000000000005,14.005903131651968,4,sr,1.204e-15
4.1750000000000007,13.930717747274038,4,sr,3.233e-15
4.1875,13.856399568695634,4,sr,1.683e-16
4.2000000000000002,13.782944302094963,4,sr,4.744e-15
4.2125000000000004,13.710347991843625,4,sr,7.489e-16
4.2250000000000005,13.63860702885381,4,sr,1.464e-15
4.2375000000000007,13.56771815958855,4,sr,3.217e-16
4.25,13.497678495768726,4,sr,6.358e-15
4.2625000000000002,13.428485524811334,4,sr,7.382e-15
4.2750000000000004,13.360137121035351,4,sr,3.104e-16
4.2875000000000005,13.292631557672243,4,sr,2.608e-15
4.3000000000000007,13.225967519719282,4,sr,6.056e-16
4.3125,13.160144117674577,4,sr,1.495e-16
4.3250000000000002,13.095160902192793,4,sr,3.100e-15
4.3375000000000004,13.031017879700844,4,sr,5.100e-16
4.3500000000000005,12.967715529011791,4,sr,1.294e-15
4.3625000000000007,12.905254818974086,4,sr,1.419e-15
4.375,12.84363722719122,4,sr,1.050e-15
4.3875000000000002,12.782864759843324,4,sr,2.417e-15
4.4000000000000004,12.722939972638121,4,sr,2.044e-15
4.4125000000000005,12.663865992912312,4,sr,9.404e-16
4.4250000000000007,12.605646542896643,4,sr,4.703e-15
4.4375,12.548285964147713,4,sr,5.875e-15
4.4500000000000002,12.491789243136404,4,sr,0.000e+00
4.4625000000000004,12.436162037966694,4,sr,6.338e-17
4.4750000000000005,12.381410706177963,4,sr,1.690e-15
4.4875000000000007,12.327542333559212,4,sr,1.910e-15
4.5,12.274564763865049,4,sr,5.017e-12
4.5125000000000002,12.22248662934585,4,sr,3.041e-15
4.5250000000000004,12.17131738174939,4,sr,2.934e-15
4.5375000000000005,12.121067323815625,4,sr,9.817e-16
4.5500000000000007,12.071747640696291,4,sr,1.818e-15
4.5625,12.023370431077968,4,sr,3.784e-12
4.5750000000000002,11.975948737431308,4,sr,1.484e-15
4.5875000000000004,11.929496574933736,4,sr,3.567e-12
4.6000000000000005,11.884028958142055,4,sr,9.685e-12
4.6125000000000007,11.839561924751898,4,sr,2.291e-12
4.625,11.796112555123045,4,sr,1.339e-15
4.6375000000000002,11.753698986639993,4,sr,1.084e-11
4.6500000000000004,11.712340421194648,4,sr,9.907e-16
4.6625000000000005,11.672057123699476,4,sr,1.751e-15
4.6750000000000007,11.632870410288161,4,sr,9.206e-12
4.6875,11.594802622761135,4,sr,2.688e-13
4.7000000000000002,11.557877087271024,4,sr,9.933e-12
4.7125000000000004,11.522118053142504,4,sr,4.216e-16
4.7250000000000005,11.48755060820792,4,sr,8.083e-12
4.7375000000000007,11.454200566777896,4,sr,2.048e-12
4.75,11.422094324165087,4,sr,2.136e-16
4.7625000000000002,11.391258673310057,4,sr,5.029e-16
4.7750000000000004,11.361720576657163,4,sr,1.984e-16
4.7875000000000005,11.333506886894964,4,sr,2.791e-12
4.8000000000000007,11.306644009519101,4,sr,1.187e-15
4.8125000000000009,11.281157499691028,4,sr,1.055e-15
4.8250000000000002,11.257071586377998,4,sr,2.061e-15
4.8375000000000004,11.23440861649887,4,sr,3.476e-13
4.8500000000000005,11.213188413143911,4,sr,1.394e-12
4.8625000000000007,11.193427543185624,4,sr,9.832e-13
4.8750000000000009,11.175138491902603,4,sr,5.799e-12
4.8875000000000002,11.158328745802333,4,sr,6.497e-13
4.9000000000000004,11.14299978856527,4,sr,5.722e-13
4.9125000000000005,11.129146022004795,4,sr,1.466e-13
4.9250000000000007,11.116753629569015,4,sr,1.324e-16
4.9375000000000009,11.105799409466403,4,sr,3.912e-16
4.9500000000000002,11.096249613359026,4,sr,7.870e-16
4.9625000000000004,11.08805883686799,4,sr,2.162e-14
4.9750000000000005,11.081169018117597,4,sr,1.720e-16
4.9875000000000007,11.075508609447496,4,sr,2.782e-16
5.0000000000000009,11.070991993929054,4,sr,5.391e-16
5.0125000000000002,11.067519220897436,4,sr,1.337e-13
5.0250000000000004,11.064976131827725,4,sr,4.714e-16
5.0375000000000005,11.063234938196718,4,sr,1.222e-13
5.0500000000000007,11.062155295551252,4,sr,9.904e-16
5.0625000000000009,11.061585893008106,4,sr,2.092e-16
5.0750000000000002,11.06136654567011,4,sr,5.314e-16
5.0875000000000004,11.061330741578878,4,sr,7.317e-13
5.1000000000000005,11.061308558112753,4,sr,3.349e-12
5.1125000000000007,11.061129829218276,4,sr,5.714e-13
5.1250000000000009,11.060627420149045,4,sr,1.401e-15
5.1375000000000002,11.059640451224077,4,sr,1.185e-13
5.1500000000000004,11.058017313525925,4,sr,3.616e-13
5.1625000000000005,11.055618332809427,4,sr,2.061e-14
5.1750000000000007,11.052317965397993,4,sr,1.417e-13
5.1875000000000009,11.048006445896855,4,sr,2.471e-16
5.2000000000000002,11.042590847644135,4,sr,4.846e-16
5.2125000000000004,11.035995557451065,4,sr,8.884e-14
5.2250000000000005,11.028162202368092,4,sr,7.473e-16
5.2375000000000007,11.019049094658016,4,sr,7.013e-16
5.2500000000000009,11.008630280168326,4,sr,3.339e-16
5.2625000000000002,10.996894284616669,4,sr,1.500e-13
5.2750000000000004,10.983842652993779,4,sr,6.685e-16
5.2875000000000005,10.969488370996746,4,sr,4.164e-16
5.3000000000000007,10.953854246377169,4,sr,8.885e-17
5.3125000000000009,10.936971314265428,4,sr,2.341e-13
5.3250000000000002,10.918877315890308,4,sr,4.428e-16
5.3375000000000004,10.899615285952926,4,sr,1.241e-15
5.3500000000000005,10.879232271152121,4,sr,1.151e-16
5.3625000000000007,10.857778191676786,4,sr,1.918e-16
5.3750000000000009,10.835304848857298,4,sr,9.790e-14
5.3875000000000002,10.811865075735909,4,sr,2.138e-12
5.4000000000000004,10.787512022714074,4,sr,9.602e-16
5.4125000000000005,10.762298567667619,4,sr,3.811e-12
5.4250000000000007,10.736276837886519,4,sr,2.754e-12
5.4375000000000009,10.709497831210363,4,sr,1.583e-15
5.4500000000000002,10.682011123127122,4,sr,6.445e-12
5.4625000000000004,10.653864647564143,4,sr,1.142e-15
5.4750000000000005,10.625104540310421,4,sr,6.535e-14
5.4875000000000007,10.595775034140109,4,sr,3.185e-12
5.5000000000000009,10.565918397005159,4,sr,4.874e-12
5.5125000000000002,10.535574905021093,4,sr,2.608e-12
5.5250000000000004,10.504782843374871,4,sr,2.154e-15
5.5375000000000005,10.473578529231427,4,sr,1.530e-15
5.5500000000000007,10.441996351675797,4,sr,6.936e-12
5.5625000000000009,10.410068824632432,4,sr,8.467e-14
5.5750000000000002,10.37782664902284,4,sr,1.612e-16
5.5875000000000004,10.345298781789555,4,sr,1.766e-12
5.6000000000000005,10.31251250904611,4,sr,1.667e-16
5.6125000000000007,10.279493521823841,4,sr,1.586e-15
5.6250000000000009,10.246265992757436,4,sr,7.677e-12
5.6375000000000002,10.212852652742255,4,sr,1.870e-15
5.6500000000000004,10.179274866392442,4,sr,2.607e-15
5.6625000000000005,10.145552706031001,4,sr,1.052e-11
5.6750000000000007,10.111705023243488,4,sr,1.283e-15
5.6875000000000009,10.07774951813953,4,sr,1.426e-15
5.7000000000000002,10.04370280554231,4,sr,2.077e-15
5.7125000000000004,10.009580478427482,4,sr,1.791e-15
5.7250000000000005,9.9753971682651272,4,sr,9.387e-12
5.7375000000000007,9.9411666022644098,4,sr,6.569e-16
5.7500000000000009,9.9069016577398905,4,sr,2.065e-15
5.7625000000000002,9.8726144133027383,4,sr,3.983e-15
5.7750000000000004,9.8383161973074902,4,sr,1.368e-16
5.7875000000000005,9.8040176334409939,4,sr,2.218e-15
5.8000000000000007,9.7697286836333976,4,sr,3.581e-15
5.8125000000000009,9.7354586884179852,4,sr,2.169e-11
5.8250000000000002,9.7012164047298004,4,sr,1.516e-15
5.8375000000000004,9.6670100416647653,4,sr,5.539e-15
5.8500000000000005,9.6328472936612961,4,sr,3.153e-16
5.8625000000000007,9.5987353718889619,4,sr,1.642e-15
5.8750000000000009,9.5646810335665755,4,sr,1.359e-15
5.8875000000000002,9.5306906094576362,4,sr,3.361e-15
5.9000000000000004,9.496770029635659,4,sr,8.034e-15
5.9125000000000005,9.4629248476258638,4,sr,2.577e-15
5.9250000000000007,9.4291602630245013,4,sr,1.819e-15
5.9375000000000009,9.395481142673626,4,sr,2.769e-11
5.9500000000000002,9.3618920406130979,4,sr,2.097e-15
5.9625000000000004,9.32839721650301,4,sr,7.333e-15
5.9750000000000005,9.2950006532521829,4,sr,2.883e-15
5.9875000000000007,9.2617060732740715,4,sr,7.813e-15
6.0000000000000009,9.2285169538341574,4,sr,5.875e-15
6.0125000000000002,9.1954365414067958,4,sr,3.049e-11
6.0250000000000004,9.1624678652489688,4,sr,1.240e-14
6.0375000000000005,9.1296137498710923,4,sr,2.763e-15
6.0500000000000007,9.0968768270899751,4,sr,8.363e-15
6.0625000000000009,9.0642595470847827,4,sr,2.285e-15
6.0750000000000002,9.031764188881608,4,sr,8.157e-15
6.0875000000000004,8.9993928701853196,4,sr,1.163e-15
6.1000000000000005,8.9671475566179772,4,sr,1.091e-14
6.1125000000000007,8.935030070402842,4,sr,4.375e-13
6.1250000000000009,8.9030420985282976,4,sr,5.225e-15
6.1375000000000002,8.8711852004301814,4,sr,3.881e-15
6.1500000000000004,8.8394608152158796,4,sr,1.117e-15
6.1625000000000005,8.8078702684671946,4,sr,1.042e-14
6.1750000000000007,8.7764147786445879,4,sr,1.191e-14
6.1875000000000009,8.7450954631221745,4,sr,5.407e-12
6.2000000000000002,8.7139133438595415,4,sr,6.619e-15
6.2125000000000004,8.6828693527842109,4,sr,1.294e-14
6.2250000000000005,8.6519643368192565,4,sr,2.121e-14
6.2375000000000007,8.6211990626612813,4,sr,6.953e-15
6.2500000000000009,8.5905742212748262,4,sr,3.450e-15
6.2625000000000002,8.5600904321398907,4,sr,5.841e-12
6.2750000000000004,8.5297482472485342,4,sr,4.993e-16
6.2875000000000005,8.4995481549157876,4,sr,4.320e-15
6.3000000000000007,8.4694905833342062,4,sr,1.820e-15
6.3125000000000009,8.4395759039689597,4,sr,4.932e-15
6.3250000000000002,8.4098044347548502,4,sr,8.541e-15
6.3375000000000004,8.3801764431324965,4,sr,2.478e-11
6.3500000000000005,8.3506921488661128,4,sr,3.620e-15
6.3625000000000007,8.3213517268492936,4,sr,1.352e-15
6.3750000000000009,8.2921553095800231,4,sr,1.673e-14
6.3875000000000002,8.2631029896412986,4,sr,1.140e-14
6.4000000000000004,8.2341948219984538,4,sr,1.225e-14
6.4125000000000005,8.2054308261865767,4,sr,3.131e-15
6.4250000000000007,8.1768109883851547,4,sr,1.237e-14
6.4375000000000009,8.1483352633869348,4,sr,1.982e-15
6.4500000000000002,8.1200035764668392,4,sr,1.437e-14
6.4625000000000004,8.0918158251569086,4,sr,8.380e-15
6.4750000000000005,8.0637718809326042,4,sr,4.018e-15
6.4875000000000007,8.0358715908154732,4,sr,6.761e-15
6.5000000000000009,8.0081147788971343,4,sr,4.325e-15
6.5125000000000002,7.9805012477889141,4,sr,7.640e-15
6.5250000000000004,7.9530307800014679,4,sr,9.711e-15
6.5375000000000005,7.9257031392582364,4,sr,4.375e-15
6.5500000000000007,7.8985180717466701,4,sr,5.502e-15
6.5625000000000009,7.8714753073104813,4,sr,1.171e-14
6.5750000000000002,7.8445745605865165,4,sr,9.905e-15
6.5875000000000004,7.8178155320891278,4,sr,1.364e-14
6.6000000000000005,7.7911979092452182,4,sr,8.843e-15
6.6125000000000007,7.7647213673825721,4,sr,8.547e-16
6.6250000000000009,7.7383855706741658,4,sr,7.082e-15
6.6375000000000002,7.7121901730409617,4,sr,8.750e-15
6.6500000000000004,7.6861348190154892,4,sr,7.520e-15
6.6625000000000005,7.6602191445803776,4,sr,4.105e-11
6.6750000000000007,7.6344427779005581,4,sr,4.237e-15
6.6875000000000009,7.6088053402011813,4,sr,1.492e-15
6.7000000000000002,7.5833064463764233,4,sr,5.178e-16
6.7125000000000004,7.5579457057476436,4,sr,6.486e-15
6.7250000000000005,7.532722722722621,4,sr,9.417e-15
6.7375000000000007,7.5076370974407567,4,sr,4.631e-16
6.7500000000000009,7.482688426393949,4,sr,2.059e-15
6.7625000000000002,7.4578763030244914,4,sr,6.680e-15
6.7750000000000004,7.4332003183014832,4,sr,4.655e-15
6.7875000000000005,7.408660061277005,4,sr,7.080e-16
6.8000000000000007,7.3842551196233606,4,sr,8.753e-15
6.8125000000000009,7.35998508015218,4,sr,1.412e-12
6.8250000000000002,7.3358495293192147,4,sr,1.335e-15
6.8375000000000004,7.311848053707906,4,sr,1.717e-14
6.8500000000000005,7.2879802405061831,4,sr,1.641e-15
6.8625000000000007,7.2642456779640332,4,sr,3.154e-15
6.8750000000000009,7.2406439558267381,4,sr,5.373e-11
6.8875000000000002,7.2171746658416236,4,sr,2.732e-15
6.9000000000000004,7.1938374020405247,4,sr,3.042e-15
6.9125000000000005,7.1706317613207968,4,sr,8.910e-11
6.9250000000000007,7.1475573436633359,4,sr,3.017e-15
6.9375000000000009,7.1246137527947955,4,sr,6.067e-11
6.9500000000000002,7.1018005962651731,4,sr,5.718e-15
6.9625000000000004,7.0791174861075472,4,sr,1.135e-14
6.9750000000000005,7.056564039059503,4,sr,9.575e-11
6.9875000000000007,7.0341398768803458,4,sr,4.272e-11
7.0000000000000009,7.0118446270054964,4,sr,1.047e-11
7.0125000000000002,6.9896779225665204,4,sr,2.090e-12
7.0250000000000004,6.9676394029757676,4,sr,6.646e-11
7.0375000000000005,6.9457287141335842,4,sr,7.445e-11
7.0500000000000007,6.923945509022241,4,sr,9.327e-11
7.0625000000000009,6.9022894478250558,4,sr,9.531e-16
7.0750000000000002,6.8807601983200213,4,sr,6.754e-15
7.0875000000000004,6.8593574363416741,4,sr,8.693e-11
7.1000000000000005,6.8380808461499187,4,sr,2.324e-15
7.1125000000000007,6.8169301205893245,4,sr,6.220e-15
7.1250000000000009,6.7959049616745881,4,sr,4.083e-15
7.1375000000000002,6.7750050808426545,4,sr,1.058e-13
7.1500000000000004,6.7542301993424481,4,sr,1.371e-15
7.1625000000000005,6.7335800486065782,4,sr,6.242e-15
7.1750000000000007,6.7130543706270824,4,sr,1.423e-14
7.1875000000000009,6.6926529183368011,4,sr,5.497e-15
7.2000000000000002,6.6723754559964705,4,sr,4.099e-15
7.2125000000000004,6.6522217595883077,4,sr,1.674e-14
7.2250000000000005,6.6321916172167787,4,sr,6.611e-15
7.2375000000000007,6.6122848295171694,4,sr,3.155e-16
7.2500000000000009,6.5925012100726281,4,sr,1.834e-15
7.2625000000000002,6.5728405858403987,4,sr,3.740e-15
7.2750000000000004,6.5533027975878682,4,sr,2.790e-15
7.2875000000000005,6.533887700339208,4,sr,1.424e-15
7.3000000000000007,6.5145951638435653,4,sr,3.863e-11
7.3125000000000009,6.4954250729935028,4,sr,2.204e-15
7.3250000000000002,6.4763773284106287,4,sr,5.628e-17
7.3375000000000004,6.4574518468388264,4,sr,3.927e-16
7.3500000000000005,6.4386485617062617,4,sr,3.802e-15
7.3625000000000007,6.4199674236403377,4,sr,1.285e-12
7.3750000000000009,6.4014084010110004,4,sr,1.055e-15
7.3875000000000002,6.382971480485554,4,sr,2.070e-14
7.4000000000000004,6.364656667620717,4,sr,4.567e-11
7.4125000000000005,6.3464639873921973,4,sr,3.295e-15
7.4250000000000007,6.3283934849352228,4,sr,6.072e-15
7.4375000000000009,6.3104452260523534,4,sr,4.577e-15
7.4500000000000002,6.2926192979321813,4,sr,2.013e-14
7.4625000000000004,6.2749158098115556,4,sr,9.624e-12
7.4750000000000005,6.2573348936903059,4,sr,2.033e-14
7.4875000000000007,6.2398767050228683,4,sr,2.066e-11
7.5000000000000009,6.2225414235259766,4,sr,2.596e-14
7.5125000000000002,6.2053292538817688,4,sr,3.979e-15
7.5250000000000004,6.1882404266043238,4,sr,2.877e-14
7.5375000000000005,6.1712751988419541,4,sr,7.144e-15
7.5500000000000007,6.1544338552451068,4,sr,1.359e-15
7.5625000000000009,6.13771670885854,4,sr,3.733e-14
7.5750000000000002,6.121124102045294,4,sr,7.964e-15
7.5875000000000004,6.1046564074477061,4,sr,1.404e-11
7.6000000000000005,6.088314028956046,4,sr,2.864e-14
7.6125000000000007,6.0720974027771062,4,sr,1.729e-14
7.6250000000000009,6.0560069984520535,4,sr,4.349e-15
7.6375000000000002,6.0400433200005619,4,sr,7.675e-11
7.6500000000000004,6.0242069069293107,4,sr,9.993e-16
7.6625000000000005,6.0084983356527601,4,sr,2.006e-14
7.6750000000000007,5.9929182204611529,4,sr,2.576e-14
7.6875000000000009,5.97746721489822,4,sr,4.069e-14
7.7000000000000002,5.9621460130323385,4,sr,1.783e-14
7.7125000000000004,5.9469553507936341,4,sr,1.790e-14
7.7250000000000005,5.9318960073534512,4,sr,1.307e-14
7.7375000000000007,5.9169688065458894,4,sr,2.539e-14
7.7500000000000009,5.9021746183317552,4,sr,2.540e-14
7.7625000000000002,5.88751436030463,4,sr,3.501e-14
7.7750000000000004,5.87298899923855,4,sr,3.410e-14
7.7875000000000005,5.8585995526768508,4,sr,1.781e-14
7.8000000000000007,5.8443470905605821,4,sr,4.142e-15
7.8125000000000009,5.8302327368953311,4,sr,4.475e-15
7.8250000000000002,5.8162576714542764,4,sr,9.062e-17
7.8375000000000004,5.8024231315149573,4,sr,2.724e-14
7.8500000000000005,5.7887304136266682,4,sr,1.106e-14
7.8625000000000007,5.7751808754043106,4,sr,9.730e-16
7.8750000000000009,5.7617759373444892,4,sr,1.561e-14
7.8875000000000002,5.7485170846577827,4,sr,1.931e-14
7.9000000000000004,5.735405869110739,4,sr,1.035e-15
7.9125000000000005,5.7224439108700027,4,sr,2.949e-14
7.9250000000000007,5.709632900348371,4,sr,2.152e-11
7.9375000000000009,5.6969745999772581,4,sr,8.987e-15
7.9500000000000002,5.6844708460887654,4,sr,3.995e-15
7.9625000000000004,5.6721235505673562,4,sr,1.847e-14
7.9750000000000005,5.6599347025794682,4,sr,2.862e-12
7.9875000000000007,5.6479063701760444,4,sr,2.387e-14
8,5.6360407017845056,4,sr,5.209e-15
8.0124999999999993,5.6243399276029082,4,sr,3.175e-15
8.0250000000000004,5.6128063608225371,4,sr,1.839e-14
8.0374999999999996,5.601442398676113,4,sr,1.945e-15
8.0499999999999989,5.5902505232674287,4,sr,3.081e-15
8.0625,5.5792333021443845,4,sr,1.677e-15
8.0749999999999993,5.5683933885718062,4,sr,7.849e-15
8.0875000000000004,5.5577335214545434,4,sr,1.113e-14
8.0999999999999996,5.5472565248561958,4,sr,1.108e-14
8.1124999999999989,5.5369653070522427,4,sr,6.507e-15
8.125,5.5268628590496762,4,sr,4.701e-15
8.1374999999999993,5.5169522524983137,4,sr,4.650e-15
8.1500000000000004,5.5072366369107169,4,sr,5.803e-15
8.1624999999999996,5.4977192360998419,4,sr,6.928e-15
8.1749999999999989,5.4884033437344923,4,sr,3.599e-15
8.1875,5.4792923179038677,4,sr,2.053e-15
8.1999999999999993,5.4703895745727316,4,sr,1.560e-15
8.2125000000000004,5.461698579799279,4,sr,7.358e-16
8.2249999999999996,5.4532228405780945,4,sr,3.902e-15
8.2374999999999989,5.4449658941606964,4,sr,2.187e-13
8.25,5.4369312956984981,4,sr,1.228e-15
8.2624999999999993,5.429122604039982,4,sr,1.919e-15
8.2750000000000004,5.4215433655153733,4,sr,4.419e-16
8.2874999999999996,5.414197095528781,4,sr,4.291e-12
8.2999999999999989,5.4070872577567064,4,sr,8.017e-16
8.3125,5.4002172408377858,4,sr,9.210e-16
8.3249999999999993,5.3935903322608336,4,sr,5.534e-16
8.3375000000000004,5.3872096893926029,4,sr,1.137e-15
8.3499999999999996,5.381078307417825,4,sr,1.707e-15
8.3624999999999989,5.3751989840743182,4,sr,4.072e-16
8.375,5.3695742810585232,4,sr,9.992e-12
8.3874999999999993,5.364206482063393,4,sr,2.603e-11
8.4000000000000004,5.3590975474224178,4,sr,2.616e-11
8.4124999999999996,5.354249065019002,4,sr,1.842e-11
8.4249999999999989,5.3496621986967181,4,sr,3.911e-12
8.4375,5.3453376325412245,4,sr,1.631e-16
8.4499999999999993,5.3412755131197391,4,sr,1.022e-15
8.4625000000000004,5.3374753889438686,4,sr,4.788e-16
8.4749999999999996,5.3339361480950869,4,sr,1.471e-11
8.4874999999999989,5.3306559547275514,4,sr,5.212e-17
8.5,5.3276321849225088,4,sr,2.201e-11
8.5124999999999993,5.3248613635923308,4,sr,2.050e-13
8.5250000000000004,5.3223391025583924,4,sr,1.621e-15
8.5374999999999996,5.3200600422881434,4,sr,9.884e-12
8.5499999999999989,5.3180177977508087,4,sr,6.794e-12
8.5625,5.3162049108072447,4,sr,1.703e-15
8.5749999999999993,5.314612810135932,4,sr,2.215e-13
8.5875000000000004,5.3132317811822185,4,sr,6.873e-13
8.5999999999999996,5.3120509474293929,4,sr,1.256e-15
8.6124999999999989,5.311058264993803,4,sr,7.680e-16
8.625,5.3102405321461577,4,sr,9.068e-16
8.6374999999999993,5.3095834151946306,4,sr,3.241e-13
8.6500000000000004,5.3090714919127482,4,sr,1.448e-12
8.6624999999999996,5.3086883133059359,4,sr,2.522e-12
8.6749999999999989,5.3084164840762211,4,sr,3.196e-12
8.6875,5.3082377616143983,4,sr,3.459e-12
8.6999999999999993,5.3081331727895718,4,sr,3.397e-12
8.7125000000000004,5.3080831472069896,4,sr,3.106e-12
8.7249999999999996,5.3080676650069663,4,sr,2.654e-12
8.7374999999999989,5.3080664167110694,4,sr,2.095e-12
8.75,5.3080589721179656,4,sr,1.465e-12
8.7624999999999993,5.3080249548423151,4,sr,7.838e-13
8.7750000000000004,5.307944218802473,4,sr,3.897e-14
8.7874999999999996,5.3077970228424416,4,sr,1.818e-11
8.7999999999999989,5.3075641994869649,4,sr,1.410e-16
8.8125,5.3072273146704996,4,sr,2.425e-12
8.8249999999999993,5.3067688142703782,4,sr,2.742e-12
8.8375000000000004,5.3061721553324075,4,sr,2.066e-12
8.8499999999999996,5.3054219191924297,4,sr,4.424e-13
8.8624999999999989,5.3045039048957534,4,sr,9.883e-16
8.875,5.3034052018497571,4,sr,1.699e-16
8.8874999999999993,5.3021142412844897,4,sr,5.348e-12
8.9000000000000004,5.3006208268148276,4,sr,1.044e-12
8.9124999999999996,5.2989161447867854,4,sr,7.949e-16
8.9249999999999989,5.2969927559054018,4,sr,4.132e-12
8.9375,5.2948445697090447,4,sr,8.234e-12
8.9499999999999993,5.2924668038131983,4,sr,1.995e-12
8.9625000000000004,5.2898559304669828,4,sr,3.109e-12
8.9749999999999996,5.2870096121440557,4,sr,2.294e-12
8.9874999999999989,5.2839266289964568,4,sr,1.605e-15
9,5.2806068000078179,4,sr,1.730e-12
9.0124999999999993,5.2770509000609529,4,sr,1.302e-11
9.0250000000000004,5.2732605747426318,4,sr,1.305e-15
9.0374999999999996,5.2692382547428114,4,sr,1.045e-15
9.0499999999999989,5.2649870709201041,4,sr,8.843e-13
9.0625,5.2605107716654524,4,sr,5.576e-12
9.0749999999999993,5.2558136432523668,4,sr,1.514e-11
9.0875000000000004,5.250900434086903,4,sr,2.155e-11
9.0999999999999996,5.2457762833744397,4,sr,2.037e-11
9.1124999999999989,5.2404466545948818,4,sr,9.295e-12
9.125,5.2349172740301668,4,sr,1.910e-15
9.1374999999999993,5.2291940744090661,4,sr,1.813e-16
9.1500000000000004,5.2232831436876754,4,sr,3.669e-16
9.1624999999999996,5.2171906788872695,4,sr,8.664e-16
9.1749999999999989,5.2109229447566854,4,sr,4.246e-12
9.1875,5.2044862370917162,4,sr,6.973e-16
9.1999999999999993,5.1978868503783557,4,sr,1.026e-15
9.2125000000000004,5.1911310495791003,4,sr,7.868e-16
9.2249999999999996,5.1842250456558903,4,sr,4.072e-15
9.2374999999999989,5.1771749745875359,4,sr,2.193e-15
9.25,5.1699868795547275,4,sr,3.476e-12
9.2624999999999993,5.1626666960141847,4,sr,5.577e-15
9.2750000000000004,5.1552202393399034,4,sr,1.271e-11
9.2874999999999996,5.1476531947836621,4,sr,9.672e-15
9.2999999999999989,5.1399711095698368,4,sr,2.134e-11
9.3125,5.1321793867564427,4,sr,1.288e-14
9.3249999999999993,5.1242832806390375,4,sr,1.007e-15
9.3375000000000004,5.1162878937585985,4,sr,5.529e-15
9.3499999999999996,5.1081981749675336,4,sr,7.427e-15
9.3624999999999989,5.1000189186295861,4,sr,1.857e-13
9.375,5.0917547647209123,4,sr,1.382e-14
9.3874999999999993,5.0834101997118921,4,sr,3.112e-15
9.4000000000000004,5.074989558104809,4,sr,4.156e-12
9.4124999999999996,5.0664970245378917,4,sr,1.077e-14
9.4249999999999989,5.0579366363188605,4,sr,2.074e-14
9.4375,5.049312286372853,4,sr,1.269e-15
9.4499999999999993,5.0406277264645878,4,sr,1.918e-15
9.4625000000000004,5.031886570670836,4,sr,2.852e-14
9.4749999999999996,5.0230922990345661,4,sr,1.708e-14
9.4874999999999989,5.0142482613539157,4,sr,4.681e-15
9.5,5.0053576810633418,4,sr,4.227e-12
9.5124999999999993,4.9964236591819793,4,sr,2.734e-14
9.5250000000000004,4.9874491782645061,4,sr,4.319e-14
9.5374999999999996,4.9784371063860213,4,sr,1.668e-14
9.5499999999999989,4.9693902010811764,4,sr,3.433e-16
9.5625,4.9603111132485624,4,sr,1.607e-11
9.5749999999999993,4.9512023910328802,4,sr,2.261e-14
9.5875000000000004,4.9420664835547115,4,sr,6.098e-14
9.5999999999999996,4.9329057446772948,4,sr,4.693e-14
9.6125000000000007,4.9237224366022314,4,sr,5.454e-15
9.625,4.9145187334085172,4,sr,1.087e-15
9.6374999999999993,4.9052967244868331,4,sr,7.041e-12
9.6500000000000004,4.8960584178880477,4,sr,2.735e-14
9.6624999999999996,4.8868057435359997,4,sr,6.912e-14
9.6750000000000007,4.877540556382125,4,sr,8.661e-14
9.6875,4.8682646394223452,4,sr,3.048e-14
9.6999999999999993,4.8589797066245746,4,sr,1.035e-14
9.7125000000000004,4.8496874057506245,4,sr,6.634e-15
9.7249999999999996,4.8403893210770059,4,sr,2.290e-15
9.7375000000000007,4.8310869760157855,4,sr,3.467e-14
9.75,4.8217818356376885,4,sr,7.490e-14
9.7624999999999993,4.8124753090995176,4,sr,9.803e-14
9.7750000000000004,4.8031687519784265,4,sr,5.460e-14
9.7874999999999996,4.7938634685154033,4,sr,6.497e-15
9.8000000000000007,4.7845607137712962,4,sr,1.584e-15
9.8125,4.775261695694172,4,sr,1.162e-11
9.8249999999999993,4.7659675771227601,4,sr,2.468e-14
9.8375000000000004,4.7566794776650747,4,sr,7.426e-14
9.8499999999999996,4.7473984755608356,4,sr,1.093e-13
9.8625000000000007,4.7381256094247943,4,sr,5.561e-14
9.875,4.7288618799370541,4,sr,8.693e-16
9.8874999999999993,4.719608251462617,4,sr,5.961e-15
9.9000000000000004,4.7103656536049332,4,sr,2.892e-15
9.9124999999999996,4.7011349826969182,4,sr,3.211e-14
9.9250000000000007,4.6919171032316918,4,sr,8.229e-14
9.9375,4.6827128492356467,4,sr,7.512e-14
9.9499999999999993,4.6735230255860367,4,sr,3.517e-14
9.9625000000000004,4.6643484092761982,4,sr,1.383e-14
9.9749999999999996,4.6551897506051843,4,sr,1.091e-10
9.9875000000000007,4.6460477744665232,4,sr,2.118e-14
10,4.6369231812227572,4,sr,6.064e-14
5.4000000000000004,-9.485702793088155,5,sr,1.257e-13
5.4125000000000005,-8.7059353376286275,5,sr,2.768e-13
5.4250000000000007,-8.0114522282277392,5,sr,7.357e-17
5.4375000000000009,-7.3902569614046909,5,sr,4.102e-14
5.4500000000000002,-6.8323905519575883,5,sr,2.216e-16
5.4625000000000004,-6.3295299397427431,5,sr,3.937e-17
5.4750000000000005,-5.8746757979087922,5,sr,2.253e-16
5.4875000000000007,-5.4619077001008485,5,sr,5.276e-17
5.5000000000000009,-5.086190534772375,5,sr,1.643e-16
5.5125000000000002,-4.7432202642318586,5,sr,1.852e-15
5.5250000000000004,-4.4293001480267726,5,sr,9.121e-16
5.5375000000000005,-4.1412407431744525,5,sr,1.148e-16
5.5500000000000007,-3.8762786010788637,5,sr,6.313e-18
5.5625000000000009,-3.632009770243291,5,sr,1.199e-16
5.5750000000000002,-3.4063351016758721,5,sr,2.095e-16
5.5875000000000004,-3.1974150221730309,5,sr,6.627e-17
5.6000000000000005,-3.0036319477085747,5,sr,8.099e-15
5.6125000000000007,-2.823558896740769,5,sr,1.087e-14
5.6250000000000009,-2.655933161616884,5,sr,1.780e-16
5.6375000000000002,-2.4996341274932052,5,sr,1.753e-15
5.6500000000000004,-2.3536645085388783,5,sr,1.835e-14
5.6625000000000005,-2.217134412706697,5,sr,2.720e-16
5.6750000000000007,-2.08924775804187,5,sr,1.133e-14
5.6875000000000009,-1.9692906521423095,5,sr,1.261e-14
5.7000000000000002,-1.8566214170701205,5,sr,5.580e-17
5.7125000000000004,-1.7506619987197785,5,sr,6.058e-17
5.7250000000000005,-1.6508905453073732,5,sr,4.574e-17
5.7375000000000007,-1.5568349766036074,5,sr,6.067e-17
5.7500000000000009,-1.4680673955798051,5,sr,1.157e-13
5.7625000000000002,-1.3841992186651879,5,sr,4.390e-14
5.7750000000000004,-1.3048769208889117,5,sr,1.854e-15
5.7875000000000005,-1.2297783087679837,5,sr,6.236e-15
5.8000000000000007,-1.158609247407524,5,sr,1.586e-13
5.8125000000000009,-1.0911007796436547,5,sr,1.766e-16
5.8250000000000002,-1.0270065844367922,5,sr,3.141e-16
5.8375000000000004,-0.96610072964275184,5,sr,0.000e+00
5.8500000000000005,-0.90817568078896738,5,sr,3.855e-13
5.8625000000000007,-0.85304053308845318,5,sr,4.708e-13
5.8750000000000009,-0.80051943850311791,5,sr,3.149e-16
5.8875000000000002,-0.75045020366394288,5,sr,1.897e-16
5.9000000000000004,-0.70268303777038232,5,sr,7.781e-13
5.9125000000000005,-0.65707943239329469,5,sr,2.227e-16
5.9250000000000007,-0.61351115748979024,5,sr,7.185e-13
5.9375000000000009,-0.57185936018323502,5,sr,1.804e-16
5.9500000000000002,-0.53201375427847286,5,sr,1.076e-16
5.9625000000000004,-0.49387189038935564,5,sr,7.359e-13
5.9750000000000005,-0.45733849754063949,5,sr,6.461e-17
5.9875000000000007,-0.42232488835891996,5,sr,4.793e-16
6.0000000000000009,-0.38874842099958473,5,sr,1.225e-12
6.0125000000000002,-0.3565320116498758,5,sr,4.969e-16
6.0250000000000004,-0.32560369221438762,5,sr,2.546e-16
6.0375000000000005,-0.2958962085816042,5,sr,1.711e-16
6.0500000000000007,-0.26734665513990397,5,sr,1.407e-16
6.0625000000000009,-0.23989614193139241,5,sr,2.581e-14
6.0750000000000002,-0.2134894911216689,5,sr,3.066e-12
6.0875000000000004,-0.18807495992112469,5,sr,4.310e-12
6.1000000000000005,-0.16360398725792277,5,sr,3.463e-12
6.1125000000000007,-0.14003096201176557,5,sr,9.005e-13
6.1250000000000009,-0.11731301064928278,5,sr,1.701e-17
6.1375000000000002,-0.095409802555899648,5,sr,4.147e-16
6.1500000000000004,-0.074283371199815026,5,sr,1.945e-12
6.1625000000000005,-0.053897949870615372,5,sr,4.208e-12
6.1750000000000007,-0.034219820534339619,5,sr,2.726e-12
6.1875000000000009,-0.015217174641391315,5,sr,1.118e-15
6.2125000000000004,0.020880113248108456,5,sr,4.401e-12
6.2250000000000005,0.038029930509510201,5,sr,7.874e-16
6.2375000000000007,0.054614825195190835,5,sr,0.000e+00
6.2500000000000009,0.070658796384028916,5,sr,3.602e-12
6.2625000000000002,0.086184570488798809,5,sr,9.838e-12
6.2750000000000004,0.1012136813975377,5,sr,1.110e-11
6.2875000000000005,0.11576654482588097,5,sr,6.038e-12
6.3000000000000007,0.12986252730217665,5,sr,6.646e-17
6.3125000000000009,0.14352001023442715,5,sr,4.086e-16
6.3250000000000002,0.15675644943526512,5,sr,9.834e-12
6.3375000000000004,0.16958843063122797,5,sr,3.425e-16
6.3500000000000005,0.18203172088102879,5,sr,4.103e-12
6.3625000000000007,0.19410131680023179,5,sr,1.387e-16
6.3750000000000009,0.20581148924215173,5,sr,1.179e-11
6.3875000000000002,0.21717582508109196,5,sr,1.760e-16
6.4000000000000004,0.22820726635114205,5,sr,5.464e-17
6.4125000000000005,0.23891814653863619,5,sr,2.049e-16
6.4250000000000007,0.24932022472523432,5,sr,1.933e-16
6.4375000000000009,0.25942471743542211,5,sr,5.498e-16
6.4500000000000002,0.26924232845867002,5,sr,3.492e-16
6.4625000000000004,0.27878327677859394,5,sr,1.674e-16
6.4750000000000005,0.28805732274513107,5,sr,6.414e-16
6.4875000000000007,0.29707379261484002,5,sr,7.724e-17
6.5000000000000009,0.30584160155133566,5,sr,2.267e-11
6.5125000000000002,0.31436927535434916,5,sr,4.340e-16
6.5250000000000004,0.32266497052814269,5,sr,5.621e-16
6.5375000000000005,0.3307364936161154,5,sr,2.587e-11
6.5500000000000007,0.33859131890058586,5,sr,2.290e-16
6.5625000000000009,0.34623660554937608,5,sr,1.305e-16
6.5750000000000002,0.35367921325559726,5,sr,6.389e-17
6.5875000000000004,0.36092571731436002,5,sr,9.049e-12
6.6000000000000005,0.36798242273495491,5,sr,6.156e-16
6.6125000000000007,0.37485537745241332,5,sr,1.816e-16
6.6250000000000009,0.38155038494143234,5,sr,1.073e-15
6.6375000000000002,0.38807301600604482,5,sr,6.468e-16
6.6500000000000004,0.39442861995529899,5,sr,3.192e-16
6.6625000000000005,0.40062233512969175,5,sr,2.902e-11
6.6750000000000007,0.40665909898002472,5,sr,1.220e-15
6.6875000000000009,0.4125436572702661,5,sr,1.940e-15
6.7000000000000002,0.41828057321252821,5,sr,1.168e-15
6.7125000000000004,0.42387423579110989,5,sr,4.964e-16
6.7250000000000005,0.42932886776944679,5,sr,0.000e+00
6.7375000000000007,0.43464853325234815,5,sr,2.717e-17
6.7500000000000009,0.43983714485101583,5,sr,1.080e-16
6.7625000000000002,0.44489847047453623,5,sr,2.683e-17
6.7750000000000004,0.44983613976995729,5,sr,2.669e-16
6.7875000000000005,0.45465365023159715,5,sr,2.656e-16
6.8000000000000007,0.45935437299888526,5,sr,1.533e-16
6.8125000000000009,0.4639415583607695,5,sr,7.112e-16
6.8250000000000002,0.46841834098356677,5,sr,1.404e-15
6.8375000000000004,0.47278774487804104,5,sr,3.624e-15
6.8500000000000005,0.47705268812048823,5,sr,4.541e-15
6.8625000000000007,0.48121598734171495,5,sr,2.226e-15
6.8750000000000009,0.48528036200850283,5,sr,2.136e-11
6.8875000000000002,0.48924843842783927,5,sr,3.891e-17
6.9000000000000004,0.49312275373128245,5,sr,3.692e-15
6.9125000000000005,0.49690575944010124,5,sr,6.392e-15
6.9250000000000007,0.50059982503138889,5,sr,8.598e-16
6.9375000000000009,0.50420724126841054,5,sr,1.874e-16
6.9500000000000002,0.5077302233862413,5,sr,6.507e-15
6.9625000000000004,0.51117091412916504,5,sr,3.321e-15
6.9750000000000005,0.5145313866478114,5,sr,1.453e-16
6.9875000000000007,0.51781364726326051,5,sr,7.279e-15
7.0000000000000009,0.52101963810519691,5,sr,2.580e-15
7.0125000000000002,0.52415123963061327,5,sr,5.694e-16
7.0250000000000004,0.5272102730291266,5,sr,1.059e-14
7.0375000000000005,0.5301985025295668,5,sr,1.965e-11
7.0500000000000007,0.53311763755237862,5,sr,5.867e-15
7.0625000000000009,0.53596933489534848,5,sr,2.990e-15
7.0750000000000002,0.53875520065382132,5,sr,2.408e-15
7.0875000000000004,0.54147679218355826,5,sr,7.993e-15
7.1000000000000005,0.54413561992856818,5,sr,8.099e-16
7.1125000000000007,0.54673314917852034,5,sr,1.123e-14
7.1250000000000009,0.54927080175116783,5,sr,5.508e-16
7.1375000000000002,0.55174995760317347,5,sr,1.259e-14
7.1500000000000004,0.55417195637308958,5,sr,1.133e-15
7.1625000000000005,0.55653809885944627,5,sr,1.074e-14
7.1750000000000007,0.55884964843736396,5,sr,2.382e-15
7.1875000000000009,0.56110783241630113,5,sr,5.969e-15
7.2000000000000002,0.56331384334200829,5,sr,7.500e-15
7.2125000000000004,0.56546884024503463,5,sr,4.000e-16
7.2250000000000005,0.56757394983853604,5,sr,1.992e-14
7.2375000000000007,0.56963026766747316,5,sr,2.681e-17
7.2500000000000009,0.5716388592117283,5,sr,1.452e-14
7.2625000000000002,0.57360076094497492,5,sr,4.260e-15
7.2750000000000004,0.57551698135146079,5,sr,7.572e-16
7.2875000000000005,0.57738850190266056,5,sr,2.376e-14
7.3000000000000007,0.57921627799548114,5,sr,2.720e-16
7.3125000000000009,0.58100123985372509,5,sr,6.604e-15
7.3250000000000002,0.58274429339467115,5,sr,2.064e-14
7.3375000000000004,0.5844463210619727,5,sr,6.590e-16
7.3500000000000005,0.58610818262671638,5,sr,8.595e-15
7.3625000000000007,0.58773071595771798,5,sr,2.233e-14
7.3750000000000009,0.58931473776255083,5,sr,8.317e-16
7.3875000000000002,0.59086104430066899,5,sr,5.119e-15
7.4000000000000004,0.59237041206954177,5,sr,2.763e-14
7.4125000000000005,0.59384359846525991,5,sr,2.912e-15
7.4250000000000007,0.59528134239792196,5,sr,7.054e-11
7.4375000000000009,0.59668436500664157,5,sr,2.052e-14
7.4500000000000002,0.59805337004439652,5,sr,1.669e-14
7.4625000000000004,0.59938904465123888,5,sr,9.713e-16
7.4750000000000005,0.60069205979945473,5,sr,1.765e-15
7.4875000000000007,0.60196307084169942,5,sr,2.566e-14
7.5000000000000009,0.60320271801973779,5,sr,1.302e-14
7.5125000000000002,0.60441162695478812,5,sr,1.151e-15
7.5250000000000004,0.60559040912054596,5,sr,2.021e-15
7.5375000000000005,0.60673966229923715,5,sr,2.288e-14
7.5500000000000007,0.60785997102167755,5,sr,2.122e-14
7.5625000000000009,0.6089519069917243,5,sr,2.450e-15
7.5750000000000002,0.61001602949618616,5,sr,4.562e-13
7.5875000000000004,0.61105288579958095,5,sr,8.752e-15
7.6000000000000005,0.61206301152706111,5,sr,2.717e-14
7.6125000000000007,0.61304693103183217,5,sr,1.733e-14
7.6250000000000009,0.61400515775160136,5,sr,2.433e-15
7.6375000000000002,0.61493819457263565,5,sr,8.347e-11
7.6500000000000004,0.6158465340603525,5,sr,4.780e-15
7.6625000000000005,0.61673065898315371,5,sr,1.966e-14
7.6750000000000007,0.61759104241963958,5,sr,2.478e-14
7.6875000000000009,0.61842814815974279,5,sr,9.174e-15
7.7000000000000002,0.61924243097429665,5,sr,1.514e-15
7.7125000000000004,0.62003433689568321,5,sr,2.330e-12
7.7250000000000005,0.62080430348612048,5,sr,3.536e-15
7.7375000000000007,0.62155276010509408,5,sr,1.407e-14
7.7500000000000009,0.62228012815753397,5,sr,2.363e-14
7.7625000000000002,0.62298682134180938,5,sr,1.404e-14
7.7750000000000004,0.62367324588655737,5,sr,4.633e-15
7.7875000000000005,0.6243398007805353,5,sr,1.239e-16
7.8000000000000007,0.6249868779941129,5,sr,4.259e-12
7.8125000000000009,0.62561486269930355,5,sr,2.245e-15
7.8250000000000002,0.62622413346914751,5,sr,6.070e-15
7.8375000000000004,0.62681506248901364,5,sr,1.544e-14
7.8500000000000005,0.62738801574775904,5,sr,1.731e-14
7.8625000000000007,0.62794335322836281,5,sr,1.149e-14
7.8750000000000009,0.62848142909177085,5,sr,3.864e-15
7.8875000000000002,0.62900259185518015,5,sr,1.017e-15
7.9000000000000004,0.62950718456483257,5,sr,7.648e-16
7.9125000000000005,0.62999554496355947,5,sr,3.497e-13
7.9250000000000007,0.63046800565371408,5,sr,2.116e-15
7.9375000000000009,0.63092489425420351,5,sr,2.701e-15
7.9500000000000002,0.63136653355426964,5,sr,3.482e-15
7.9625000000000004,0.63179324166171691,5,sr,7.761e-15
7.9750000000000005,0.63220533214723895,5,sr,9.144e-15
7.9875000000000007,0.63260311418450554,5,sr,6.699e-15
8,0.6329868926862221,5,sr,4.501e-15
8.0124999999999993,0.63335696843635203,5,sr,2.289e-15
8.0250000000000004,0.63371363821858151,5,sr,1.180e-15
8.0374999999999996,0.63405719494121082,5,sr,1.058e-15
8.0499999999999989,0.63438792775858821,5,sr,8.641e-16
8.0625,0.63470612218921507,5,sr,1.458e-15
8.0749999999999993,0.63501206023067402,5,sr,1.631e-13
8.0875000000000004,0.63530602048799534,5,sr,9.037e-11
8.0999999999999996,0.63558827819926023,5,sr,1.295e-16
8.1124999999999989,0.63585910550834801,5,sr,8.011e-16
8.125,0.63611877140122852,5,sr,1.143e-15
8.1374999999999993,0.63636754189003142,5,sr,1.342e-16
8.1500000000000004,0.63660568009434448,5,sr,9.413e-16
8.1624999999999996,0.63683344633675842,5,sr,2.696e-16
8.1749999999999989,0.63705109823603945,5,sr,1.221e-15
8.1875,0.63725889079802256,5,sr,4.867e-16
8.1999999999999993,0.63745707650430727,5,sr,1.361e-15
8.2125000000000004,0.63764590539883592,5,sr,1.156e-15
8.2249999999999996,0.63782562517243702,5,sr,8.856e-16
8.2374999999999989,0.63799648123338959,5,sr,6.906e-11
8.25,0.63815871686160852,5,sr,7.741e-11
8.2624999999999993,0.63831257312174916,5,sr,1.243e-10
8.2750000000000004,0.63845828910374702,5,sr,9.549e-11
8.2874999999999996,0.63859610193900196,5,sr,1.435e-11
8.2999999999999989,0.63872624687658586,5,sr,8.172e-11
8.3125,0.63884895740274117,5,sr,1.371e-10
8.3249999999999993,0.63896446510605232,5,sr,8.341e-11
8.3375000000000004,0.63907300005244094,5,sr,4.951e-11
8.3499999999999996,0.63917479065313998,5,sr,3.350e-11
8.3624999999999989,0.63927006378121654,5,sr,3.295e-11
8.375,0.63935904483677963,5,sr,4.506e-11
8.3874999999999993,0.63944195781090152,5,sr,6.685e-11
8.4000000000000004,0.6395190253483064,5,sr,9.539e-11
8.4124999999999996,0.63959046880884618,5,sr,1.279e-10
8.4249999999999989,0.63965650827781506,5,sr,1.414e-10
8.4375,0.63971736282512226,5,sr,1.090e-10
8.4499999999999993,0.63977325026335707,5,sr,7.903e-11
8.4625000000000004,0.63982438740477654,5,sr,5.294e-11
8.4749999999999996,0.63987099006723414,5,sr,3.166e-11
8.4874999999999989,0.63991327312907453,5,sr,1.575e-11
8.5,0.63995145058301306,5,sr,5.394e-12
8.5124999999999993,0.63998573558901362,5,sr,5.054e-13
8.5250000000000004,0.64001634052708778,5,sr,4.885e-12
8.5374999999999996,0.64004347705060705,5,sr,3.744e-11
8.5499999999999989,0.64006735612856791,5,sr,9.705e-11
8.5625,0.64008818804822232,5,sr,1.313e-10
8.5749999999999993,0.64010618266376462,5,sr,3.179e-11
8.5875000000000004,0.64012154913042796,5,sr,1.421e-16
8.5999999999999996,0.64013449618306828,5,sr,9.932e-16
8.6124999999999989,0.64014523211098484,5,sr,1.437e-15
8.625,0.64015396479756215,5,sr,1.868e-15
8.6374999999999993,0.64016090176841589,5,sr,4.796e-16
8.6500000000000004,0.64016625023337725,5,sr,3.643e-16
8.6624999999999996,0.64017021712740263,5,sr,1.733e-15
8.6749999999999989,0.64017300915037556,5,sr,9.780e-17
8.6875,0.64017483280576382,5,sr,9.782e-16
8.6999999999999993,0.64017589443809708,5,sr,4.627e-16
8.7125000000000004,0.64017640026921152,5,sr,2.113e-16
8.7249999999999996,0.6401765564332178,5,sr,5.916e-16
8.7374999999999989,0.64017656901013398,5,sr,1.601e-15
8.75,0.6401766440581218,5,sr,6.694e-16
8.7624999999999993,0.64017698764426434,5,sr,1.868e-16
8.7750000000000004,0.64017780587380491,5,sr,9.338e-16
8.7874999999999996,0.64017930491777719,5,sr,1.476e-15
8.7999999999999989,0.64018169103893829,5,sr,3.733e-16
8.8125,0.64018517061591196,5,sr,1.315e-15
8.8249999999999993,0.64018995016544866,5,sr,1.297e-15
8.8375000000000004,0.64019623636269529,5,sr,1.350e-15
8.8499999999999996,0.64020423605936538,5,sr,7.809e-16
8.8624999999999989,0.64021415629968514,5,sr,1.242e-16
8.875,0.64022620433399946,5,sr,1.808e-15
8.8874999999999993,0.64024058762989089,5,sr,1.329e-15
8.9000000000000004,0.64025751388068386,5,sr,9.560e-16
8.9124999999999996,0.64027719101116787,5,sr,1.769e-16
8.9249999999999989,0.64029982718039713,5,sr,5.656e-16
8.9375,0.64032563078138749,5,sr,5.651e-16
8.9499999999999993,0.64035481043754205,5,sr,1.658e-15
8.9625000000000004,0.64038757499561805,5,sr,4.582e-16
8.9749999999999996,0.64042413351504202,5,sr,1.584e-15
8.9874999999999989,0.64046469525337257,5,sr,2.462e-15
9,0.64050946964769806,5,sr,1.199e-15
9.0124999999999993,0.64055866629174951,5,sr,2.561e-15
9.0250000000000004,0.64061249490850125,5,sr,3.118e-15
9.0374999999999996,0.64067116531801827,5,sr,5.039e-15
9.0499999999999989,0.64073488740030893,5,sr,5.033e-15
9.0625,0.64080387105292114,5,sr,9.141e-15
9.0749999999999993,0.64087832614302842,5,sr,1.411e-14
9.0875000000000004,0.64095846245372778,5,sr,1.941e-14
9.0999999999999996,0.64104448962427396,5,sr,2.691e-14
9.1124999999999989,0.64113661708396774,5,sr,3.356e-14
9.125,0.64123505397940705,5,sr,4.284e-14
9.1374999999999993,0.64134000909480282,5,sr,5.686e-14
9.1500000000000004,0.64145169076506614,5,sr,7.372e-14
9.1624999999999996,0.64157030678135785,5,sr,9.540e-14
9.1749999999999989,0.64169606428880055,5,sr,1.169e-13
9.1875,0.64182916967604453,5,sr,1.469e-13
9.1999999999999993,0.64196982845638839,5,sr,1.772e-13
9.2125000000000004,0.64211824514014837,5,sr,2.106e-13
9.2249999999999996,0.642274623097983,5,sr,2.479e-13
9.2374999999999989,0.64243916441488369,5,sr,2.824e-13
9.25,0.64261206973465534,5,sr,2.992e-13
9.2624999999999993,0.64279353809398165,5,sr,2.818e-13
9.2750000000000004,0.64298376674741109,5,sr,2.578e-13
9.2874999999999996,0.6431829509809176,5,sr,2.216e-13
9.2999999999999989,0.64339128391539424,5,sr,1.805e-13
9.3125,0.64360895629925752,5,sr,1.374e-13
9.3249999999999993,0.64383615629010871,5,sr,9.359e-14
9.3375000000000004,0.64407306922531871,5,sr,5.381e-14
9.3499999999999996,0.64431987738143792,5,sr,2.447e-14
9.3624999999999989,0.64457675972237827,5,sr,7.097e-15
9.375,0.64484389161210254,5,sr,1.329e-10
9.3874999999999993,0.6451214446616359,5,sr,6.597e-17
9.4000000000000004,0.6454095862011654,5,sr,6.578e-17
9.4124999999999996,0.64570847922626151,5,sr,5.446e-15
9.4249999999999989,0.64601828196955635,5,sr,1.361e-14
9.4375,0.64633914760749323,5,sr,3.535e-14
9.4499999999999993,0.64667122393274123,5,sr,6.939e-14
9.4625000000000004,0.64701465301695849,5,sr,1.079e-13
9.4749999999999996,0.64736957086443814,5,sr,1.520e-13
9.4874999999999989,0.64773610705731577,5,sr,1.583e-13
9.5,0.64811438439264835,5,sr,1.292e-13
9.5124999999999993,0.64850451851316349,5,sr,8.419e-14
9.5250000000000004,0.64890661753128076,5,sr,4.305e-14
9.5374999999999996,0.64932078164837359,5,sr,1.146e-14
9.5499999999999989,0.64974710277805392,5,sr,4.107e-11
9.5625,0.65018566411852941,5,sr,5.062e-16
9.5749999999999993,0.65063653984406566,5,sr,1.199e-15
9.5875000000000004,0.65109979463584466,5,sr,9.118e-15
9.5999999999999996,0.65157548333490889,5,sr,2.733e-14
9.6125000000000007,0.65206365055016935,5,sr,5.655e-14
9.625,0.65256433027948491,5,sr,8.029e-14
9.6374999999999993,0.65307754553743835,5,sr,6.445e-14
9.6500000000000004,0.65360330799223232,5,sr,3.534e-14
9.6624999999999996,0.65414161761309897,5,sr,1.178e-14
9.6750000000000007,0.65469246233980338,5,sr,4.404e-11
9.6875,0.6552558177129103,5,sr,6.130e-17
9.6999999999999993,0.65583164665699534,5,sr,2.444e-16
9.7125000000000004,0.65641989910243215,5,sr,8.833e-15
9.7249999999999996,0.65702051176459486,5,sr,2.338e-14
9.7375000000000007,0.65763340789278735,5,sr,3.662e-14
9.75,0.65825849705433881,5,sr,2.275e-14
9.7624999999999993,0.6588956749472602,5,sr,1.053e-14
9.7750000000000004,0.65954482324326447,5,sr,6.596e-16
9.7874999999999996,0.66020580946343543,5,sr,1.375e-15
9.8000000000000007,0.6608784868883919,5,sr,2.026e-15
9.8125,0.66156269450479299,5,sr,5.347e-15
9.8249999999999993,0.66225825698983876,5,sr,1.309e-14
9.8375000000000004,0.66296498473528498,5,sr,1.376e-14
9.8499999999999996,0.66368267391222913,5,sr,5.889e-15
9.8625000000000007,0.66441110657788505,5,sr,2.114e-15
9.875,0.66515005082505951,5,sr,2.927e-16
9.8874999999999993,0.66589926097506658,5,sr,2.919e-16
9.9000000000000004,0.66665847781439302,5,sr,3.435e-15
9.9124999999999996,0.66742742887520667,5,sr,6.560e-15
9.9250000000000007,0.6682058287595064,5,sr,3.360e-15
9.9375,0.66899337950640692,5,sr,1.213e-15
9.9499999999999993,0.66978977099588255,5,sr,2.667e-11
9.9625000000000004,0.67059468142934064,5,sr,5.744e-17
9.9749999999999996,0.6714077777611398,5,sr,9.168e-16
9.9875000000000007,0.67222871628695813,5,sr,1.543e-15
10,0.67305714317948406,5,sr,2.737e-15
5.4500000000000002,14.976292955922881,6,sr,4.592e-12
5.4625000000000004,14.930929717079206,6,sr,3.392e-12
5.4750000000000005,14.884852471142315,6,sr,3.298e-15
5.4875000000000007,14.838127369154444,6,sr,1.707e-15
5.5000000000000009,14.79081628539239,6,sr,4.423e-12
5.5125000000000002,14.742977007643296,6,sr,2.154e-15
5.5250000000000004,14.69466344165885,6,sr,2.389e-16
5.5375000000000005,14.645925822469726,6,sr,8.248e-12
5.5500000000000007,14.596810927433021,6,sr,4.789e-12
5.5625000000000009,14.547362287232273,6,sr,2.382e-15
5.5750000000000002,14.497620391262767,6,sr,4.648e-16
5.5875000000000004,14.447622886231684,6,sr,2.999e-15
5.6000000000000005,14.397404765958958,6,sr,2.304e-15
5.6125000000000007,14.346998551827046,6,sr,2.346e-15
5.6250000000000009,14.296434463343038,6,sr,1.444e-15
5.6375000000000002,14.245740578680834,6,sr,1.507e-11
5.6500000000000004,14.194942985086069,6,sr,1.795e-11
5.6625000000000005,14.144065919977926,6,sr,2.513e-15
5.6750000000000007,14.093131901813999,6,sr,1.663e-15
5.6875000000000009,14.042161852723313,6,sr,1.207e-15
5.7000000000000002,13.991175212052088,6,sr,2.149e-16
5.7125000000000004,13.940190041964,6,sr,2.294e-12
5.7250000000000005,13.889223125369881,6,sr,2.087e-15
5.7375000000000007,13.838290056751687,6,sr,1.348e-15
5.7500000000000009,13.787405326263931,6,sr,2.020e-15
5.7625000000000002,13.736582397664645,6,sr,2.644e-15
5.7750000000000004,13.685833780460838,6,sr,4.867e-14
5.7875000000000005,13.635171096708534,6,sr,3.126e-12
5.8000000000000007,13.584605142837756,6,sr,4.274e-15
5.8125000000000009,13.534145946937143,6,sr,4.889e-16
5.8250000000000002,13.483802821739493,6,sr,1.490e-15
5.8375000000000004,13.433584413736057,6,sr,7.169e-17
5.8500000000000005,13.383498748657326,6,sr,1.234e-15
5.8625000000000007,13.333553273619499,6,sr,1.988e-15
5.8750000000000009,13.283754896191425,6,sr,2.682e-15
5.8875000000000002,13.234110020620101,6,sr,6.177e-15
5.9000000000000004,13.184624581434621,6,sr,2.668e-15
5.9125000000000005,13.135304074644854,6,sr,1.894e-11
5.9250000000000007,13.086153586626077,6,sr,1.162e-14
5.9375000000000009,13.037177821148109,6,sr,8.911e-15
5.9500000000000002,12.988381124229633,6,sr,4.138e-16
5.9625000000000004,12.939767507440845,6,sr,1.692e-15
5.9750000000000005,12.891340669502064,6,sr,2.443e-16
5.9875000000000007,12.843104016396735,6,sr,1.317e-15
6.0000000000000009,12.79506068009959,6,sr,1.249e-12
6.0125000000000002,12.747213536018744,6,sr,4.199e-16
6.0250000000000004,12.699565219263658,6,sr,6.699e-15
6.0375000000000005,12.652118139800629,6,sr,3.853e-15
6.0500000000000007,12.604874496603687,6,sr,4.235e-15
6.0625000000000009,12.557836290859598,6,sr,7.327e-15
6.0750000000000002,12.511005338301301,6,sr,7.394e-15
6.0875000000000004,12.464383280732392,6,sr,7.993e-16
6.1000000000000005,12.417971596801031,6,sr,1.434e-14
6.1125000000000007,12.371771612077312,6,sr,1.970e-14
6.1250000000000009,12.325784508483734,6,sr,3.736e-15
6.1375000000000002,12.280011333124492,6,sr,7.507e-14
6.1500000000000004,12.23445300655602,6,sr,5.465e-15
6.1625000000000005,12.189110330538252,6,sr,7.283e-15
6.1750000000000007,12.143983995301735,6,sr,5.928e-15
6.1875000000000009,12.099074586364981,6,sr,7.395e-15
6.2000000000000002,12.054382590932461,6,sr,6.495e-15
6.2125000000000004,12.009908403901699,6,sr,1.251e-15
6.2250000000000005,11.965652333506265,6,sr,8.818e-15
6.2375000000000007,11.921614606618791,6,sr,2.157e-14
6.2500000000000009,11.877795373736941,6,sr,8.352e-15
6.2625000000000002,11.834194713673204,6,sr,6.925e-15
6.2750000000000004,11.790812637968228,6,sr,1.255e-14
6.2875000000000005,11.747649095045615,6,sr,2.615e-14
6.3000000000000007,11.70470397412498,6,sr,1.301e-14
6.3125000000000009,11.661977108909181,6,sr,2.658e-14
6.3250000000000002,11.619468281059898,6,sr,3.062e-16
6.3375000000000004,11.577177223475125,6,sr,2.695e-14
6.3500000000000005,11.535103623385121,6,sr,9.665e-12
6.3625000000000007,11.493247125252742,6,sr,1.739e-14
6.3750000000000009,11.45160733356502,6,sr,7.831e-15
6.3875000000000002,11.410183815411294,6,sr,3.101e-11
6.4000000000000004,11.36897610290543,6,sr,1.467e-14
6.4125000000000005,11.327983695618407,6,sr,1.183e-14
6.4250000000000007,11.287206062666776,6,sr,1.497e-14
6.4375000000000009,11.246642644848885,6,sr,1.510e-14
6.4500000000000002,11.206292856603373,6,sr,3.228e-15
6.4625000000000004,11.166156087874299,6,sr,4.864e-16
6.4750000000000005,11.126231705878084,6,sr,6.189e-15
6.4875000000000007,11.086519056778137,6,sr,1.319e-14
6.5000000000000009,11.047017467272696,6,sr,1.862e-14
6.5125000000000002,11.007726246101074,6,sr,2.749e-15
6.5250000000000004,10.968644685473093,6,sr,5.299e-15
6.5375000000000005,10.929772062426416,6,sr,4.266e-15
6.5500000000000007,10.891107640115798,6,sr,7.453e-15
6.5625000000000009,10.852650669038459,6,sr,6.789e-16
6.5750000000000002,10.814400388199294,6,sr,3.529e-15
6.5875000000000004,10.7763560262194,6,sr,3.316e-15
6.6000000000000005,10.738516802391343,6,sr,5.808e-15
6.6125000000000007,10.700881927684206,6,sr,1.216e-14
6.6250000000000009,10.663450605701494,6,sr,6.864e-15
6.6375000000000002,10.626222033594502,6,sr,1.206e-14
6.6500000000000004,10.589195402933976,6,sr,6.846e-16
6.6625000000000005,10.552369900542388,6,sr,1.136e-14
6.6750000000000007,10.515744709289255,6,sr,7.456e-16
6.6875000000000009,10.479319008851643,6,sr,7.761e-16
6.7000000000000002,10.443091976442066,6,sr,1.513e-14
6.7125000000000004,10.407062787505591,6,sr,1.025e-14
6.7250000000000005,10.37123061638825,6,sr,1.036e-14
6.7375000000000007,10.335594636978289,6,sr,2.128e-14
6.7500000000000009,10.300154023327243,6,sr,1.842e-11
6.7625000000000002,10.264907950194475,6,sr,8.207e-11
6.7750000000000004,10.229855593780382,6,sr,1.996e-12
6.7875000000000005,10.19499613199827,6,sr,1.247e-13
6.8000000000000007,10.160328745276887,6,sr,6.536e-11
6.8125000000000009,10.125852616861579,6,sr,1.096e-14
6.8250000000000002,10.091566933510741,6,sr,9.689e-15
6.8375000000000004,10.057470885798907,6,sr,6.413e-15
6.8500000000000005,10.023563668670008,6,sr,2.688e-15
6.8625000000000007,9.9898444818481966,6,sr,8.953e-11
6.8750000000000009,9.9563125303955839,6,sr,3.414e-15
6.8875000000000002,9.9229670249051587,6,sr,6.097e-15
6.9000000000000004,9.8898071821350086,6,sr,7.718e-11
6.9125000000000005,9.8568322254004244,6,sr,3.316e-15
6.9250000000000007,9.82404138479742,6,sr,7.715e-15
6.9375000000000009,9.7914338977977504,6,sr,5.000e-15
6.9500000000000002,9.7590090095357418,6,sr,1.328e-14
6.9625000000000004,9.7267659732043938,6,sr,2.238e-11
6.9750000000000005,9.6947040504572648,6,sr,1.585e-11
6.9875000000000007,9.6628225117419415,6,sr,9.351e-12
7.0000000000000009,9.6311206366960906,6,sr,1.130e-11
7.0125000000000002,9.599597714518417,6,sr,2.819e-12
7.0250000000000004,9.5682530443333125,6,sr,8.461e-11
7.0375000000000005,9.5370859354764672,6,sr,1.292e-14
7.0500000000000007,9.5060957080575648,6,sr,2.839e-15
7.0625000000000009,9.4752816931361128,6,sr,7.598e-11
7.0750000000000002,9.4446432330926715,6,sr,2.807e-11
7.0875000000000004,9.4141796822173305,6,sr,3.878e-11
7.1000000000000005,9.3838904067677635,6,sr,2.007e-14
7.1125000000000007,9.3537747856143003,6,sr,1.412e-14
7.1250000000000009,9.3238322104674669,6,sr,1.783e-15
7.1375000000000002,9.2940620863220573,6,sr,3.677e-15
7.1500000000000004,9.2644638318551404,6,sr,5.618e-11
7.1625000000000005,9.235036879756624,6,sr,7.864e-12
7.1750000000000007,9.205780677271667,6,sr,8.942e-15
7.1875000000000009,9.1766946864938639,6,sr,6.230e-15
7.2000000000000002,9.1477783848436953,6,sr,1.677e-15
7.2125000000000004,9.1190312655012242,6,sr,4.040e-16
7.2250000000000005,9.090452837852359,6,sr,2.764e-15
7.2375000000000007,9.0620426279493351,6,sr,9.765e-16
7.2500000000000009,9.033800178984329,6,sr,7.334e-15
7.2625000000000002,9.0057250517771923,6,sr,4.858e-16
7.2750000000000004,8.977816825278282,6,sr,1.488e-14
7.2875000000000005,8.9500750971109593,6,sr,8.908e-11
7.3000000000000007,8.9224994839901672,6,sr,1.184e-14
7.3125000000000009,8.8950896225009153,6,sr,4.229e-11
7.3250000000000002,8.8678451694933322,6,sr,2.354e-14
7.3375000000000004,8.8407658026822773,6,sr,1.572e-15
7.3500000000000005,8.8138512213530351,6,sr,1.622e-15
7.3625000000000007,8.7871011469446731,6,sr,9.755e-15
7.3750000000000009,8.7605153237256346,6,sr,8.330e-16
7.3875000000000002,8.7340935194838885,6,sr,9.129e-15
7.4000000000000004,8.7078355262445424,6,sr,2.193e-14
7.4125000000000005,8.6817411610163333,6,sr,5.489e-15
7.4250000000000007,8.6558102665686576,6,sr,7.380e-15
7.4375000000000009,8.6300427122564027,6,sr,5.596e-11
7.4500000000000002,8.604438394784264,6,sr,6.612e-15
7.4625000000000004,8.5789972392429448,6,sr,9.550e-15
7.4750000000000005,8.5537191998679134,6,sr,1.960e-14
7.4875000000000007,8.5286042610739745,6,sr,2.395e-14
7.5000000000000009,8.5036524384369123,6,sr,1.963e-14
7.5125000000000002,8.47886377973464,6,sr,1.186e-14
7.5250000000000004,8.4542383660343088,6,sr,1.369e-15
7.5375000000000005,8.4297763128062577,6,sr,7.185e-11
7.5500000000000007,8.405477771217809,6,sr,3.751e-15
7.5625000000000009,8.3813429291576327,6,sr,9.067e-15
7.5750000000000002,8.3573720127464597,6,sr,2.844e-14
7.5875000000000004,8.3335652875837827,6,sr,2.146e-14
7.6000000000000005,8.3099230601824274,6,sr,8.851e-12
7.6125000000000007,8.2864456794631511,6,sr,7.593e-15
7.6250000000000009,8.2631335382750937,6,sr,3.250e-14
7.6375000000000002,8.2399870750427979,6,sr,2.480e-13
7.6500000000000004,8.2170067754465563,6,sr,3.100e-14
7.6625000000000005,8.194193174195874,6,sr,1.214e-14
7.6750000000000007,8.171546856883257,6,sr,8.529e-15
7.6875000000000009,8.1490684619221128,6,sr,4.479e-15
7.7000000000000002,8.1267586825738736,6,sr,2.959e-14
7.7125000000000004,8.1046182690681867,6,sr,4.320e-15
7.7250000000000005,8.0826480308197652,6,sr,4.765e-14
7.7375000000000007,8.0608488387463897,6,sr,3.311e-15
7.7500000000000009,8.0392216276921165,6,sr,1.127e-14
7.7625000000000002,8.017767398959565,6,sr,3.373e-14
7.7750000000000004,7.9964872229559196,6,sr,5.546e-15
7.7875000000000005,7.9753822419567433,6,sr,4.402e-15
7.8000000000000007,7.9544536729913666,6,sr,2.456e-15
7.8125000000000009,7.933702810854478,6,sr,1.813e-14
7.8250000000000002,7.9131310312473664,6,sr,2.746e-14
7.8375000000000004,7.8927397940527335,6,sr,4.239e-14
7.8500000000000005,7.8725306467464256,6,sr,4.167e-14
7.8625000000000007,7.8525052279491421,6,sr,3.668e-14
7.8750000000000009,7.8326652711206757,6,sr,3.048e-14
7.8875000000000002,7.8130126083987328,6,sr,3.037e-14
7.9000000000000004,7.7935491745835268,6,sr,1.644e-14
7.9125000000000005,7.7742770112686408,6,sr,2.099e-15
7.9250000000000007,7.7551982711173615,6,sr,2.660e-15
7.9375000000000009,7.7363152222825518,6,sr,2.058e-15
7.9500000000000002,7.7176302529666385,6,sr,3.032e-14
7.9625000000000004,7.699145876116142,6,sr,4.519e-15
7.9750000000000005,7.6808647342436878,6,sr,5.589e-16
7.9875000000000007,7.6627896043668997,6,sr,2.173e-14
8,7.6449234030497539,6,sr,3.647e-12
8.0124999999999993,7.6272691915426751,6,sr,1.338e-14
8.0250000000000004,7.6098301809539848,6,sr,1.557e-11
8.0374999999999996,7.5926097375487034,6,sr,2.451e-14
8.0499999999999989,7.5756113879090048,6,sr,2.842e-15
8.0625,7.5588388242425948,6,sr,9.168e-15
8.0749999999999993,7.5422959094969038,6,sr,6.066e-15
8.0875000000000004,7.5259866823996262,6,sr,1.011e-15
8.0999999999999996,7.5099153623044579,6,sr,2.830e-12
8.1124999999999989,7.4940863537892355,6,sr,2.611e-15
8.125,7.4785042508855994,6,sr,5.920e-15
8.1374999999999993,7.4631738408996275,6,sr,1.052e-14
8.1500000000000004,7.448100107649168,6,sr,6.860e-15
8.1624999999999996,7.4332882340198942,6,sr,7.176e-15
8.1749999999999989,7.4187436036747085,6,sr,4.502e-15
8.1875,7.404471801753215,6,sr,1.570e-11
8.1999999999999993,7.3904786142832277,6,sr,1.680e-15
8.2125000000000004,7.3767700263058185,6,sr,4.774e-15
8.2249999999999996,7.3633522180704567,6,sr,2.449e-15
8.2374999999999989,7.3502315593912009,6,sr,8.052e-16
8.25,7.3374146016046433,6,sr,2.138e-15
8.2624999999999993,7.3249080668372635,6,sr,1.221e-12
8.2750000000000004,7.3127188341689955,6,sr,4.754e-15
8.2874999999999996,7.300853922219833,6,sr,1.231e-15
8.2999999999999989,7.289320467713452,6,sr,1.815e-11
8.3125,7.2781256993298351,6,sr,5.246e-16
8.3249999999999993,7.2672769066187293,6,sr,5.055e-16
8.3375000000000004,7.2567814027824715,6,sr,3.544e-15
8.3499999999999996,7.2466464812281028,6,sr,1.092e-15
8.3624999999999989,7.2368793648659828,6,sr,1.399e-15
8.375,7.2274871475644344,6,sr,5.304e-16
8.3874999999999993,7.2184767270433028,6,sr,7.320e-16
8.4000000000000004,7.2098547285271,6,sr,8.667e-13
8.4124999999999996,7.2016274185363178,6,sr,6.606e-16
8.4249999999999989,7.1938006082724879,6,sr,1.627e-11
8.4375,7.1863795460824766,6,sr,6.917e-16
8.4499999999999993,7.1793687991149282,6,sr,7.207e-12
8.4625000000000004,7.172772123601896,6,sr,9.754e-12
8.4749999999999996,7.1665923244444931,6,sr,1.612e-15
8.4874999999999989,7.1608311049450402,6,sr,8.890e-16
8.5,7.1554889072088521,6,sr,4.619e-17
8.5124999999999993,7.1505647454635914,6,sr,5.929e-16
8.5250000000000004,7.1460560342414361,6,sr,1.351e-15
8.5374999999999996,7.1419584144528221,6,sr,4.372e-16
8.5499999999999989,7.1382655809880164,6,sr,4.247e-12
8.5625,7.1349691162868956,6,sr,3.482e-15
8.5749999999999993,7.1320583348666249,6,sr,1.679e-15
8.5875000000000004,7.1295201448102805,6,sr,3.213e-14
8.5999999999999996,7.12733893231953,6,sr,1.183e-15
8.6124999999999989,7.1254964761363775,6,sr,7.956e-16
8.625,7.1239718985615177,6,sr,9.635e-13
8.6374999999999993,7.1227416596033439,6,sr,2.633e-12
8.6500000000000004,7.1217796001807363,6,sr,5.020e-16
8.6624999999999996,7.1210570392938823,6,sr,5.399e-16
8.6749999999999989,7.120542928460047,6,sr,5.576e-16
8.6875,7.12020406504804,6,sr,9.053e-12
8.6999999999999993,7.1200053635615737,6,sr,4.103e-15
8.7125000000000004,7.1199101819741273,6,sr,1.105e-14
8.7249999999999996,7.1198806966934516,6,sr,1.327e-14
8.7374999999999989,7.1198783183181833,6,sr,1.062e-14
8.75,7.1198641372009215,6,sr,7.242e-15
8.7624999999999993,7.1197993864701949,6,sr,7.946e-16
8.7750000000000004,7.1196459088487343,6,sr,6.361e-13
8.7874999999999996,7.1193666131624784,6,sr,8.498e-12
8.7999999999999989,7.1189259068584354,6,sr,4.067e-17
8.8125,7.1182900916072773,6,sr,1.738e-16
8.8249999999999993,7.1174277116099454,6,sr,2.863e-12
8.8375000000000004,7.116309845630437,6,sr,1.985e-12
8.8499999999999996,7.1149103371574318,6,sr,2.675e-12
8.8624999999999989,7.1132059597485044,6,sr,7.162e-16
8.875,7.1111765172353785,6,sr,2.037e-12
8.8874999999999993,7.1088048813104932,6,sr,1.611e-15
8.9000000000000004,7.1060769708319818,6,sr,1.570e-12
8.9124999999999996,7.1029816792644178,6,sr,2.195e-16
8.9249999999999989,7.0995107574533618,6,sr,7.771e-16
8.9375,7.0956586599338589,6,sr,1.109e-13
8.9499999999999993,7.0914223629008504,6,sr,7.819e-13
8.9625000000000004,7.0868011619007927,6,sr,2.867e-12
8.9749999999999996,7.0817964567123823,6,sr,5.193e-12
8.9874999999999989,7.0764115301278947,6,sr,6.248e-12
9,7.0706513264348301,6,sr,2.800e-12
9.0124999999999993,7.0645222344431815,6,sr,7.792e-16
9.0250000000000004,7.0580318788712528,6,sr,1.338e-15
9.0374999999999996,7.0511889230724671,6,sr,1.613e-11
9.0499999999999989,7.0440028850502774,6,sr,7.626e-16
9.0625,7.0364839684309137,6,sr,1.459e-11
9.0749999999999993,7.0286429085788518,6,sr,8.899e-16
9.0875000000000004,7.0204908343413814,6,sr,8.588e-12
9.0999999999999996,7.0120391452793216,6,sr,2.102e-15
9.1124999999999989,7.0032994035926697,6,sr,1.586e-15
9.125,6.994283239961816,6,sr,1.110e-15
9.1374999999999993,6.9850022725545955,6,sr,7.321e-16
9.1500000000000004,6.9754680380174277,6,sr,1.717e-11
9.1624999999999996,6.9656919333143659,6,sr,2.166e-11
9.1749999999999989,6.95568516774303,6,sr,1.881e-11
9.1875,6.9454587233094252,6,sr,2.452e-11
9.1999999999999993,6.9350233231407952,6,sr,8.783e-14
9.2125000000000004,6.9243894069822032,6,sr,1.227e-15
9.2249999999999996,6.9135671121808766,6,sr,5.098e-16
9.2374999999999989,6.9025662601945799,6,sr,1.028e-14
9.25,6.8913963474066531,6,sr,2.876e-15
9.2624999999999993,6.8800665397385217,6,sr,1.193e-12
9.2750000000000004,6.8685856704491535,6,sr,2.429e-15
9.2874999999999996,6.8569622406188957,6,sr,1.044e-14
9.2999999999999989,6.845204421842161,6,sr,1.420e-11
9.3125,6.8333200606970896,6,sr,9.282e-15
9.3249999999999993,6.8213166848082629,6,sr,7.395e-15
9.3375000000000004,6.8092015099088634,6,sr,3.289e-15
9.3499999999999996,6.7969814479423194,6,sr,1.927e-14
9.3624999999999989,6.7846631158038369,6,sr,6.453e-16
9.375,6.7722528445936359,6,sr,2.199e-14
9.3874999999999993,6.7597566892153989,6,sr,5.873e-16
9.4000000000000004,6.7471804381861382,6,sr,2.689e-14
9.4124999999999996,6.7345296235472016,6,sr,1.728e-15
9.4249999999999989,6.7218095307836947,6,sr,3.282e-14
9.4375,6.7090252086777982,6,sr,1.306e-15
9.4499999999999993,6.6961814790339051,6,sr,1.204e-14
9.4625000000000004,6.6832829462273819,6,sr,1.750e-14
9.4749999999999996,6.6703340065317667,6,sr,1.353e-11
9.4874999999999989,6.6573388572353522,6,sr,5.321e-14
9.5,6.6443015054037096,6,sr,2.914e-15
9.5124999999999993,6.6312257764728697,6,sr,2.682e-14
9.5250000000000004,6.6181153224618443,6,sr,3.270e-14
9.5374999999999996,6.6049736299013224,6,sr,4.246e-11
9.5499999999999989,6.5918040275496166,6,sr,5.605e-14
9.5625,6.5786096935610008,6,sr,1.223e-14
9.5749999999999993,6.5653936626753335,6,sr,3.772e-15
9.5875000000000004,6.552158832867403,6,sr,8.372e-14
9.5999999999999996,6.5389079718010166,6,sr,7.852e-15
9.6125000000000007,6.5256437229816413,6,sr,5.104e-15
9.625,6.512368611632505,6,sr,9.088e-14
9.6374999999999993,6.49908505030192,6,sr,5.996e-15
9.6500000000000004,6.4857953442111205,6,sr,2.265e-14
9.6624999999999996,6.472501696352797,6,sr,1.089e-13
9.6750000000000007,6.4592062123490575,6,sr,2.750e-16
9.6875,6.4459109050786729,6,sr,1.616e-14
9.6999999999999993,6.4326176990841066,6,sr,9.891e-14
9.7125000000000004,6.4193284347665216,6,sr,3.562e-15
9.7249999999999996,6.4060448723797148,6,sr,3.654e-14
9.7375000000000007,6.3927686958307728,6,sr,1.017e-13
9.75,6.3795015162972453,6,sr,1.628e-15
9.7624999999999993,6.3662448756698176,6,sr,5.282e-14
9.7750000000000004,6.3530002498278746,6,sr,7.558e-14
9.7874999999999996,6.3397690517568348,6,sr,6.249e-15
9.8000000000000007,6.3265526345153154,6,sr,7.772e-14
9.8125,6.3133522940587801,6,sr,4.686e-14
9.8249999999999993,6.3001692719499784,6,sr,8.763e-11
9.8375000000000004,6.2870047578049046,6,sr,1.241e-13
9.8499999999999996,6.2738598919558877,6,sr,1.882e-14
9.8625000000000007,6.2607357675451869,6,sr,1.938e-14
9.875,6.247633432848998,6,sr,1.091e-13
9.8874999999999993,6.234553893360288,6,sr,1.176e-15
9.9000000000000004,6.2214981137960148,6,sr,7.108e-14
9.9124999999999996,6.2084670200099596,6,sr,3.750e-14
9.9250000000000007,6.1954615008167186,6,sr,4.101e-15
9.9375,6.182482409731719,6,sr,1.252e-13
9.9499999999999993,6.1695305666311233,6,sr,0.000e+00
9.9625000000000004,6.1566067593358929,6,sr,7.947e-14
9.9749999999999996,6.1437117451247722,6,sr,2.035e-14
9.9875000000000007,6.1308462521786993,6,sr,1.773e-14
10,6.1180109809615377,6,sr,5.847e-14
6.4000000000000004,14.984808301170066,7,sr,6.327e-15
6.4125000000000005,14.929720919447496,7,sr,6.413e-15
6.4250000000000007,14.874930070204931,7,sr,4.741e-15
6.4375000000000009,14.820434581172799,7,sr,5.032e-15
6.4500000000000002,14.766233258489372,7,sr,7.046e-15
6.4625000000000004,14.712324888592921,7,sr,2.648e-14
6.4750000000000005,14.658708240009833,7,sr,6.514e-15
6.4875000000000007,14.605382065040603,7,sr,1.353e-11
6.5000000000000009,14.552345101380594,7,sr,2.453e-14
6.5125000000000002,14.499596073588993,7,sr,1.155e-14
6.5250000000000004,14.447133694564542,7,sr,2.959e-14
6.5375000000000005,14.394956666864482,7,sr,4.975e-11
6.5500000000000007,14.343063684071087,7,sr,6.565e-15
6.5625000000000009,14.291453431855068,7,sr,1.173e-14
6.5750000000000002,14.240124589290522,7,sr,1.666e-11
6.5875000000000004,14.189075829848461,7,sr,3.936e-15
6.6000000000000005,14.138305822503456,7,sr,1.230e-14
6.6125000000000007,14.087813232671792,7,sr,1.421e-14
6.6250000000000009,14.037596723176323,7,sr,1.845e-14
6.6375000000000002,13.987654955135165,7,sr,1.429e-14
6.6500000000000004,13.937986588812212,7,sr,2.884e-15
6.6625000000000005,13.888590284427226,7,sr,4.953e-15
6.6750000000000007,13.83946470292782,7,sr,2.899e-15
6.6875000000000009,13.790608506725871,7,sr,7.482e-16
6.7000000000000002,13.742020360400453,7,sr,1.373e-14
6.7125000000000004,13.69369893136947,7,sr,2.371e-15
6.7250000000000005,13.645642890531949,7,sr,3.158e-15
6.7375000000000007,13.597850912882931,7,sr,1.074e-15
6.7500000000000009,13.550321678124075,7,sr,7.843e-11
6.7625000000000002,13.503053871121931,7,sr,9.296e-15
6.7750000000000004,13.456046182664988,7,sr,3.298e-15
6.7875000000000005,13.409297309771807,7,sr,9.356e-15
6.8000000000000007,13.362805956300964,7,sr,5.768e-15
6.8125000000000009,13.316570833414671,7,sr,4.222e-15
6.8250000000000002,13.270590660043514,7,sr,1.404e-11
6.8375000000000004,13.224864163333324,7,sr,9.452e-11
6.8500000000000005,13.179390079171835,7,sr,8.385e-16
6.8625000000000007,13.134167152402902,7,sr,1.257e-16
6.8750000000000009,13.089194137471852,7,sr,1.199e-14
6.8875000000000002,13.044469798708612,7,sr,7.668e-16
6.9000000000000004,12.999992910747086,7,sr,1.273e-13
6.9125000000000005,12.955762258894383,7,sr,6.577e-11
6.9250000000000007,12.911776639593949,7,sr,5.139e-15
6.9375000000000009,12.868034860627951,7,sr,5.421e-15
6.9500000000000002,12.824535741674891,7,sr,8.355e-11
6.9625000000000004,12.781278114503325,7,sr,9.400e-11
6.9750000000000005,12.738260823453796,7,sr,5.050e-11
6.9875000000000007,12.695482725754569,7,sr,4.765e-12
7.0000000000000009,12.652942691876898,7,sr,1.568e-12
7.0125000000000002,12.610639605851228,7,sr,3.309e-11
7.0250000000000004,12.568572365609608,7,sr,9.420e-11
7.0375000000000005,12.526739883519237,7,sr,1.016e-14
7.0500000000000007,12.485141086419903,7,sr,1.609e-11
7.0625000000000009,12.44377491624113,7,sr,6.035e-15
7.0750000000000002,12.402640330274343,7,sr,8.205e-15
7.0875000000000004,12.361736301519402,7,sr,4.465e-15
7.1000000000000005,12.321061819073481,7,sr,1.071e-15
7.1125000000000007,12.280615888501179,7,sr,1.213e-14
7.1250000000000009,12.240397532215338,7,sr,1.200e-15
7.1375000000000002,12.200405789865448,7,sr,6.984e-15
7.1500000000000004,12.160639718734542,7,sr,3.384e-15
7.1625000000000005,12.121098394145495,7,sr,6.115e-15
7.1750000000000007,12.081780909877669,7,sr,1.145e-14
7.1875000000000009,12.042686378594937,7,sr,5.455e-15
7.2000000000000002,12.003813932286059,7,sr,1.175e-14
7.2125000000000004,11.965162722718429,7,sr,1.043e-14
7.2250000000000005,11.926731921906381,7,sr,3.632e-16
7.2375000000000007,11.888520722594961,7,sr,4.025e-15
7.2500000000000009,11.850528338760535,7,sr,1.084e-14
7.2625000000000002,11.812754006129278,7,sr,1.055e-14
7.2750000000000004,11.775196982714814,7,sr,1.990e-14
7.2875000000000005,11.737856549376412,7,sr,1.535e-15
7.3000000000000007,11.70073201039885,7,sr,4.707e-15
7.3125000000000009,11.663822694095638,7,sr,2.828e-15
7.3250000000000002,11.627127953436815,7,sr,2.028e-14
7.3375000000000004,11.590647166703056,7,sr,5.558e-15
7.3500000000000005,11.554379738167533,7,sr,3.077e-15
7.3625000000000007,11.51832509880737,7,sr,2.344e-15
7.3750000000000009,11.482482707046342,7,sr,1.138e-14
7.3875000000000002,11.44685204953079,7,sr,5.089e-15
7.4000000000000004,11.411432641940539,7,sr,8.816e-16
7.4125000000000005,11.376224029837124,7,sr,9.438e-15
7.4250000000000007,11.341225789551245,7,sr,5.355e-15
7.4375000000000009,11.306437529111891,7,sr,7.290e-15
7.4500000000000002,11.271858889219468,7,sr,1.960e-14
7.4625000000000004,11.237489544265479,7,sr,2.081e-14
7.4750000000000005,11.203329203401459,7,sr,1.137e-14
7.4875000000000007,11.16937761165986,7,sr,3.897e-15
7.5000000000000009,11.135634551130137,7,sr,5.737e-15
7.5125000000000002,11.102099842192821,7,sr,2.642e-14
7.5250000000000004,11.068773344815193,7,sr,1.409e-14
7.5375000000000005,11.035654959911845,7,sr,8.522e-15
7.5500000000000007,11.00274463077413,7,sr,4.217e-14
7.5625000000000009,10.970042344595999,7,sr,7.861e-11
7.5750000000000002,10.937548133932614,7,sr,3.701e-14
7.5875000000000004,10.905262078600497,7,sr,7.459e-15
7.6000000000000005,10.8731843071828,7,sr,3.854e-14
7.6125000000000007,10.841314998985553,7,sr,1.060e-14
7.6250000000000009,10.809654385945837,7,sr,1.404e-15
7.6375000000000002,10.7782027546649,7,sr,3.148e-14
7.6500000000000004,10.746960448548455,7,sr,3.820e-14
7.6625000000000005,10.715927870060217,7,sr,3.833e-15
7.6750000000000007,10.685105483094601,7,sr,8.785e-15
7.6875000000000009,10.654493815476082,7,sr,1.454e-15
7.7000000000000002,10.624093461591837,7,sr,1.809e-14
7.7125000000000004,10.593905085165352,7,sr,1.767e-14
7.7250000000000005,10.563929422179028,7,sr,2.360e-14
7.7375000000000007,10.534167283953991,7,sr,3.386e-15
7.7500000000000009,10.50461956039597,7,sr,4.199e-15
7.7625000000000002,10.475287223416377,7,sr,1.573e-15
7.7750000000000004,10.446171330538316,7,sr,6.793e-15
7.7875000000000005,10.417273028697618,7,sr,3.741e-14
7.8000000000000007,10.388593558249454,7,sr,1.868e-14
7.8125000000000009,10.360134257191378,7,sr,4.384e-15
7.8250000000000002,10.331896565614738,7,sr,1.783e-14
7.8375000000000004,10.303882030395705,7,sr,1.090e-14
7.8500000000000005,10.276092310138626,7,sr,3.831e-15
7.8625000000000007,10.248529180384372,7,sr,2.217e-14
7.8750000000000009,10.221194539096286,7,sr,9.569e-15
7.8875000000000002,10.194090412437529,7,sr,4.146e-15
7.9000000000000004,10.167218960852569,7,sr,2.773e-14
7.9125000000000005,10.140582485467,7,sr,2.903e-15
7.9250000000000007,10.114183434818376,7,sr,5.746e-15
7.9375000000000009,10.088024411931928,7,sr,2.843e-14
7.9500000000000002,10.062108181753361,7,sr,1.832e-14
7.9625000000000004,10.036437678951286,7,sr,8.507e-15
7.9750000000000005,10.011016016099857,7,sr,1.022e-15
7.9875000000000007,9.9858464922519179,7,sr,6.609e-15
8,9.960932601910276,7,sr,3.997e-15
8.0124999999999993,9.936278044402906,7,sr,7.143e-15
8.0250000000000004,9.9118867336647778,7,sr,1.562e-14
8.0374999999999996,9.8877628084254638,7,sr,1.781e-14
8.0499999999999989,9.8639106427967587,7,sr,3.665e-16
8.0625,9.8403348572496263,7,sr,4.996e-15
8.0749999999999993,9.8170403299619213,7,sr,9.509e-15
8.0875000000000004,9.7940322085109646,7,sr,8.047e-15
8.0999999999999996,9.7713159218743524,7,sr,4.947e-15
8.1124999999999989,9.7488971926907713,7,sr,4.265e-15
8.125,9.7267820497176647,7,sr,6.784e-15
8.1374999999999993,9.7049768404059993,7,sr,1.762e-13
8.1500000000000004,9.6834882434922687,7,sr,5.809e-15
8.1624999999999996,9.6623232814813083,7,sr,6.184e-15
8.1749999999999989,9.64148933287135,7,sr,2.888e-15
8.1875,9.620994143931572,7,sr,2.199e-16
8.1999999999999993,9.6008458398107219,7,sr,2.556e-15
8.2125000000000004,9.5810529347067117,7,sr,1.110e-16
8.2249999999999996,9.5616243407765005,7,sr,3.328e-15
8.2374999999999989,9.5425693754053729,7,sr,5.960e-15
8.25,9.523897766386094,7,sr,4.695e-16
8.2624999999999993,9.5056196544802347,7,sr,9.886e-16
8.2750000000000004,9.487745592744826,7,sr,3.982e-15
8.2874999999999996,9.4702865419079902,7,sr,4.031e-15
8.2999999999999989,9.4532538609653507,7,sr,4.407e-15
8.3125,9.4366592920455705,7,sr,1.518e-15
8.3249999999999993,9.4205149384588918,7,sr,1.333e-15
8.3375000000000004,9.4048332346945855,7,sr,1.951e-12
8.3499999999999996,9.3896269069876368,7,sr,7.937e-12
8.3624999999999989,9.3749089229262861,7,sr,4.663e-13
8.375,9.3606924282886226,7,sr,2.096e-15
8.3874999999999993,9.3469906694699763,7,sr,1.276e-15
8.4000000000000004,9.3338168992702197,7,sr,8.139e-12
8.4124999999999996,9.3211842640103306,7,sr,2.087e-15
8.4249999999999989,9.3091056699456338,7,sr,1.564e-11
8.4375,9.2975936265896895,7,sr,4.587e-17
8.4499999999999993,9.2866600647699613,7,sr,1.489e-15
8.4625000000000004,9.276316128033578,7,sr,4.437e-17
8.4749999999999996,9.2665719351999432,7,sr,8.292e-16
8.4874999999999989,9.2574363134795661,7,sr,4.294e-16
8.5,9.2489165017586252,7,sr,6.771e-12
8.5124999999999993,9.2410178249294859,7,sr,2.000e-16
8.5250000000000004,9.2337433411345966,7,sr,5.000e-12
8.5374999999999996,9.2270934661069539,7,sr,6.658e-16
8.5499999999999989,9.2210655797438488,7,sr,4.899e-16
8.5625,9.2156536233861992,7,sr,7.921e-16
8.5749999999999993,9.2108476978496885,7,sr,1.490e-15
8.5875000000000004,9.2066336754166294,7,sr,6.212e-16
8.5999999999999996,9.2029928413020272,7,sr,3.191e-13
8.6124999999999989,9.1999015824622319,7,sr,5.896e-15
8.625,9.197331143380822,7,sr,9.417e-16
8.6374999999999993,9.1952474693442845,7,sr,1.048e-15
8.6500000000000004,9.1936111575164414,7,sr,1.247e-12
8.6624999999999996,9.1923775343587444,7,sr,3.870e-16
8.6749999999999989,9.1914968746636703,7,sr,6.528e-16
8.6875,9.1909147721926772,7,sr,1.142e-16
8.6999999999999993,9.1905726653371236,7,sr,6.645e-17
8.7125000000000004,9.1904085130062096,7,sr,9.442e-12
8.7249999999999996,9.1903576069950521,7,sr,3.693e-12
8.7374999999999989,9.1903534986949538,7,sr,1.268e-12
8.75,9.1903290089180825,7,sr,1.044e-13
8.7624999999999993,9.1902172842878826,7,sr,6.820e-15
8.7750000000000004,9.1899528588550581,7,sr,2.748e-14
8.7874999999999996,9.1894726787988379,7,sr,8.624e-12
8.7999999999999989,9.1887170501495312,7,sr,1.607e-15
8.8125,9.1876304738834325,7,sr,9.946e-17
8.8249999999999993,9.1861623411428823,7,sr,1.101e-12
8.8375000000000004,9.1842674689736281,7,sr,1.442e-16
8.8499999999999996,9.1819064676561943,7,sr,2.260e-12
8.8624999999999989,9.1790459398081534,7,sr,2.068e-16
8.875,9.1756585197556344,7,sr,5.083e-13
8.8874999999999993,9.1717227689145453,7,sr,1.735e-12
8.9000000000000004,9.1672229474538582,7,sr,1.564e-12
8.9124999999999996,9.162148685680112,7,sr,7.835e-13
8.9249999999999989,9.1564945795013948,7,sr,2.080e-13
8.9375,9.1502597337014997,7,sr,6.807e-14
8.9499999999999993,9.143447274940403,7,sr,1.332e-15
8.9625000000000004,9.1360638536655703,7,sr,2.679e-12
8.9749999999999996,9.1281191509595008,7,sr,1.243e-15
8.9874999999999989,9.1196254031204553,7,sr,2.614e-16
9,9.1105969533372217,7,sr,2.924e-12
9.0124999999999993,9.1010498371567525,7,sr,9.445e-12
9.0250000000000004,9.0910014056762467,7,sr,1.119e-11
9.0374999999999996,9.0804699884012372,7,sr,3.952e-12
9.0499999999999989,9.0694745959244525,7,sr,7.117e-16
9.0625,9.0580346612869302,7,sr,9.171e-16
9.0749999999999993,9.0461698180946559,7,sr,1.188e-11
9.0875000000000004,9.0338997128142999,7,sr,6.993e-16
9.0999999999999996,9.0212438479601342,7,sr,1.778e-15
9.1124999999999989,9.0082214535292184,7,sr,3.101e-16
9.125,8.9948513830426169,7,sr,1.156e-15
9.1374999999999993,8.9811520314225159,7,sr,2.939e-15
9.1500000000000004,8.967141271720843,7,sr,3.097e-15
9.1624999999999996,8.9528364080417457,7,sr,1.657e-16
9.1749999999999989,8.9382541422281072,7,sr,1.460e-15
9.1875,8.9234105521326494,7,sr,1.255e-15
9.1999999999999993,8.9083210795417997,7,sr,2.087e-15
9.2125000000000004,8.893000526057838,7,sr,2.473e-15
9.2249999999999996,8.8774630554666771,7,sr,9.568e-15
9.2374999999999989,8.8617222013218822,7,sr,5.222e-15
9.25,8.8457908786594093,7,sr,2.959e-15
9.2624999999999993,8.8296813989216218,7,sr,2.130e-15
9.2750000000000004,8.8134054873136218,7,sr,5.715e-15
9.2874999999999996,8.7969743019418445,7,sr,9.017e-15
9.2999999999999989,8.7803984541775488,7,sr,2.698e-11
9.3125,8.7636880299196775,7,sr,4.638e-15
9.3249999999999993,8.7468526110328302,7,sr,1.202e-14
9.3375000000000004,8.7299012972654264,7,sr,3.066e-15
9.3499999999999996,8.7128427278110028,7,sr,1.601e-14
9.3624999999999989,8.6956851026857862,7,sr,1.818e-15
9.375,8.6784362036564939,7,sr,1.176e-14
9.3874999999999993,8.6611034146237653,7,sr,7.819e-15
9.4000000000000004,8.6436937413787884,7,sr,7.917e-15
9.4124999999999996,8.6262138306733149,7,sr,1.007e-14
9.4249999999999989,8.6086699885635003,7,sr,3.572e-15
9.4375,8.5910681980027892,7,sr,9.263e-15
9.4499999999999993,8.573414135672758,7,sr,1.341e-14
9.4625000000000004,8.5557131880498982,7,sr,7.476e-15
9.4749999999999996,8.5379704667155227,7,sr,3.616e-14
9.4874999999999989,8.5201908229381456,7,sr,4.027e-11
9.5,8.502378861426438,7,sr,5.807e-14
9.5124999999999993,8.4845389536344413,7,sr,2.737e-15
9.5250000000000004,8.4666752500412379,7,sr,4.767e-14
9.5374999999999996,8.448791692033284,7,sr,1.077e-14
9.5499999999999989,8.4308920230539321,7,sr,2.076e-14
9.5625,8.4129797991693742,7,sr,4.645e-14
9.5749999999999993,8.3950583990623802,7,sr,5.832e-12
9.5875000000000004,8.3771310334675704,7,sr,7.700e-14
9.5999999999999996,8.3592007541194349,7,sr,1.294e-15
9.6125000000000007,8.341270462165058,7,sr,5.162e-14
9.625,8.3233429161429626,7,sr,3.566e-14
9.6374999999999993,8.3054207395067916,7,sr,9.747e-16
9.6500000000000004,8.2875064277343231,7,sr,1.182e-13
9.6624999999999996,8.2696023550417959,7,sr,1.622e-15
9.6750000000000007,8.2517107807255599,7,sr,8.196e-14
9.6875,8.2338338551533585,7,sr,1.044e-14
9.6999999999999993,8.2159736254232971,7,sr,2.410e-14
9.7125000000000004,8.1981320407115454,7,sr,6.718e-14
9.7249999999999996,8.1803109573250836,7,sr,3.094e-15
9.7375000000000007,8.162512143477926,7,sr,1.413e-13
9.75,8.1447372838061156,7,sr,7.325e-15
9.7624999999999993,8.1269879836366279,7,sr,1.215e-13
9.7750000000000004,8.1092657730258413,7,sr,3.762e-15
9.7874999999999996,8.0915721105790901,7,sr,9.129e-14
9.8000000000000007,8.0739083870662753,7,sr,7.918e-15
9.8125,8.0562759288435366,7,sr,6.828e-14
9.8249999999999993,8.0386760010941281,7,sr,1.955e-14
9.8375000000000004,8.0211098108975083,7,sr,4.801e-14
9.8499999999999996,8.0035785101382029,7,sr,2.756e-14
9.8625000000000007,7.9860831982624223,7,sr,4.077e-14
9.875,7.9686249248926577,7,sr,2.418e-14
9.8874999999999993,7.9512046923073072,7,sr,5.713e-14
9.9000000000000004,7.9338234577943982,7,sr,2.183e-14
9.9124999999999996,7.9164821358855839,7,sr,8.143e-14
9.9250000000000007,7.899181600478502,7,sr,5.384e-15
9.9375,7.8819226868528309,7,sr,1.042e-13
9.9499999999999993,7.8647061935874056,7,sr,6.430e-15
9.9625000000000004,7.8475328843828613,7,sr,1.149e-13
9.9749999999999996,7.8304034897963302,7,sr,6.648e-15
9.9875000000000007,7.8133187088928215,7,sr,4.128e-14
10,7.7962792108176613,7,sr,5.183e-14
7.2625000000000002,14.993970996488693,8,sr,8.412e-15
7.2750000000000004,14.945483948242765,8,sr,1.364e-14
7.2875000000000005,14.897270009532294,8,sr,4.610e-15
7.3000000000000007,14.849328118570451,8,sr,6.069e-15
7.3125000000000009,14.801657241864039,8,sr,8.933e-15
7.3250000000000002,14.754256374868486,8,sr,5.692e-15
7.3375000000000004,14.707124542673355,8,sr,1.050e-14
7.3500000000000005,14.660260800720399,8,sr,9.233e-15
7.3625000000000007,14.613664235555992,8,sr,9.310e-15
7.3750000000000009,14.567333965620211,8,sr,2.005e-14
7.3875000000000002,14.521269142074752,8,sr,1.217e-15
7.4000000000000004,14.475468949671864,8,sr,2.755e-15
7.4125000000000005,14.429932607665169,8,sr,7.097e-12
7.4250000000000007,14.384659370782446,8,sr,1.436e-11
7.4375000000000009,14.339648530194284,8,sr,1.182e-12
7.4500000000000002,14.29489941462772,8,sr,1.615e-11
7.4625000000000004,14.250411391457714,8,sr,2.427e-15
7.4750000000000005,14.206183867853802,8,sr,1.233e-14
7.4875000000000007,14.162216292059227,8,sr,2.598e-14
7.5000000000000009,14.118508154669188,8,sr,3.635e-14
7.5125000000000002,14.075058989999272,8,sr,2.443e-11
7.5250000000000004,14.031868377566763,8,sr,1.355e-14
7.5375000000000005,13.98893594354193,8,sr,8.616e-15
7.5500000000000007,13.946261362426892,8,sr,4.465e-15
7.5625000000000009,13.903844358714597,8,sr,2.060e-14
7.5750000000000002,13.86168470868467,8,sr,2.145e-14
7.5875000000000004,13.819782242268726,8,sr,7.316e-11
7.6000000000000005,13.778136845158537,8,sr,3.695e-14
7.6125000000000007,13.736748460682829,8,sr,2.659e-14
7.6250000000000009,13.695617092261354,8,sr,1.101e-15
7.6375000000000002,13.654742805659906,8,sr,5.592e-11
7.6500000000000004,13.614125731407611,8,sr,9.970e-15
7.6625000000000005,13.573766067608627,8,sr,1.235e-14
7.6750000000000007,13.533664082539522,8,sr,2.521e-14
7.6875000000000009,13.493820117682716,8,sr,2.579e-14
7.7000000000000002,13.454234590821677,8,sr,8.630e-16
7.7125000000000004,13.414907999332737,8,sr,1.205e-11
7.7250000000000005,13.37584092369657,8,sr,2.360e-15
7.7375000000000007,13.337034031152365,8,sr,3.428e-14
7.7500000000000009,13.298488079656991,8,sr,2.583e-14
7.7625000000000002,13.260203922013861,8,sr,2.672e-15
7.7750000000000004,13.222182510276546,8,sr,4.120e-14
7.7875000000000005,13.184424900412637,8,sr,9.963e-16
7.8000000000000007,13.146932257249356,8,sr,3.088e-14
7.8125000000000009,13.109705859732221,8,sr,3.242e-11
7.8250000000000002,13.072747106424927,8,sr,4.117e-14
7.8375000000000004,13.036057521542665,8,sr,7.947e-15
7.8500000000000005,12.999638761088272,8,sr,2.941e-15
7.8625000000000007,12.963492619565972,8,sr,2.673e-14
7.8750000000000009,12.927621037026126,8,sr,3.571e-14
7.8875000000000002,12.892026106556887,8,sr,2.485e-14
7.9000000000000004,12.856710082237003,8,sr,1.936e-14
7.9125000000000005,12.821675387577875,8,sr,1.003e-14
7.9250000000000007,12.786924624485341,8,sr,2.538e-14
7.9375000000000009,12.752460582772031,8,sr,3.308e-14
7.9500000000000002,12.718286250253023,8,sr,1.671e-14
7.9625000000000004,12.684404823458484,8,sr,4.329e-15
7.9750000000000005,12.650819718998775,8,sr,3.890e-15
7.9875000000000007,12.617534585617124,8,sr,2.429e-14
8,12.584553316966925,8,sr,2.279e-16
8.0124999999999993,12.551880065150536,8,sr,1.006e-14
8.0250000000000004,12.519519255055926,8,sr,1.483e-15
8.0374999999999996,12.487475599527565,8,sr,1.984e-14
8.0499999999999989,12.455754115406171,8,sr,1.377e-15
8.0625,12.424360140469332,8,sr,3.566e-15
8.0749999999999993,12.393299351302399,8,sr,1.401e-14
8.0875000000000004,12.362577782123152,8,sr,1.090e-14
8.0999999999999996,12.332201844578179,8,sr,6.643e-15
8.1124999999999989,12.302178348519538,8,sr,7.564e-15
8.125,12.272514523759273,8,sr,7.324e-15
8.1374999999999993,12.243218042785157,8,sr,7.481e-15
8.1500000000000004,12.214297044402599,8,sr,1.878e-15
8.1624999999999996,12.185760158245001,8,sr,1.338e-15
8.1749999999999989,12.157616530066681,8,sr,3.390e-15
8.1875,12.129875847694874,8,sr,3.518e-12
8.1999999999999993,12.102548367496768,8,sr,4.196e-15
8.2125000000000004,12.075644941088076,8,sr,1.616e-15
8.2249999999999996,12.04917704210146,8,sr,2.709e-15
8.2374999999999989,12.023156792563412,8,sr,3.128e-15
8.25,11.997596988491845,8,sr,2.108e-15
8.2624999999999993,11.972511124139869,8,sr,1.963e-15
8.2750000000000004,11.947913414203621,8,sr,3.854e-16
8.2874999999999996,11.923818813155938,8,sr,1.461e-15
8.2999999999999989,11.900243030687122,8,sr,8.505e-16
8.3125,11.877202542023436,8,sr,1.358e-15
8.3249999999999993,11.854714591643107,8,sr,5.821e-12
8.3375000000000004,11.832797188680471,8,sr,1.007e-15
8.3499999999999996,11.811469091807057,8,sr,1.780e-15
8.3624999999999989,11.790749781381415,8,sr,1.844e-15
8.375,11.770659415804539,8,sr,1.714e-15
8.3874999999999993,11.751218768944517,8,sr,1.775e-15
8.4000000000000004,11.732449144845361,8,sr,9.167e-16
8.4124999999999996,11.714372265489983,8,sr,9.447e-12
8.4249999999999989,11.697010127007886,8,sr,4.851e-16
8.4375,11.680384818889593,8,sr,4.759e-16
8.4499999999999993,11.664518301146204,8,sr,3.620e-12
8.4625000000000004,11.649432133195097,8,sr,4.033e-12
8.4749999999999996,11.635147148855378,8,sr,2.368e-15
8.4874999999999989,11.621683071839081,8,sr,1.202e-15
8.5,11.609058066841314,8,sr,4.999e-12
8.5124999999999993,11.597288222430343,8,sr,1.389e-15
8.5250000000000004,11.586386963749856,8,sr,7.575e-17
8.5374999999999996,11.576364396104619,8,sr,1.860e-16
8.5499999999999989,11.567226583533099,8,sr,1.462e-16
8.5625,11.558974771665101,8,sr,1.233e-12
8.5749999999999993,11.551604569678334,8,sr,1.166e-15
8.5875000000000004,11.545105112919613,8,sr,8.997e-12
8.5999999999999996,11.539458235189436,8,sr,1.467e-14
8.6124999999999989,11.534637687821164,8,sr,3.206e-14
8.625,11.530608448960908,8,sr,4.337e-16
8.6374999999999993,11.527326173832469,8,sr,9.231e-16
8.6500000000000004,11.524736839109092,8,sr,5.054e-14
8.6624999999999996,11.522776634967878,8,sr,1.281e-12
8.6749999999999989,11.521372153292058,8,sr,1.114e-15
8.6875,11.520440910135921,8,sr,5.447e-16
8.6999999999999993,11.519892224150494,8,sr,7.071e-15
8.7125000000000004,11.519628451498686,8,sr,6.211e-14
8.7249999999999996,11.51954655253167,8,sr,6.397e-14
8.7374999999999989,11.519539939273029,8,sr,3.576e-14
8.75,11.519500528171955,8,sr,4.430e-15
8.7624999999999993,11.519320903014334,8,sr,1.482e-12
8.7750000000000004,11.518896481135437,8,sr,1.962e-12
8.7874999999999996,11.518127573784444,8,sr,1.390e-15
8.7999999999999989,11.516921239889276,8,sr,1.010e-12
8.8125,11.515192849041194,8,sr,2.983e-14
8.8249999999999993,11.512867294042779,8,sr,6.732e-16
8.8375000000000004,11.50987982071547,8,sr,3.380e-12
8.8499999999999996,11.506176470605476,8,sr,8.607e-13
8.8624999999999989,11.501714157144576,8,sr,1.271e-12
8.875,11.496460416151496,8,sr,9.052e-13
8.8874999999999993,11.490392884631483,8,sr,7.614e-14
8.9000000000000004,11.48349856933581,8,sr,9.840e-16
8.9124999999999996,11.47577296744398,8,sr,1.641e-13
8.9249999999999989,11.467219098144996,8,sr,1.702e-12
8.9375,11.457846496946859,8,sr,8.303e-16
8.9499999999999993,11.447670215725294,8,sr,1.504e-15
8.9625000000000004,11.436709861822411,8,sr,6.148e-12
8.9749999999999996,11.424988700359902,8,sr,2.977e-13
8.9874999999999989,11.41253283569492,8,sr,2.852e-16
9,11.399370480299707,8,sr,1.168e-15
9.0124999999999993,11.385531314452916,8,sr,3.364e-12
9.0250000000000004,11.371045935135136,8,sr,1.275e-11
9.0374999999999996,11.355945389819002,8,sr,1.351e-11
9.0499999999999989,11.340260788827701,8,sr,1.715e-12
9.0625,11.324022988631141,8,sr,7.332e-16
9.0749999999999993,11.307262337984509,8,sr,1.682e-15
9.0875000000000004,11.290008479115027,8,sr,2.953e-15
9.0999999999999996,11.272290196061016,8,sr,6.311e-16
9.1124999999999989,11.254135303070939,8,sr,1.484e-16
9.125,11.235570566580645,8,sr,1.955e-11
9.1374999999999993,11.21662165482862,8,sr,3.338e-15
9.1500000000000004,11.197313110480875,8,sr,2.092e-15
9.1624999999999996,11.177668341132913,8,sr,2.024e-15
9.1749999999999989,11.157709624681884,8,sr,3.524e-15
9.1875,11.137458125950346,8,sr,2.262e-15
9.1999999999999993,11.116933922053459,8,sr,4.434e-15
9.2125000000000004,11.096156034282998,8,sr,2.741e-15
9.2249999999999996,11.075142464697613,8,sr,4.081e-12
9.2374999999999989,11.053910235917231,8,sr,2.600e-15
9.25,11.032475432996392,8,sr,6.900e-15
9.2624999999999993,11.01085324630605,8,sr,6.097e-16
9.2750000000000004,10.989058014784179,8,sr,3.592e-15
9.2874999999999996,10.967103268897226,8,sr,8.995e-15
9.2999999999999989,10.94500177288319,8,sr,4.151e-15
9.3125,10.92276556593302,8,sr,1.543e-14
9.3249999999999993,10.900406002052691,8,sr,1.461e-11
9.3375000000000004,10.877933788494259,8,sr,7.942e-15
9.3499999999999996,10.855359022435477,8,sr,2.304e-11
9.3624999999999989,10.832691226251988,8,sr,2.190e-14
9.375,10.809939380747904,8,sr,2.088e-15
9.3874999999999993,10.787111957005902,8,sr,2.581e-14
9.4000000000000004,10.764216946339022,8,sr,7.147e-17
9.4124999999999996,10.741261888673025,8,sr,1.578e-14
9.4249999999999989,10.718253899313158,8,sr,1.415e-14
9.4375,10.695199694182239,8,sr,3.502e-11
9.4499999999999993,10.672105613475535,8,sr,4.374e-14
9.4625000000000004,10.648977644153293,8,sr,5.705e-15
9.4749999999999996,10.625821440748894,8,sr,2.155e-15
9.4874999999999989,10.602642345153441,8,sr,5.536e-14
9.5,10.579445405090437,8,sr,2.914e-15
9.5124999999999993,10.55623539146751,8,sr,3.352e-14
9.5250000000000004,10.533016814653301,8,sr,4.106e-14
9.5374999999999996,10.509793939743814,8,sr,1.546e-15
9.5499999999999989,10.486570800879647,8,sr,5.583e-14
9.5625,10.463351214671912,8,sr,2.675e-14
9.5749999999999993,10.44013879280504,8,sr,3.306e-11
9.5875000000000004,10.416936953783788,8,sr,8.686e-14
9.5999999999999996,10.393748934131343,8,sr,1.908e-14
9.6125000000000007,10.370577798656063,8,sr,5.528e-15
9.625,10.347426450261542,8,sr,1.185e-13
9.6374999999999993,10.324297639082843,8,sr,1.672e-15
9.6500000000000004,10.301193971073959,8,sr,5.211e-14
9.6624999999999996,10.278117916071908,8,sr,6.116e-14
9.6750000000000007,10.255071815373936,8,sr,1.283e-11
9.6875,10.232057888833239,8,sr,1.213e-13
9.6999999999999993,10.209078241587136,8,sr,1.194e-15
9.7125000000000004,10.186134870303656,8,sr,4.840e-14
9.7249999999999996,10.163229669115864,8,sr,6.408e-14
9.7375000000000007,10.140364435181189,8,sr,1.504e-15
9.75,10.117540873918774,8,sr,1.393e-13
9.7624999999999993,10.094760603940113,8,sr,8.871e-15
9.7750000000000004,10.072025161694693,8,sr,1.484e-13
9.7874999999999996,10.049336005847323,8,sr,5.901e-15
9.8000000000000007,10.026694521405039,8,sr,1.076e-13
9.8125,10.004102023610425,8,sr,9.216e-15
9.8249999999999993,9.981559761614422,8,sr,1.041e-13
9.8375000000000004,9.9590689219446844,8,sr,4.618e-15
9.8499999999999996,9.9366306317805186,8,sr,1.056e-13
9.8625000000000007,9.914245962048323,8,sr,1.000e-14
9.875,9.8919159303471886,8,sr,1.304e-13
9.8874999999999993,9.8696415037168777,8,sr,3.712e-15
9.9000000000000004,9.8474236012562901,8,sr,1.553e-13
9.9124999999999996,9.8252630966036012,8,sr,7.042e-15
9.9250000000000007,9.8031608202845533,8,sr,7.074e-14
9.9375,9.7811175619389079,8,sr,4.773e-14
9.9499999999999993,9.7591340724314115,8,sr,1.044e-14
9.9625000000000004,9.7372110658543374,8,sr,1.433e-13
9.9749999999999996,9.7153492214290882,8,sr,4.268e-15
9.9875000000000007,9.6935491853116567,8,sr,1.805e-14
10,9.671811572309176,8,sr,9.600e-14
8.1749999999999989,14.967742497691047,9,sr,1.036e-14
8.1875,14.931765024001777,9,sr,4.614e-15
8.1999999999999993,14.89626584252739,9,sr,1.854e-15
8.2125000000000004,14.861257862260592,9,sr,1.530e-15
8.2249999999999996,14.826754839868872,9,sr,5.135e-15
8.2374999999999989,14.792771428895472,9,sr,6.237e-16
8.25,14.759323230362245,9,sr,9.931e-13
8.2624999999999993,14.726426844351144,9,sr,7.111e-16
8.2750000000000004,14.694099922019706,9,sr,2.095e-15
8.2874999999999996,14.662361217270536,9,sr,8.434e-16
8.2999999999999989,14.63123063713606,9,sr,5.690e-16
8.3125,14.600729289611909,9,sr,1.573e-15
8.3249999999999993,14.570879527364957,9,sr,2.040e-15
8.3375000000000004,14.541704985331048,9,sr,5.958e-16
8.3499999999999996,14.513230609735601,9,sr,4.781e-16
8.3624999999999989,14.485482675495771,9,sr,1.452e-15
8.375,14.458488788286875,9,sr,1.652e-15
8.3874999999999993,14.43227786676777,9,sr,1.214e-15
8.4000000000000004,14.406880099553733,9,sr,1.725e-16
8.4124999999999996,14.382326870500066,9,sr,1.810e-15
8.4249999999999989,14.358650644731176,9,sr,6.182e-12
8.4375,14.335884806539287,9,sr,1.857e-15
8.4499999999999993,14.314063439256742,9,sr,1.038e-11
8.4625000000000004,14.29322103553058,9,sr,7.553e-12
8.4749999999999996,14.273392125369378,9,sr,1.141e-11
8.4874999999999989,14.254610809106371,9,sr,1.282e-12
8.5,14.236910180830611,9,sr,3.703e-17
8.5124999999999993,14.220321628742068,9,sr,1.852e-15
8.5250000000000004,14.204874000630873,9,sr,7.501e-14
8.5374999999999996,14.190592624627607,9,sr,2.363e-15
8.5499999999999989,14.177498180736334,9,sr,4.140e-12
8.5625,14.165605425676556,9,sr,1.668e-15
8.5749999999999993,14.154921783291663,9,sr,6.757e-15
8.5875000000000004,14.145445826445881,9,sr,2.010e-15
8.5999999999999996,14.137165691766125,9,sr,8.518e-16
8.6124999999999989,14.130057487887244,9,sr,1.555e-12
8.625,14.124083777673004,9,sr,1.613e-13
8.6374999999999993,14.119192234685915,9,sr,1.999e-13
8.6500000000000004,14.115314590161356,9,sr,1.485e-16
8.6624999999999996,14.112365996422172,9,sr,3.523e-16
8.6749999999999989,14.110244931092376,9,sr,7.141e-12
8.6875,14.108833750896459,9,sr,4.071e-13
8.6999999999999993,14.107999972549758,9,sr,6.321e-13
8.7125000000000004,14.107598308812609,9,sr,5.347e-13
8.7249999999999996,14.107473428229355,9,sr,5.618e-16
8.7374999999999989,14.107463337922947,9,sr,6.755e-12
8.75,14.107403224310103,9,sr,4.124e-14
8.7624999999999993,14.107129533124139,9,sr,2.437e-13
8.7750000000000004,14.106484040580293,9,sr,3.262e-13
8.7874999999999996,14.105317662748664,9,sr,3.664e-14
8.7999999999999989,14.103493777169152,9,sr,1.170e-16
8.8125,14.100890880397971,9,sr,3.346e-13
8.8249999999999993,14.097404471969758,9,sr,1.066e-12
8.8375000000000004,14.092948127644043,9,sr,2.539e-15
8.8499999999999996,14.08745379249471,9,sr,1.039e-12
8.8624999999999989,14.080871379481607,9,sr,2.879e-13
8.875,14.073167796283938,9,sr,5.700e-16
8.8874999999999993,14.064325542214547,9,sr,1.367e-15
8.9000000000000004,14.054341018722344,9,sr,1.394e-15
8.9124999999999996,14.043222686064411,9,sr,9.824e-16
8.9249999999999989,14.030989179137869,9,sr,1.090e-12
8.9375,14.017667471738964,9,sr,6.456e-16
8.9499999999999993,14.003291154272299,9,sr,1.047e-15
8.9625000000000004,13.987898867345994,9,sr,4.797e-16
8.9749999999999996,13.971532914782751,9,sr,8.330e-12
8.9874999999999989,13.954238064146868,9,sr,1.427e-15
9,13.936060532214679,9,sr,8.617e-12
9.0124999999999993,13.917047144058145,9,sr,6.421e-12
9.0250000000000004,13.897244651347993,9,sr,9.975e-13
9.0374999999999996,13.876699190963636,9,sr,2.131e-12
9.0499999999999989,13.855455866412264,9,sr,4.931e-12
9.0625,13.833558433161555,9,sr,2.594e-15
9.0749999999999993,13.811049071510759,9,sr,8.167e-12
9.0875000000000004,13.787968231331446,9,sr,6.423e-16
9.0999999999999996,13.764354535253178,9,sr,1.643e-15
9.1124999999999989,13.740244728817308,9,sr,3.617e-12
9.125,13.715673667258393,9,sr,1.691e-11
9.1374999999999993,13.690674331004562,9,sr,1.462e-11
9.1500000000000004,13.665277862461222,9,sr,7.076e-12
9.1624999999999996,13.639513618871829,9,sr,1.450e-15
9.1749999999999989,13.613409236622099,9,sr,1.689e-15
9.1875,13.586990702926167,9,sr,8.227e-15
9.1999999999999993,13.560282432461648,9,sr,1.216e-11
9.2125000000000004,13.533307346348593,9,sr,1.841e-15
9.2249999999999996,13.506086952017846,9,sr,1.588e-16
9.2374999999999989,13.478641422239699,9,sr,2.196e-15
9.25,13.450989672706735,9,sr,1.411e-15
9.2624999999999993,13.423149437217576,9,sr,9.506e-15
9.2750000000000004,13.395137340038904,9,sr,5.879e-12
9.2874999999999996,13.366968965070722,9,sr,9.824e-15
9.2999999999999989,13.338658921703933,9,sr,2.137e-15
9.3125,13.31022090713415,9,sr,1.956e-11
9.3249999999999993,13.281667765171322,9,sr,1.684e-14
9.3375000000000004,13.253011541764403,9,sr,5.063e-15
9.3499999999999996,13.22426353689921,9,sr,6.673e-17
9.3624999999999989,13.19543435343004,9,sr,1.557e-15
9.375,13.166533942705373,9,sr,1.497e-14
9.3874999999999993,13.137571647224986,9,sr,3.552e-14
9.4000000000000004,13.108556240468634,9,sr,9.462e-15
9.4124999999999996,13.079495964054411,9,sr,7.950e-16
9.4249999999999989,13.050398562382732,9,sr,8.054e-16
9.4375,13.021271314921316,9,sr,3.232e-14
9.4499999999999993,12.992121066281108,9,sr,5.029e-14
9.4625000000000004,12.962954254227691,9,sr,4.557e-14
9.4749999999999996,12.933776935766478,9,sr,2.440e-15
9.4874999999999989,12.90459481143362,9,sr,6.482e-15
9.5,12.875413247915795,9,sr,7.114e-16
9.5124999999999993,12.846237299116714,9,sr,3.041e-14
9.5250000000000004,12.81707172577965,9,sr,6.094e-14
9.5374999999999996,12.787921013768885,9,sr,6.057e-14
9.5499999999999989,12.758789391105488,9,sr,3.510e-15
9.5625,12.729680843847929,9,sr,1.733e-15
9.5749999999999993,12.700599130899187,9,sr,1.434e-14
9.5875000000000004,12.671547797818764,9,sr,8.523e-14
9.5999999999999996,12.642530189711074,9,sr,1.119e-13
9.6125000000000007,12.613549463256007,9,sr,1.752e-14
9.625,12.584608597945056,9,sr,3.470e-15
9.6374999999999993,12.555710406577967,9,sr,1.462e-14
9.6500000000000004,12.526857545074515,9,sr,1.114e-13
9.6624999999999996,12.498052521649743,9,sr,6.791e-14
9.6750000000000007,12.469297705397445,9,sr,3.867e-15
9.6875,12.440595334325394,9,sr,8.886e-15
9.6999999999999993,12.411947522879107,9,sr,1.295e-13
9.7125000000000004,12.383356268991854,9,sr,4.978e-14
9.7249999999999996,12.354823460692577,9,sr,1.208e-14
9.7375000000000007,12.326350882304229,9,sr,9.094e-14
9.75,12.297940220259362,9,sr,1.251e-13
9.7624999999999993,12.269593068559873,9,sr,3.613e-15
9.7750000000000004,12.241310933906352,9,sr,8.199e-14
9.7874999999999996,12.213095240517882,9,sr,8.942e-14
9.8000000000000007,12.184947334664269,9,sr,1.039e-14
9.8125,12.156868488930609,9,sr,1.468e-13
9.8249999999999993,12.128859906230977,9,sr,2.205e-14
9.8375000000000004,12.100922723588504,9,sr,4.875e-14
9.8499999999999996,12.073058015698162,9,sr,1.090e-13
9.8625000000000007,12.045266798284949,9,sr,7.023e-15
9.875,12.017550031272785,9,sr,1.499e-13
9.8874999999999993,11.989908621774575,9,sr,7.309e-15
9.9000000000000004,11.962343426917002,9,sr,1.614e-13
9.9124999999999996,11.934855256509142,9,sr,6.570e-15
9.9250000000000007,11.907444875565416,9,sr,1.578e-13
9.9375,11.880113006705169,9,sr,5.120e-11
9.9499999999999993,11.852860332352023,9,sr,1.105e-13
9.9625000000000004,11.825687496993341,9,sr,9.377e-15
9.9749999999999996,11.798595109089321,9,sr,2.095e-14
9.9875000000000007,11.771583743055492,9,sr,7.408e-14
10,11.744653941076033,9,sr,1.482e-14
9.0499999999999989,-9.2816521123407174,10,sr,9.202e-19
9.0625,-8.5364123707464277,10,sr,5.054e-14
9.0749999999999993,-7.8716043357076515,10,sr,1.090e-16
9.0875000000000004,-7.2760663544178712,10,sr,2.178e-13
9.0999999999999996,-6.7405081946940433,10,sr,2.649e-13
9.1124999999999989,-6.2571467690638833,10,sr,1.256e-16
9.125,-5.8194219781562957,10,sr,4.051e-16
9.1374999999999993,-5.4217731488568814,10,sr,7.019e-17
9.1500000000000004,-5.0594617378767666,10,sr,5.769e-16
9.1624999999999996,-4.7284296731780211,10,sr,2.600e-15
9.1749999999999989,-4.4251853755321404,10,sr,1.398e-13
9.1875,-4.1467114470253517,10,sr,1.111e-16
9.1999999999999993,-3.8903894440851241,10,sr,8.701e-13
9.2125000000000004,-3.6539382144523946,10,sr,4.335e-15
9.2249999999999996,-3.4353630738329102,10,sr,1.098e-12
9.2374999999999989,-3.2329136972266861,10,sr,1.431e-14
9.25,-3.0450490589783543,10,sr,3.032e-14
9.2624999999999993,-2.8704081037061031,10,sr,1.102e-12
9.2750000000000004,-2.7077851027665822,10,sr,2.897e-14
9.2874999999999996,-2.5561088592279346,10,sr,2.167e-16
9.2999999999999989,-2.4144250900843978,10,sr,7.218e-15
9.3125,-2.281881442309087,10,sr,3.788e-16
9.3249999999999993,-2.1577147024070951,10,sr,6.580e-14
9.3375000000000004,-2.0412398399403715,10,sr,6.189e-17
9.3499999999999996,-1.9318405905190186,10,sr,9.613e-17
9.3624999999999989,-1.8289613359363734,10,sr,5.099e-14
9.375,-1.732100081168624,10,sr,1.118e-16
9.3874999999999993,-1.6408023621075798,10,sr,0.000e+00
9.4000000000000004,-1.5546559456827809,10,sr,1.314e-14
9.4124999999999996,-1.4732862067176142,10,sr,1.966e-13
9.4249999999999989,-1.3963520845410495,10,sr,7.263e-17
9.4375,-1.3235425376946328,10,sr,2.326e-13
9.4499999999999993,-1.254573427864659,10,sr,3.906e-14
9.4625000000000004,-1.1891847745867961,10,sr,1.418e-13
9.4749999999999996,-1.1271383312078176,10,sr,9.516e-17
9.4874999999999989,-1.0682154397780717,10,sr,5.534e-13
9.5,-1.0122151288423935,10,sr,4.684e-18
9.5124999999999993,-0.95895242310630813,10,sr,3.948e-13
9.5250000000000004,-0.9082568385317128,10,sr,8.659e-13
9.5374999999999996,-0.85997103986978274,10,sr,7.268e-16
9.5499999999999989,-0.8139496409216701,10,sr,6.262e-13
9.5625,-0.77005813050857974,10,sr,1.282e-12
9.5749999999999993,-0.72817190914852381,10,sr,1.645e-12
9.5875000000000004,-0.68817542384463615,10,sr,1.901e-12
9.5999999999999996,-0.64996138940729808,10,sr,2.351e-15
9.6125000000000007,-0.6134300868009962,10,sr,2.188e-12
9.625,-0.57848872989278588,10,sr,2.416e-12
9.6374999999999993,-0.54505089293928211,10,sr,1.891e-12
9.6500000000000004,-0.51303599234871844,10,sr,4.086e-12
9.6624999999999996,-0.48236881708549839,10,sr,4.009e-16
9.6750000000000007,-0.45297910206560427,10,sr,5.481e-12
9.6875,-0.42480114081378167,10,sr,1.577e-13
9.6999999999999993,-0.39777343253872127,10,sr,7.554e-12
9.7125000000000004,-0.37183836097188744,10,sr,0.000e+00
9.7249999999999996,-0.34694190091308846,10,sr,1.521e-16
9.7375000000000007,-0.32303335057775939,10,sr,1.049e-11
9.75,-0.30006508673132931,10,sr,7.696e-12
9.7624999999999993,-0.2779923402448426,10,sr,1.248e-11
9.7750000000000004,-0.25677299088700506,10,sr,2.839e-17
9.7874999999999996,-0.2363673788180079,10,sr,6.222e-17
9.8000000000000007,-0.21673813136318201,10,sr,2.324e-16
9.8125,-0.19785000402366348,10,sr,6.662e-12
9.8249999999999993,-0.17966973400605915,10,sr,1.721e-12
9.8375000000000004,-0.16216590552923782,10,sr,0.000e+00
9.8499999999999996,-0.14530882542105969,10,sr,5.503e-16
9.8625000000000007,-0.12907040853453347,10,sr,1.506e-11
9.875,-0.11342407197830527,10,sr,2.129e-12
9.8874999999999993,-0.098344637074834429,10,sr,3.594e-16
9.9000000000000004,-0.083808239149443034,10,sr,8.192e-12
9.9124999999999996,-0.069792243617498334,10,sr,1.703e-12
9.9250000000000007,-0.056275168589653077,10,sr,5.841e-16
9.9375,-0.043236612872171329,10,sr,1.181e-15
9.9499999999999993,-0.030657189378052944,10,sr,3.526e-16
9.9625000000000004,-0.018518463236340332,10,sr,2.476e-16
9.9749999999999996,-0.0068028943336770611,10,sr,4.854e-16
10,0.015424775087565755,10,sr,1.498e-11
9.6374999999999993,14.999655051530075,11,sr,9.677e-15
9.6500000000000004,14.964496166257074,11,sr,7.216e-15
9.6624999999999996,14.929407979262022,11,sr,8.880e-16
9.6750000000000007,14.894392845185569,11,sr,8.960e-16
9.6875,14.859452980097901,11,sr,1.536e-15
9.6999999999999993,14.824590469704157,11,sr,2.643e-15
9.7125000000000004,14.789807277012935,11,sr,1.416e-14
9.7249999999999996,14.75510524951704,11,sr,3.277e-11
9.7375000000000007,14.72048612585434,11,sr,1.803e-14
9.75,14.685951542187347,11,sr,3.540e-14
9.7624999999999993,14.651503037990386,11,sr,1.128e-13
9.7750000000000004,14.617142061614691,11,sr,1.663e-13
9.7874999999999996,14.5828699754524,11,sr,1.267e-13
9.8000000000000007,14.548688060791621,11,sr,2.550e-14
9.8125,14.514597522376429,11,sr,4.295e-15
9.8249999999999993,14.480599492690386,11,sr,1.179e-14
9.8375000000000004,14.446695035984231,11,sr,1.375e-13
9.8499999999999996,14.412885152064883,11,sr,1.385e-13
9.8625000000000007,14.379170779861214,11,sr,1.287e-14
9.875,14.345552800783636,11,sr,1.265e-14
9.8874999999999993,14.312032041888969,11,sr,1.613e-13
9.9000000000000004,14.278609278865744,11,sr,2.411e-14
9.9124999999999996,14.245285238850188,11,sr,9.587e-15
9.9250000000000007,14.212060603085682,11,sr,1.567e-13
9.9375,14.178936009434704,11,sr,2.829e-14
9.9499999999999993,14.14591205475311,11,sr,1.161e-14
9.9625000000000004,14.112989297136721,11,sr,1.147e-13
9.9749999999999996,14.080168258022756,11,sr,1.073e-10
9.9875000000000007,14.047449424324268,11,sr,1.430e-13
10,14.014833250097073,11,sr,3.663e-15
