q_e,eps_ratio,branch_id,type,residual
0.012500000000000001,1,0,nr,2.776e-16
0.025000000000000001,1,0,nr,2.776e-16
0.037500000000000006,1,0,nr,2.776e-16
0.050000000000000003,1,0,nr,2.776e-16
0.0625,1,0,nr,2.776e-16
0.074999999999999997,1,0,nr,2.776e-16
0.087500000000000008,1,0,nr,2.776e-16
0.10000000000000001,1,0,nr,2.776e-16
0.1125,1,0,nr,2.776e-16
0.125,1,0,nr,2.776e-16
0.13750000000000001,1,0,nr,2.776e-16
0.15000000000000002,1,0,nr,2.776e-16
0.16250000000000003,1,0,nr,2.776e-16
0.17500000000000002,1,0,nr,2.776e-16
0.18750000000000003,1,0,nr,2.776e-16
0.20000000000000001,1,0,nr,2.776e-16
0.21250000000000002,1,0,nr,2.776e-16
0.22500000000000003,1,0,nr,2.776e-16
0.23750000000000002,1,0,nr,2.776e-16
0.25,1,0,nr,2.776e-16
0.26250000000000001,1,0,nr,2.776e-16
0.27500000000000002,1,0,nr,2.776e-16
0.28750000000000003,1,0,nr,2.776e-16
0.30000000000000004,1,0,nr,2.776e-16
0.31250000000000006,1,0,nr,2.776e-16
0.32500000000000001,1,0,nr,2.776e-16
0.33750000000000002,1,0,nr,2.776e-16
0.35000000000000003,1,0,nr,2.776e-16
0.36250000000000004,1,0,nr,2.776e-16
0.37500000000000006,1,0,nr,2.776e-16
0.38750000000000001,1,0,nr,2.776e-16
0.40000000000000002,1,0,nr,2.776e-16
0.41250000000000003,1,0,nr,2.776e-16
0.42500000000000004,1,0,nr,2.776e-16
0.43750000000000006,1,0,nr,2.776e-16
0.45000000000000001,1,0,nr,2.776e-16
0.46250000000000002,1,0,nr,2.776e-16
0.47500000000000003,1,0,nr,2.776e-16
0.48750000000000004,1,0,nr,2.776e-16
0.5,1,0,nr,2.776e-16
0.51249999999999996,1,0,nr,2.776e-16
0.52500000000000002,1,0,nr,2.776e-16
0.53749999999999998,1,0,nr,2.776e-16
0.54999999999999993,1,0,nr,2.776e-16
0.5625,1,0,nr,2.776e-16
0.57499999999999996,1,0,nr,2.776e-16
0.58750000000000002,1,0,nr,2.776e-16
0.59999999999999998,1,0,nr,2.776e-16
0.61250000000000004,1,0,nr,2.776e-16
0.625,1,0,nr,2.776e-16
0.63749999999999996,1,0,nr,2.776e-16
0.65000000000000002,1,0,nr,2.776e-16
0.66249999999999998,1,0,nr,2.776e-16
0.67500000000000004,1,0,nr,2.776e-16
0.6875,1,0,nr,2.776e-16
0.69999999999999996,1,0,nr,2.776e-16
0.71250000000000002,1,0,nr,2.776e-16
0.72499999999999998,1,0,nr,2.776e-16
0.73750000000000004,1,0,nr,2.776e-16
0.75,1,0,nr,2.776e-16
0.76249999999999996,1,0,nr,2.776e-16
0.77500000000000002,1,0,nr,2.776e-16
0.78749999999999998,1,0,nr,2.776e-16
0.80000000000000004,1,0,nr,2.776e-16
0.8125,1,0,nr,2.776e-16
0.82499999999999996,1,0,nr,2.776e-16
0.83750000000000002,1,0,nr,2.776e-16
0.84999999999999998,1,0,nr,2.776e-16
0.86250000000000004,1,0,nr,2.776e-16
0.875,1,0,nr,2.776e-16
0.88749999999999996,1,0,nr,2.776e-16
0.90000000000000002,1,0,nr,2.776e-16
0.91249999999999998,1,0,nr,2.776e-16
0.92500000000000004,1,0,nr,2.776e-16
0.9375,1,0,nr,2.776e-16
0.94999999999999996,1,0,nr,2.776e-16
0.96250000000000002,1,0,nr,2.776e-16
0.97499999999999998,1,0,nr,2.776e-16
0.98750000000000004,1,0,nr,2.776e-16
1,1,0,nr,2.776e-16
1.0125,1,0,nr,2.776e-16
1.0249999999999999,1,0,nr,2.776e-16
1.0375000000000001,1,0,nr,2.776e-16
1.05,1,0,nr,2.776e-16
1.0625,1,0,nr,2.776e-16
1.075,1,0,nr,2.776e-16
1.0874999999999999,1,0,nr,2.776e-16
1.1000000000000001,1,0,nr,2.776e-16
1.1125,1,0,nr,2.776e-16
1.125,1,0,nr,2.776e-16
1.1375,1,0,nr,2.776e-16
1.1499999999999999,1,0,nr,2.776e-16
1.1625000000000001,1,0,nr,2.776e-16
1.175,1,0,nr,2.776e-16
1.1875,1,0,nr,2.776e-16
1.2,1,0,nr,2.776e-16
1.2125000000000001,1,0,nr,2.776e-16
1.2250000000000001,1,0,nr,2.776e-16
1.2375,1,0,nr,2.776e-16
1.25,1,0,nr,2.776e-16
1.2625,1,0,nr,2.776e-16
1.2750000000000001,1,0,nr,2.776e-16
1.2875000000000001,1,0,nr,2.776e-16
1.3,1,0,nr,2.776e-16
1.3125,1,0,nr,2.776e-16
1.325,1,0,nr,2.776e-16
1.3375000000000001,1,0,nr,2.776e-16
1.3500000000000001,1,0,nr,2.776e-16
1.3625,1,0,nr,2.776e-16
1.375,1,0,nr,2.776e-16
1.3875,1,0,nr,2.776e-16
1.4000000000000001,1,0,nr,2.776e-16
1.4125000000000001,1,0,nr,2.776e-16
1.425,1,0,nr,2.776e-16
1.4375,1,0,nr,2.776e-16
1.45,1,0,nr,2.776e-16
1.4625000000000001,1,0,nr,2.776e-16
1.4750000000000001,1,0,nr,2.776e-16
1.4875,1,0,nr,2.776e-16
1.5,1,0,nr,2.776e-16
1.5125,1,0,nr,2.776e-16
1.5250000000000001,1,0,nr,2.776e-16
1.5375000000000001,1,0,nr,2.776e-16
1.55,1,0,nr,2.776e-16
1.5625,1,0,nr,2.776e-16
1.575,1,0,nr,2.776e-16
1.5875000000000001,1,0,nr,2.776e-16
1.6000000000000001,1,0,nr,2.776e-16
1.6125,1,0,nr,2.776e-16
1.625,1,0,nr,2.776e-16
1.6375,1,0,nr,2.776e-16
1.6500000000000001,1,0,nr,2.776e-16
1.6625000000000001,1,0,nr,2.776e-16
1.675,1,0,nr,2.776e-16
1.6875,1,0,nr,2.776e-16
1.7,1,0,nr,2.776e-16
1.7125000000000001,1,0,nr,2.776e-16
1.7250000000000001,1,0,nr,2.776e-16
1.7375,1,0,nr,2.776e-16
1.75,1,0,nr,2.776e-16
1.7625,1,0,nr,2.776e-16
1.7750000000000001,1,0,nr,2.776e-16
1.7875000000000001,1,0,nr,2.776e-16
1.8,1,0,nr,2.776e-16
1.8125,1,0,nr,2.776e-16
1.825,1,0,nr,2.776e-16
1.8375000000000001,1,0,nr,2.776e-16
1.8500000000000001,1,0,nr,2.776e-16
1.8625,1,0,nr,2.776e-16
1.875,1,0,nr,2.776e-16
1.8875,1,0,nr,2.776e-16
1.9000000000000001,1,0,nr,2.776e-16
1.9125000000000001,1,0,nr,2.776e-16
1.925,1,0,nr,2.776e-16
1.9375,1,0,nr,2.776e-16
1.95,1,0,nr,2.776e-16
1.9625000000000001,1,0,nr,2.776e-16
1.9750000000000001,1,0,nr,2.776e-16
1.9875,1,0,nr,2.776e-16
2,1,0,nr,2.776e-16
2.0125000000000002,1,0,nr,2.776e-16
2.0250000000000004,1,0,nr,2.776e-16
2.0375000000000001,1,0,nr,2.776e-16
2.0500000000000003,1,0,nr,2.776e-16
2.0625000000000004,1,0,nr,2.776e-16
2.0750000000000002,1,0,nr,2.776e-16
2.0875000000000004,1,0,nr,2.776e-16
2.1000000000000001,1,0,nr,2.776e-16
2.1125000000000003,1,0,nr,2.776e-16
2.1250000000000004,1,0,nr,2.776e-16
2.1375000000000002,1,0,nr,2.776e-16
2.1500000000000004,1,0,nr,2.776e-16
2.1625000000000001,1,0,nr,2.776e-16
2.1750000000000003,1,0,nr,2.776e-16
2.1875000000000004,1,0,nr,2.776e-16
2.2000000000000002,1,0,nr,2.776e-16
2.2125000000000004,1,0,nr,2.776e-16
2.2250000000000001,1,0,nr,2.776e-16
2.2375000000000003,1,0,nr,2.776e-16
2.2500000000000004,1,0,nr,2.776e-16
2.2625000000000002,1,0,nr,2.776e-16
2.2750000000000004,1,0,nr,2.776e-16
2.2875000000000001,1,0,nr,2.776e-16
2.3000000000000003,1,0,nr,2.776e-16
2.3125000000000004,1,0,nr,2.776e-16
2.3250000000000002,1,0,nr,2.776e-16
2.3375000000000004,1,0,nr,2.776e-16
2.3500000000000001,1,0,nr,2.776e-16
2.3625000000000003,1,0,nr,2.776e-16
2.3750000000000004,1,0,nr,2.776e-16
2.3875000000000002,1,0,nr,2.776e-16
2.4000000000000004,1,0,nr,2.776e-16
2.4125000000000005,1,0,nr,2.776e-16
2.4250000000000003,1,0,nr,2.776e-16
2.4375000000000004,1,0,nr,2.776e-16
2.4500000000000002,1,0,nr,2.776e-16
2.4625000000000004,1,0,nr,2.776e-16
2.4750000000000005,1,0,nr,2.776e-16
2.4875000000000003,1,0,nr,2.776e-16
2.5000000000000004,1,0,nr,2.776e-16
2.5125000000000002,1,0,nr,2.776e-16
2.5250000000000004,1,0,nr,2.776e-16
2.5375000000000005,1,0,nr,2.776e-16
2.5500000000000003,1,0,nr,2.776e-16
2.5625000000000004,1,0,nr,2.776e-16
2.5750000000000002,1,0,nr,2.776e-16
2.5875000000000004,1,0,nr,2.776e-16
2.6000000000000005,1,0,nr,2.776e-16
2.6125000000000003,1,0,nr,2.776e-16
2.6250000000000004,1,0,nr,2.776e-16
2.6375000000000002,1,0,nr,2.776e-16
2.6500000000000004,1,0,nr,2.776e-16
2.6625000000000005,1,0,nr,2.776e-16
2.6750000000000003,1,0,nr,2.776e-16
2.6875000000000004,1,0,nr,2.776e-16
2.7000000000000002,1,0,nr,2.776e-16
2.7125000000000004,1,0,nr,2.776e-16
2.7250000000000005,1,0,nr,2.776e-16
2.7375000000000003,1,0,nr,2.776e-16
2.7500000000000004,1,0,nr,2.776e-16
2.7625000000000002,1,0,nr,2.776e-16
2.7750000000000004,1,0,nr,2.776e-16
2.7875000000000005,1,0,nr,2.776e-16
2.8000000000000003,1,0,nr,2.776e-16
2.8125000000000004,1,0,nr,2.776e-16
2.8250000000000002,1,0,nr,2.776e-16
2.8375000000000004,1,0,nr,2.776e-16
2.8500000000000005,1,0,nr,2.776e-16
2.8625000000000003,1,0,nr,2.776e-16
2.8750000000000004,1,0,nr,2.776e-16
2.8875000000000002,1,0,nr,2.776e-16
2.9000000000000004,1,0,nr,2.776e-16
2.9125000000000005,1,0,nr,2.776e-16
2.9250000000000003,1,0,nr,2.776e-16
2.9375000000000004,1,0,nr,2.776e-16
2.9500000000000002,1,0,nr,2.776e-16
2.9625000000000004,1,0,nr,2.776e-16
2.9750000000000005,1,0,nr,2.776e-16
2.9875000000000003,1,0,nr,2.776e-16
3.0000000000000004,1,0,nr,2.776e-16
3.0125000000000002,1,0,nr,2.776e-16
3.0250000000000004,1,0,nr,2.776e-16
3.0375000000000005,1,0,nr,2.776e-16
3.0500000000000003,1,0,nr,2.776e-16
3.0625000000000004,1,0,nr,2.776e-16
3.0750000000000002,1,0,nr,2.776e-16
3.0875000000000004,1,0,nr,2.776e-16
3.1000000000000005,1,0,nr,2.776e-16
3.1125000000000003,1,0,nr,2.776e-16
3.1250000000000004,1,0,nr,2.776e-16
3.1375000000000002,1,0,nr,2.776e-16
3.1500000000000004,1,0,nr,2.776e-16
3.1625000000000005,1,0,nr,2.776e-16
3.1750000000000003,1,0,nr,2.776e-16
3.1875000000000004,1,0,nr,2.776e-16
3.2000000000000002,1,0,nr,2.776e-16
3.2125000000000004,1,0,nr,2.776e-16
3.2250000000000005,1,0,nr,2.776e-16
3.2375000000000003,1,0,nr,2.776e-16
3.2500000000000004,1,0,nr,2.776e-16
3.2625000000000002,1,0,nr,2.776e-16
3.2750000000000004,1,0,nr,2.776e-16
3.2875000000000005,1,0,nr,2.776e-16
3.3000000000000003,1,0,nr,2.776e-16
3.3125000000000004,1,0,nr,2.776e-16
3.3250000000000002,1,0,nr,2.776e-16
3.3375000000000004,1,0,nr,2.776e-16
3.3500000000000005,1,0,nr,2.776e-16
3.3625000000000003,1,0,nr,2.776e-16
3.3750000000000004,1,0,nr,2.776e-16
3.3875000000000002,1,0,nr,2.776e-16
3.4000000000000004,1,0,nr,2.776e-16
3.4125000000000005,1,0,nr,2.776e-16
3.4250000000000003,1,0,nr,2.776e-16
3.4375000000000004,1,0,nr,2.776e-16
3.4500000000000002,1,0,nr,2.776e-16
3.4625000000000004,1,0,nr,2.776e-16
3.4750000000000005,1,0,nr,2.776e-16
3.4875000000000003,1,0,nr,2.776e-16
3.5000000000000004,1,0,nr,2.776e-16
3.5125000000000002,1,0,nr,2.776e-16
3.5250000000000004,1,0,nr,2.776e-16
3.5375000000000005,1,0,nr,2.776e-16
3.5500000000000003,1,0,nr,2.776e-16
3.5625000000000004,1,0,nr,2.776e-16
3.5750000000000002,1,0,nr,2.776e-16
3.5875000000000004,1,0,nr,2.776e-16
3.6000000000000005,1,0,nr,2.776e-16
3.6125000000000003,1,0,nr,2.776e-16
3.6250000000000004,1,0,nr,2.776e-16
3.6375000000000002,1,0,nr,2.776e-16
3.6500000000000004,1,0,nr,2.776e-16
3.6625000000000005,1,0,nr,2.776e-16
3.6750000000000003,1,0,nr,2.776e-16
3.6875000000000004,1,0,nr,2.776e-16
3.7000000000000002,1,0,nr,2.776e-16
3.7125000000000004,1,0,nr,2.776e-16
3.7250000000000005,1,0,nr,2.776e-16
3.7375000000000003,1,0,nr,2.776e-16
3.7500000000000004,1,0,nr,2.776e-16
3.7625000000000002,1,0,nr,2.776e-16
3.7750000000000004,1,0,nr,2.776e-16
3.7875000000000005,1,0,nr,2.776e-16
3.8000000000000003,1,0,nr,2.776e-16
3.8125000000000004,1,0,nr,2.776e-16
3.8250000000000002,1,0,nr,2.776e-16
3.8375000000000004,1,0,nr,2.776e-16
3.8500000000000005,1,0,nr,2.776e-16
3.8625000000000003,1,0,nr,2.776e-16
3.8750000000000004,1,0,nr,2.776e-16
3.8875000000000002,1,0,nr,2.776e-16
3.9000000000000004,1,0,nr,2.776e-16
3.9125000000000005,1,0,nr,2.776e-16
3.9250000000000003,1,0,nr,2.776e-16
3.9375000000000004,1,0,nr,2.776e-16
3.9500000000000002,1,0,nr,2.776e-16
3.9625000000000004,1,0,nr,2.776e-16
3.9750000000000005,1,0,nr,2.776e-16
3.9875000000000003,1,0,nr,2.776e-16
4,1,0,nr,2.776e-16
4.0125000000000002,1,0,nr,2.776e-16
4.0250000000000004,1,0,nr,2.776e-16
4.0375000000000005,1,0,nr,2.776e-16
4.0500000000000007,1,0,nr,2.776e-16
4.0625,1,0,nr,2.776e-16
4.0750000000000002,1,0,nr,2.776e-16
4.0875000000000004,1,0,nr,2.776e-16
4.1000000000000005,1,0,nr,2.776e-16
4.1125000000000007,1,0,nr,2.776e-16
4.125,1,0,nr,2.776e-16
4.1375000000000002,1,0,nr,2.776e-16
4.1500000000000004,1,0,nr,2.776e-16
4.1625000000000005,1,0,nr,2.776e-16
4.1750000000000007,1,0,nr,2.776e-16
4.1875,1,0,nr,2.776e-16
4.2000000000000002,1,0,nr,2.776e-16
4.2125000000000004,1,0,nr,2.776e-16
4.2250000000000005,1,0,nr,2.776e-16
4.2375000000000007,1,0,nr,2.776e-16
4.25,1,0,nr,2.776e-16
4.2625000000000002,1,0,nr,2.776e-16
4.2750000000000004,1,0,nr,2.776e-16
4.2875000000000005,1,0,nr,2.776e-16
4.3000000000000007,1,0,nr,2.776e-16
4.3125,1,0,nr,2.776e-16
4.3250000000000002,1,0,nr,2.776e-16
4.3375000000000004,1,0,nr,2.776e-16
4.3500000000000005,1,0,nr,2.776e-16
4.3625000000000007,1,0,nr,2.776e-16
4.375,1,0,nr,2.776e-16
4.3875000000000002,1,0,nr,2.776e-16
4.4000000000000004,1,0,nr,2.776e-16
4.4125000000000005,1,0,nr,2.776e-16
4.4250000000000007,1,0,nr,2.776e-16
4.4375,1,0,nr,2.776e-16
4.4500000000000002,1,0,nr,2.776e-16
4.4625000000000004,1,0,nr,2.776e-16
4.4750000000000005,1,0,nr,2.776e-16
4.4875000000000007,1,0,nr,2.776e-16
4.5,1,0,nr,2.776e-16
4.5125000000000002,1,0,nr,2.776e-16
4.5250000000000004,1,0,nr,2.776e-16
4.5375000000000005,1,0,nr,2.776e-16
4.5500000000000007,1,0,nr,2.776e-16
4.5625,1,0,nr,2.776e-16
4.5750000000000002,1,0,nr,2.776e-16
4.5875000000000004,1,0,nr,2.776e-16
4.6000000000000005,1,0,nr,2.776e-16
4.6125000000000007,1,0,nr,2.776e-16
4.625,1,0,nr,2.776e-16
4.6375000000000002,1,0,nr,2.776e-16
4.6500000000000004,1,0,nr,2.776e-16
4.6625000000000005,1,0,nr,2.776e-16
4.6750000000000007,1,0,nr,2.776e-16
4.6875,1,0,nr,2.776e-16
4.7000000000000002,1,0,nr,2.776e-16
4.7125000000000004,1,0,nr,2.776e-16
4.7250000000000005,1,0,nr,2.776e-16
4.7375000000000007,1,0,nr,2.776e-16
4.75,1,0,nr,2.776e-16
4.7625000000000002,1,0,nr,2.776e-16
4.7750000000000004,1,0,nr,2.776e-16
4.7875000000000005,1,0,nr,2.776e-16
4.8000000000000007,1,0,nr,2.776e-16
4.8125000000000009,1,0,nr,2.776e-16
4.8250000000000002,1,0,nr,2.776e-16
4.8375000000000004,1,0,nr,2.776e-16
4.8500000000000005,1,0,nr,2.776e-16
4.8625000000000007,1,0,nr,2.776e-16
4.8750000000000009,1,0,nr,2.776e-16
4.8875000000000002,1,0,nr,2.776e-16
4.9000000000000004,1,0,nr,2.776e-16
4.9125000000000005,1,0,nr,2.776e-16
4.9250000000000007,1,0,nr,2.776e-16
4.9375000000000009,1,0,nr,2.776e-16
4.9500000000000002,1,0,nr,2.776e-16
4.9625000000000004,1,0,nr,2.776e-16
4.9750000000000005,1,0,nr,2.776e-16
4.9875000000000007,1,0,nr,2.776e-16
5.0000000000000009,1,0,nr,2.776e-16
5.0125000000000002,1,0,nr,2.776e-16
5.0250000000000004,1,0,nr,2.776e-16
5.0375000000000005,1,0,nr,2.776e-16
5.0500000000000007,1,0,nr,2.776e-16
5.0625000000000009,1,0,nr,2.776e-16
5.0750000000000002,1,0,nr,2.776e-16
5.0875000000000004,1,0,nr,2.776e-16
5.1000000000000005,1,0,nr,2.776e-16
5.1125000000000007,1,0,nr,2.776e-16
5.1250000000000009,1,0,nr,2.776e-16
5.1375000000000002,1,0,nr,2.776e-16
5.1500000000000004,1,0,nr,2.776e-16
5.1625000000000005,1,0,nr,2.776e-16
5.1750000000000007,1,0,nr,2.776e-16
5.1875000000000009,1,0,nr,2.776e-16
5.2000000000000002,1,0,nr,2.776e-16
5.2125000000000004,1,0,nr,2.776e-16
5.2250000000000005,1,0,nr,2.776e-16
5.2375000000000007,1,0,nr,2.776e-16
5.2500000000000009,1,0,nr,2.776e-16
5.2625000000000002,1,0,nr,2.776e-16
5.2750000000000004,1,0,nr,2.776e-16
5.2875000000000005,1,0,nr,2.776e-16
5.3000000000000007,1,0,nr,2.776e-16
5.3125000000000009,1,0,nr,2.776e-16
5.3250000000000002,1,0,nr,2.776e-16
5.3375000000000004,1,0,nr,2.776e-16
5.3500000000000005,1,0,nr,2.776e-16
5.3625000000000007,1,0,nr,2.776e-16
5.3750000000000009,1,0,nr,2.776e-16
5.3875000000000002,1,0,nr,2.776e-16
5.4000000000000004,1,0,nr,2.776e-16
5.4125000000000005,1,0,nr,2.776e-16
5.4250000000000007,1,0,nr,2.776e-16
5.4375000000000009,1,0,nr,2.776e-16
5.4500000000000002,1,0,nr,2.776e-16
5.4625000000000004,1,0,nr,2.776e-16
5.4750000000000005,1,0,nr,2.776e-16
5.4875000000000007,1,0,nr,2.776e-16
5.5000000000000009,1,0,nr,2.776e-16
5.5125000000000002,1,0,nr,2.776e-16
5.5250000000000004,1,0,nr,2.776e-16
5.5375000000000005,1,0,nr,2.776e-16
5.5500000000000007,1,0,nr,2.776e-16
5.5625000000000009,1,0,nr,2.776e-16
5.5750000000000002,1,0,nr,2.776e-16
5.5875000000000004,1,0,nr,2.776e-16
5.6000000000000005,1,0,nr,2.776e-16
5.6125000000000007,1,0,nr,2.776e-16
5.6250000000000009,1,0,nr,2.776e-16
5.6375000000000002,1,0,nr,2.776e-16
5.6500000000000004,1,0,nr,2.776e-16
5.6625000000000005,1,0,nr,2.776e-16
5.6750000000000007,1,0,nr,2.776e-16
5.6875000000000009,1,0,nr,2.776e-16
5.7000000000000002,1,0,nr,2.776e-16
5.7125000000000004,1,0,nr,2.776e-16
5.7250000000000005,1,0,nr,2.776e-16
5.7375000000000007,1,0,nr,2.776e-16
5.7500000000000009,1,0,nr,2.776e-16
5.7625000000000002,1,0,nr,2.776e-16
5.7750000000000004,1,0,nr,2.776e-16
5.7875000000000005,1,0,nr,2.776e-16
5.8000000000000007,1,0,nr,2.776e-16
5.8125000000000009,1,0,nr,2.776e-16
5.8250000000000002,1,0,nr,2.776e-16
5.8375000000000004,1,0,nr,2.776e-16
5.8500000000000005,1,0,nr,2.776e-16
5.8625000000000007,1,0,nr,2.776e-16
5.8750000000000009,1,0,nr,2.776e-16
5.8875000000000002,1,0,nr,2.776e-16
5.9000000000000004,1,0,nr,2.776e-16
5.9125000000000005,1,0,nr,2.776e-16
5.9250000000000007,1,0,nr,2.776e-16
5.9375000000000009,1,0,nr,2.776e-16
5.9500000000000002,1,0,nr,2.776e-16
5.9625000000000004,1,0,nr,2.776e-16
5.9750000000000005,1,0,nr,2.776e-16
5.9875000000000007,1,0,nr,2.776e-16
6.0000000000000009,1,0,nr,2.776e-16
6.0125000000000002,1,0,nr,2.776e-16
6.0250000000000004,1,0,nr,2.776e-16
6.0375000000000005,1,0,nr,2.776e-16
6.0500000000000007,1,0,nr,2.776e-16
6.0625000000000009,1,0,nr,2.776e-16
6.0750000000000002,1,0,nr,2.776e-16
6.0875000000000004,1,0,nr,2.776e-16
6.1000000000000005,1,0,nr,2.776e-16
6.1125000000000007,1,0,nr,2.776e-16
6.1250000000000009,1,0,nr,2.776e-16
6.1375000000000002,1,0,nr,2.776e-16
6.1500000000000004,1,0,nr,2.776e-16
6.1625000000000005,1,0,nr,2.776e-16
6.1750000000000007,1,0,nr,2.776e-16
6.1875000000000009,1,0,nr,2.776e-16
6.2000000000000002,1,0,nr,2.776e-16
6.2125000000000004,1,0,nr,2.776e-16
6.2250000000000005,1,0,nr,2.776e-16
6.2375000000000007,1,0,nr,2.776e-16
6.2500000000000009,1,0,nr,2.776e-16
6.2625000000000002,1,0,nr,2.776e-16
6.2750000000000004,1,0,nr,2.776e-16
6.2875000000000005,1,0,nr,2.776e-16
6.3000000000000007,1,0,nr,2.776e-16
6.3125000000000009,1,0,nr,2.776e-16
6.3250000000000002,1,0,nr,2.776e-16
6.3375000000000004,1,0,nr,2.776e-16
6.3500000000000005,1,0,nr,2.776e-16
6.3625000000000007,1,0,nr,2.776e-16
6.3750000000000009,1,0,nr,2.776e-16
6.3875000000000002,1,0,nr,2.776e-16
6.4000000000000004,1,0,nr,2.776e-16
6.4125000000000005,1,0,nr,2.776e-16
6.4250000000000007,1,0,nr,2.776e-16
6.4375000000000009,1,0,nr,2.776e-16
6.4500000000000002,1,0,nr,2.776e-16
6.4625000000000004,1,0,nr,2.776e-16
6.4750000000000005,1,0,nr,2.776e-16
6.4875000000000007,1,0,nr,2.776e-16
6.5000000000000009,1,0,nr,2.776e-16
6.5125000000000002,1,0,nr,2.776e-16
6.5250000000000004,1,0,nr,2.776e-16
6.5375000000000005,1,0,nr,2.776e-16
6.5500000000000007,1,0,nr,2.776e-16
6.5625000000000009,1,0,nr,2.776e-16
6.5750000000000002,1,0,nr,2.776e-16
6.5875000000000004,1,0,nr,2.776e-16
6.6000000000000005,1,0,nr,2.776e-16
6.6125000000000007,1,0,nr,2.776e-16
6.6250000000000009,1,0,nr,2.776e-16
6.6375000000000002,1,0,nr,2.776e-16
6.6500000000000004,1,0,nr,2.776e-16
6.6625000000000005,1,0,nr,2.776e-16
6.6750000000000007,1,0,nr,2.776e-16
6.6875000000000009,1,0,nr,2.776e-16
6.7000000000000002,1,0,nr,2.776e-16
6.7125000000000004,1,0,nr,2.776e-16
6.7250000000000005,1,0,nr,2.776e-16
6.7375000000000007,1,0,nr,2.776e-16
6.7500000000000009,1,0,nr,2.776e-16
6.7625000000000002,1,0,nr,2.776e-16
6.7750000000000004,1,0,nr,2.776e-16
6.7875000000000005,1,0,nr,2.776e-16
6.8000000000000007,1,0,nr,2.776e-16
6.8125000000000009,1,0,nr,2.776e-16
6.8250000000000002,1,0,nr,2.776e-16
6.8375000000000004,1,0,nr,2.776e-16
6.8500000000000005,1,0,nr,2.776e-16
6.8625000000000007,1,0,nr,2.776e-16
6.8750000000000009,1,0,nr,2.776e-16
6.8875000000000002,1,0,nr,2.776e-16
6.9000000000000004,1,0,nr,2.776e-16
6.9125000000000005,1,0,nr,2.776e-16
6.9250000000000007,1,0,nr,2.776e-16
6.9375000000000009,1,0,nr,2.776e-16
6.9500000000000002,1,0,nr,2.776e-16
6.9625000000000004,1,0,nr,2.776e-16
6.9750000000000005,1,0,nr,2.776e-16
6.9875000000000007,1,0,nr,2.776e-16
7.0000000000000009,1,0,nr,2.776e-16
7.0125000000000002,1,0,nr,2.776e-16
7.0250000000000004,1,0,nr,2.776e-16
7.0375000000000005,1,0,nr,2.776e-16
7.0500000000000007,1,0,nr,2.776e-16
7.0625000000000009,1,0,nr,2.776e-16
7.0750000000000002,1,0,nr,2.776e-16
7.0875000000000004,1,0,nr,2.776e-16
7.1000000000000005,1,0,nr,2.776e-16
7.1125000000000007,1,0,nr,2.776e-16
7.1250000000000009,1,0,nr,2.776e-16
7.1375000000000002,1,0,nr,2.776e-16
7.1500000000000004,1,0,nr,2.776e-16
7.1625000000000005,1,0,nr,2.776e-16
7.1750000000000007,1,0,nr,2.776e-16
7.1875000000000009,1,0,nr,2.776e-16
7.2000000000000002,1,0,nr,2.776e-16
7.2125000000000004,1,0,nr,2.776e-16
7.2250000000000005,1,0,nr,2.776e-16
7.2375000000000007,1,0,nr,2.776e-16
7.2500000000000009,1,0,nr,2.776e-16
7.2625000000000002,1,0,nr,2.776e-16
7.2750000000000004,1,0,nr,2.776e-16
7.2875000000000005,1,0,nr,2.776e-16
7.3000000000000007,1,0,nr,2.776e-16
7.3125000000000009,1,0,nr,2.776e-16
7.3250000000000002,1,0,nr,2.776e-16
7.3375000000000004,1,0,nr,2.776e-16
7.3500000000000005,1,0,nr,2.776e-16
7.3625000000000007,1,0,nr,2.776e-16
7.3750000000000009,1,0,nr,2.776e-16
7.3875000000000002,1,0,nr,2.776e-16
7.4000000000000004,1,0,nr,2.776e-16
7.4125000000000005,1,0,nr,2.776e-16
7.4250000000000007,1,0,nr,2.776e-16
7.4375000000000009,1,0,nr,2.776e-16
7.4500000000000002,1,0,nr,2.776e-16
7.4625000000000004,1,0,nr,2.776e-16
7.4750000000000005,1,0,nr,2.776e-16
7.4875000000000007,1,0,nr,2.776e-16
7.5000000000000009,1,0,nr,2.776e-16
7.5125000000000002,1,0,nr,2.776e-16
7.5250000000000004,1,0,nr,2.776e-16
7.5375000000000005,1,0,nr,2.776e-16
7.5500000000000007,1,0,nr,2.776e-16
7.5625000000000009,1,0,nr,2.776e-16
7.5750000000000002,1,0,nr,2.776e-16
7.5875000000000004,1,0,nr,2.776e-16
7.6000000000000005,1,0,nr,2.776e-16
7.6125000000000007,1,0,nr,2.776e-16
7.6250000000000009,1,0,nr,2.776e-16
7.6375000000000002,1,0,nr,2.776e-16
7.6500000000000004,1,0,nr,2.776e-16
7.6625000000000005,1,0,nr,2.776e-16
7.6750000000000007,1,0,nr,2.776e-16
7.6875000000000009,1,0,nr,2.776e-16
7.7000000000000002,1,0,nr,2.776e-16
7.7125000000000004,1,0,nr,2.776e-16
7.7250000000000005,1,0,nr,2.776e-16
7.7375000000000007,1,0,nr,2.776e-16
7.7500000000000009,1,0,nr,2.776e-16
7.7625000000000002,1,0,nr,2.776e-16
7.7750000000000004,1,0,nr,2.776e-16
7.7875000000000005,1,0,nr,2.776e-16
7.8000000000000007,1,0,nr,2.776e-16
7.8125000000000009,1,0,nr,2.776e-16
7.8250000000000002,1,0,nr,2.776e-16
7.8375000000000004,1,0,nr,2.776e-16
7.8500000000000005,1,0,nr,2.776e-16
7.8625000000000007,1,0,nr,2.776e-16
7.8750000000000009,1,0,nr,2.776e-16
7.8875000000000002,1,0,nr,2.776e-16
7.9000000000000004,1,0,nr,2.776e-16
7.9125000000000005,1,0,nr,2.776e-16
7.9250000000000007,1,0,nr,2.776e-16
7.9375000000000009,1,0,nr,2.776e-16
7.9500000000000002,1,0,nr,2.776e-16
7.9625000000000004,1,0,nr,2.776e-16
7.9750000000000005,1,0,nr,2.776e-16
7.9875000000000007,1,0,nr,2.776e-16
8,1,0,nr,2.776e-16
8.0124999999999993,1,0,nr,2.776e-16
8.0250000000000004,1,0,nr,2.776e-16
8.0374999999999996,1,0,nr,2.776e-16
8.0499999999999989,1,0,nr,2.776e-16
8.0625,1,0,nr,2.776e-16
8.0749999999999993,1,0,nr,2.776e-16
8.0875000000000004,1,0,nr,2.776e-16
8.0999999999999996,1,0,nr,2.776e-16
8.1124999999999989,1,0,nr,2.776e-16
8.125,1,0,nr,2.776e-16
8.1374999999999993,1,0,nr,2.776e-16
8.1500000000000004,1,0,nr,2.776e-16
8.1624999999999996,1,0,nr,2.776e-16
8.1749999999999989,1,0,nr,2.776e-16
8.1875,1,0,nr,2.776e-16
8.1999999999999993,1,0,nr,2.776e-16
8.2125000000000004,1,0,nr,2.776e-16
8.2249999999999996,1,0,nr,2.776e-16
8.2374999999999989,1,0,nr,2.776e-16
8.25,1,0,nr,2.776e-16
8.2624999999999993,1,0,nr,2.776e-16
8.2750000000000004,1,0,nr,2.776e-16
8.2874999999999996,1,0,nr,2.776e-16
8.2999999999999989,1,0,nr,2.776e-16
8.3125,1,0,nr,2.776e-16
8.3249999999999993,1,0,nr,2.776e-16
8.3375000000000004,1,0,nr,2.776e-16
8.3499999999999996,1,0,nr,2.776e-16
8.3624999999999989,1,0,nr,2.776e-16
8.375,1,0,nr,2.776e-16
8.3874999999999993,1,0,nr,2.776e-16
8.4000000000000004,1,0,nr,2.776e-16
8.4124999999999996,1,0,nr,2.776e-16
8.4249999999999989,1,0,nr,2.776e-16
8.4375,1,0,nr,2.776e-16
8.4499999999999993,1,0,nr,2.776e-16
8.4625000000000004,1,0,nr,2.776e-16
8.4749999999999996,1,0,nr,2.776e-16
8.4874999999999989,1,0,nr,2.776e-16
8.5,1,0,nr,2.776e-16
8.5124999999999993,1,0,nr,2.776e-16
8.5250000000000004,1,0,nr,2.776e-16
8.5374999999999996,1,0,nr,2.776e-16
8.5499999999999989,1,0,nr,2.776e-16
8.5625,1,0,nr,2.776e-16
8.5749999999999993,1,0,nr,2.776e-16
8.5875000000000004,1,0,nr,2.776e-16
8.5999999999999996,1,0,nr,2.776e-16
8.6124999999999989,1,0,nr,2.776e-16
8.625,1,0,nr,2.776e-16
8.6374999999999993,1,0,nr,2.776e-16
8.6500000000000004,1,0,nr,2.776e-16
8.6624999999999996,1,0,nr,2.776e-16
8.6749999999999989,1,0,nr,2.776e-16
8.6875,1,0,nr,2.776e-16
8.6999999999999993,1,0,nr,2.776e-16
8.7125000000000004,1,0,nr,2.776e-16
8.7249999999999996,1,0,nr,2.776e-16
8.7374999999999989,1,0,nr,2.776e-16
8.75,1,0,nr,2.776e-16
8.7624999999999993,1,0,nr,2.776e-16
8.7750000000000004,1,0,nr,2.776e-16
8.7874999999999996,1,0,nr,2.776e-16
8.7999999999999989,1,0,nr,2.776e-16
8.8125,1,0,nr,2.776e-16
8.8249999999999993,1,0,nr,2.776e-16
8.8375000000000004,1,0,nr,2.776e-16
8.8499999999999996,1,0,nr,2.776e-16
8.8624999999999989,1,0,nr,2.776e-16
8.875,1,0,nr,2.776e-16
8.8874999999999993,1,0,nr,2.776e-16
8.9000000000000004,1,0,nr,2.776e-16
8.9124999999999996,1,0,nr,2.776e-16
8.9249999999999989,1,0,nr,2.776e-16
8.9375,1,0,nr,2.776e-16
8.9499999999999993,1,0,nr,2.776e-16
8.9625000000000004,1,0,nr,2.776e-16
8.9749999999999996,1,0,nr,2.776e-16
8.9874999999999989,1,0,nr,2.776e-16
9,1,0,nr,2.776e-16
9.0124999999999993,1,0,nr,2.776e-16
9.0250000000000004,1,0,nr,2.776e-16
9.0374999999999996,1,0,nr,2.776e-16
9.0499999999999989,1,0,nr,2.776e-16
9.0625,1,0,nr,2.776e-16
9.0749999999999993,1,0,nr,2.776e-16
9.0875000000000004,1,0,nr,2.776e-16
9.0999999999999996,1,0,nr,2.776e-16
9.1124999999999989,1,0,nr,2.776e-16
9.125,1,0,nr,2.776e-16
9.1374999999999993,1,0,nr,2.776e-16
9.1500000000000004,1,0,nr,2.776e-16
9.1624999999999996,1,0,nr,2.776e-16
9.1749999999999989,1,0,nr,2.776e-16
9.1875,1,0,nr,2.776e-16
9.1999999999999993,1,0,nr,2.776e-16
9.2125000000000004,1,0,nr,2.776e-16
9.2249999999999996,1,0,nr,2.776e-16
9.2374999999999989,1,0,nr,2.776e-16
9.25,1,0,nr,2.776e-16
9.2624999999999993,1,0,nr,2.776e-16
9.2750000000000004,1,0,nr,2.776e-16
9.2874999999999996,1,0,nr,2.776e-16
9.2999999999999989,1,0,nr,2.776e-16
9.3125,1,0,nr,2.776e-16
9.3249999999999993,1,0,nr,2.776e-16
9.3375000000000004,1,0,nr,2.776e-16
9.3499999999999996,1,0,nr,2.776e-16
9.3624999999999989,1,0,nr,2.776e-16
9.375,1,0,nr,2.776e-16
9.3874999999999993,1,0,nr,2.776e-16
9.4000000000000004,1,0,nr,2.776e-16
9.4124999999999996,1,0,nr,2.776e-16
9.4249999999999989,1,0,nr,2.776e-16
9.4375,1,0,nr,2.776e-16
9.4499999999999993,1,0,nr,2.776e-16
9.4625000000000004,1,0,nr,2.776e-16
9.4749999999999996,1,0,nr,2.776e-16
9.4874999999999989,1,0,nr,2.776e-16
9.5,1,0,nr,2.776e-16
9.5124999999999993,1,0,nr,2.776e-16
9.5250000000000004,1,0,nr,2.776e-16
9.5374999999999996,1,0,nr,2.776e-16
9.5499999999999989,1,0,nr,2.776e-16
9.5625,1,0,nr,2.776e-16
9.5749999999999993,1,0,nr,2.776e-16
9.5875000000000004,1,0,nr,2.776e-16
9.5999999999999996,1,0,nr,2.776e-16
9.6125000000000007,1,0,nr,2.776e-16
9.625,1,0,nr,2.776e-16
9.6374999999999993,1,0,nr,2.776e-16
9.6500000000000004,1,0,nr,2.776e-16
9.6624999999999996,1,0,nr,2.776e-16
9.6750000000000007,1,0,nr,2.776e-16
9.6875,1,0,nr,2.776e-16
9.6999999999999993,1,0,nr,2.776e-16
9.7125000000000004,1,0,nr,2.776e-16
9.7249999999999996,1,0,nr,2.776e-16
9.7375000000000007,1,0,nr,2.776e-16
9.75,1,0,nr,2.776e-16
9.7624999999999993,1,0,nr,2.776e-16
9.7750000000000004,1,0,nr,2.776e-16
9.7874999999999996,1,0,nr,2.776e-16
9.8000000000000007,1,0,nr,2.776e-16
9.8125,1,0,nr,2.776e-16
9.8249999999999993,1,0,nr,2.776e-16
9.8375000000000004,1,0,nr,2.776e-16
9.8499999999999996,1,0,nr,2.776e-16
9.8625000000000007,1,0,nr,2.776e-16
9.875,1,0,nr,2.776e-16
9.8874999999999993,1,0,nr,2.776e-16
9.9000000000000004,1,0,nr,2.776e-16
9.9124999999999996,1,0,nr,2.776e-16
9.9250000000000007,1,0,nr,2.776e-16
9.9375,1,0,nr,2.776e-16
9.9499999999999993,1,0,nr,2.776e-16
9.9625000000000004,1,0,nr,2.776e-16
9.9749999999999996,1,0,nr,2.776e-16
9.9875000000000007,1,0,nr,2.776e-16
10,1,0,nr,2.776e-16
1.825,14.970932163036563,1,nr,6.432e-14
1.8375000000000001,14.772495216419507,1,nr,1.927e-13
1.8500000000000001,14.578077549111947,1,nr,7.568e-17
1.8625,14.387571732162257,1,nr,9.615e-17
1.875,14.200873906526091,1,nr,8.439e-14
1.8875,14.017883641706085,1,nr,1.986e-16
1.9000000000000001,13.838503800880853,1,nr,0.000e+00
1.9125000000000001,13.662640412170468,1,nr,1.230e-16
1.925,13.490202545746568,1,nr,9.720e-15
1.9375,13.321102196470918,1,nr,1.907e-13
1.95,13.155254171776296,1,nr,1.571e-14
1.9625000000000001,12.992575984550935,1,nr,6.535e-17
1.9750000000000001,12.832987750726685,1,nr,2.211e-17
1.9875,12.67641209138386,1,nr,3.756e-13
2,12.522774039103215,1,nr,3.643e-16
2.0125000000000002,12.372000948420515,1,nr,6.249e-13
2.0250000000000004,12.224022410063425,1,nr,1.406e-16
2.0375000000000001,12.078770168958259,1,nr,2.614e-16
2.0500000000000003,11.936178045634199,1,nr,4.513e-13
2.0625000000000004,11.796181861000569,1,nr,4.928e-13
2.0750000000000002,11.658719364285769,1,nr,4.955e-16
2.0875000000000004,11.523730163981158,1,nr,5.023e-16
2.1000000000000001,11.391155661641141,1,nr,6.089e-13
2.1125000000000003,11.260938988426382,1,nr,4.860e-13
2.1250000000000004,11.133024944270652,1,nr,6.011e-16
2.1375000000000002,11.007359939515096,1,nr,1.515e-12
2.1500000000000004,10.883891938867658,1,nr,7.242e-16
2.1625000000000001,10.76257040774461,1,nr,4.075e-16
2.1750000000000003,10.643346260616264,1,nr,5.503e-17
2.1875000000000004,10.526171811522309,1,nr,1.067e-12
2.2000000000000002,10.411000726486872,1,nr,9.152e-13
2.2125000000000004,10.297787977860011,1,nr,2.856e-16
2.2250000000000001,10.186489800424949,1,nr,1.810e-12
2.2375000000000003,10.077063649179044,1,nr,2.611e-12
2.2500000000000004,9.9694681588235223,1,nr,1.776e-16
2.2625000000000002,9.863663104806534,1,nr,1.797e-16
2.2750000000000004,9.7596093657774734,1,nr,1.091e-15
2.2875000000000001,9.6572688875844257,1,nr,3.625e-12
2.3000000000000003,9.5566046485291771,1,nr,3.003e-12
2.3125000000000004,9.45758062605959,1,nr,1.756e-15
2.3250000000000002,9.3601617646227488,1,nr,7.027e-14
2.3375000000000004,9.2643139447035416,1,nr,1.154e-15
2.3500000000000001,9.1700039530860415,1,nr,1.297e-16
2.3625000000000003,9.0771994541807413,1,nr,5.374e-12
2.3750000000000004,8.9858689623357257,1,nr,1.948e-12
2.3875000000000002,8.8959818153516128,1,nr,2.510e-12
2.4000000000000004,8.8075081487104949,1,nr,4.059e-16
2.4125000000000005,8.7204188709480555,1,nr,6.748e-13
2.4250000000000003,8.6346856397656389,1,nr,2.003e-15
2.4375000000000004,8.5502808391021752,1,nr,3.627e-13
2.4500000000000002,8.4671775569719543,1,nr,8.338e-12
2.4625000000000004,8.3853495640196751,1,nr,6.202e-13
2.4750000000000005,8.3047712930781277,1,nr,2.156e-16
2.4875000000000003,8.2254178191081238,1,nr,9.666e-13
2.5000000000000004,8.1472648400943477,1,nr,1.077e-11
2.5125000000000002,8.0702886584153521,1,nr,5.479e-13
2.5250000000000004,7.9944661631493945,1,nr,2.240e-16
2.5375000000000005,7.9197748126022036,1,nr,1.206e-15
2.5500000000000003,7.8461926177373176,1,nr,7.272e-12
2.5625000000000004,7.7736981259794558,1,nr,1.688e-15
2.5750000000000002,7.7022704057605607,1,nr,1.291e-11
2.5875000000000004,7.6318890314340111,1,nr,1.432e-11
2.6000000000000005,7.5625340687024654,1,nr,7.879e-16
2.6125000000000003,7.4941860605360739,1,nr,2.702e-15
2.6250000000000004,7.4268260137026116,1,nr,1.429e-11
2.6375000000000002,7.3604353856540818,1,nr,2.031e-12
2.6500000000000004,7.2949960716044853,1,nr,3.228e-14
2.6625000000000005,7.2304903925179511,1,nr,2.782e-12
2.6750000000000003,7.1669010830391047,1,nr,1.266e-11
2.6875000000000004,7.1042112801762052,1,nr,0.000e+00
2.7000000000000002,7.0424045119311325,1,nr,9.117e-12
2.7125000000000004,6.9814646867878594,1,nr,1.702e-11
2.7250000000000005,6.9213760832092204,1,nr,1.809e-11
2.7375000000000003,6.8621233393261161,1,nr,8.614e-12
2.7500000000000004,6.803691443653225,1,nr,3.212e-15
2.7625000000000002,6.7460657251810741,1,nr,1.469e-11
2.7750000000000004,6.6892318443875896,1,nr,1.718e-15
2.7875000000000005,6.6331757844751236,1,nr,4.438e-16
2.8000000000000003,6.5778838425984807,1,nr,2.235e-16
2.8125000000000004,6.5233426216340948,1,nr,6.752e-16
2.8250000000000002,6.4695390220928681,1,nr,1.541e-15
2.8375000000000004,6.4164602342843544,1,nr,1.424e-11
2.8500000000000005,6.3640937308197998,1,nr,1.149e-15
2.8625000000000003,6.312427259100077,1,nr,1.203e-15
2.8750000000000004,6.2614488343419765,1,nr,1.318e-11
2.8875000000000002,6.2111467326370571,1,nr,2.158e-11
2.9000000000000004,6.1615094842295504,1,nr,1.045e-11
2.9125000000000005,6.1125258669859539,1,nr,2.469e-15
2.9250000000000003,6.0641849001412975,1,nr,8.598e-16
2.9375000000000004,6.0164758381830419,1,nr,9.591e-12
2.9500000000000002,5.9693881649335605,1,nr,4.835e-17
2.9625000000000004,5.9229115877068246,1,nr,1.265e-15
2.9750000000000005,5.8770360318161758,1,nr,1.028e-15
2.9875000000000003,5.8317516351017558,1,nr,3.002e-15
3.0000000000000004,5.7870487426742052,1,nr,5.444e-16
3.0125000000000002,5.7429179018020866,1,nr,6.968e-16
3.0250000000000004,5.699349856947566,1,nr,3.003e-16
3.0375000000000005,5.6563355449368444,1,nr,9.863e-12
3.0500000000000003,5.613866090321503,1,nr,2.175e-15
3.0625000000000004,5.5719328007435704,1,nr,1.170e-15
3.0750000000000002,5.5305271626145549,1,nr,1.187e-11
3.0875000000000004,5.4896408367295573,1,nr,9.249e-16
3.1000000000000005,5.449265654205492,1,nr,1.033e-15
3.1125000000000003,5.4093936123281381,1,nr,9.860e-16
3.1250000000000004,5.3700168706634264,1,nr,1.726e-14
3.1375000000000002,5.3311277472059118,1,nr,1.675e-11
3.1500000000000004,5.2927187147232635,1,nr,1.526e-15
3.1625000000000005,5.254782397006867,1,nr,9.518e-16
3.1750000000000003,5.2173115654859972,1,nr,2.125e-16
3.1875000000000004,5.1802991357458517,1,nr,5.351e-12
3.2000000000000002,5.1437381641948647,1,nr,3.108e-15
3.2125000000000004,5.1076218448698931,1,nr,3.713e-15
3.2250000000000005,5.0719435062502729,1,nr,1.351e-15
3.2375000000000003,5.0366966082174249,1,nr,1.682e-15
3.2500000000000004,5.0018747390737355,1,nr,9.804e-16
3.2625000000000002,4.9674716126460767,1,nr,1.094e-15
3.2750000000000004,4.9334810654675723,1,nr,2.196e-16
3.2875000000000005,4.8998970540507569,1,nr,2.307e-11
3.3000000000000003,4.8667136521410557,1,nr,5.529e-17
3.3125000000000004,4.8339250482748835,1,nr,2.608e-15
3.3250000000000002,4.8015255430960542,1,nr,0.000e+00
3.3375000000000004,4.7695095469726558,1,nr,3.408e-15
3.3500000000000005,4.7378715775858593,1,nr,2.130e-15
3.3625000000000003,4.7066062575976497,1,nr,1.012e-15
3.3750000000000004,4.6757083124004089,1,nr,3.272e-11
3.3875000000000002,4.6451725678052824,1,nr,2.473e-12
3.4000000000000004,4.6149939480854378,1,nr,1.642e-13
3.4125000000000005,4.5851674736923087,1,nr,2.387e-12
3.4250000000000003,4.5556882593114603,1,nr,3.248e-11
3.4375000000000004,4.5265515117789219,1,nr,1.431e-15
3.4500000000000002,4.4977525283219011,1,nr,1.894e-15
3.4625000000000004,4.4692866944842082,1,nr,1.151e-15
3.4750000000000005,4.4411494823765638,1,nr,1.215e-11
3.4875000000000003,4.4133364489010098,1,nr,1.272e-15
3.5000000000000004,4.3858432339122668,1,nr,4.128e-11
3.5125000000000002,4.3586655587044403,1,nr,3.777e-16
3.5250000000000004,4.3317992240851657,1,nr,1.456e-15
3.5375000000000005,4.3052401090047825,1,nr,4.975e-12
3.5500000000000003,4.2789841688522401,1,nr,2.748e-15
3.5625000000000004,4.2530274339726519,1,nr,2.783e-15
3.5750000000000002,4.2273660081454176,1,nr,9.685e-16
3.5875000000000004,4.201996067141474,1,nr,5.880e-16
3.6000000000000005,4.1769138573009323,1,nr,1.031e-15
3.6125000000000003,4.1521156941493462,1,nr,2.242e-15
3.6250000000000004,4.1275979610489015,1,nr,3.841e-16
3.6375000000000002,4.103357107883622,1,nr,3.669e-15
3.6500000000000004,4.0793896497776521,1,nr,7.112e-16
3.6625000000000005,4.0556921658621246,1,nr,3.182e-11
3.6750000000000003,4.0322612979754746,1,nr,8.318e-16
3.6875000000000004,4.0090937496391099,1,nr,4.313e-16
3.7000000000000002,3.9861862847218954,1,nr,2.903e-11
3.7125000000000004,3.9635357264660334,1,nr,2.384e-15
3.7250000000000005,3.9411389562059265,1,nr,3.686e-11
3.7375000000000003,3.9189929125329006,1,nr,2.463e-15
3.7500000000000004,3.8970945899928964,1,nr,3.436e-16
3.7625000000000002,3.8754410382703091,1,nr,1.213e-11
3.7750000000000004,3.8540293610723033,1,nr,1.047e-16
3.7875000000000005,3.8328567152368955,1,nr,7.934e-16
3.8000000000000003,3.8119203097256369,1,nr,5.637e-12
3.8125000000000004,3.7912174047220777,1,nr,4.817e-11
3.8250000000000002,3.7707453108274853,1,nr,2.515e-11
3.8375000000000004,3.7505013879268043,1,nr,1.202e-11
3.8500000000000005,3.7304830446481252,1,nr,1.066e-11
3.8625000000000003,3.7106877373379823,1,nr,1.869e-11
3.8750000000000004,3.691112969299549,1,nr,3.791e-11
3.8875000000000002,3.6717562899458085,1,nr,4.408e-11
3.9000000000000004,3.6526152942401078,1,nr,9.632e-16
3.9125000000000005,3.633687621599174,1,nr,2.544e-15
3.9250000000000003,3.6149709554456817,1,nr,2.773e-13
3.9375000000000004,3.5964630223896692,1,nr,3.549e-11
3.9500000000000002,3.5781615914692999,1,nr,2.994e-17
3.9625000000000004,3.5600644736365226,1,nr,8.981e-14
3.9750000000000005,3.5421695209462833,1,nr,3.409e-11
3.9875000000000003,3.5244746259069246,1,nr,1.934e-11
4,3.5069777210433331,1,nr,1.962e-11
4.0125000000000002,3.4896767779945801,1,nr,2.722e-12
4.0250000000000004,3.4725698071728788,1,nr,1.140e-11
4.0375000000000005,3.455654857046019,1,nr,4.100e-13
4.0500000000000007,3.4389300135854786,1,nr,3.684e-13
4.0625,3.4223933997553631,1,nr,1.712e-11
4.0750000000000002,3.4060431749250162,1,nr,2.371e-11
4.0875000000000004,3.3898775343706635,1,nr,1.533e-13
4.1000000000000005,3.373894708789217,1,nr,1.322e-11
4.1125000000000007,3.3580929637457375,1,nr,3.401e-11
4.125,3.3424705992514228,1,nr,2.361e-16
4.1375000000000002,3.3270259491868006,1,nr,8.841e-16
4.1500000000000004,3.311757380963968,1,nr,8.827e-17
4.1625000000000005,3.2966632950076433,1,nr,4.993e-16
4.1750000000000007,3.2817421243332197,1,nr,1.173e-16
4.1875,3.2669923341208236,1,nr,1.463e-16
4.2000000000000002,3.2524124213002508,1,nr,5.841e-16
4.2125000000000004,3.2380009141565598,1,nr,2.247e-11
4.2250000000000005,3.2237563719103797,1,nr,5.527e-11
4.2375000000000007,3.209677384307863,1,nr,6.110e-12
4.25,3.1957625714064064,1,nr,8.687e-16
4.2625000000000002,3.1820105829852574,1,nr,8.089e-16
4.2750000000000004,3.1684200983363935,1,nr,1.400e-11
4.2875000000000005,3.1549898258472258,1,nr,8.395e-15
4.3000000000000007,3.1417185027269667,1,nr,4.015e-16
4.3125,3.128604894619099,1,nr,1.425e-11
4.3250000000000002,3.1156477952772765,1,nr,2.054e-15
4.3375000000000004,3.1028460263070778,1,nr,3.414e-16
4.3500000000000005,3.0901984367786373,1,nr,3.115e-11
4.3625000000000007,3.0777039030266824,1,nr,1.414e-15
4.375,3.0653613282069441,1,nr,3.948e-16
4.3875000000000002,3.0531696421466572,1,nr,5.623e-17
4.4000000000000004,3.0411278009891602,1,nr,5.605e-16
4.4125000000000005,3.0292347869042668,1,nr,5.199e-11
4.4250000000000007,3.0174896079319256,1,nr,5.012e-16
4.4375,3.0058912974731333,1,nr,2.609e-15
4.4500000000000002,2.9944389142452237,1,nr,3.285e-11
4.4625000000000004,2.9831315419744779,1,nr,1.709e-15
4.4750000000000005,2.9719682890066506,1,nr,4.065e-15
4.4875000000000007,2.9609482881992317,1,nr,1.040e-15
4.5,2.9500706965971593,1,nr,2.010e-11
4.5125000000000002,2.9393346951214641,1,nr,4.824e-11
4.5250000000000004,2.9287394885201929,1,nr,2.111e-15
4.5375000000000005,2.9182843047909937,1,nr,3.396e-15
4.5500000000000007,2.9079683951970745,1,nr,8.592e-16
4.5625,2.8977910338851331,1,nr,5.883e-16
4.5750000000000002,2.8877515176461888,1,nr,3.409e-15
4.5875000000000004,2.8778491656505021,1,nr,7.956e-16
4.6000000000000005,2.8680833191784001,1,nr,1.004e-15
4.6125000000000007,2.8584533413460518,1,nr,7.363e-16
4.625,2.8489586168252998,1,nr,9.426e-16
4.6375000000000002,2.8395985515459223,1,nr,2.148e-11
4.6500000000000004,2.8303725724532538,1,nr,2.076e-16
4.6625000000000005,2.82128012709811,1,nr,1.963e-15
4.6750000000000007,2.8123206834276488,1,nr,9.257e-16
4.6875,2.8034937294060809,1,nr,3.686e-15
4.7000000000000002,2.7947987726827868,1,nr,5.894e-12
4.7125000000000004,2.78623534025331,1,nr,2.028e-16
4.7250000000000005,2.7778029780597029,1,nr,1.211e-15
4.7375000000000007,2.7695012506166181,1,nr,3.167e-11
4.75,2.7613297406713562,1,nr,2.998e-16
4.7625000000000002,2.7532880486160285,1,nr,1.293e-15
4.7750000000000004,2.7453757922001314,1,nr,3.957e-16
4.7875000000000005,2.7375926059734783,1,nr,1.968e-16
4.8000000000000007,2.7299381407996681,1,nr,5.663e-13
4.8125000000000009,2.7224120633258018,1,nr,7.792e-16
4.8250000000000002,2.715014055416817,1,nr,1.438e-12
4.8375000000000004,2.7077438135570886,1,nr,2.506e-15
4.8500000000000005,2.7006010482224339,1,nr,2.876e-16
4.8625000000000007,2.6935854831989361,1,nr,2.383e-15
4.8750000000000009,2.6866968548707071,1,nr,1.327e-15
4.8875000000000002,2.6799349114573046,1,nr,5.747e-13
4.9000000000000004,2.6732994122052176,1,nr,9.377e-16
4.9125000000000005,2.6667901265226006,1,nr,1.678e-15
4.9250000000000007,2.6604068330650139,1,nr,1.205e-15
4.9375000000000009,2.6541493187692913,1,nr,2.082e-11
4.9500000000000002,2.6480173777540967,1,nr,2.933e-15
4.9625000000000004,2.6420108103342157,1,nr,7.291e-16
4.9750000000000005,2.636129421722671,1,nr,2.447e-15
4.9875000000000007,2.6303730208385119,1,nr,3.604e-16
5.0000000000000009,2.624741418958342,1,nr,7.115e-12
5.0125000000000002,2.6192344283418101,1,nr,3.327e-11
5.0250000000000004,2.6138518605821317,1,nr,1.416e-15
5.0375000000000005,2.608593525253208,1,nr,1.760e-16
5.0500000000000007,2.6034592279882536,1,nr,3.062e-15
5.0625000000000009,2.5984487687850417,1,nr,6.087e-16
5.0750000000000002,2.5935619400768677,1,nr,1.296e-15
5.0875000000000004,2.5887985247104783,1,nr,1.718e-16
5.1000000000000005,2.584158293825038,1,nr,2.971e-11
5.1125000000000007,2.5796410044853286,1,nr,1.037e-11
5.1250000000000009,2.5752463975172621,1,nr,1.350e-15
5.1375000000000002,2.5709741947228233,1,nr,1.258e-15
5.1500000000000004,2.5668240963834879,1,nr,5.836e-16
5.1625000000000005,2.5627957784047202,1,nr,9.116e-16
5.1750000000000007,2.5588888893848742,1,nr,1.335e-11
5.1875000000000009,2.5551030474684051,1,nr,8.238e-12
5.2000000000000002,2.5514378372200697,1,nr,4.070e-16
5.2125000000000004,2.5478928060770349,1,nr,2.185e-15
5.2250000000000005,2.5444674608876077,1,nr,1.548e-11
5.2375000000000007,2.5411612642209911,1,nr,8.796e-16
5.2500000000000009,2.537973630400832,1,nr,7.949e-17
5.2625000000000002,2.5349039216018276,1,nr,5.359e-13
5.2750000000000004,2.5319514436342625,1,nr,3.143e-16
5.2875000000000005,2.5291154416231971,1,nr,2.938e-11
5.3000000000000007,2.526395095679383,1,nr,3.107e-16
5.3125000000000009,2.5237895161229975,1,nr,2.294e-11
5.3250000000000002,2.5212977389269584,1,nr,5.377e-16
5.3375000000000004,2.5189187210118482,1,nr,3.137e-11
5.3500000000000005,2.5166513350869288,1,nr,1.140e-15
5.3625000000000007,2.5144943650201563,1,nr,8.521e-12
5.3750000000000009,2.5124465006059271,1,nr,6.013e-16
5.3875000000000002,2.5105063325899759,1,nr,4.860e-16
5.4000000000000004,2.5086723477085076,1,nr,2.817e-11
5.4125000000000005,2.5069429235469465,1,nr,3.331e-16
5.4250000000000007,2.5053163238521332,1,nr,2.578e-16
5.4375000000000009,2.5037906934664909,1,nr,2.450e-11
5.4500000000000002,2.5023640538791034,1,nr,3.283e-16
5.4625000000000004,2.5010342985287295,1,nr,7.987e-16
5.4750000000000005,2.4997991887846429,1,nr,8.866e-13
5.4875000000000007,2.4986563499064216,1,nr,2.146e-11
5.5000000000000009,2.4976032676048927,1,nr,2.532e-11
5.5125000000000002,2.4966372846043976,1,nr,1.428e-16
5.5250000000000004,2.4957555983728223,1,nr,4.977e-16
5.5375000000000005,2.4949552586813004,1,nr,3.326e-14
5.5500000000000007,2.4942331662075441,1,nr,6.315e-12
5.5625000000000009,2.4935860716842222,1,nr,1.411e-11
5.5750000000000002,2.4930105757858776,1,nr,1.797e-11
5.5875000000000004,2.49250312982443,1,nr,1.779e-11
5.6000000000000005,2.4920600373343724,1,nr,2.439e-16
5.6125000000000007,2.4916774565090498,1,nr,4.865e-16
5.6250000000000009,2.4913514037656337,1,nr,3.120e-16
5.6375000000000002,2.4910777581769765,1,nr,1.297e-15
5.6500000000000004,2.4908522670478188,1,nr,5.521e-16
5.6625000000000005,2.4906705525675283,1,nr,1.722e-17
5.6750000000000007,2.4905281195740101,1,nr,8.596e-16
5.6875000000000009,2.4904203644351326,1,nr,4.807e-16
5.7000000000000002,2.4903425850407266,1,nr,5.058e-16
5.7125000000000004,2.4902899918837833,1,nr,6.851e-17
5.7250000000000005,2.490257720191221,1,nr,3.307e-12
5.7375000000000007,2.4902408430606138,1,nr,1.395e-11
5.7500000000000009,2.4902343855423377,1,nr,2.007e-11
5.7625000000000002,2.4902333395249849,1,nr,2.424e-11
5.7750000000000004,2.4902326794621783,1,nr,2.460e-11
5.7875000000000005,2.4902273784680058,1,nr,2.021e-11
5.8000000000000007,2.4902124254182794,1,nr,1.500e-11
5.8125000000000009,2.4901828419175431,1,nr,9.317e-12
5.8250000000000002,2.4901336997319294,1,nr,4.108e-12
5.8375000000000004,2.4900601382303464,1,nr,6.711e-13
5.8500000000000005,2.4899573817211595,1,nr,7.048e-16
5.8625000000000007,2.4898207565178927,1,nr,1.756e-15
5.8750000000000009,2.4896457075784237,1,nr,1.691e-15
5.8875000000000002,2.4894278145449467,1,nr,8.455e-15
5.9000000000000004,2.4891628070353269,1,nr,1.953e-14
5.9125000000000005,2.4888465790411805,1,nr,2.455e-14
5.9250000000000007,2.4884752022986838,1,nr,1.746e-14
5.9375000000000009,2.4880449385128425,1,nr,1.059e-13
5.9500000000000002,2.487552250321488,1,nr,1.270e-11
5.9625000000000004,2.4869938109917142,1,nr,3.452e-14
5.9750000000000005,2.4863665125462537,1,nr,1.604e-14
5.9875000000000007,2.485667472669272,1,nr,4.893e-15
6.0000000000000009,2.4848940399669064,1,nr,9.948e-13
6.0125000000000002,2.484043797820636,1,nr,8.579e-16
6.0250000000000004,2.4831145667476147,1,nr,6.103e-16
6.0375000000000005,2.4821044053408956,1,nr,7.066e-13
6.0500000000000007,2.4810116098022461,1,nr,4.688e-13
6.0625000000000009,2.4798347121495699,1,nr,9.787e-12
6.0750000000000002,2.4785724772122437,1,nr,5.488e-16
6.0875000000000004,2.4772238983404837,1,nr,2.839e-12
6.1000000000000005,2.4757881921943308,1,nr,1.070e-12
6.1125000000000007,2.4742647924684626,1,nr,4.087e-16
6.1250000000000009,2.4726533427698656,1,nr,1.494e-16
6.1375000000000002,2.4709536887535855,1,nr,2.828e-12
6.1500000000000004,2.4691658696013778,1,nr,4.533e-16
6.1625000000000005,2.4672901090048769,1,nr,1.067e-11
6.1750000000000007,2.4653268056314843,1,nr,7.716e-13
6.1875000000000009,2.4632765234168428,1,nr,2.306e-16
6.2000000000000002,2.4611399814725781,1,nr,8.820e-12
6.2125000000000004,2.458918043933584,1,nr,7.001e-16
6.2250000000000005,2.4566117098262579,1,nr,1.821e-11
6.2375000000000007,2.4542221027662747,1,nr,9.449e-16
6.2500000000000009,2.4517504610640115,1,nr,2.583e-11
6.2625000000000002,2.4491981275918433,1,nr,1.196e-15
6.2750000000000004,2.4465665403551733,1,nr,2.958e-11
6.2875000000000005,2.443857222780017,1,nr,2.421e-16
6.3000000000000007,2.4410717748972819,1,nr,2.278e-11
6.3125000000000009,2.4382118642779229,1,nr,8.172e-17
6.3250000000000002,2.4352792178725045,1,nr,2.760e-12
6.3375000000000004,2.4322756138068131,1,nr,1.275e-11
6.3500000000000005,2.4292028738955049,1,nr,1.499e-15
6.3625000000000007,2.4260628563493238,1,nr,3.736e-11
6.3750000000000009,2.4228574489648222,1,nr,1.349e-15
6.3875000000000002,2.4195885629423843,1,nr,1.103e-15
6.4000000000000004,2.4162581267059271,1,nr,2.489e-11
6.4125000000000005,2.4128680805503766,1,nr,6.871e-16
6.4250000000000007,2.4094203713419908,1,nr,5.185e-16
6.4375000000000009,2.4059169478989522,1,nr,4.078e-11
6.4500000000000002,2.4023597566722832,1,nr,1.312e-15
6.4625000000000004,2.3987507375419201,1,nr,8.800e-17
6.4750000000000005,2.395091820401281,1,nr,8.975e-13
6.4875000000000007,2.391384921737183,1,nr,4.453e-16
6.5000000000000009,2.3876319416716902,1,nr,2.329e-15
6.5125000000000002,2.3838347612748505,1,nr,2.343e-15
6.5250000000000004,2.3799952401704547,1,nr,1.947e-13
6.5375000000000005,2.3761152144086126,1,nr,9.116e-17
6.5500000000000007,2.3721964945897391,1,nr,2.750e-16
6.5625000000000009,2.3682408642264181,1,nr,1.844e-16
6.5750000000000002,2.3642500783237241,1,nr,2.874e-15
6.5875000000000004,2.3602258621686789,1,nr,8.955e-12
6.6000000000000005,2.3561699102838816,1,nr,1.312e-15
6.6125000000000007,2.3520838856187996,1,nr,8.481e-16
6.6250000000000009,2.3479694188186273,1,nr,6.631e-16
6.6375000000000002,2.3438281077039145,1,nr,7.619e-16
6.6500000000000004,2.3396615168607284,1,nr,1.436e-15
6.6625000000000005,2.335471177379207,1,nr,4.716e-11
6.6750000000000007,2.331258586582694,1,nr,6.769e-16
6.6875000000000009,2.3270252081646512,1,nr,2.721e-15
6.7000000000000002,2.3227724720108891,1,nr,2.344e-15
6.7125000000000004,2.3185017744106542,1,nr,1.177e-15
6.7250000000000005,2.3142144782204976,1,nr,1.183e-15
6.7375000000000007,2.3099119131268204,1,nr,2.824e-11
6.7500000000000009,2.3055953758874099,1,nr,3.201e-11
6.7625000000000002,2.3012661308719493,1,nr,1.099e-15
6.7750000000000004,2.2969254102320975,1,nr,2.309e-15
6.7875000000000005,2.2925744145361726,1,nr,3.327e-15
6.8000000000000007,2.2882143131808772,1,nr,5.062e-16
6.8125000000000009,2.2838462449211208,1,nr,1.220e-15
6.8250000000000002,2.2794713184131705,1,nr,9.698e-16
6.8375000000000004,2.2750906127810269,1,nr,3.322e-12
6.8500000000000005,2.2707051781937109,1,nr,7.717e-16
6.8625000000000007,2.266316036475672,1,nr,3.202e-15
6.8750000000000009,2.2619241817045621,1,nr,3.214e-15
6.8875000000000002,2.257530580836232,1,nr,1.873e-15
6.9000000000000004,2.2531361743288203,1,nr,1.775e-15
6.9125000000000005,2.2487418767722098,1,nr,1.100e-15
6.9250000000000007,2.2443485775195389,1,nr,1.577e-16
6.9375000000000009,2.2399571413111614,1,nr,2.300e-11
6.9500000000000002,2.2355684089369676,1,nr,2.094e-11
6.9625000000000004,2.2311831978210379,1,nr,5.309e-16
6.9750000000000005,2.2268023026525938,1,nr,3.781e-15
6.9875000000000007,2.2224264960353741,1,nr,3.632e-15
7.0000000000000009,2.2180565290719141,1,nr,1.929e-15
7.0125000000000002,2.2136931319750479,1,nr,1.289e-15
7.0250000000000004,2.2093370146644147,1,nr,2.317e-15
7.0375000000000005,2.2049888673538898,1,nr,1.352e-12
7.0500000000000007,2.200649361132387,1,nr,3.466e-15
7.0625000000000009,2.1963191485285671,1,nr,2.009e-15
7.0750000000000002,2.1919988640740287,1,nr,3.973e-15
7.0875000000000004,2.187689124849677,1,nr,4.582e-15
7.1000000000000005,2.1833905310239743,1,nr,1.203e-15
7.1125000000000007,2.1791036663799188,1,nr,2.082e-15
7.1250000000000009,2.1748290988309531,1,nr,1.537e-15
7.1375000000000002,2.1705673809155255,1,nr,3.419e-11
7.1500000000000004,2.1663190503418357,1,nr,7.165e-16
7.1625000000000005,2.1620846303678443,1,nr,2.540e-15
7.1750000000000007,2.15786463037472,1,nr,2.047e-15
7.1875000000000009,2.1536595462755708,1,nr,3.047e-15
7.2000000000000002,2.1494698609744494,1,nr,2.275e-15
7.2125000000000004,2.1452960448146601,1,nr,3.674e-11
7.2250000000000005,2.141138555952447,1,nr,1.280e-15
7.2375000000000007,2.1369978408789603,1,nr,3.790e-15
7.2500000000000009,2.1328743347193444,1,nr,3.125e-15
7.2625000000000002,2.1287684616803522,1,nr,1.899e-15
7.2750000000000004,2.1246806354239158,1,nr,3.356e-16
7.2875000000000005,2.1206112594231659,1,nr,6.375e-11
7.3000000000000007,2.11656072741556,1,nr,1.597e-15
7.3125000000000009,2.112529423578116,1,nr,3.702e-15
7.3250000000000002,2.1085177230501793,1,nr,3.929e-15
7.3375000000000004,2.1045259921786648,1,nr,1.559e-15
7.3500000000000005,2.1005545888814092,1,nr,7.403e-11
7.3625000000000007,2.0966038628615227,1,nr,1.462e-15
7.3750000000000009,2.0926741561175439,1,nr,2.700e-15
7.3875000000000002,2.0887658030382998,1,nr,1.126e-15
7.4000000000000004,2.0848791307886825,1,nr,1.936e-11
7.4125000000000005,2.0810144595823723,1,nr,5.217e-11
7.4250000000000007,2.0771721029724173,1,nr,5.245e-16
7.4375000000000009,2.0733523680272192,1,nr,2.622e-16
7.4500000000000002,2.0695555557254832,1,nr,8.912e-11
7.4625000000000004,2.0657819610313757,1,nr,4.168e-11
7.4750000000000005,2.0620318733224017,1,nr,3.803e-11
7.4875000000000007,2.0583055765460938,1,nr,1.548e-16
7.5000000000000009,2.0546033493488065,1,nr,1.407e-11
7.5125000000000002,2.0509254654450553,1,nr,4.630e-12
7.5250000000000004,2.0472721937358256,1,nr,5.301e-13
7.5375000000000005,2.0436437985511211,1,nr,7.955e-12
7.5500000000000007,2.0400405398292545,1,nr,1.360e-13
7.5625000000000009,2.0364626733129438,1,nr,5.513e-11
7.5750000000000002,2.0329104507984059,1,nr,4.738e-11
7.5875000000000004,2.0293841201090004,1,nr,2.407e-11
7.6000000000000005,2.0258839255660641,1,nr,1.400e-15
7.6125000000000007,2.0224101078924845,1,nr,3.776e-15
7.6250000000000009,2.0189629045288613,1,nr,6.787e-11
7.6375000000000002,2.0155425496518915,1,nr,1.563e-15
7.6500000000000004,2.0121492745044138,1,nr,2.927e-15
7.6625000000000005,2.0087833073562238,1,nr,2.979e-15
7.6750000000000007,2.0054448737261237,1,nr,2.753e-15
7.6875000000000009,2.0021341964907644,1,nr,8.053e-16
7.7000000000000002,1.9988514960051107,1,nr,8.041e-16
7.7125000000000004,1.9955969902166868,1,nr,2.492e-15
7.7250000000000005,1.9923708947735952,1,nr,4.312e-15
7.7375000000000007,1.9891734231263014,1,nr,3.312e-15
7.7500000000000009,1.9860047866231061,1,nr,1.433e-15
7.7625000000000002,1.9828651945993243,1,nr,2.145e-15
7.7750000000000004,1.9797548544530528,1,nr,2.645e-11
7.7875000000000005,1.9766739717564785,1,nr,1.699e-15
7.8000000000000007,1.9736227502557298,1,nr,9.297e-16
7.8125000000000009,1.9706013920039867,1,nr,1.910e-15
7.8250000000000002,1.9676100973829638,1,nr,2.124e-15
7.8375000000000004,1.9646490651422923,1,nr,6.457e-11
7.8500000000000005,1.9617184925282307,1,nr,1.952e-15
7.8625000000000007,1.9588185751470555,1,nr,1.407e-15
7.8750000000000009,1.9559495071654509,1,nr,3.347e-15
7.8875000000000002,1.9531114812452741,1,nr,2.962e-15
7.9000000000000004,1.9503046885739703,1,nr,3.223e-16
7.9125000000000005,1.9475293188699807,1,nr,4.340e-15
7.9250000000000007,1.9447855603717121,1,nr,3.095e-11
7.9375000000000009,1.9420735998686316,1,nr,4.691e-15
7.9500000000000002,1.9393936225979922,1,nr,7.443e-16
7.9625000000000004,1.9367458123006334,1,nr,3.287e-15
7.9750000000000005,1.9341303511419314,1,nr,6.874e-16
7.9875000000000007,1.9315474196737716,1,nr,2.162e-15
8,1.9289971967785609,1,nr,5.257e-15
8.0124999999999993,1.9264798596033073,1,nr,5.242e-17
8.0250000000000004,1.9239955834834908,1,nr,2.300e-15
8.0374999999999996,1.9215445418563231,1,nr,2.240e-15
8.0499999999999989,1.9191269061630845,1,nr,1.974e-15
8.0625,1.9167428457401245,1,nr,4.143e-16
8.0749999999999993,1.9143925276981788,1,nr,1.962e-15
8.0875000000000004,1.9120761167895433,1,nr,3.910e-15
8.0999999999999996,1.9097937752531091,1,nr,3.379e-11
8.1124999999999989,1.9075456627042775,1,nr,1.206e-14
8.125,1.9053319358667982,1,nr,6.114e-16
8.1374999999999993,1.9031527484836968,1,nr,5.687e-15
8.1500000000000004,1.9010082510691217,1,nr,1.316e-15
8.1624999999999996,1.8988985907033427,1,nr,1.009e-15
8.1749999999999989,1.8968239108027627,1,nr,5.025e-15
8.1875,1.8947843508633766,1,nr,3.668e-11
8.1999999999999993,1.8927800462528805,1,nr,1.088e-14
8.2125000000000004,1.890811127823655,1,nr,1.293e-15
8.2249999999999996,1.8888777217250163,1,nr,3.468e-15
8.2374999999999989,1.8869799490352759,1,nr,2.271e-15
8.25,1.885117925440569,1,nr,4.918e-16
8.2624999999999993,1.8832917608840807,1,nr,9.015e-15
8.2750000000000004,1.8815015591960953,1,nr,4.979e-15
8.2874999999999996,1.879747417690049,1,nr,4.665e-11
8.2999999999999989,1.878029426824672,1,nr,9.787e-15
8.3125,1.876347669630098,1,nr,2.220e-15
8.3249999999999993,1.8747022213813467,1,nr,6.130e-11
8.3375000000000004,1.873093149150266,1,nr,9.484e-15
8.3499999999999996,1.8715205111339621,1,nr,1.527e-15
8.3624999999999989,1.8699843563314298,1,nr,1.841e-13
8.375,1.8684847239102527,1,nr,4.735e-15
8.3874999999999993,1.8670216426657009,1,nr,3.962e-15
8.4000000000000004,1.8655951304396636,1,nr,4.699e-16
8.4124999999999996,1.8642051935165556,1,nr,2.528e-15
8.4249999999999989,1.862851825997645,1,nr,6.528e-15
8.4375,1.8615350091535416,1,nr,2.508e-15
8.4499999999999993,1.8602547107552938,1,nr,3.701e-16
8.4625000000000004,1.8590108843844935,1,nr,2.581e-15
8.4749999999999996,1.8578034687230613,1,nr,4.407e-15
8.4874999999999989,1.8566323868234034,1,nr,2.836e-15
8.5,1.8554975453598932,1,nr,1.731e-15
8.5124999999999993,1.8543988338626993,1,nr,2.723e-16
8.5250000000000004,1.8533361239353152,1,nr,3.527e-15
8.5374999999999996,1.852309268457196,1,nr,5.135e-15
8.5499999999999989,1.8513181007732498,1,nr,8.078e-16
8.5625,1.8503624338720244,1,nr,2.146e-15
8.5749999999999993,1.8494420595610035,1,nr,1.732e-11
8.5875000000000004,1.8485567475983136,1,nr,4.971e-15
8.5999999999999996,1.847706244912634,1,nr,5.572e-15
8.6124999999999989,1.84689027469917,1,nr,3.260e-15
8.625,1.8461085356100309,1,nr,1.054e-15
8.6374999999999993,1.8453607009134749,1,nr,2.625e-16
8.6500000000000004,1.8446464176526087,1,nr,4.438e-11
8.6624999999999996,1.8439653059158709,1,nr,2.042e-15
8.6749999999999989,1.8433169578806867,1,nr,3.637e-15
8.6875,1.8427009372068925,1,nr,5.999e-15
8.6999999999999993,1.8421167782131909,1,nr,1.592e-15
8.7125000000000004,1.8415639851851093,1,nr,2.744e-15
8.7249999999999996,1.8410420317057274,1,nr,1.197e-15
8.7374999999999989,1.8405503600314934,1,nr,2.983e-16
8.75,1.8400883805065285,1,nr,3.307e-11
8.7624999999999993,1.8396554710996147,1,nr,2.944e-11
8.7750000000000004,1.839250976889397,1,nr,1.720e-11
8.7874999999999996,1.8388742096641744,1,nr,6.319e-16
8.7999999999999989,1.8385244477368705,1,nr,2.143e-15
8.8125,1.8382009356162141,1,nr,1.383e-15
8.8249999999999993,1.8379028839256728,1,nr,2.424e-15
8.8375000000000004,1.8376294693692841,1,nr,1.042e-15
8.8499999999999996,1.8373798348093968,1,nr,1.248e-16
8.8624999999999989,1.8371530894561363,1,nr,7.056e-16
8.875,1.8369483091748504,1,nr,4.970e-16
8.8874999999999993,1.8367645369174148,1,nr,1.240e-16
8.9000000000000004,1.8366007832828335,1,nr,7.219e-16
8.9124999999999996,1.8364560272120385,1,nr,2.059e-17
8.9249999999999989,1.8363292168211491,1,nr,1.603e-15
8.9375,1.8362192703767448,1,nr,6.155e-17
8.9499999999999993,1.8361250774158984,1,nr,5.327e-16
8.9625000000000004,1.8360455000127982,1,nr,6.138e-16
8.9749999999999996,1.8359793741928274,1,nr,1.226e-15
8.9874999999999989,1.8359255114939097,1,nr,4.286e-16
9,1.8358827006737681,1,nr,2.650e-16
9.0124999999999993,1.8358497095606272,1,nr,2.139e-16
9.0250000000000004,1.8358252870435638,1,nr,1.140e-15
9.0374999999999996,1.8358081651975255,1,nr,1.393e-15
9.0499999999999989,1.8357970615366876,1,nr,2.541e-17
9.0625,1.8357906813885525,1,nr,1.031e-15
9.0749999999999993,1.8357877203799211,1,nr,1.290e-15
9.0875000000000004,1.8357868670246047,1,nr,6.107e-16
9.0999999999999996,1.8357868054015509,1,nr,1.073e-16
9.1124999999999989,1.8357862179109667,1,nr,2.743e-16
9.125,1.8357837880949315,1,nr,1.661e-15
9.1374999999999993,1.8357782035081276,1,nr,9.351e-16
9.1500000000000004,1.8357681586234724,1,nr,1.688e-15
9.1624999999999996,1.835752357756802,1,nr,1.475e-15
9.1749999999999989,1.8357295179942466,1,nr,7.027e-16
9.1875,1.8356983721055975,1,nr,4.179e-16
9.1999999999999993,1.8356576714268162,1,nr,1.428e-15
9.2125000000000004,1.8356061886898862,1,nr,1.199e-11
9.2249999999999996,1.8355427207935047,1,nr,5.963e-11
9.2374999999999989,1.835466091578615,1,nr,2.948e-11
9.25,1.8353751541693926,1,nr,1.089e-11
9.2624999999999993,1.8352687937772072,1,nr,2.495e-12
9.2750000000000004,1.8351459298582862,1,nr,1.757e-13
9.2874999999999996,1.8350055183835421,1,nr,2.887e-16
9.2999999999999989,1.8348465539086887,1,nr,4.341e-13
9.3125,1.8346680714820125,1,nr,5.813e-12
9.3249999999999993,1.8344691483822038,1,nr,2.870e-11
9.3375000000000004,1.8342489057308349,1,nr,3.378e-11
9.3499999999999996,1.8340065097131333,1,nr,1.543e-15
9.3624999999999989,1.8337411730092585,1,nr,2.091e-16
9.375,1.833452155607874,1,nr,2.054e-15
9.3874999999999993,1.8331387656969385,1,nr,2.522e-15
9.4000000000000004,1.8328003602712777,1,nr,1.096e-15
9.4124999999999996,1.8324363455420976,1,nr,5.787e-11
9.4249999999999989,1.8320461772732857,1,nr,5.441e-11
9.4375,1.8316293607038379,1,nr,6.077e-11
9.4499999999999993,1.8311854505865297,1,nr,5.374e-11
9.4625000000000004,1.8307140506820765,1,nr,2.739e-11
9.4749999999999996,1.8302148136189604,1,nr,3.423e-12
9.4874999999999989,1.8296874400979535,1,nr,6.034e-16
9.5,1.8291316781891485,1,nr,3.027e-16
9.5124999999999993,1.8285473224795288,1,nr,1.736e-16
9.5250000000000004,1.8279342130756564,1,nr,1.002e-15
9.5374999999999996,1.8272922344970421,1,nr,5.682e-16
9.5499999999999989,1.8266213144698475,1,nr,5.265e-16
9.5625,1.825921422612385,1,nr,5.212e-11
9.5749999999999993,1.8251925691538429,1,nr,5.900e-12
9.5875000000000004,1.8244348032977964,1,nr,1.154e-15
9.5999999999999996,1.8236482119260398,1,nr,1.960e-15
9.6125000000000007,1.8228329179395124,1,nr,2.146e-15
9.625,1.8219890787033499,1,nr,2.693e-15
9.6374999999999993,1.8211168844341301,1,nr,7.209e-16
9.6500000000000004,1.8202165565750603,1,nr,1.179e-11
9.6624999999999996,1.8192883461383522,1,nr,4.542e-16
9.6750000000000007,1.8183325321047352,1,nr,2.645e-15
9.6875,1.8173494197510085,1,nr,5.493e-16
9.6999999999999993,1.8163393390490694,1,nr,2.850e-15
9.7125000000000004,1.8153026430705719,1,nr,3.119e-11
9.7249999999999996,1.8142397063611968,1,nr,4.633e-16
9.7375000000000007,1.8131509234927348,1,nr,2.419e-15
9.75,1.8120367074523949,1,nr,1.588e-15
9.7624999999999993,1.8108974882183513,1,nr,1.875e-16
9.7750000000000004,1.809733711317826,1,nr,1.036e-15
9.7874999999999996,1.8085458364396489,1,nr,1.323e-15
9.8000000000000007,1.8073343360937522,1,nr,5.504e-15
9.8125,1.8060996943195609,1,nr,1.620e-15
9.8249999999999993,1.8048424054447108,1,nr,2.104e-15
9.8375000000000004,1.80356297289523,1,nr,4.033e-15
9.8499999999999996,1.8022619080578568,1,nr,7.326e-15
9.8625000000000007,1.8009397291949008,1,nr,1.064e-15
9.875,1.799596960411662,1,nr,8.743e-16
9.8874999999999993,1.7982341306762863,1,nr,4.681e-15
9.9000000000000004,1.7968517728915145,1,nr,7.341e-15
9.9124999999999996,1.7954504230082224,1,nr,3.490e-11
9.9250000000000007,1.7940306192463498,1,nr,3.944e-15
9.9375,1.7925929012226303,1,nr,7.621e-15
9.9499999999999993,1.791137809316617,1,nr,3.775e-15
9.9625000000000004,1.7896658839410282,1,nr,2.592e-15
9.9749999999999996,1.7881776649145757,1,nr,8.104e-15
9.9875000000000007,1.7866736908693377,1,nr,2.811e-15
10,1.7851544987071188,1,nr,2.541e-11
2.7250000000000005,14.949239839159082,2,nr,1.703e-15
2.7375000000000003,14.816648764219034,2,nr,5.549e-12
2.7500000000000004,14.685874316487913,2,nr,1.493e-11
2.7625000000000002,14.55688383147502,2,nr,2.484e-15
2.7750000000000004,14.429645380781507,2,nr,2.635e-15
2.7875000000000005,14.30412775215677,2,nr,2.655e-15
2.8000000000000003,14.180300430497226,2,nr,2.731e-12
2.8125000000000004,14.058133579300494,2,nr,3.458e-15
2.8250000000000002,13.937598022758719,2,nr,1.086e-15
2.8375000000000004,13.818665228341377,2,nr,1.503e-15
2.8500000000000005,13.701307289949616,2,nr,8.792e-12
2.8625000000000003,13.585496911631957,2,nr,8.434e-12
2.8750000000000004,13.471207391593436,2,nr,1.150e-11
2.8875000000000002,13.358412607078172,2,nr,3.841e-15
2.9000000000000004,13.247086999217414,2,nr,2.263e-15
2.9125000000000005,13.137205558753164,2,nr,2.041e-15
2.9250000000000003,13.028743811952843,2,nr,1.433e-15
2.9375000000000004,12.921677807021849,2,nr,3.894e-15
2.9500000000000002,12.815984100889787,2,nr,1.939e-11
2.9625000000000004,12.711639746494976,2,nr,2.434e-16
2.9750000000000005,12.608622280175034,2,nr,9.308e-16
2.9875000000000003,12.506909709783054,2,nr,5.914e-16
3.0000000000000004,12.406480502885115,2,nr,4.760e-15
3.0125000000000002,12.307313575406855,2,nr,4.538e-15
3.0250000000000004,12.209388280591414,2,nr,3.612e-15
3.0375000000000005,12.112684398275997,2,nr,4.742e-15
3.0500000000000003,12.017182124476754,2,nr,1.877e-15
3.0625000000000004,11.922862061271863,2,nr,3.469e-15
3.0750000000000002,11.82970520697326,2,nr,5.129e-16
3.0875000000000004,11.73769294657764,2,nr,9.643e-15
3.1000000000000005,11.646807042487904,2,nr,4.147e-16
3.1125000000000003,11.557029625496213,2,nr,2.970e-15
3.1250000000000004,11.468343186020567,2,nr,3.771e-15
3.1375000000000002,11.380730565611646,2,nr,3.370e-11
3.1500000000000004,11.294174948547921,2,nr,3.279e-15
3.1625000000000005,11.208659854034373,2,nr,3.508e-15
3.1750000000000003,11.124169128126425,2,nr,8.011e-16
3.1875000000000004,11.040686936266662,2,nr,3.346e-11
3.2000000000000002,10.958197755741285,2,nr,1.186e-15
3.2125000000000004,10.876686368715234,2,nr,3.248e-16
3.2250000000000005,10.796137854996187,2,nr,4.350e-16
3.2375000000000003,10.716537585340143,2,nr,4.478e-15
3.2500000000000004,10.637871214801498,2,nr,1.097e-14
3.2625000000000002,10.560124676286851,2,nr,1.577e-12
3.2750000000000004,10.483284174276555,2,nr,4.977e-16
3.2875000000000005,10.40733617873026,2,nr,4.053e-15
3.3000000000000003,10.332267419135587,2,nr,1.672e-15
3.3125000000000004,10.258064878730934,2,nr,6.601e-15
3.3250000000000002,10.184715788876176,2,nr,6.345e-15
3.3375000000000004,10.112207623573864,2,nr,1.578e-15
3.3500000000000005,10.040528094151508,2,nr,2.665e-11
3.3625000000000003,9.9696651439892197,2,nr,4.540e-15
3.3750000000000004,9.8996069436228069,2,nr,5.467e-15
3.3875000000000002,9.830341885668755,2,nr,1.249e-11
3.4000000000000004,9.7618585800734419,2,nr,2.866e-15
3.4125000000000005,9.6941458495006625,2,nr,3.105e-15
3.4250000000000003,9.6271927247122022,2,nr,1.326e-15
3.4375000000000004,9.560988440169746,2,nr,9.730e-12
3.4500000000000002,9.4955224297561642,2,nr,2.796e-11
3.4625000000000004,9.4307843224230101,2,nr,3.552e-11
3.4750000000000005,9.3667639384016077,2,nr,3.587e-15
3.4875000000000003,9.303451284840687,2,nr,5.848e-16
3.5000000000000004,9.2408365521802125,2,nr,3.148e-11
3.5125000000000002,9.1789101103373234,2,nr,3.527e-16
3.5250000000000004,9.1176625048703333,2,nr,3.800e-15
3.5375000000000005,9.0570844535519459,2,nr,2.421e-15
3.5500000000000003,8.9971668427838623,2,nr,4.498e-15
3.5625000000000004,8.9379007242011106,2,nr,9.964e-15
3.5750000000000002,8.8792773113467902,2,nr,6.240e-16
3.5875000000000004,8.8212879764315542,2,nr,6.103e-15
3.6000000000000005,8.763924247175737,2,nr,2.834e-15
3.6125000000000003,8.707177803731895,2,nr,8.217e-15
3.6250000000000004,8.6510404756761599,2,nr,1.929e-11
3.6375000000000002,8.595504239144681,2,nr,2.448e-11
3.6500000000000004,8.5405612138450699,2,nr,2.909e-11
3.6625000000000005,8.4862036604205588,2,nr,6.933e-12
3.6750000000000003,8.4324239777356009,2,nr,4.637e-15
3.6875000000000004,8.3792147001346109,2,nr,7.477e-15
3.7000000000000002,8.3265684949645955,2,nr,1.434e-14
3.7125000000000004,8.2744781600408839,2,nr,1.632e-15
3.7250000000000005,8.2229366212109625,2,nr,3.328e-16
3.7375000000000003,8.1719369299773827,2,nr,6.510e-16
3.7500000000000004,8.1214722611797736,2,nr,4.160e-12
3.7625000000000002,8.0715359107463041,2,nr,3.537e-12
3.7750000000000004,8.0221212934842381,2,nr,1.032e-15
3.7875000000000005,7.9732219409414302,2,nr,2.809e-16
3.8000000000000003,7.924831499312778,2,nr,3.146e-11
3.8125000000000004,7.8769437274729022,2,nr,1.397e-12
3.8250000000000002,7.8295524948602147,2,nr,1.623e-15
3.8375000000000004,7.7826517796863355,2,nr,3.464e-15
3.8500000000000005,7.7362356670193098,2,nr,5.325e-11
3.8625000000000003,7.6902983468523773,2,nr,4.230e-12
3.8750000000000004,7.6448341125493595,2,nr,1.247e-11
3.8875000000000002,7.5998373589206487,2,nr,9.745e-12
3.9000000000000004,7.5553025806081067,2,nr,3.023e-12
3.9125000000000005,7.5112243704526191,2,nr,2.937e-11
3.9250000000000003,7.4675974178651447,2,nr,8.239e-15
3.9375000000000004,7.4244165073645068,2,nr,3.253e-11
3.9500000000000002,7.3816765170363512,2,nr,2.210e-11
3.9625000000000004,7.3393724169403756,2,nr,1.165e-11
3.9750000000000005,7.2974992679458861,2,nr,1.224e-11
3.9875000000000003,7.2560522201097735,2,nr,1.069e-12
4,7.215026511506518,2,nr,5.058e-15
4.0125000000000002,7.1744174668374905,2,nr,1.444e-12
4.0250000000000004,7.1342204962093216,2,nr,5.482e-12
4.0375000000000005,7.0944310939099848,2,nr,4.737e-12
4.0500000000000007,7.0550448372205468,2,nr,3.056e-13
4.0625,7.0160573852705967,2,nr,9.938e-16
4.0750000000000002,6.9774644779417798,2,nr,2.466e-15
4.0875000000000004,6.9392619347806663,2,nr,1.829e-11
4.1000000000000005,6.901445654006527,2,nr,5.996e-16
4.1125000000000007,6.8640116114186247,2,nr,3.816e-11
4.125,6.8269558595932116,2,nr,4.333e-15
4.1375000000000002,6.7902745267787692,2,nr,5.809e-11
4.1500000000000004,6.7539638160266398,2,nr,5.478e-11
4.1625000000000005,6.7180200046165641,2,nr,3.060e-15
4.1750000000000007,6.6824394427667988,2,nr,1.541e-15
4.1875,6.6472185532024568,2,nr,6.212e-16
4.2000000000000002,6.6123538302575477,2,nr,3.158e-15
4.2125000000000004,6.5778418391759823,2,nr,1.766e-15
4.2250000000000005,6.5436792154233245,2,nr,1.664e-12
4.2375000000000007,6.5098626640266337,2,nr,2.210e-12
4.25,6.4763889589640318,2,nr,7.946e-15
4.2625000000000002,6.443254942558748,2,nr,1.457e-15
4.2750000000000004,6.4104575249361071,2,nr,9.877e-16
4.2875000000000005,6.3779936834949318,2,nr,1.506e-15
4.3000000000000007,6.3458604624184511,2,nr,1.559e-15
4.3125,6.3140549722260655,2,nr,2.008e-11
4.3250000000000002,6.2825743893055011,2,nr,1.951e-15
4.3375000000000004,6.2514159556098639,2,nr,1.029e-15
4.3500000000000005,6.2205769782122209,2,nr,2.280e-15
4.3625000000000007,6.1900548290312276,2,nr,1.354e-11
4.375,6.1598469444996837,2,nr,3.997e-12
4.3875000000000002,6.1299508253759818,2,nr,4.382e-13
4.4000000000000004,6.1003640364436098,2,nr,1.348e-15
4.4125000000000005,6.0710842063672477,2,nr,2.853e-15
4.4250000000000007,6.0421090275241101,2,nr,5.739e-15
4.4375,6.0134362558832182,2,nr,2.386e-15
4.4500000000000002,5.9850637109302012,2,nr,2.548e-11
4.4625000000000004,5.956989275556464,2,nr,1.321e-15
4.4750000000000005,5.9292108961654604,2,nr,1.551e-11
4.4875000000000007,5.9017265825374885,2,nr,1.636e-16
4.5,5.8745344079947719,2,nr,3.789e-11
4.5125000000000002,5.8476325094948871,2,nr,1.080e-14
4.5250000000000004,5.8210190876128989,2,nr,3.226e-16
4.5375000000000005,5.7946924068627679,2,nr,1.801e-11
4.5500000000000007,5.7686507958471926,2,nr,1.863e-15
4.5625,5.7428926474210895,2,nr,9.533e-16
4.5750000000000002,5.7174164190456036,2,nr,4.215e-16
4.5875000000000004,5.6922206330493976,2,nr,1.991e-15
4.6000000000000005,5.6673038769778437,2,nr,1.720e-15
4.6125000000000007,5.6426648039698941,2,nr,3.110e-16
4.625,5.618302133171114,2,nr,6.390e-15
4.6375000000000002,5.5942146501845142,2,nr,3.605e-12
4.6500000000000004,5.570401207546114,2,nr,2.139e-15
4.6625000000000005,5.5468607252631887,2,nr,3.848e-15
4.6750000000000007,5.5235921913507804,2,nr,2.818e-15
4.6875,5.5005946624297106,2,nr,3.501e-15
4.7000000000000002,5.477867264346985,2,nr,4.275e-15
4.7125000000000004,5.4554091928302704,2,nr,1.778e-15
4.7250000000000005,5.4332197141735428,2,nr,2.650e-15
4.7375000000000007,5.4112981659523101,2,nr,3.509e-15
4.75,5.3896439577549033,2,nr,2.159e-11
4.7625000000000002,5.3682565720112061,2,nr,3.270e-15
4.7750000000000004,5.3471355646661145,2,nr,5.730e-15
4.7875000000000005,5.3262805661123389,2,nr,7.587e-16
4.8000000000000007,5.3056912819619857,2,nr,9.416e-16
4.8125000000000009,5.2853674939038404,2,nr,2.056e-15
4.8250000000000002,5.2653090605585788,2,nr,6.495e-16
4.8375000000000004,5.2455159183391968,2,nr,7.368e-16
4.8500000000000005,5.2259880823112184,2,nr,1.188e-15
4.8625000000000007,5.2067256470465528,2,nr,6.349e-16
4.8750000000000009,5.1877287874641,2,nr,2.700e-16
4.8875000000000002,5.16899775964922,2,nr,1.964e-15
4.9000000000000004,5.1505329016433228,2,nr,1.860e-15
4.9125000000000005,5.1323346341935645,2,nr,8.785e-16
4.9250000000000007,5.1144034614756384,2,nr,3.682e-11
4.9375000000000009,5.0967399716088924,2,nr,9.504e-16
4.9500000000000002,5.0793448374751673,2,nr,3.067e-11
4.9625000000000004,5.0622188168405193,2,nr,2.973e-15
4.9750000000000005,5.045362753035886,2,nr,1.600e-15
4.9875000000000007,5.0287775749523922,2,nr,4.090e-15
5.0000000000000009,5.0124642972184352,2,nr,3.144e-15
5.0125000000000002,4.9964240200785932,2,nr,6.560e-16
5.0250000000000004,4.9806579290921578,2,nr,1.950e-15
5.0375000000000005,4.9651672946017076,2,nr,8.052e-16
5.0500000000000007,4.9499534709395494,2,nr,2.125e-13
5.0625000000000009,4.9350178953399295,2,nr,2.657e-12
5.0750000000000002,4.920362086500722,2,nr,2.114e-15
5.0875000000000004,4.9059876428004721,2,nr,1.706e-15
5.1000000000000005,4.8918962400474371,2,nr,1.997e-15
5.1125000000000007,4.8780896287844957,2,nr,1.521e-15
5.1250000000000009,4.8645696310410127,2,nr,1.168e-11
5.1375000000000002,4.851338136554002,2,nr,2.983e-15
5.1500000000000004,4.8383970981871744,2,nr,6.646e-16
5.1625000000000005,4.8257485268177716,2,nr,1.023e-15
5.1750000000000007,4.8133944852748769,2,nr,1.086e-15
5.1875000000000009,4.8013370814519796,2,nr,1.504e-15
5.2000000000000002,4.7895784604310592,2,nr,8.056e-12
5.2125000000000004,4.7781207955871228,2,nr,1.474e-15
5.2250000000000005,4.7669662784186402,2,nr,1.389e-16
5.2375000000000007,4.7561171072604873,2,nr,4.813e-16
5.2500000000000009,4.7455754745103986,2,nr,1.905e-15
5.2625000000000002,4.735343552412199,2,nr,1.145e-15
5.2750000000000004,4.7254234772272214,2,nr,9.996e-16
5.2875000000000005,4.7158173316824463,2,nr,1.385e-15
5.3000000000000007,4.706527125575354,2,nr,1.175e-15
5.3125000000000009,4.6975547744166084,2,nr,3.460e-13
5.3250000000000002,4.6889020759697093,2,nr,1.979e-11
5.3375000000000004,4.6805706847382105,2,nr,1.518e-15
5.3500000000000005,4.6725620838337063,2,nr,7.794e-12
5.3625000000000007,4.6648775548529082,2,nr,2.985e-13
5.3750000000000009,4.6575181451206999,2,nr,1.197e-11
5.3875000000000002,4.6504846322909907,2,nr,3.642e-16
5.4000000000000004,4.6437774867381307,2,nr,1.352e-11
5.4125000000000005,4.6373968311896929,2,nr,3.569e-16
5.4250000000000007,4.6313423978727579,2,nr,1.060e-15
5.4375000000000009,4.6256134835516667,2,nr,1.750e-16
5.4500000000000002,4.6202089021332009,2,nr,2.888e-16
5.4625000000000004,4.6151269353989166,2,nr,4.537e-12
5.4750000000000005,4.6103652820951559,2,nr,3.117e-16
5.4875000000000007,4.6059210056584581,2,nr,1.067e-15
5.5000000000000009,4.6017904812749242,2,nr,7.236e-16
5.5125000000000002,4.5979693426321955,2,nr,7.898e-12
5.5250000000000004,4.5944524292637059,2,nr,1.110e-12
5.5375000000000005,4.5912337350175489,2,nr,5.426e-17
5.5500000000000007,4.5883063589316153,2,nr,4.157e-12
5.5625000000000009,4.5856624592422062,2,nr,2.404e-16
5.5750000000000002,4.5832932117007248,2,nr,2.789e-12
5.5875000000000004,4.5811887736218431,2,nr,9.479e-16
5.6000000000000005,4.5793382546401862,2,nr,4.361e-13
5.6125000000000007,4.5777296957993059,2,nr,1.445e-12
5.6250000000000009,4.5763500581271908,2,nr,1.292e-16
5.6375000000000002,4.5751852220760822,2,nr,1.083e-11
5.6500000000000004,4.5742199992301238,2,nr,4.466e-14
5.6625000000000005,4.5734381569708349,2,nr,1.181e-13
5.6750000000000007,4.5728224577190471,2,nr,4.056e-13
5.6875000000000009,4.5723547128275834,2,nr,1.896e-16
5.7000000000000002,4.5720158519313658,2,nr,5.669e-16
5.7125000000000004,4.5717860076945369,2,nr,8.169e-17
5.7250000000000005,4.5716446156855168,2,nr,3.763e-17
5.7375000000000007,4.571570528641522,2,nr,1.015e-15
5.7500000000000009,4.5715421439652069,2,nr,5.318e-17
5.7625000000000002,4.5715375428549709,2,nr,6.243e-16
5.7750000000000004,4.5715346390562912,2,nr,5.036e-16
5.7875000000000005,4.571511334848096,2,nr,1.115e-15
5.8000000000000007,4.5714456815674733,2,nr,6.458e-16
5.8125000000000009,4.5713160417704213,2,nr,1.418e-11
5.8250000000000002,4.5711012498015702,2,nr,2.915e-12
5.8375000000000004,4.5707807681637469,2,nr,1.083e-14
5.8500000000000005,4.5703348359296703,2,nr,1.293e-14
5.8625000000000007,4.5697446070636989,2,nr,5.705e-13
5.8750000000000009,4.5689922758188883,2,nr,1.199e-11
5.8875000000000002,4.5680611869746537,2,nr,3.085e-16
5.9000000000000004,4.5669359296804304,2,nr,8.622e-13
5.9125000000000005,4.5656024129737762,2,nr,2.014e-13
5.9250000000000007,4.5640479229745781,2,nr,8.375e-16
5.9375000000000009,4.5622611611901167,2,nr,1.324e-12
5.9500000000000002,4.5602322643551405,2,nr,4.443e-14
5.9625000000000004,4.55795280651102,2,nr,2.942e-16
5.9750000000000005,4.5554157845232561,2,nr,1.231e-13
5.9875000000000007,4.5526155884116291,2,nr,8.156e-16
6.0000000000000009,4.5495479582111544,2,nr,4.662e-16
6.0125000000000002,4.5462099291964906,2,nr,3.324e-13
6.0250000000000004,4.542599767392983,2,nr,1.675e-15
6.0375000000000005,4.5387168973093379,2,nr,1.861e-15
6.0500000000000007,4.5345618238046015,2,nr,4.839e-16
6.0625000000000009,4.530136049877318,2,nr,2.317e-14
6.0750000000000002,4.525441992058739,2,nr,3.212e-13
6.0875000000000004,4.5204828949163343,2,nr,5.310e-13
6.1000000000000005,4.5152627460038337,2,nr,2.333e-13
6.1125000000000007,4.509786192401382,2,nr,2.216e-15
6.1250000000000009,4.5040584597987339,2,nr,1.150e-15
6.1375000000000002,4.4980852748995916,2,nr,6.730e-16
6.1500000000000004,4.4918727917602048,2,nr,1.255e-11
6.1625000000000005,4.4854275224061411,2,nr,1.683e-12
6.1750000000000007,4.4787562723072494,2,nr,1.264e-16
6.1875000000000009,4.4718660804557322,2,nr,2.098e-11
6.2000000000000002,4.4647641643850626,2,nr,9.040e-16
6.2125000000000004,4.457457870314502,2,nr,1.831e-11
6.2250000000000005,4.4499546277380695,2,nr,8.267e-12
6.2375000000000007,4.4422619087259463,2,nr,1.136e-11
6.2500000000000009,4.4343871918185771,2,nr,1.146e-15
6.2625000000000002,4.4263379298328633,2,nr,2.210e-11
6.2750000000000004,4.4181215219158378,2,nr,1.378e-16
6.2875000000000005,4.409745288825432,2,nr,2.437e-15
6.3000000000000007,4.4012164520285841,2,nr,1.804e-11
6.3125000000000009,4.3925421156848055,2,nr,9.244e-16
6.3250000000000002,4.3837292513543602,2,nr,2.587e-15
6.3375000000000004,4.3747846855578043,2,nr,6.534e-16
6.3500000000000005,4.3657150894480221,2,nr,2.766e-11
6.3625000000000007,4.3565269705257696,2,nr,4.446e-16
6.3750000000000009,4.3472266665128174,2,nr,1.796e-15
6.3875000000000002,4.3378203404502633,2,nr,1.965e-15
6.4000000000000004,4.3283139775682233,2,nr,8.397e-16
6.4125000000000005,4.3187133833060969,2,nr,1.850e-15
6.4250000000000007,4.3090241824689217,2,nr,3.892e-16
6.4375000000000009,4.2992518193511771,2,nr,3.693e-15
6.4500000000000002,4.2894015586942853,2,nr,1.904e-15
6.4625000000000004,4.2794784873574443,2,nr,2.882e-15
6.4750000000000005,4.2694875165935224,2,nr,1.212e-15
6.4875000000000007,4.2594333848334083,2,nr,5.707e-16
6.5000000000000009,4.2493206608927121,2,nr,4.195e-15
6.5125000000000002,4.2391537475244085,2,nr,7.469e-16
6.5250000000000004,4.2289368852500191,2,nr,2.763e-15
6.5375000000000005,4.218674156409886,2,nr,1.182e-15
6.5500000000000007,4.2083694893805266,2,nr,2.640e-15
6.5625000000000009,4.1980266629135752,2,nr,0.000e+00
6.5750000000000002,4.1876493105568864,2,nr,4.761e-15
6.5875000000000004,4.1772409251235318,2,nr,9.424e-15
6.6000000000000005,4.1668048631794319,2,nr,5.101e-15
6.6125000000000007,4.1563443495242618,2,nr,4.255e-15
6.6250000000000009,4.1458624816444489,2,nr,9.825e-16
6.6375000000000002,4.1353622341392908,2,nr,4.006e-11
6.6500000000000004,4.1248464629704813,2,nr,5.530e-15
6.6625000000000005,4.1143179099265295,2,nr,9.132e-16
6.6750000000000007,4.1037792066184835,2,nr,3.679e-16
6.6875000000000009,4.0932328786720555,2,nr,2.964e-15
6.7000000000000002,4.082681349705668,2,nr,5.409e-15
6.7125000000000004,4.0721269452240776,2,nr,7.136e-15
6.7250000000000005,4.0615718964047138,2,nr,4.726e-15
6.7375000000000007,4.0510183437740963,2,nr,2.473e-15
6.7500000000000009,4.0404683407613273,2,nr,2.787e-11
6.7625000000000002,4.0299238572088907,2,nr,3.275e-15
6.7750000000000004,4.0193867825975973,2,nr,3.295e-15
6.7875000000000005,4.0088589293915824,2,nr,5.850e-15
6.8000000000000007,3.998342036099102,2,nr,7.846e-16
6.8125000000000009,3.9878377702939005,2,nr,8.680e-15
6.8250000000000002,3.9773477315178658,2,nr,7.539e-15
6.8375000000000004,3.9668734540788173,2,nr,7.181e-15
6.8500000000000005,3.9564164097456609,2,nr,4.362e-15
6.8625000000000007,3.9459780103436199,2,nr,3.377e-15
6.8750000000000009,3.9355596102521528,2,nr,3.647e-15
6.8875000000000002,3.9251625088144655,2,nr,1.700e-11
6.9000000000000004,3.9147879526189113,2,nr,2.251e-15
6.9125000000000005,3.9044371377829608,2,nr,1.285e-15
6.9250000000000007,3.8941112120297228,2,nr,2.066e-16
6.9375000000000009,3.8838112767729225,2,nr,3.009e-15
6.9500000000000002,3.8735383890854878,2,nr,3.283e-15
6.9625000000000004,3.863293563597237,2,nr,3.192e-15
6.9750000000000005,3.8530777743184337,2,nr,2.102e-15
6.9875000000000007,3.8428919563920521,2,nr,9.866e-15
7.0000000000000009,3.8327370077774572,2,nr,6.568e-15
7.0125000000000002,3.822613790868266,2,nr,9.782e-15
7.0250000000000004,3.8125231340469483,2,nr,4.322e-15
7.0375000000000005,3.8024658331787693,2,nr,1.071e-14
7.0500000000000007,3.7924426530475626,2,nr,9.028e-15
7.0625000000000009,3.7824543287356853,2,nr,7.225e-15
7.0750000000000002,3.7725015669505804,2,nr,5.896e-15
7.0875000000000004,3.7625850473001319,2,nr,9.495e-15
7.1000000000000005,3.7527054235190107,2,nr,5.660e-15
7.1125000000000007,3.742863324648166,2,nr,2.183e-16
7.1250000000000009,3.7330593561694032,2,nr,5.473e-17
7.1375000000000002,3.7232941010970881,2,nr,4.390e-16
7.1500000000000004,3.7135681210288087,2,nr,4.842e-15
7.1625000000000005,3.7038819571568444,2,nr,3.144e-15
7.1750000000000007,3.6942361312421497,2,nr,5.528e-15
7.1875000000000009,3.6846311465525701,2,nr,6.648e-16
7.2000000000000002,3.6750674887676862,2,nr,2.962e-12
7.2125000000000004,3.6655456268400992,2,nr,2.086e-11
7.2250000000000005,3.6560660138736045,2,nr,2.480e-15
7.2375000000000007,3.6466290878662497,2,nr,1.731e-15
7.2500000000000009,3.6372352725557313,2,nr,2.880e-15
7.2625000000000002,3.62788497814415,2,nr,2.325e-15
7.2750000000000004,3.6185786020332373,2,nr,3.113e-15
7.2875000000000005,3.6093165295291025,2,nr,1.545e-15
7.3000000000000007,3.6000991345247755,2,nr,4.470e-12
7.3125000000000009,3.5909267801531217,2,nr,1.028e-15
7.3250000000000002,3.5817998194367879,2,nr,2.396e-15
7.3375000000000004,3.572718595893547,2,nr,2.214e-15
7.3500000000000005,3.5636834441406799,2,nr,4.235e-16
7.3625000000000007,3.5546946904737111,2,nr,2.825e-16
7.3750000000000009,3.5457526534106454,2,nr,6.877e-11
7.3875000000000002,3.536857644329507,2,nr,3.182e-16
7.4000000000000004,3.528009967815497,2,nr,1.981e-15
7.4125000000000005,3.5192099223593978,2,nr,1.546e-15
7.4250000000000007,3.5104578007728859,2,nr,2.180e-11
7.4375000000000009,3.5017538906595127,2,nr,2.393e-11
7.4500000000000002,3.4930984749784142,2,nr,1.019e-15
7.4625000000000004,3.4844918323807286,2,nr,2.339e-11
7.4750000000000005,3.4759342377805837,2,nr,9.337e-12
7.4875000000000007,3.467425962705148,2,nr,1.637e-11
7.5000000000000009,3.4589672757880643,2,nr,4.277e-12
7.5125000000000002,3.4505584431592524,2,nr,4.875e-11
7.5250000000000004,3.4421997288182125,2,nr,7.162e-15
7.5375000000000005,3.4338913951786187,2,nr,8.883e-11
7.5500000000000007,3.4256337032192512,2,nr,1.537e-15
7.5625000000000009,3.4174269131656838,2,nr,2.396e-16
7.5750000000000002,3.4092712846503668,2,nr,9.312e-11
7.5875000000000004,3.4011670770794726,2,nr,3.656e-16
7.6000000000000005,3.393114550217212,2,nr,1.489e-15
7.6125000000000007,3.3851139643127501,2,nr,3.403e-11
7.6250000000000009,3.3771655805306415,2,nr,4.006e-15
7.6375000000000002,3.3692696613657089,2,nr,8.850e-12
7.6500000000000004,3.3614264708863368,2,nr,3.295e-15
7.6625000000000005,3.3536362751399498,2,nr,2.397e-15
7.6750000000000007,3.3458993424547918,2,nr,3.061e-16
7.6875000000000009,3.3382159437806536,2,nr,4.444e-16
7.7000000000000002,3.3305863530115913,2,nr,2.300e-15
7.7125000000000004,3.3230108473069531,2,nr,3.264e-15
7.7250000000000005,3.3154897074085272,2,nr,7.175e-16
7.7375000000000007,3.3080232179540228,2,nr,4.626e-15
7.7500000000000009,3.3006116677869191,2,nr,1.373e-15
7.7625000000000002,3.2932553502628319,2,nr,1.315e-15
7.7750000000000004,3.2859545635523983,2,nr,5.247e-15
7.7875000000000005,3.2787096109407612,2,nr,3.270e-15
7.8000000000000007,3.2715208011236059,2,nr,1.087e-16
7.8125000000000009,3.2643884484997332,2,nr,5.420e-17
7.8250000000000002,3.2573128734600836,2,nr,5.458e-15
7.8375000000000004,3.2502944026731289,2,nr,8.619e-16
7.8500000000000005,3.2433333693664435,2,nr,6.014e-15
7.8625000000000007,3.2364301136042957,2,nr,3.211e-15
7.8750000000000009,3.2295849825684901,2,nr,2.710e-11
7.8875000000000002,3.2227983307899772,2,nr,7.708e-15
7.9000000000000004,3.2160705204873641,2,nr,3.814e-15
7.9125000000000005,3.2094019217512848,2,nr,5.067e-15
7.9250000000000007,3.2027929128347736,2,nr,1.851e-14
7.9375000000000009,3.1962438803928079,2,nr,6.286e-16
7.9500000000000002,3.1897552197049612,2,nr,6.223e-11
7.9625000000000004,3.1833273349965201,2,nr,1.039e-14
7.9750000000000005,3.1769606394867789,2,nr,7.556e-15
7.9875000000000007,3.1706555557815403,2,nr,1.443e-15
8,3.1644125159909775,2,nr,2.566e-16
8.0124999999999993,3.158231961942787,2,nr,9.503e-15
8.0250000000000004,3.1521143453658045,2,nr,1.460e-14
8.0374999999999996,3.1460601280607605,2,nr,9.113e-16
8.0499999999999989,3.1400697820476098,2,nr,3.016e-11
8.0625,3.1341437897514681,2,nr,5.316e-15
8.0749999999999993,3.1282826440359623,2,nr,1.278e-14
8.0875000000000004,3.1224868483981369,2,nr,1.927e-14
8.0999999999999996,3.1167569170074501,2,nr,8.896e-15
8.1124999999999989,3.1110933747761029,2,nr,9.834e-16
8.125,3.1054967573957151,2,nr,9.783e-16
8.1374999999999993,3.0999676113464925,2,nr,1.144e-12
8.1500000000000004,3.0945064938789959,2,nr,1.742e-15
8.1624999999999996,3.0891139729582373,2,nr,1.540e-15
8.1749999999999989,3.0837906271798707,2,nr,7.851e-15
8.1875,3.0785370456426935,2,nr,8.665e-15
8.1999999999999993,3.0733538277817445,2,nr,1.666e-14
8.2125000000000004,3.0682415831558592,2,nr,1.694e-14
8.2249999999999996,3.0632009311862576,2,nr,1.909e-14
8.2374999999999989,3.0582325008420268,2,nr,1.991e-14
8.25,3.0533369302681761,2,nr,1.175e-14
8.2624999999999993,3.0485148663516064,2,nr,1.112e-14
8.2750000000000004,3.043766964220028,2,nr,8.498e-15
8.2874999999999996,3.0390938866686255,2,nr,1.181e-15
8.2999999999999989,3.0344963035088943,2,nr,1.534e-15
8.3125,3.0299748908335853,2,nr,5.195e-13
8.3249999999999993,3.0255303301929168,2,nr,9.802e-16
8.3375000000000004,3.0211633076715589,2,nr,3.188e-15
8.3499999999999996,3.0168745128661967,2,nr,1.232e-14
8.3624999999999989,3.0126646377499062,2,nr,1.827e-14
8.375,3.0085343754198077,2,nr,9.985e-15
8.3874999999999993,3.0044844187191297,2,nr,2.588e-15
8.4000000000000004,3.0005154587255891,2,nr,5.141e-16
8.4124999999999996,2.9966281830980446,2,nr,1.191e-15
8.4249999999999989,2.992823274272864,2,nr,1.293e-14
8.4375,2.98910140750134,2,nr,1.007e-15
8.4499999999999993,2.9854632487195176,2,nr,8.338e-16
8.4625000000000004,2.9819094522413847,2,nr,4.637e-15
8.4749999999999996,2.978440658266833,2,nr,5.099e-15
8.4874999999999989,2.9750574901806606,2,nr,3.473e-11
8.5,2.971760551737975,2,nr,5.434e-15
8.5124999999999993,2.9685504238164939,2,nr,1.208e-15
8.5250000000000004,2.9654276612465753,2,nr,5.599e-16
8.5374999999999996,2.962392789193308,2,nr,5.878e-15
8.5499999999999989,2.9594462994021615,2,nr,1.520e-11
8.5625,2.9565886461507729,2,nr,2.585e-15
8.5749999999999993,2.953820242062323,2,nr,2.178e-15
8.5875000000000004,2.9511414535360001,2,nr,3.631e-15
8.5999999999999996,2.9485525960349248,2,nr,3.836e-15
8.6124999999999989,2.9460539290871894,2,nr,1.143e-15
8.625,2.9436456510513871,2,nr,3.859e-15
8.6374999999999993,2.9413278936450733,2,nr,6.763e-16
8.6500000000000004,2.9391007162446532,2,nr,1.045e-15
8.6624999999999996,2.9369640999682485,2,nr,4.522e-15
8.6749999999999989,2.9349179415561477,2,nr,1.388e-12
8.6875,2.9329620470730444,2,nr,4.024e-15
8.6999999999999993,2.9310961254407322,2,nr,5.088e-16
8.7125000000000004,2.9293197818730143,2,nr,3.461e-11
8.7249999999999996,2.9276325110921837,2,nr,3.803e-15
8.7374999999999989,2.9260336907681861,2,nr,3.209e-16
8.75,2.924522574560656,2,nr,2.516e-11
8.7624999999999993,2.9230982855575109,2,nr,1.268e-15
8.7750000000000004,2.9217598094878503,2,nr,3.501e-16
8.7874999999999996,2.9205059883865601,2,nr,7.309e-16
8.7999999999999989,2.9193355142569173,2,nr,3.132e-11
8.8125,2.9182469232235055,2,nr,7.572e-16
8.8249999999999993,2.9172385897791258,2,nr,4.450e-16
8.8375000000000004,2.9163087218565291,2,nr,7.832e-16
8.8499999999999996,2.9154553561824286,2,nr,1.423e-15
8.8624999999999989,2.9146763543827734,2,nr,5.098e-12
8.875,2.9139693998096199,2,nr,3.306e-11
8.8874999999999993,2.9133319952974359,2,nr,2.731e-11
8.9000000000000004,2.9127614615247799,2,nr,2.211e-11
8.9124999999999996,2.9122549369313813,2,nr,1.226e-15
8.9249999999999989,2.9118093783379551,2,nr,1.650e-15
8.9375,2.9114215628634694,2,nr,1.118e-15
8.9499999999999993,2.9110880912045483,2,nr,6.555e-16
8.9625000000000004,2.9108053921916861,2,nr,8.332e-16
8.9749999999999996,2.9105697287539463,2,nr,1.580e-15
8.9874999999999989,2.9103772053155827,2,nr,2.275e-16
9,2.9102237766446692,2,nr,1.848e-15
9.0124999999999993,2.9101052581682776,2,nr,2.094e-11
9.0250000000000004,2.9100173376385299,2,nr,5.005e-13
9.0374999999999996,2.9099555883933488,2,nr,9.626e-15
9.0499999999999989,2.909915483673394,2,nr,2.015e-14
9.0625,2.9098924123756333,2,nr,2.186e-14
9.0749999999999993,2.9098816958553488,2,nr,1.565e-14
9.0875000000000004,2.9098786057320059,2,nr,9.775e-15
9.0999999999999996,2.909878382533011,2,nr,5.847e-16
9.1124999999999989,2.9098762550017363,2,nr,2.032e-15
9.125,2.9098674598806054,2,nr,5.751e-15
9.1374999999999993,2.9098472619671738,2,nr,9.403e-15
9.1500000000000004,2.9098109742321552,2,nr,1.188e-14
9.1624999999999996,2.909753977783323,2,nr,1.480e-14
9.1749999999999989,2.9096717414585003,2,nr,7.860e-15
9.1875,2.9095598408343282,2,nr,4.649e-13
9.1999999999999993,2.9094139764428979,2,nr,7.729e-12
9.2125000000000004,2.909229991008877,2,nr,3.629e-11
9.2249999999999996,2.909003885599911,2,nr,1.699e-15
9.2374999999999989,2.9087318342057209,2,nr,1.524e-15
9.25,2.9084101972628189,2,nr,2.022e-15
9.2624999999999993,2.9080355332969985,2,nr,8.250e-16
9.2750000000000004,2.9076046090573473,2,nr,3.313e-17
9.2874999999999996,2.9071144079268065,2,nr,2.210e-12
9.2999999999999989,2.90656213659484,2,nr,2.955e-12
9.3125,2.9059452300059028,2,nr,2.336e-12
9.3249999999999993,2.9052613545856154,2,nr,3.530e-13
9.3375000000000004,2.9045084098021583,2,nr,4.407e-16
9.3499999999999996,2.9036845281183852,2,nr,2.385e-15
9.3624999999999989,2.9027880734328875,2,nr,1.302e-15
9.375,2.9018176381124108,2,nr,2.304e-11
9.3874999999999993,2.9007720386447113,2,nr,9.178e-12
9.4000000000000004,2.8996503102761824,2,nr,8.366e-16
9.4124999999999996,2.8984517004091046,2,nr,1.192e-15
9.4249999999999989,2.8971756611544226,2,nr,3.363e-11
9.4375,2.8958218412187922,2,nr,2.148e-11
9.4499999999999993,2.8943900767749762,2,nr,1.465e-15
9.4625000000000004,2.8928803823550062,2,nr,1.079e-15
9.4749999999999996,2.8912929408208843,2,nr,3.017e-11
9.4874999999999989,2.8896280934310115,2,nr,1.094e-15
9.5,2.8878863294126331,2,nr,1.836e-15
9.5124999999999993,2.8860682757745373,2,nr,2.446e-11
9.5250000000000004,2.8841746869788039,2,nr,5.956e-16
9.5374999999999996,2.8822064346269305,2,nr,3.524e-15
9.5499999999999989,2.8801644975487424,2,nr,3.928e-12
9.5625,2.8780499519355573,2,nr,1.293e-15
9.5749999999999993,2.8758639618591171,2,nr,1.037e-11
9.5875000000000004,2.8736077701039227,2,nr,9.256e-16
9.5999999999999996,2.8712826893258483,2,nr,2.331e-16
9.6125000000000007,2.8688900936922921,2,nr,0.000e+00
9.625,2.8664314108709177,2,nr,5.675e-15
9.6374999999999993,2.8639081144790368,2,nr,9.526e-16
9.6500000000000004,2.8613217169684537,2,nr,3.758e-15
9.6624999999999996,2.8586737629535852,2,nr,2.013e-15
9.6750000000000007,2.8559658229812079,2,nr,1.054e-15
9.6875,2.8531994877365414,2,nr,4.901e-15
9.6999999999999993,2.8503763626993588,2,nr,5.732e-11
9.7125000000000004,2.847498063081515,2,nr,8.700e-15
9.7249999999999996,2.8445662095040882,2,nr,9.178e-16
9.7375000000000007,2.8415824236123202,2,nr,6.806e-15
9.75,2.8385483243982312,2,nr,1.438e-15
9.7624999999999993,2.8354655247349116,2,nr,1.742e-11
9.7750000000000004,2.83233562830591,2,nr,1.244e-14
9.7874999999999996,2.8291602267558091,2,nr,1.555e-15
9.8000000000000007,2.8259408972644464,2,nr,5.912e-15
9.8125,2.8226792003051,2,nr,1.917e-14
9.8249999999999993,2.8193766777007538,2,nr,4.405e-16
9.8375000000000004,2.8160348509165578,2,nr,2.572e-15
9.8499999999999996,2.8126552195770853,2,nr,2.303e-14
9.8625000000000007,2.8092392601917404,2,nr,8.983e-16
9.875,2.8057884250722753,2,nr,4.701e-15
9.8874999999999993,2.8023041414267187,2,nr,3.429e-14
9.9000000000000004,2.7987878106154476,2,nr,3.478e-15
9.9124999999999996,2.7952408075760684,2,nr,6.855e-11
9.9250000000000007,2.7916644802581825,2,nr,2.307e-14
9.9375,2.7880601494941897,2,nr,1.836e-14
9.9499999999999993,2.7844291085634256,2,nr,1.875e-15
9.9625000000000004,2.7807726231704164,2,nr,7.542e-15
9.9749999999999996,2.7770919313880649,2,nr,4.039e-14
9.9875000000000007,2.7733882437031112,2,nr,1.764e-14
10,2.7696627431339982,2,nr,4.793e-16
3.5875000000000004,14.962675394012003,3,nr,3.620e-15
3.6000000000000005,14.862648811617435,3,nr,8.512e-15
3.6125000000000003,14.763681102917293,3,nr,1.501e-16
3.6250000000000004,14.665758026066344,3,nr,4.896e-11
3.6375000000000002,14.568865590558262,3,nr,2.350e-15
3.6500000000000004,14.472990052021862,3,nr,1.198e-14
3.6625000000000005,14.378117907610436,3,nr,8.613e-15
3.6750000000000003,14.284235891160824,3,nr,6.325e-15
3.6875000000000004,14.191330968611052,3,nr,1.102e-14
3.7000000000000002,14.099390333509994,3,nr,9.285e-15
3.7125000000000004,14.008401402639119,3,nr,3.448e-15
3.7250000000000005,13.918351811744001,3,nr,7.390e-15
3.7375000000000003,13.829229411372621,3,nr,1.242e-14
3.7500000000000004,13.741022262798873,3,nr,4.260e-11
3.7625000000000002,13.653718634163017,3,nr,1.456e-14
3.7750000000000004,13.567306996423747,3,nr,3.570e-15
3.7875000000000005,13.481776019791214,3,nr,8.763e-15
3.8000000000000003,13.397114569966996,3,nr,3.628e-15
3.8125000000000004,13.313311704592063,3,nr,1.323e-14
3.8250000000000002,13.230356669769552,3,nr,7.910e-12
3.8375000000000004,13.148238896655512,3,nr,5.199e-16
3.8500000000000005,13.066947998178577,3,nr,2.227e-11
3.8625000000000003,12.986473765810546,3,nr,5.264e-11
3.8750000000000004,12.906806166444067,3,nr,4.522e-11
3.8875000000000002,12.827935339299612,3,nr,1.363e-15
3.9000000000000004,12.749851592931323,3,nr,5.449e-12
3.9125000000000005,12.672545402431462,3,nr,1.617e-15
3.9250000000000003,12.596007406517405,3,nr,1.557e-11
3.9375000000000004,12.520228404795297,3,nr,6.927e-13
3.9500000000000002,12.445199355140899,3,nr,2.626e-13
3.9625000000000004,12.370911371038327,3,nr,1.310e-12
3.9750000000000005,12.297355719079919,3,nr,2.557e-13
3.9875000000000003,12.224523816506069,3,nr,9.342e-14
4,12.152407228830949,3,nr,4.789e-11
4.0125000000000002,12.080997667441391,3,nr,4.781e-11
4.0250000000000004,12.010286987446065,3,nr,9.225e-12
4.0375000000000005,11.940267185470903,3,nr,1.224e-11
4.0500000000000007,11.870930397446967,3,nr,1.497e-14
4.0625,11.802268896642634,3,nr,8.505e-15
4.0750000000000002,11.734275091605138,3,nr,2.078e-11
4.0875000000000004,11.666941524290879,3,nr,6.608e-15
4.1000000000000005,11.60026086811836,3,nr,4.401e-11
4.1125000000000007,11.53422592613709,3,nr,3.328e-11
4.125,11.468829629507697,3,nr,4.923e-11
4.1375000000000002,11.404065035369339,3,nr,5.427e-11
4.1500000000000004,11.339925325760492,3,nr,5.335e-13
4.1625000000000005,11.276403805525465,3,nr,1.047e-14
4.1750000000000007,11.21349390114441,3,nr,2.858e-15
4.1875,11.151189159146943,3,nr,1.485e-15
4.2000000000000002,11.089483244726715,3,nr,2.792e-11
4.2125000000000004,11.028369940463804,3,nr,8.866e-16
4.2250000000000005,10.967843144928455,3,nr,6.131e-15
4.2375000000000007,10.907896871579254,3,nr,4.233e-15
4.25,10.848525247542947,3,nr,8.500e-15
4.2625000000000002,10.789722512518958,3,nr,1.127e-11
4.2750000000000004,10.731483017760002,3,nr,1.748e-16
4.2875000000000005,10.673801225039707,3,nr,7.668e-15
4.3000000000000007,10.616671705776174,3,nr,9.091e-15
4.3125,10.560089140158611,3,nr,3.501e-11
4.3250000000000002,10.504048316272481,3,nr,8.627e-15
4.3375000000000004,10.448544129508448,3,nr,7.737e-15
4.3500000000000005,10.393571581730161,3,nr,2.741e-15
4.3625000000000007,10.339125780733475,3,nr,3.354e-12
4.375,10.285201939669637,3,nr,1.473e-15
4.3875000000000002,10.231795376570151,3,nr,2.596e-15
4.4000000000000004,10.178901513907904,3,nr,8.600e-15
4.4125000000000005,10.126515878247147,3,nr,9.515e-16
4.4250000000000007,10.074634099940699,3,nr,2.653e-11
4.4375,10.023251912969974,3,nr,1.887e-15
4.4500000000000002,9.9723651546762468,3,nr,1.105e-16
4.4625000000000004,9.9219697658039863,3,nr,4.673e-15
4.4750000000000005,9.8720617904387513,3,nr,1.641e-16
4.4875000000000007,9.8226373760930716,3,nr,9.801e-15
4.5,9.7736927738583432,3,nr,1.138e-15
4.5125000000000002,9.7252243386369059,3,nr,2.210e-15
4.5250000000000004,9.6772285294564764,3,nr,5.952e-15
4.5375000000000005,9.6297019098599623,3,nr,1.953e-11
4.5500000000000007,9.5826411484386913,3,nr,5.357e-15
4.5625,9.5360430193151355,3,nr,5.275e-17
4.5750000000000002,9.4899044029045125,3,nr,2.188e-12
4.5875000000000004,9.4442222866381265,3,nr,3.546e-15
4.6000000000000005,9.3989937658255194,3,nr,1.068e-14
4.6125000000000007,9.3542160446308635,3,nr,1.855e-15
4.625,9.3098864371372851,3,nr,3.021e-12
4.6375000000000002,9.2660023685358919,3,nr,7.122e-16
4.6500000000000004,9.2225613764037195,3,nr,9.705e-15
4.6625000000000005,9.1795611121090026,3,nr,3.845e-11
4.6750000000000007,9.1369993424354821,3,nr,6.085e-15
4.6875,9.0948739510365826,3,nr,3.539e-12
4.7000000000000002,9.0531829404325794,3,nr,1.377e-15
4.7125000000000004,9.0119244338109858,3,nr,1.856e-15
4.7250000000000005,8.9710966771247627,3,nr,4.170e-15
4.7375000000000007,8.9306980412857015,3,nr,2.888e-16
4.75,8.890727024517906,3,nr,7.644e-16
4.7625000000000002,8.8511822548631205,3,nr,4.267e-15
4.7750000000000004,8.8120624928449374,3,nr,2.822e-15
4.7875000000000005,8.7733666342970125,3,nr,1.120e-15
4.8000000000000007,8.7350937133604294,3,nr,1.852e-15
4.8125000000000009,8.6972429056553793,3,nr,5.509e-15
4.8250000000000002,8.6598135316283056,3,nr,6.170e-12
4.8375000000000004,8.6228050601059429,3,nr,1.445e-15
4.8500000000000005,8.5862171119813251,3,nr,4.028e-15
4.8625000000000007,8.5500494641870226,3,nr,2.869e-11
4.8750000000000009,8.5143020537078726,3,nr,1.483e-11
4.8875000000000002,8.4789749820347247,3,nr,2.527e-15
4.9000000000000004,8.4440685195943352,3,nr,1.381e-15
4.9125000000000005,8.4095831104515,3,nr,2.280e-11
4.9250000000000007,8.3755193773444034,3,nr,6.268e-15
4.9375000000000009,8.3418781266526008,3,nr,3.859e-15
4.9500000000000002,8.3086603538886497,3,nr,8.306e-16
4.9625000000000004,8.2758672491561018,3,nr,1.480e-15
4.9750000000000005,8.2435002028943174,3,nr,1.465e-15
4.9875000000000007,8.2115608117927437,3,nr,1.934e-15
5.0000000000000009,8.1800508848985043,3,nr,2.551e-11
5.0125000000000002,8.1489724497650222,3,nr,7.888e-17
5.0250000000000004,8.1183277590342939,3,nr,4.370e-15
5.0375000000000005,8.0881192967429598,3,nr,1.621e-15
5.0500000000000007,8.0583497850087884,3,nr,1.526e-15
5.0625000000000009,8.0290221906507835,3,nr,7.710e-13
5.0750000000000002,8.000139731832336,3,nr,2.089e-15
5.0875000000000004,7.9717058846696833,3,nr,2.950e-16
5.1000000000000005,7.9437243897211616,3,nr,6.559e-16
5.1125000000000007,7.9161992583071283,3,nr,5.762e-16
5.1250000000000009,7.8891347785765635,3,nr,1.668e-11
5.1375000000000002,7.8625355211149142,3,nr,2.812e-16
5.1500000000000004,7.8364063443031844,3,nr,1.388e-16
5.1625000000000005,7.8107523987449285,3,nr,1.165e-15
5.1750000000000007,7.7855791311499516,3,nr,3.385e-16
5.1875000000000009,7.7608922871641566,3,nr,3.275e-15
5.2000000000000002,7.7366979130452522,3,nr,1.583e-15
5.2125000000000004,7.713002355928257,3,nr,1.497e-15
5.2250000000000005,7.6898122624047707,3,nr,1.375e-12
5.2375000000000007,7.6671345751143045,3,nr,3.296e-15
5.2500000000000009,7.6449765269609875,3,nr,2.164e-14
5.2625000000000002,7.6233456326101479,3,nr,5.782e-13
5.2750000000000004,7.6022496767551013,3,nr,2.129e-15
5.2875000000000005,7.5816966986974839,3,nr,7.200e-16
5.3000000000000007,7.5616949726425959,3,nr,4.733e-16
5.3125000000000009,7.5422529831125784,3,nr,1.050e-15
5.3250000000000002,7.5233793947895826,3,nr,1.074e-11
5.3375000000000004,7.505083015918502,3,nr,1.359e-11
5.3500000000000005,7.487372754893558,3,nr,1.677e-15
5.3625000000000007,7.4702575682294245,3,nr,1.157e-15
5.3750000000000009,7.4537464001431628,3,nr,1.260e-11
5.3875000000000002,7.4378481119323441,3,nr,1.275e-11
5.4000000000000004,7.4225714001065128,3,nr,1.334e-11
5.4125000000000005,7.4079247029946762,3,nr,1.493e-11
5.4250000000000007,7.3939160940520212,3,nr,6.457e-12
5.4375000000000009,7.3805531607800932,3,nr,1.011e-15
5.4500000000000002,7.3678428691579123,3,nr,1.036e-11
5.4625000000000004,7.3557914121680232,3,nr,1.375e-15
5.4750000000000005,7.3444040417182714,3,nr,1.424e-12
5.4875000000000007,7.3336848843626541,3,nr,4.158e-12
5.5000000000000009,7.3236367401959983,3,nr,3.694e-12
5.5125000000000002,7.3142608658543766,3,nr,1.253e-12
5.5250000000000004,7.3055567426930601,3,nr,1.835e-16
5.5375000000000005,7.2975218319953026,3,nr,3.335e-12
5.5500000000000007,7.2901513199366077,3,nr,5.223e-12
5.5625000000000009,7.2834378559057837,3,nr,1.547e-12
5.5750000000000002,7.2773712889558526,3,nr,1.659e-15
5.5875000000000004,7.2719384083257408,3,nr,1.295e-16
5.6000000000000005,7.2671226949606265,3,nr,1.046e-15
5.6125000000000007,7.2629040923097925,3,nr,4.264e-13
5.6250000000000009,7.2592588056752563,3,nr,4.642e-14
5.6375000000000002,7.2561591402016568,3,nr,8.711e-16
5.6500000000000004,7.2535733882211701,3,nr,1.396e-13
5.6625000000000005,7.2514657767224691,3,nr,3.164e-16
5.6750000000000007,7.2497964853610357,3,nr,1.084e-14
5.6875000000000009,7.2485217443335728,3,nr,3.524e-13
5.7000000000000002,7.2475940196982771,3,nr,5.408e-13
5.7125000000000004,7.2469622912113776,3,nr,2.894e-16
5.7250000000000005,7.2465724245427037,3,nr,5.271e-16
5.7375000000000007,7.246367635909583,3,nr,2.034e-16
5.7500000000000009,7.2462890430051052,3,nr,5.126e-16
5.7625000000000002,7.2462762916724479,3,nr,1.110e-15
5.7750000000000004,7.2462682435875836,3,nr,3.757e-12
5.7875000000000005,7.2462037065803058,3,nr,4.951e-12
5.8000000000000007,7.2460221859334313,3,nr,4.914e-13
5.8125000000000009,7.2456646341634281,3,nr,1.065e-14
5.8250000000000002,7.2450741748485923,3,nr,8.013e-16
5.8375000000000004,7.2441967784097123,3,nr,6.167e-12
5.8500000000000005,7.2429818691543106,3,nr,3.647e-16
5.8625000000000007,7.2413828462151244,3,nr,3.378e-13
5.8750000000000009,7.2393575061381155,3,nr,9.047e-16
5.8875000000000002,7.2368683585070137,3,nr,6.265e-13
5.9000000000000004,7.2338828319358219,3,nr,5.651e-16
5.9125000000000005,7.23037337194065,3,nr,6.236e-14
5.9250000000000007,7.2263174366925957,3,nr,4.918e-13
5.9375000000000009,7.2216973999695391,3,nr,6.242e-13
5.9500000000000002,7.216500373273778,3,nr,4.810e-13
5.9625000000000004,7.210717960686333,3,nr,1.281e-13
5.9750000000000005,7.2043459607437361,3,nr,1.166e-15
5.9875000000000007,7.1973840295559661,3,nr,5.905e-16
6.0000000000000009,7.1898353186548247,3,nr,8.307e-12
6.0125000000000002,7.1817060997120041,3,nr,7.495e-13
6.0250000000000004,7.1730053871666986,3,nr,1.420e-15
6.0375000000000005,7.1637445671775906,3,nr,1.440e-16
6.0500000000000007,7.1539370406384863,3,nr,1.267e-15
6.0625000000000009,7.1435978854501094,3,nr,1.878e-15
6.0750000000000002,7.1327435420518093,3,nr,1.405e-15
6.0875000000000004,7.1213915247352304,3,nr,4.680e-12
6.1000000000000005,7.1095601600147225,3,nr,5.684e-16
6.1125000000000007,7.0972683525808122,3,nr,1.084e-11
6.1250000000000009,7.0845353780258646,3,nr,4.791e-16
6.1375000000000002,7.0713807019559765,3,nr,1.023e-11
6.1500000000000004,7.0578238232040054,3,nr,8.775e-16
6.1625000000000005,7.0438841403636774,3,nr,1.336e-15
6.1750000000000007,7.029580838884713,3,nr,7.344e-16
6.1875000000000009,7.0149327973772895,3,nr,1.591e-11
6.2000000000000002,6.9999585109709761,3,nr,6.647e-12
6.2125000000000004,6.9846760295560939,3,nr,0.000e+00
6.2250000000000005,6.9691029096090711,3,nr,1.078e-15
6.2375000000000007,6.9532561774820199,3,nr,2.065e-15
6.2500000000000009,6.9371523027261297,3,nr,4.311e-16
6.2625000000000002,6.9208071800708506,3,nr,1.916e-11
6.2750000000000004,6.9042361185931282,3,nr,1.963e-15
6.2875000000000005,6.8874538373578682,3,nr,1.412e-15
6.3000000000000007,6.8704744658155636,3,nr,1.073e-11
6.3125000000000009,6.8533115486942613,3,nr,1.187e-15
6.3250000000000002,6.8359780543872981,3,nr,1.084e-11
6.3375000000000004,6.8184863860065432,3,nr,1.286e-15
6.3500000000000005,6.8008483946372289,3,nr,1.529e-11
6.3625000000000007,6.7830753945127249,3,nr,5.553e-16
6.3750000000000009,6.765178179136111,3,nr,3.060e-12
6.3875000000000002,6.7471670386259044,3,nr,2.704e-15
6.4000000000000004,6.7290517775052132,3,nr,1.440e-16
6.4125000000000005,6.7108417328781522,3,nr,1.166e-12
6.4250000000000007,6.6925457927841663,3,nr,5.899e-16
6.4375000000000009,6.6741724144997843,3,nr,1.119e-15
6.4500000000000002,6.6557296426906296,3,nr,6.458e-12
6.4625000000000004,6.6372251272988008,3,nr,4.577e-15
6.4750000000000005,6.6186661410000704,3,nr,1.003e-15
6.4875000000000007,6.6000595963127067,3,nr,7.226e-13
6.5000000000000009,6.5814120621454135,3,nr,3.310e-15
6.5125000000000002,6.5627297798497199,3,nr,5.335e-15
6.5250000000000004,6.54401867870203,3,nr,2.414e-16
6.5375000000000005,6.5252843908305351,3,nr,1.939e-11
6.5500000000000007,6.5065322654877971,3,nr,3.775e-15
6.5625000000000009,6.4877673829103086,3,nr,6.879e-15
6.5750000000000002,6.4689945673667628,3,nr,3.933e-15
6.5875000000000004,6.4502183998109697,3,nr,1.479e-11
6.6000000000000005,6.4314432298535458,3,nr,2.387e-15
6.6125000000000007,6.4126731873140823,3,nr,5.763e-15
6.6250000000000009,6.3939121930773553,3,nr,2.604e-15
6.6375000000000002,6.3751639695560698,3,nr,1.046e-11
6.6500000000000004,6.3564320505732264,3,nr,6.181e-15
6.6625000000000005,6.3377197908486602,3,nr,9.527e-15
6.6750000000000007,6.3190303749178449,3,nr,0.000e+00
6.6875000000000009,6.3003668256618699,3,nr,5.036e-11
6.7000000000000002,6.2817320125212568,3,nr,1.304e-14
6.7125000000000004,6.2631286589592952,3,nr,7.722e-15
6.7250000000000005,6.2445593500049634,3,nr,9.262e-16
6.7375000000000007,6.2260265390771545,3,nr,9.984e-15
6.7500000000000009,6.2075325545978215,3,nr,1.118e-14
6.7625000000000002,6.1890796062479909,3,nr,1.988e-15
6.7750000000000004,6.1706697909067261,3,nr,1.620e-15
6.7875000000000005,6.1523050982888474,3,nr,1.689e-14
6.8000000000000007,6.1339874162969608,3,nr,6.666e-15
6.8125000000000009,6.1157185361023565,3,nr,5.640e-15
6.8250000000000002,6.0975001569691196,3,nr,1.341e-14
6.8375000000000004,6.0793338908346222,3,nr,9.847e-17
6.8500000000000005,6.0612212666593734,3,nr,6.142e-15
6.8625000000000007,6.0431637345585214,3,nr,6.627e-15
6.8750000000000009,6.025162669733569,3,nr,1.966e-11
6.8875000000000002,6.0072193761652857,3,nr,1.688e-14
6.9000000000000004,5.9893350902290967,3,nr,4.307e-15
6.9125000000000005,5.9715109839912683,3,nr,6.368e-15
6.9250000000000007,5.9537481684471176,3,nr,3.738e-15
6.9375000000000009,5.9360476965589601,3,nr,7.978e-15
6.9500000000000002,5.9184105661528026,3,nr,1.309e-14
6.9625000000000004,5.9008377226744226,3,nr,2.183e-15
6.9750000000000005,5.8833300618126243,3,nr,8.250e-15
6.9875000000000007,5.8658884319966269,3,nr,4.931e-15
7.0000000000000009,5.8485136367745847,3,nr,5.743e-15
7.0125000000000002,5.8312064370795094,3,nr,1.058e-14
7.0250000000000004,5.8139675533887933,3,nr,5.525e-15
7.0375000000000005,5.7967976677829993,3,nr,1.003e-14
7.0500000000000007,5.7796974259094318,3,nr,8.568e-15
7.0625000000000009,5.7626674388555585,3,nr,1.344e-15
7.0750000000000002,5.7457082849372405,3,nr,3.560e-15
7.0875000000000004,5.7288205114063206,3,nr,5.684e-15
7.1000000000000005,5.7120046360819092,3,nr,2.879e-15
7.1125000000000007,5.6952611489258338,3,nr,5.459e-11
7.1250000000000009,5.6785905134524084,3,nr,5.028e-15
7.1375000000000002,5.6619931683171387,3,nr,1.628e-14
7.1500000000000004,5.6454695285149237,3,nr,1.691e-11
7.1625000000000005,5.6290199867933897,3,nr,8.214e-15
7.1750000000000007,5.6126449148406934,3,nr,1.962e-15
7.1875000000000009,5.5963446645361286,3,nr,1.119e-14
7.2000000000000002,5.5801195690813241,3,nr,1.054e-11
7.2125000000000004,5.5639699440969572,3,nr,8.767e-15
7.2250000000000005,5.5478960887156585,3,nr,3.458e-15
7.2375000000000007,5.5318982865743385,3,nr,7.797e-15
7.2500000000000009,5.5159768068122812,3,nr,3.248e-15
7.2625000000000002,5.500131905017648,3,nr,1.049e-11
7.2750000000000004,5.4843638241251762,3,nr,1.160e-14
7.2875000000000005,5.4686727953243759,3,nr,2.391e-15
7.3000000000000007,5.4530590388795828,3,nr,4.536e-15
7.3125000000000009,5.4375227649642044,3,nr,5.332e-15
7.3250000000000002,5.422064174450516,3,nr,5.649e-15
7.3375000000000004,5.4066834596767981,3,nr,3.407e-15
7.3500000000000005,5.3913808051904395,3,nr,1.104e-15
7.3625000000000007,5.3761563884685444,3,nr,3.172e-15
7.3750000000000009,5.361010380617441,3,nr,1.006e-15
7.3875000000000002,5.3459429470433175,3,nr,3.484e-11
7.4000000000000004,5.3309542481435273,3,nr,6.029e-11
7.4125000000000005,5.3160444399193612,3,nr,7.232e-11
7.4250000000000007,5.3012136746113576,3,nr,8.048e-11
7.4375000000000009,5.2864621013163076,3,nr,9.436e-11
7.4500000000000002,5.2717898666373726,3,nr,7.091e-11
7.4625000000000004,5.2571971150722918,3,nr,2.771e-11
7.4750000000000005,5.242683989890339,3,nr,2.232e-11
7.4875000000000007,5.2282506334975869,3,nr,5.731e-11
7.5000000000000009,5.2138971880396552,3,nr,5.262e-11
7.5125000000000002,5.199623795940445,3,nr,1.152e-11
7.5250000000000004,5.1854306004128787,3,nr,7.447e-11
7.5375000000000005,5.1713177461245552,3,nr,1.896e-15
7.5500000000000007,5.1572853795085161,3,nr,6.078e-16
7.5625000000000009,5.1433336494744202,3,nr,5.987e-15
7.5750000000000002,5.1294627078103732,3,nr,8.367e-11
7.5875000000000004,5.1156727098224701,3,nr,5.916e-15
7.6000000000000005,5.1019638146291877,3,nr,2.701e-15
7.6125000000000007,5.08833618588453,3,nr,9.804e-15
7.6250000000000009,5.0747899921708584,3,nr,2.251e-11
7.6375000000000002,5.061325407555219,3,nr,8.399e-17
7.6500000000000004,5.0479426120369872,3,nr,5.589e-17
7.6625000000000005,5.0346417920922306,3,nr,7.831e-11
7.6750000000000007,5.0214231412543304,3,nr,6.513e-15
7.6875000000000009,5.008286860426483,3,nr,4.972e-15
7.7000000000000002,4.9952331585979897,3,nr,2.161e-15
7.7125000000000004,4.9822622532588303,3,nr,1.907e-15
7.7250000000000005,4.9693743709403302,3,nr,5.239e-15
7.7375000000000007,4.9565697477401658,3,nr,7.150e-15
7.7500000000000009,4.943848629852619,3,nr,1.810e-15
7.7625000000000002,4.9312112741047498,3,nr,9.626e-15
7.7750000000000004,4.918657948498991,3,nr,3.272e-16
7.7875000000000005,4.9061889327628023,3,nr,2.446e-15
7.8000000000000007,4.8938045189059141,3,nr,6.340e-15
7.8125000000000009,4.8815050117856895,3,nr,8.425e-15
7.8250000000000002,4.8692907296811931,3,nr,9.365e-15
7.8375000000000004,4.857162004876348,3,nr,1.266e-14
7.8500000000000005,4.8451191842528498,3,nr,5.824e-15
7.8625000000000007,4.833162629893093,3,nr,7.026e-15
7.8750000000000009,4.8212927196937132,3,nr,7.423e-16
7.8875000000000002,4.8095098479900784,3,nr,4.806e-15
7.9000000000000004,4.7978144261920663,3,nr,1.641e-14
7.9125000000000005,4.7862068834315217,3,nr,6.651e-15
7.9250000000000007,4.7746876672387071,3,nr,5.958e-11
7.9375000000000009,4.7632572441288117,3,nr,2.118e-14
7.9500000000000002,4.751916100455988,3,nr,1.695e-14
7.9625000000000004,4.7406647429397841,3,nr,8.742e-16
7.9750000000000005,4.7295036994590829,3,nr,1.740e-15
7.9875000000000007,4.7184335197566787,3,nr,2.139e-14
8,4.7074547761730994,3,nr,2.523e-14
8.0124999999999993,4.6965680643927765,3,nr,4.939e-15
8.0250000000000004,4.6857740042018303,3,nr,4.713e-15
8.0374999999999996,4.6750732402574489,3,nr,1.795e-15
8.0499999999999989,4.6644664428678952,3,nr,2.182e-15
8.0625,4.6539543087826027,3,nr,6.706e-15
8.0749999999999993,4.643537561991292,3,nr,1.971e-14
8.0875000000000004,4.6332169545310284,3,nr,2.866e-14
8.0999999999999996,4.6229932672998375,3,nr,2.141e-14
8.1124999999999989,4.6128673108752807,3,nr,2.523e-14
8.125,4.6028399263360367,3,nr,2.526e-14
8.1374999999999993,4.5929119860844025,3,nr,2.339e-14
8.1500000000000004,4.5830843946670594,3,nr,2.702e-14
8.1624999999999996,4.5733580895912684,3,nr,2.449e-14
8.1749999999999989,4.5637340421331372,3,nr,1.473e-14
8.1875,4.5542132581341264,3,nr,4.907e-15
8.1999999999999993,4.544796778766595,3,nr,4.249e-11
8.2125000000000004,4.5354856813681463,3,nr,4.839e-15
8.2249999999999996,4.5262810800251643,3,nr,1.133e-14
8.2374999999999989,4.5171841264229942,3,nr,2.187e-14
8.25,4.5081960104321483,3,nr,2.322e-14
8.2624999999999993,4.4993179607369091,3,nr,2.039e-15
8.2750000000000004,4.4905512453932035,3,nr,5.454e-15
8.2874999999999996,4.4818971723206227,3,nr,1.702e-14
8.2999999999999989,4.473357089718272,3,nr,2.061e-14
8.3125,4.464932386390652,3,nr,3.817e-12
8.3249999999999993,4.4566244919813967,3,nr,3.580e-15
8.3375000000000004,4.4484348770680295,3,nr,1.911e-14
8.3499999999999996,4.4403650531549586,3,nr,2.935e-15
8.3624999999999989,4.4324165724939952,3,nr,1.904e-14
8.375,4.4245910277518696,3,nr,1.711e-11
8.3874999999999993,4.4168900514418015,3,nr,6.948e-15
8.4000000000000004,4.4093153152507973,3,nr,5.105e-15
8.4124999999999996,4.4018685289813488,3,nr,8.675e-15
8.4249999999999989,4.394551439340864,3,nr,1.133e-11
8.4375,4.3873658283590409,3,nr,1.641e-14
8.4499999999999993,4.3803135115601499,3,nr,1.564e-16
8.4625000000000004,4.3733963356671701,3,nr,1.279e-14
8.4749999999999996,4.3666161759804636,3,nr,6.219e-15
8.4874999999999989,4.3599749332818591,3,nr,2.858e-13
8.5,4.3534745302577589,3,nr,5.200e-15
8.5124999999999993,4.3471169073871199,3,nr,7.167e-15
8.5250000000000004,4.3409040182502112,3,nr,3.476e-15
8.5374999999999996,4.3348378241969368,3,nr,8.830e-12
8.5499999999999989,4.3289202883565192,3,nr,3.120e-15
8.5625,4.3231533688332675,3,nr,5.461e-15
8.5749999999999993,4.3175390111939738,3,nr,7.330e-15
8.5875000000000004,4.3120791400243084,3,nr,3.594e-15
8.5999999999999996,4.3067756495922058,3,nr,4.327e-15
8.6124999999999989,4.3016303935255973,3,nr,5.806e-15
8.625,4.2966451734503543,3,nr,8.898e-16
8.6374999999999993,4.2918217265316603,3,nr,9.490e-16
8.6500000000000004,4.2871617118657417,3,nr,4.430e-15
8.6624999999999996,4.2826666956740462,3,nr,7.312e-16
8.6749999999999989,4.2783381352590339,3,nr,3.687e-15
8.6875,4.2741773616957719,3,nr,8.545e-12
8.6999999999999993,4.2701855612003081,3,nr,2.583e-15
8.7125000000000004,4.2663637552872116,3,nr,1.151e-15
8.7249999999999996,4.2627127795326958,3,nr,6.336e-16
8.7374999999999989,4.2592332611938479,3,nr,3.032e-11
8.75,4.2559255954748636,3,nr,4.353e-16
8.7624999999999993,4.2527899210131936,3,nr,2.465e-16
8.7750000000000004,4.2498260939501193,3,nr,1.946e-12
8.7874999999999996,4.2470336614960518,3,nr,2.300e-15
8.7999999999999989,4.2444118346946613,3,nr,1.447e-11
8.8125,4.2419594608993876,3,nr,1.487e-16
8.8249999999999993,4.2396749959368787,3,nr,3.759e-12
8.8375000000000004,4.2375564767324176,3,nr,7.732e-12
8.8499999999999996,4.2356014942723492,3,nr,2.031e-16
8.8624999999999989,4.2338071677828877,3,nr,2.070e-11
8.875,4.2321701203209674,3,nr,1.029e-15
8.8874999999999993,4.2306864562265485,3,nr,1.390e-15
8.9000000000000004,4.2293517414370632,3,nr,4.343e-12
8.9124999999999996,4.2281609867098551,3,nr,1.426e-11
8.9249999999999989,4.2271086347187632,3,nr,2.615e-15
8.9375,4.2261885513837489,3,nr,1.189e-15
8.9499999999999993,4.2253940223542319,3,nr,1.651e-16
8.9625000000000004,4.2247177548580082,3,nr,1.410e-13
8.9749999999999996,4.2241518856719598,3,nr,2.603e-13
8.9874999999999989,4.2236879955794357,3,nr,6.025e-13
9,4.2233171306794395,3,nr,1.948e-12
9.0124999999999993,4.2230298307932781,3,nr,3.207e-12
9.0250000000000004,4.2228161650679867,3,nr,4.129e-12
9.0374999999999996,4.2226657747265746,3,nr,4.664e-12
9.0499999999999989,4.2225679227471522,3,nr,4.872e-12
9.0625,4.2225115500759083,3,nr,4.807e-12
9.0749999999999993,4.2224853377952476,3,nr,3.665e-17
9.0875000000000004,4.2224777745243083,3,nr,4.712e-16
9.0999999999999996,4.2224772280722735,3,nr,1.442e-15
9.1124999999999989,4.222472020379354,3,nr,1.502e-15
9.125,4.2224505045036356,3,nr,9.002e-17
9.1374999999999993,4.2224011424406198,3,nr,1.767e-11
9.1500000000000004,4.2223125823471861,3,nr,2.675e-13
9.1624999999999996,4.2221737342141976,3,nr,1.272e-12
9.1749999999999989,4.2219738421196764,3,nr,2.148e-12
9.1875,4.2217025524484173,3,nr,2.693e-12
9.1999999999999993,4.2213499766398321,3,nr,2.637e-12
9.2125000000000004,4.2209067476353761,3,nr,1.771e-12
9.2249999999999996,4.2203640692366182,3,nr,4.107e-13
9.2374999999999989,4.2197137578003874,3,nr,1.039e-11
9.25,4.2189482758250305,3,nr,1.106e-15
9.2624999999999993,4.2180607574341185,3,nr,1.391e-16
9.2750000000000004,4.2170450254436149,3,nr,5.051e-12
9.2874999999999996,4.2158956005633659,3,nr,1.514e-12
9.2999999999999989,4.2146077028082614,3,nr,3.122e-16
9.3125,4.2131772458074144,3,nr,6.576e-16
9.3249999999999993,4.2116008245030327,3,nr,1.315e-12
9.3375000000000004,4.2098756969866677,3,nr,1.886e-11
9.3499999999999996,4.2079997611358406,3,nr,2.518e-15
9.3624999999999989,4.2059715271130171,3,nr,5.609e-12
9.375,4.2037900859902555,3,nr,1.549e-15
9.3874999999999993,4.2014550758864244,3,nr,1.851e-11
9.4000000000000004,4.1989666457937886,3,nr,2.123e-15
9.4124999999999996,4.1963254183548075,3,nr,2.713e-11
9.4249999999999989,4.1935324514917331,3,nr,2.039e-15
9.4375,4.1905892003930791,3,nr,1.169e-11
9.4499999999999993,4.1874974793161908,3,nr,8.188e-16
9.4625000000000004,4.1842594245863927,3,nr,2.417e-15
9.4749999999999996,4.1808774584652024,3,nr,3.804e-11
9.4874999999999989,4.1773542544246256,3,nr,4.670e-15
9.5,4.1736927043857399,3,nr,1.376e-15
9.5124999999999993,4.1698958872779981,3,nr,5.954e-16
9.5250000000000004,4.1659670398940447,3,nr,4.900e-12
9.5374999999999996,4.161909529609896,3,nr,3.510e-15
9.5499999999999989,4.1577268291135399,3,nr,1.500e-15
9.5625,4.1534224932172732,3,nr,2.755e-16
9.5749999999999993,4.1490001376200976,3,nr,6.955e-16
9.5875000000000004,4.1444634196283916,3,nr,3.934e-15
9.5999999999999996,4.1398160207429617,3,nr,2.554e-15
9.6125000000000007,4.13506163103101,3,nr,1.061e-12
9.625,4.1302039351906705,3,nr,1.208e-11
9.6374999999999993,4.1252466001850792,3,nr,1.909e-11
9.6500000000000004,4.1201932643905179,3,nr,1.314e-11
9.6624999999999996,4.1150475281119006,3,nr,9.213e-13
9.6750000000000007,4.1098129453621794,3,nr,3.611e-15
9.6875,4.1044930167942892,3,nr,4.557e-16
9.6999999999999993,4.0990911837365278,3,nr,1.380e-15
9.7125000000000004,4.093610823176367,3,nr,7.353e-15
9.7249999999999996,4.0880552436268367,3,nr,8.749e-15
9.7375000000000007,4.0824276817854885,3,nr,2.215e-14
9.75,4.0767312999043783,3,nr,1.480e-14
9.7624999999999993,4.0709691837951132,3,nr,2.248e-15
9.7750000000000004,4.0651443414055599,3,nr,1.631e-11
9.7874999999999996,4.0592597018580445,3,nr,4.085e-16
9.8000000000000007,4.0533181150255606,3,nr,1.665e-14
9.8125,4.0473223513651631,3,nr,3.258e-14
9.8249999999999993,4.0412751021857805,3,nr,1.458e-14
9.8375000000000004,4.0351789801814499,3,nr,3.369e-11
9.8499999999999996,4.0290365201499849,3,nr,4.176e-15
9.8625000000000007,4.0228501801094128,3,nr,3.256e-14
9.875,4.0166223423532275,3,nr,2.840e-14
9.8874999999999993,4.0103553148415356,3,nr,2.706e-15
9.9000000000000004,4.0040513326456022,3,nr,1.143e-15
9.9124999999999996,3.9977125595084186,3,nr,4.263e-14
9.9250000000000007,3.991341089487793,3,nr,2.572e-14
9.9375,3.9849389486642885,3,nr,2.429e-15
9.9499999999999993,3.9785080968972273,3,nr,1.531e-14
9.9625000000000004,3.9720504296153387,3,nr,5.420e-14
9.9749999999999996,3.9655677796293958,3,nr,5.605e-15
9.9875000000000007,3.9590619189558178,3,nr,1.850e-16
10,3.9525345606426612,3,nr,6.595e-14
4.4500000000000002,14.956427658715436,4,nr,8.118e-15
4.4625000000000004,14.878142273767862,4,nr,5.496e-16
4.4750000000000005,14.80057996008402,4,nr,4.047e-15
4.4875000000000007,14.723734384901659,4,nr,7.291e-15
4.5,14.64759936172379,4,nr,1.072e-14
4.5125000000000002,14.572168850367397,4,nr,4.576e-15
4.5250000000000004,14.497436957134752,4,nr,1.012e-14
4.5375000000000005,14.423397935111394,4,nr,2.503e-15
4.5500000000000007,14.350046184606716,4,nr,2.302e-11
4.5625,14.277376253664009,4,nr,2.632e-16
4.5750000000000002,14.205382838879258,4,nr,6.384e-15
4.5875000000000004,14.134060786144445,4,nr,7.958e-15
4.6000000000000005,14.063405091711337,4,nr,9.304e-16
4.6125000000000007,13.993410903348487,4,nr,1.243e-14
4.625,13.924073521676187,4,nr,3.980e-15
4.6375000000000002,13.855388401675942,4,nr,4.461e-15
4.6500000000000004,13.78735115438228,4,nr,7.250e-15
4.6625000000000005,13.719957548765322,4,nr,4.622e-13
4.6750000000000007,13.653203513814736,4,nr,1.192e-15
4.6875,13.587085140829943,4,nr,1.292e-14
4.7000000000000002,13.521598685935167,4,nr,6.068e-15
4.7125000000000004,13.456740572822081,4,nr,1.360e-14
4.7250000000000005,13.392507395736747,4,nr,4.145e-15
4.7375000000000007,13.328895922721703,4,nr,3.539e-15
4.75,13.265903099126803,4,nr,7.591e-16
4.7625000000000002,13.203526051402806,4,nr,6.683e-15
4.7750000000000004,13.14176209119281,4,nr,5.228e-15
4.7875000000000005,13.080608719737425,4,nr,1.666e-15
4.8000000000000007,13.020063632592169,4,nr,3.010e-11
4.8125000000000009,12.960124724803213,4,nr,6.004e-15
4.8250000000000002,12.900790096175701,4,nr,1.172e-15
4.8375000000000004,12.842058057295599,4,nr,1.340e-15
4.8500000000000005,12.783927135685031,4,nr,4.781e-15
4.8625000000000007,12.726396082497864,4,nr,3.684e-15
4.8750000000000009,12.669463879673298,4,nr,3.409e-11
4.8875000000000002,12.61312974743084,4,nr,5.161e-16
4.9000000000000004,12.557393152609938,4,nr,6.047e-15
4.9125000000000005,12.502253817084446,4,nr,4.806e-15
4.9250000000000007,12.44771172707576,4,nr,5.591e-15
4.9375000000000009,12.393767142915362,4,nr,4.212e-15
4.9500000000000002,12.340420609445442,4,nr,2.206e-15
4.9625000000000004,12.287672967064658,4,nr,1.778e-15
4.9750000000000005,12.235525363449771,4,nr,2.238e-15
4.9875000000000007,12.183979265983785,4,nr,6.007e-15
5.0000000000000009,12.133036474921246,4,nr,1.563e-15
5.0125000000000002,12.082699137320954,4,nr,4.093e-15
5.0250000000000004,12.032969761775098,4,nr,3.435e-15
5.0375000000000005,11.983851233962509,4,nr,6.033e-16
5.0500000000000007,11.935346833050907,4,nr,7.449e-17
5.0625000000000009,11.887460248969997,4,nr,4.562e-15
5.0750000000000002,11.840195600572525,4,nr,5.085e-16
5.0875000000000004,11.793557454694463,4,nr,9.323e-16
5.1000000000000005,11.747550846118031,4,nr,6.158e-15
5.1125000000000007,11.702181298431297,4,nr,3.213e-15
5.1250000000000009,11.657454845766253,4,nr,1.654e-15
5.1375000000000002,11.613378055382029,4,nr,4.758e-16
5.1500000000000004,11.569958051041329,4,nr,1.066e-13
5.1625000000000005,11.52720253710649,4,nr,2.842e-15
5.1750000000000007,11.485119823250688,4,nr,2.997e-15
5.1875000000000009,11.44371884965293,4,nr,8.346e-16
5.2000000000000002,11.403009212497446,4,nr,3.036e-15
5.2125000000000004,11.363001189556114,4,nr,1.495e-15
5.2250000000000005,11.323705765577039,4,nr,3.919e-12
5.2375000000000007,11.285134657096,4,nr,3.504e-15
5.2500000000000009,11.24730033634223,4,nr,3.807e-15
5.2625000000000002,11.210216053543196,4,nr,1.112e-15
5.2750000000000004,11.173895857181108,4,nr,1.516e-11
5.2875000000000005,11.138354611188307,4,nr,3.612e-12
5.3000000000000007,11.103608008614732,4,nr,1.032e-11
5.3125000000000009,11.069672579926994,4,nr,1.986e-12
5.3250000000000002,11.036565695533701,4,nr,1.509e-15
5.3375000000000004,11.004305560136249,4,nr,6.176e-12
5.3500000000000005,10.972911197866019,4,nr,6.989e-12
5.3625000000000007,10.942402425412354,4,nr,2.046e-15
5.3750000000000009,10.912799811494013,4,nr,9.288e-12
5.3875000000000002,10.884124618967091,4,nr,5.716e-12
5.4000000000000004,10.856398727436019,4,nr,5.335e-16
5.4125000000000005,10.829644531659314,4,nr,9.303e-13
5.4250000000000007,10.803884812774971,4,nr,5.595e-12
5.4375000000000009,10.7791425772126,4,nr,3.270e-12
5.4500000000000002,10.755440858667003,4,nr,4.962e-16
5.4625000000000004,10.732802478043219,4,nr,7.310e-12
5.4750000000000005,10.711249755969403,4,nr,1.479e-15
5.4875000000000007,10.690804172024626,4,nr,2.434e-15
5.5000000000000009,10.671485965978778,4,nr,1.846e-15
5.5125000000000002,10.653313675529583,4,nr,3.028e-12
5.5250000000000004,10.636303606917751,4,nr,1.174e-15
5.5375000000000005,10.620469235501249,4,nr,1.193e-16
5.5500000000000007,10.605820535974201,4,nr,2.346e-16
5.5625000000000009,10.592363244148823,4,nr,1.422e-15
5.5750000000000002,10.580098056338509,4,nr,4.330e-12
5.5875000000000004,10.569019776660534,4,nr,3.344e-13
5.6000000000000005,10.559116428567462,4,nr,1.921e-13
5.6125000000000007,10.550368352553011,4,nr,7.224e-17
5.6250000000000009,10.542747319983253,4,nr,1.579e-13
5.6375000000000002,10.536215699520234,4,nr,4.395e-16
5.6500000000000004,10.530725719930107,4,nr,1.042e-15
5.6625000000000005,10.526218878842094,4,nr,8.585e-16
5.6750000000000007,10.522625550776372,4,nr,2.356e-13
5.6875000000000009,10.519864848460571,4,nr,2.485e-15
5.7000000000000002,10.517844788006204,4,nr,2.753e-13
5.7125000000000004,10.516462800043586,4,nr,2.657e-16
5.7250000000000005,10.515606615201749,4,nr,2.024e-13
5.7375000000000007,10.515155533224425,4,nr,5.983e-13
5.7500000000000009,10.514982061833393,4,nr,8.620e-16
5.7625000000000002,10.514953885784319,4,nr,6.241e-17
5.7750000000000004,10.514936100686812,4,nr,5.355e-16
5.7875000000000005,10.514793623543554,4,nr,1.353e-15
5.8000000000000007,10.514393674777995,4,nr,1.660e-13
5.8125000000000009,10.513608217731775,4,nr,5.194e-12
5.8250000000000002,10.512316242502656,4,nr,1.760e-13
5.8375000000000004,10.510405791001435,4,nr,2.168e-14
5.8500000000000005,10.507775640293513,4,nr,7.133e-16
5.8625000000000007,10.504336585301852,4,nr,1.081e-15
5.8750000000000009,10.500012291585627,4,nr,1.319e-15
5.8875000000000002,10.49473971687361,4,nr,6.133e-12
5.9000000000000004,10.488469125924295,4,nr,1.959e-16
5.9125000000000005,10.481163743138993,4,nr,1.940e-13
5.9250000000000007,10.472799102704878,4,nr,4.769e-16
5.9375000000000009,10.463362162103792,4,nr,1.360e-15
5.9500000000000002,10.45285024758962,4,nr,7.578e-17
5.9625000000000004,10.441269896187196,4,nr,1.045e-13
5.9750000000000005,10.42863565198804,4,nr,1.843e-15
5.9875000000000007,10.414968865331403,4,nr,5.062e-13
6.0000000000000009,10.400296533384084,4,nr,6.576e-14
6.0125000000000002,10.384650210621931,4,nr,3.726e-16
6.0250000000000004,10.368065008581594,4,nr,1.265e-16
6.0375000000000005,10.350578696187473,4,nr,5.875e-13
6.0500000000000007,10.332230905501591,4,nr,4.418e-12
6.0625000000000009,10.313062442566096,4,nr,1.070e-15
6.0750000000000002,10.29311469948062,4,nr,9.543e-16
6.0875000000000004,10.272429160862965,4,nr,8.760e-12
6.1000000000000005,10.251046996741332,4,nr,4.683e-12
6.1125000000000007,10.22900873302806,4,nr,2.883e-16
6.1250000000000009,10.206353990076041,4,nr,9.545e-12
6.1375000000000002,10.183121280523366,4,nr,1.496e-16
6.1500000000000004,10.159347858254907,4,nr,8.122e-16
6.1625000000000005,10.135069610034481,4,nr,7.561e-14
6.1750000000000007,10.110320983393358,4,nr,1.658e-12
6.1875000000000009,10.085134944153761,4,nr,3.646e-13
6.2000000000000002,10.05954295827803,4,nr,1.634e-15
6.2125000000000004,10.033574993226528,4,nr,2.826e-15
6.2250000000000005,10.007259534846041,4,nr,1.014e-15
6.2375000000000007,9.9806236163441078,4,nr,1.064e-11
6.2500000000000009,9.9536928563891767,4,nr,2.854e-15
6.2625000000000002,9.9264915042248116,4,nr,2.131e-15
6.2750000000000004,9.8990424893638149,4,nr,2.947e-15
6.2875000000000005,9.8713674747138018,4,nr,1.833e-16
6.3000000000000007,9.8434869115524553,4,nr,1.738e-15
6.3125000000000009,9.8154200954099604,4,nr,1.029e-11
6.3250000000000002,9.7871852219446822,4,nr,6.907e-15
6.3375000000000004,9.7587994423839515,4,nr,1.038e-15
6.3500000000000005,9.7302789176741555,4,nr,6.449e-12
6.3625000000000007,9.7016388712898429,4,nr,4.007e-16
6.3750000000000009,9.6728936403348129,4,nr,4.673e-15
6.3875000000000002,9.6440567246092712,4,nr,3.845e-15
6.4000000000000004,9.6151408337176694,4,nr,2.476e-12
6.4125000000000005,9.5861579320059249,4,nr,2.327e-15
6.4250000000000007,9.5571192813815635,4,nr,4.573e-15
6.4375000000000009,9.5280354819421635,4,nr,1.882e-15
6.4500000000000002,9.49891651051019,4,nr,3.004e-15
6.4625000000000004,9.4697717570783126,4,nr,1.039e-15
6.4750000000000005,9.4406100592316164,4,nr,1.204e-11
6.4875000000000007,9.4114397346739462,4,nr,3.723e-15
6.5000000000000009,9.3822686117611624,4,nr,8.918e-15
6.5125000000000002,9.3531040584153651,4,nr,4.121e-15
6.5250000000000004,9.3239530092128593,4,nr,6.291e-15
6.5375000000000005,9.2948219909064811,4,nr,2.385e-15
6.5500000000000007,9.2657171464087025,4,nr,2.733e-15
6.5625000000000009,9.2366442573275034,4,nr,3.412e-15
6.5750000000000002,9.2076087651364329,4,nr,6.402e-15
6.5875000000000004,9.1786157910575756,4,nr,9.121e-16
6.6000000000000005,9.149670154733375,4,nr,5.193e-15
6.6125000000000007,9.1207763917597262,4,nr,2.960e-15
6.6250000000000009,9.0919387701496159,4,nr,6.831e-16
6.6375000000000002,9.0631613057930611,4,nr,6.551e-15
6.6500000000000004,9.0344477769755596,4,nr,6.351e-15
6.6625000000000005,9.0058017380140978,4,nr,1.492e-15
6.6750000000000007,8.9772265320660374,4,nr,1.045e-14
6.6875000000000009,8.9487253031633536,4,nr,2.323e-15
6.7000000000000002,8.9203010075421183,4,nr,4.508e-11
6.7125000000000004,8.8919564241675424,4,nr,1.281e-14
6.7250000000000005,8.8636941649357759,4,nr,6.136e-15
6.7375000000000007,8.8355166838629806,4,nr,1.939e-15
6.7500000000000009,8.8074262860299797,4,nr,2.456e-14
6.7625000000000002,8.7794251358797162,4,nr,8.343e-15
6.7750000000000004,8.7515152650469492,4,nr,1.095e-14
6.7875000000000005,8.7236985797305664,4,nr,7.610e-16
6.8000000000000007,8.6959768676373272,4,nr,3.545e-15
6.8125000000000009,8.6683518045244909,4,nr,1.457e-14
6.8250000000000002,8.6408249603664977,4,nr,2.914e-15
6.8375000000000004,8.6133978051696438,4,nr,1.379e-14
6.8500000000000005,8.5860717144566898,4,nr,9.643e-15
6.8625000000000007,8.5588479744423687,4,nr,2.723e-15
6.8750000000000009,8.531727786918843,4,nr,5.181e-15
6.8875000000000002,8.5047122738694902,4,nr,6.315e-15
6.9000000000000004,8.4778024818276378,4,nr,1.512e-14
6.9125000000000005,8.4509993859962282,4,nr,6.083e-15
6.9250000000000007,8.4243038941430939,4,nr,3.721e-15
6.9375000000000009,8.397716850285553,4,nr,1.107e-14
6.9500000000000002,8.3712390381773627,4,nr,1.309e-14
6.9625000000000004,8.3448711846100796,4,nr,5.178e-15
6.9750000000000005,8.318613962539926,4,nr,9.367e-16
6.9875000000000007,8.2924679940510231,4,nr,2.060e-14
7.0000000000000009,8.2664338531646404,4,nr,9.929e-15
7.0125000000000002,8.2405120685038185,4,nr,1.478e-15
7.0250000000000004,8.2147031258220355,4,nr,2.597e-15
7.0375000000000005,8.1890074704040945,4,nr,8.569e-15
7.0500000000000007,8.1634255093467303,4,nr,1.892e-14
7.0625000000000009,8.137957613726222,4,nr,1.250e-14
7.0750000000000002,8.1126041206596557,4,nr,1.314e-14
7.0875000000000004,8.0873653352661297,4,nr,7.839e-15
7.1000000000000005,8.0622415325338714,4,nr,2.116e-15
7.1125000000000007,8.0372329590987537,4,nr,1.051e-14
7.1250000000000009,8.0123398349395014,4,nr,7.319e-15
7.1375000000000002,7.9875623549944921,4,nr,1.441e-14
7.1500000000000004,7.962900690704716,4,nr,1.171e-14
7.1625000000000005,7.938354991487401,4,nr,3.307e-16
7.1750000000000007,7.9139253861442116,4,nr,6.079e-15
7.1875000000000009,7.8896119842080665,4,nr,1.385e-16
7.2000000000000002,7.8654148772164731,4,nr,5.585e-11
7.2125000000000004,7.8413341400245269,4,nr,8.324e-15
7.2250000000000005,7.8173698318317877,4,nr,5.580e-15
7.2375000000000007,7.7935219974745591,4,nr,8.472e-15
7.2500000000000009,7.7697906684380049,4,nr,1.140e-14
7.2625000000000002,7.7461758639200013,4,nr,6.905e-15
7.2750000000000004,7.7226775918395978,4,nr,2.812e-15
7.2875000000000005,7.6992958498082444,4,nr,1.290e-14
7.3000000000000007,7.6760306260662192,4,nr,6.853e-15
7.3125000000000009,7.6528819003863697,4,nr,4.279e-15
7.3250000000000002,7.6298496449236852,4,nr,8.951e-11
7.3375000000000004,7.6069338251789906,4,nr,2.618e-15
7.3500000000000005,7.584134400579658,4,nr,1.526e-14
7.3625000000000007,7.5614513255110456,4,nr,1.449e-14
7.3750000000000009,7.5388845499685244,4,nr,4.342e-15
7.3875000000000002,7.5164340203309843,4,nr,8.533e-15
7.4000000000000004,7.49409968009107,4,nr,4.382e-15
7.4125000000000005,7.4718814705674097,4,nr,2.345e-16
7.4250000000000007,7.4497793315951517,4,nr,2.052e-11
7.4375000000000009,7.4277932022333326,4,nr,8.183e-16
7.4500000000000002,7.4059230213787126,4,nr,1.392e-12
7.4625000000000004,7.3841687284769657,4,nr,4.932e-12
7.4750000000000005,7.3625302641100188,4,nr,7.928e-11
7.4875000000000007,7.3410075707346127,4,nr,7.578e-11
7.5000000000000009,7.3196005931848074,4,nr,1.081e-11
7.5125000000000002,7.2983092793208693,4,nr,3.661e-15
7.5250000000000004,7.2771335807060753,4,nr,5.487e-15
7.5375000000000005,7.2560734531659863,4,nr,9.449e-15
7.5500000000000007,7.2351288574066821,4,nr,3.054e-11
7.5625000000000009,7.214299759595205,4,nr,5.642e-11
7.5750000000000002,7.1935861319665122,4,nr,5.309e-15
7.5875000000000004,7.1729879534905869,4,nr,2.115e-15
7.6000000000000005,7.1525052103686182,4,nr,8.814e-15
7.6125000000000007,7.1321378967010345,4,nr,2.305e-15
7.6250000000000009,7.1118860150797349,4,nr,5.613e-15
7.6375000000000002,7.0917495771988417,4,nr,5.603e-15
7.6500000000000004,7.0717286044707413,4,nr,4.222e-15
7.6625000000000005,7.0518231286484445,4,nr,5.999e-15
7.6750000000000007,7.0320331924553727,4,nr,1.796e-14
7.6875000000000009,7.0123588502237002,4,nr,3.500e-15
7.7000000000000002,6.9928001685423231,4,nr,1.471e-14
7.7125000000000004,6.9733572269156667,4,nr,5.389e-15
7.7250000000000005,6.9540301184344262,4,nr,1.169e-14
7.7375000000000007,6.9348189504506346,4,nr,3.308e-11
7.7500000000000009,6.915723845319504,4,nr,6.028e-15
7.7625000000000002,6.8967449410256236,4,nr,7.813e-15
7.7750000000000004,6.8778823920006715,4,nr,1.846e-14
7.7875000000000005,6.8591363698279908,4,nr,9.987e-15
7.8000000000000007,6.8405070640188521,4,nr,4.490e-15
7.8125000000000009,6.8219946828004492,4,nr,1.218e-14
7.8250000000000002,6.8035994539258162,4,nr,1.197e-14
7.8375000000000004,6.7853216255068531,4,nr,8.559e-16
7.8500000000000005,6.7671614668720661,4,nr,8.631e-15
7.8625000000000007,6.7491192694501976,4,nr,3.078e-15
7.8750000000000009,6.7311953476813402,4,nr,7.979e-15
7.8875000000000002,6.7133900399569955,4,nr,1.415e-14
7.9000000000000004,6.6957037095904814,4,nr,1.100e-15
7.9125000000000005,6.678136745819395,4,nr,1.726e-14
7.9250000000000007,6.6606895648414506,4,nr,5.448e-15
7.9375000000000009,6.643362610885581,4,nr,1.962e-14
7.9500000000000002,6.6261563573195446,4,nr,4.110e-15
7.9625000000000004,6.6090713077960999,4,nr,1.804e-14
7.9750000000000005,6.5921079974389132,4,nr,2.511e-14
7.9875000000000007,6.5752669940703594,4,nr,7.079e-15
8,6.5585488994823686,4,nr,1.750e-14
8.0124999999999993,6.5419543507524232,4,nr,1.045e-14
8.0250000000000004,6.5254840216061165,4,nr,2.983e-16
8.0374999999999996,6.5091386238278446,4,nr,1.156e-14
8.0499999999999989,6.4929189087214514,4,nr,3.192e-14
8.0625,6.4768256686221237,4,nr,1.660e-14
8.0749999999999993,6.4608597384613047,4,nr,2.425e-15
8.0875000000000004,6.445021997392379,4,nr,2.092e-11
8.0999999999999996,6.4293133704311627,4,nr,4.882e-15
8.1124999999999989,6.4137348302553656,4,nr,2.025e-14
8.125,6.3982873989250697,4,nr,3.248e-14
8.1374999999999993,6.3829721497641216,4,nr,3.029e-14
8.1500000000000004,6.367790209259458,4,nr,4.198e-14
8.1624999999999996,6.3527427590264187,4,nr,3.493e-14
8.1749999999999989,6.3378310378331699,4,nr,3.366e-14
8.1875,6.3230563436836844,4,nr,2.794e-14
8.1999999999999993,6.3084200359583438,4,nr,2.971e-14
8.2125000000000004,6.2939235376105884,4,nr,9.049e-15
8.2249999999999996,6.2795683374175244,4,nr,5.333e-16
8.2374999999999989,6.2653559922814894,4,nr,8.815e-16
8.25,6.2512881295788922,4,nr,4.021e-15
8.2624999999999993,6.2373664495515593,4,nr,3.224e-14
8.2750000000000004,6.2235927277347436,4,nr,1.615e-14
8.2874999999999996,6.209968817414067,4,nr,9.086e-13
8.2999999999999989,6.1964966521058047,4,nr,3.968e-15
8.3125,6.1831782480418438,4,nr,1.924e-14
8.3249999999999993,6.1700157066645556,4,nr,9.790e-12
8.3375000000000004,6.1570112170750315,4,nr,1.314e-14
8.3499999999999996,6.1441670585129842,4,nr,2.765e-15
8.3624999999999989,6.1314856027001019,4,nr,1.611e-15
8.375,6.1189693161707028,4,nr,4.467e-15
8.3874999999999993,6.1066207624753588,4,nr,1.974e-15
8.4000000000000004,6.0944426042567326,4,nr,1.642e-15
8.4124999999999996,6.0824376051585318,4,nr,1.447e-14
8.4249999999999989,6.0706086315280539,4,nr,6.510e-15
8.4375,6.0589586538668856,4,nr,2.728e-15
8.4499999999999993,6.0474907479786886,4,nr,1.410e-14
8.4625000000000004,6.0362080957556143,4,nr,5.638e-15
8.4749999999999996,6.0251139855379519,4,nr,4.403e-16
8.4874999999999989,6.014211811972725,4,nr,7.257e-17
8.5,6.0035050752885768,4,nr,6.459e-15
8.5124999999999993,5.9929973798938159,4,nr,5.251e-15
8.5250000000000004,5.9826924321941384,4,nr,7.507e-15
8.5374999999999996,5.9725940375148125,4,nr,7.282e-15
8.5499999999999989,5.9627060959998364,4,nr,3.770e-15
8.5625,5.953032597347347,4,nr,1.071e-14
8.5749999999999993,5.9435776142267587,4,nr,9.977e-15
8.5875000000000004,5.9343452942086854,4,nr,3.705e-15
8.5999999999999996,5.9253398500239314,4,nr,6.538e-17
8.6124999999999989,5.9165655479527839,4,nr,2.584e-16
8.625,5.9080266941313671,4,nr,7.466e-15
8.6374999999999993,5.8997276185391074,4,nr,1.172e-11
8.6500000000000004,5.8916726564849933,4,nr,5.293e-15
8.6624999999999996,5.8838661271671091,4,nr,1.661e-15
8.6749999999999989,5.8763123093354466,4,nr,2.430e-16
8.6875,5.8690154135034991,4,nr,1.380e-15
8.6999999999999993,5.8619795506180816,4,nr,8.298e-16
8.7125000000000004,5.8552086968712622,4,nr,6.440e-16
8.7249999999999996,5.8487066544187911,4,nr,6.940e-16
8.7374999999999989,5.8424770077849111,4,nr,1.143e-16
8.75,5.8365230757687607,4,nr,8.465e-16
8.7624999999999993,5.8308478587166839,4,nr,2.676e-15
8.7750000000000004,5.825453981089562,4,nr,1.047e-15
8.7874999999999996,5.8203436293373665,4,nr,1.143e-15
8.7999999999999989,5.8155184851961099,4,nr,2.313e-15
8.8125,5.8109796546475243,4,nr,4.254e-16
8.8249999999999993,5.8067275929300388,4,nr,7.886e-16
8.8375000000000004,5.8027620261744204,4,nr,1.254e-11
8.8499999999999996,5.7990818703193217,4,nr,1.118e-11
8.8624999999999989,5.7956851486287455,4,nr,8.649e-16
8.875,5.7925689083076062,4,nr,2.006e-11
8.8874999999999993,5.7897291386742733,4,nr,6.628e-13
8.9000000000000004,5.7871606914726472,4,nr,4.196e-16
8.9124999999999996,5.7848572063535064,4,nr,1.037e-13
8.9249999999999989,5.7828110428719146,4,nr,5.241e-12
8.9375,5.781013221854657,4,nr,2.236e-15
8.9499999999999993,5.7794533783896824,4,nr,1.507e-13
8.9625000000000004,5.7781197292476936,4,nr,6.416e-13
8.9749999999999996,5.7769990570784406,4,nr,1.364e-15
8.9874999999999989,5.7760767139663622,4,nr,5.374e-16
9,5.775336646454404,4,nr,7.550e-16
9.0124999999999993,5.7747614438775292,4,nr,1.376e-13
9.0250000000000004,5.7743324112771921,4,nr,9.377e-13
9.0374999999999996,5.774029667545868,4,nr,1.721e-12
9.0499999999999989,5.7738322686988823,4,nr,2.162e-12
9.0625,5.7737183553200166,4,nr,2.249e-12
9.0749999999999993,5.7736653223488554,4,nr,2.068e-12
9.0875000000000004,5.7736500084882136,4,nr,1.715e-12
9.0999999999999996,5.7736489016705717,4,nr,1.271e-12
9.1124999999999989,5.7736383562861171,4,nr,7.819e-13
9.125,5.7735948172914062,4,nr,2.526e-13
9.1374999999999993,5.7734950459238616,4,nr,4.760e-12
9.1500000000000004,5.7733163416333602,4,nr,6.875e-17
9.1624999999999996,5.7730367547531136,4,nr,2.070e-16
9.1749999999999989,5.7726352850989517,4,nr,3.811e-16
9.1875,5.7720920617889595,4,nr,3.752e-12
9.1999999999999993,5.7713885006914367,4,nr,2.989e-12
9.2125000000000004,5.7705074365008731,4,nr,6.909e-13
9.2249999999999996,5.7694332276161706,4,nr,2.153e-15
9.2374999999999989,5.7681518328262129,4,nr,3.813e-16
9.25,5.7666508598102855,4,nr,4.360e-12
9.2624999999999993,5.7649195863886051,4,nr,7.134e-12
9.2750000000000004,5.7629489561230738,4,nr,2.274e-15
9.2874999999999996,5.760731550543043,4,nr,7.769e-13
9.2999999999999989,5.7582615408434084,4,nr,3.116e-15
9.3125,5.7555346218848014,4,nr,1.283e-13
9.3249999999999993,5.7525479318367934,4,nr,7.128e-16
9.3375000000000004,5.7492999605647395,4,nr,7.206e-16
9.3499999999999996,5.7457904498560994,4,nr,3.322e-12
9.3624999999999989,5.7420202883452971,4,nr,1.562e-11
9.375,5.7379914036964967,4,nr,1.172e-15
9.3874999999999993,5.7337066545333055,4,nr,5.931e-16
9.4000000000000004,5.7291697236462529,4,nr,2.183e-16
9.4124999999999996,5.7243850145491368,4,nr,1.492e-15
9.4249999999999989,5.7193575523650093,4,nr,1.454e-15
9.4375,5.7140928901138031,4,nr,1.133e-16
9.4499999999999993,5.7085970210749641,4,nr,1.606e-15
9.4625000000000004,5.7028762976667187,4,nr,2.265e-15
9.4749999999999996,5.696937357071814,4,nr,2.764e-15
9.4874999999999989,5.6907870536423593,4,nr,2.685e-11
9.5,5.684432398134831,4,nr,0.000e+00
9.5124999999999993,5.6778805031470538,4,nr,4.887e-16
9.5250000000000004,5.6711385351771817,4,nr,2.413e-15
9.5374999999999996,5.66421367224725,4,nr,1.315e-15
9.5499999999999989,5.6571130671267493,4,nr,4.313e-15
9.5625,5.6498438156019999,4,nr,2.440e-15
9.5749999999999993,5.6424129293894296,4,nr,4.226e-15
9.5875000000000004,5.6348273132726741,4,nr,1.316e-15
9.5999999999999996,5.6270937460531822,4,nr,5.463e-15
9.6125000000000007,5.6192188649209118,4,nr,8.092e-16
9.625,5.6112091528720729,4,nr,3.344e-15
9.6374999999999993,5.6030709288251241,4,nr,5.525e-15
9.6500000000000004,5.5948103401112022,4,nr,1.887e-15
9.6624999999999996,5.5864333570417077,4,nr,8.836e-15
9.6750000000000007,5.5779457692814605,4,nr,6.579e-15
9.6875,5.5693531837815202,4,nr,7.955e-16
9.6999999999999993,5.5606610240502219,4,nr,5.558e-15
9.7125000000000004,5.5518745305637589,4,nr,1.346e-14
9.7249999999999996,5.542998762139705,4,nr,1.353e-14
9.7375000000000007,5.5340385981164042,4,nr,2.947e-15
9.75,5.5249987412001618,4,nr,6.401e-14
9.7624999999999993,5.5158837208584108,4,nr,4.863e-15
9.7750000000000004,5.5066978971521685,4,nr,2.074e-14
9.7874999999999996,5.4974454649160265,4,nr,3.348e-14
9.8000000000000007,5.4881304582043198,4,nr,2.172e-14
9.8125,5.478756754934671,4,nr,9.161e-15
9.8249999999999993,5.4693280816694978,4,nr,1.542e-15
9.8375000000000004,5.4598480184841112,4,nr,4.670e-15
9.8499999999999996,5.4503200038725108,4,nr,1.624e-11
9.8625000000000007,5.4407473396967543,4,nr,6.177e-15
9.875,5.4311331960217029,4,nr,2.569e-14
9.8874999999999993,5.4214806160224356,4,nr,3.484e-14
9.9000000000000004,5.411792520730641,4,nr,4.836e-14
9.9124999999999996,5.402071713730618,4,nr,6.252e-14
9.9250000000000007,5.3923208857486484,4,nr,7.553e-14
9.9375,5.3825426191311365,4,nr,7.378e-14
9.9499999999999993,5.3727393922029334,4,nr,6.393e-14
9.9625000000000004,5.3629135835005464,4,nr,5.952e-14
9.9749999999999996,5.3530674758749068,4,nr,4.846e-14
9.9875000000000007,5.3432032604617188,4,nr,4.648e-14
10,5.3333230405177181,4,nr,3.604e-14
5.3875000000000002,14.996714408941116,5,nr,2.057e-15
5.4000000000000004,14.952707630960054,5,nr,9.780e-12
5.4125000000000005,14.910023816793315,5,nr,9.397e-13
5.4250000000000007,14.868704103202967,5,nr,6.162e-12
5.4375000000000009,14.828791426971293,5,nr,4.857e-12
5.4500000000000002,14.790330374446008,5,nr,2.525e-16
5.4625000000000004,14.753366964957879,5,nr,5.128e-12
5.4750000000000005,14.717948353951789,5,nr,5.257e-12
5.4875000000000007,14.684122439313075,5,nr,1.584e-12
5.5000000000000009,14.651937353121573,5,nr,7.713e-17
5.5125000000000002,14.621440818941593,5,nr,6.414e-16
5.5250000000000004,14.59267935367645,5,nr,2.615e-12
5.5375000000000005,14.565697292878919,5,nr,2.890e-16
5.5500000000000007,14.540535619126091,5,nr,4.242e-16
5.5625000000000009,14.517230576376557,5,nr,1.038e-15
5.5750000000000002,14.495812058064674,5,nr,7.796e-16
5.5875000000000004,14.476301765848067,5,nr,4.317e-16
5.6000000000000005,14.458711148421733,5,nr,2.955e-13
5.6125000000000007,14.443039147292902,5,nr,2.960e-13
5.6250000000000009,14.429269798782668,5,nr,4.610e-14
5.6375000000000002,14.417369768733707,5,nr,3.081e-17
5.6500000000000004,14.407285927265793,5,nr,2.273e-16
5.6625000000000005,14.398943103275169,5,nr,3.336e-14
5.6750000000000007,14.392242188645106,5,nr,1.178e-16
5.6875000000000009,14.387058785273187,5,nr,8.141e-16
5.7000000000000002,14.383242597997375,5,nr,1.273e-13
5.7125000000000004,14.380617766971559,5,nr,9.834e-16
5.7250000000000005,14.378984298642182,5,nr,5.990e-14
5.7375000000000007,14.37812069247037,5,nr,1.085e-13
5.7500000000000009,14.377787772703693,5,nr,9.305e-14
5.7625000000000002,14.377733627778746,5,nr,6.294e-14
5.7750000000000004,14.377699447087855,5,nr,2.811e-14
5.7875000000000005,14.377425942295286,5,nr,1.107e-14
5.8000000000000007,14.376659965477238,5,nr,4.030e-14
5.8125000000000009,14.375160903241834,5,nr,2.413e-15
5.8250000000000002,14.372706441958318,5,nr,1.436e-16
5.8375000000000004,14.369097362603124,5,nr,8.857e-16
5.8500000000000005,14.364161124001019,5,nr,4.705e-16
5.8625000000000007,14.357754113701237,5,nr,1.491e-17
5.8750000000000009,14.349762567410988,5,nr,3.644e-12
5.8875000000000002,14.340102264120283,5,nr,8.777e-16
5.9000000000000004,14.328717182322118,5,nr,7.524e-16
5.9125000000000005,14.315577349965031,5,nr,1.907e-14
5.9250000000000007,14.300676134379875,5,nr,1.385e-15
5.9375000000000009,14.284027208145559,5,nr,8.647e-16
5.9500000000000002,14.265661396893858,5,nr,6.793e-14
5.9625000000000004,14.245623575525352,5,nr,1.088e-13
5.9750000000000005,14.223969736497025,5,nr,4.611e-16
5.9875000000000007,14.200764313109959,5,nr,3.482e-13
6.0000000000000009,14.17607780532858,5,nr,8.242e-13
6.0125000000000002,14.149984727194214,5,nr,1.591e-13
6.0250000000000004,14.122561873557345,5,nr,2.055e-15
6.0375000000000005,14.093886889027665,5,nr,2.062e-15
6.0500000000000007,14.064037112975162,5,nr,1.582e-15
6.0625000000000009,14.033088669445062,5,nr,6.220e-16
6.0750000000000002,14.001115769354076,5,nr,3.755e-12
6.0875000000000004,13.968190192880092,5,nr,8.667e-16
6.1000000000000005,13.934380922282655,5,nr,1.328e-16
6.1125000000000007,13.899753897785878,5,nr,1.312e-15
6.1250000000000009,13.864371873007167,5,nr,1.063e-15
6.1375000000000002,13.82829434921868,5,nr,1.887e-15
6.1500000000000004,13.791577571097688,5,nr,1.154e-11
6.1625000000000005,13.754274569600438,5,nr,1.524e-15
6.1750000000000007,13.716435239579177,5,nr,1.058e-11
6.1875000000000009,13.678106443280553,5,nr,1.892e-15
6.2000000000000002,13.639332130855133,5,nr,5.215e-16
6.2125000000000004,13.600153472727646,5,nr,6.404e-13
6.2250000000000005,13.560608998238186,5,nr,9.384e-12
6.2375000000000007,13.520734737133447,5,nr,1.457e-11
6.2500000000000009,13.48056436104849,5,nr,1.048e-11
6.2625000000000002,13.440129322753041,5,nr,7.452e-13
6.2750000000000004,13.399458991636273,5,nr,1.803e-15
6.2875000000000005,13.358580784292585,5,nr,2.367e-16
6.3000000000000007,13.317520289588851,5,nr,6.620e-16
6.3125000000000009,13.276301387627033,5,nr,7.342e-16
6.3250000000000002,13.234946362438299,5,nr,2.374e-11
6.3375000000000004,13.193476008151062,5,nr,0.000e+00
6.3500000000000005,13.151909729189276,5,nr,3.144e-15
6.3625000000000007,13.110265633784355,5,nr,6.707e-12
6.3750000000000009,13.068560621811132,5,nr,2.646e-16
6.3875000000000002,13.026810466807357,5,nr,4.833e-15
6.4000000000000004,12.985029892399657,5,nr,1.206e-13
6.4125000000000005,12.943232643616712,5,nr,3.246e-15
6.4250000000000007,12.901431553254838,5,nr,1.681e-15
6.4375000000000009,12.859638603631112,5,nr,3.053e-15
6.4500000000000002,12.817864984011825,5,nr,5.540e-15
6.4625000000000004,12.776121143996459,5,nr,5.103e-16
6.4750000000000005,12.734416843129663,5,nr,8.860e-16
6.4875000000000007,12.69276119700041,5,nr,2.467e-15
6.5000000000000009,12.651162720074543,5,nr,3.709e-15
6.5125000000000002,12.609629365492925,5,nr,3.448e-15
6.5250000000000004,12.568168562053371,5,nr,1.085e-15
6.5375000000000005,12.526787248580927,5,nr,5.647e-15
6.5500000000000007,12.485491905866079,5,nr,1.845e-11
6.5625000000000009,12.444288586427334,5,nr,2.005e-15
6.5750000000000002,12.403182942027833,5,nr,5.109e-15
6.5875000000000004,12.362180249492537,5,nr,9.181e-15
6.6000000000000005,12.321285434575337,5,nr,5.053e-15
6.6125000000000007,12.280503094241114,5,nr,4.759e-12
6.6250000000000009,12.239837517424316,5,nr,5.748e-15
6.6375000000000002,12.199292704333963,5,nr,2.817e-15
6.6500000000000004,12.158872384499478,5,nr,5.344e-15
6.6625000000000005,12.118580033563658,5,nr,3.916e-15
6.6750000000000007,12.078418888965752,5,nr,1.405e-15
6.6875000000000009,12.038391964578873,5,nr,7.532e-15
6.7000000000000002,11.998502064380164,5,nr,1.028e-14
6.7125000000000004,11.958751795223803,5,nr,4.870e-15
6.7250000000000005,11.919143578781535,5,nr,3.001e-15
6.7375000000000007,11.879679662710439,5,nr,2.201e-15
6.7500000000000009,11.840362131086868,5,nr,3.759e-11
6.7625000000000002,11.801192914271581,5,nr,1.137e-14
6.7750000000000004,11.762173797910924,5,nr,2.094e-14
6.7875000000000005,11.723306431688016,5,nr,8.137e-15
6.8000000000000007,11.684592337293685,5,nr,2.383e-15
6.8125000000000009,11.646032915996864,5,nr,3.072e-15
6.8250000000000002,11.607629455734466,5,nr,2.514e-14
6.8375000000000004,11.569383137769099,5,nr,6.035e-15
6.8500000000000005,11.531295042944249,5,nr,1.627e-14
6.8625000000000007,11.493366157563919,5,nr,9.864e-16
6.8750000000000009,11.455597378922338,5,nr,4.120e-15
6.8875000000000002,11.41798952050717,5,nr,1.194e-14
6.9000000000000004,11.380543316897882,5,nr,6.733e-15
6.9125000000000005,11.34325942837963,5,nr,1.061e-14
6.9250000000000007,11.306138445291277,5,nr,7.625e-16
6.9375000000000009,11.269180892125124,5,nr,4.549e-15
6.9500000000000002,11.232387231394409,5,nr,1.665e-14
6.9625000000000004,11.195757867283728,5,nr,5.167e-16
6.9750000000000005,11.159293149096294,5,nr,1.039e-15
6.9875000000000007,11.122993374511212,5,nr,1.018e-14
7.0000000000000009,11.086858792662701,5,nr,1.720e-14
7.0125000000000002,11.050889607052827,5,nr,3.056e-15
7.0250000000000004,11.015085978310363,5,nr,7.470e-12
7.0375000000000005,10.979448026789363,5,nr,6.857e-15
7.0500000000000007,10.943975835066061,5,nr,6.833e-15
7.0625000000000009,10.908669450260007,5,nr,5.360e-16
7.0750000000000002,10.873528886270188,5,nr,5.919e-15
7.0875000000000004,10.838554125883947,5,nr,6.482e-16
7.1000000000000005,10.803745122782352,5,nr,4.608e-15
7.1125000000000007,10.769101803446057,5,nr,8.324e-15
7.1250000000000009,10.734624068967925,5,nr,8.735e-15
7.1375000000000002,10.700311796802769,5,nr,8.477e-11
7.1500000000000004,10.66616484228719,5,nr,5.274e-15
7.1625000000000005,10.632183040451793,5,nr,9.754e-15
7.1750000000000007,10.598366207268599,5,nr,1.409e-15
7.1875000000000009,10.564714141200042,5,nr,1.274e-14
7.2000000000000002,10.531226624536641,5,nr,3.889e-15
7.2125000000000004,10.497903424699713,5,nr,7.156e-15
7.2250000000000005,10.464744295488194,5,nr,1.535e-15
7.2375000000000007,10.431748978273143,5,nr,2.182e-15
7.2500000000000009,10.398917203143268,5,nr,5.690e-15
7.2625000000000002,10.366248690004575,5,nr,5.701e-15
7.2750000000000004,10.33374314963722,5,nr,7.146e-15
7.2875000000000005,10.301400284712265,5,nr,3.100e-16
7.3000000000000007,10.269219790771153,5,nr,2.060e-15
7.3125000000000009,10.23720135717036,5,nr,5.384e-15
7.3250000000000002,10.205344668007466,5,nr,5.215e-11
7.3375000000000004,10.173649402934412,5,nr,5.779e-15
7.3500000000000005,10.142115238149831,5,nr,2.694e-16
7.3625000000000007,10.110741847078454,5,nr,4.297e-11
7.3750000000000009,10.079528901301169,5,nr,4.346e-15
7.3875000000000002,10.048476071211937,5,nr,1.471e-15
7.4000000000000004,10.01758302689327,5,nr,4.244e-15
7.4125000000000005,9.9868494388050291,5,nr,2.151e-15
7.4250000000000007,9.9562749785010585,5,nr,8.977e-11
7.4375000000000009,9.9258593194637577,5,nr,1.997e-11
7.4500000000000002,9.8956021375461454,5,nr,5.790e-12
7.4625000000000004,9.8655031119510763,5,nr,9.966e-14
7.4750000000000005,9.8355619257343427,5,nr,2.422e-11
7.4875000000000007,9.8057782664872537,5,nr,8.113e-11
7.5000000000000009,9.7761518271528516,5,nr,3.318e-15
7.5125000000000002,9.7466823064155932,5,nr,1.001e-14
7.5250000000000004,9.7173694095931573,5,nr,8.088e-16
7.5375000000000005,9.6882128491769581,5,nr,7.273e-15
7.5500000000000007,9.6592123455105572,5,nr,3.422e-11
7.5625000000000009,9.6303676273947971,5,nr,1.558e-14
7.5750000000000002,9.6016784328252101,5,nr,6.019e-15
7.5875000000000004,9.5731445095572631,5,nr,4.063e-15
7.6000000000000005,9.5447656157991165,5,nr,2.925e-11
7.6125000000000007,9.5165415209022264,5,nr,4.163e-15
7.6250000000000009,9.4884720059549732,5,nr,2.892e-15
7.6375000000000002,9.4605568645342473,5,nr,5.969e-15
7.6500000000000004,9.4327959033540854,5,nr,1.843e-14
7.6625000000000005,9.4051889429701916,5,nr,9.767e-16
7.6750000000000007,9.3777358184893718,5,nr,1.303e-14
7.6875000000000009,9.3504363802927184,5,nr,6.333e-15
7.7000000000000002,9.323290494774259,5,nr,4.433e-15
7.7125000000000004,9.2962980450964423,5,nr,2.266e-15
7.7250000000000005,9.269458931964186,5,nr,1.130e-14
7.7375000000000007,9.2427730744190271,5,nr,1.038e-14
7.7500000000000009,9.2162404106551463,5,nr,8.545e-15
7.7625000000000002,9.189860898852876,5,nr,2.285e-11
7.7750000000000004,9.1636345180741365,5,nr,8.162e-15
7.7875000000000005,9.1375612690937356,5,nr,1.193e-15
7.8000000000000007,9.1116411753817399,5,nr,9.617e-15
7.8125000000000009,9.0858742840256532,5,nr,2.961e-15
7.8250000000000002,9.0602606667223906,5,nr,5.737e-15
7.8375000000000004,9.0348004207849986,5,nr,5.324e-11
7.8500000000000005,9.0094936702751642,5,nr,5.691e-15
7.8625000000000007,8.9843405669555754,5,nr,3.495e-15
7.8750000000000009,8.9593412915784345,5,nr,7.012e-15
7.8875000000000002,8.9344960549988706,5,nr,9.971e-16
7.9000000000000004,8.90980509940864,5,nr,5.428e-11
7.9125000000000005,8.885268699698802,5,nr,9.461e-15
7.9250000000000007,8.8608871646431915,5,nr,4.034e-15
7.9375000000000009,8.8366608384485268,5,nr,9.983e-15
7.9500000000000002,8.812590102131642,5,nr,3.895e-14
7.9625000000000004,8.788675375052545,5,nr,1.278e-14
7.9750000000000005,8.7649171164955089,5,nr,1.048e-11
7.9875000000000007,8.7413158273388145,5,nr,1.425e-14
8,8.7178720517511366,5,nr,3.473e-14
8.0124999999999993,8.6945863790284879,5,nr,7.164e-15
8.0250000000000004,8.6714594454658354,5,nr,1.187e-15
8.0374999999999996,8.648491936333313,5,nr,2.290e-14
8.0499999999999989,8.6256845879397233,5,nr,3.124e-15
8.0625,8.603038189790988,5,nr,3.627e-14
8.0749999999999993,8.5805535868479517,5,nr,6.358e-15
8.0875000000000004,8.5582316818888877,5,nr,3.253e-14
8.0999999999999996,8.5360734379810985,5,nr,1.263e-14
8.1124999999999989,8.5140798810674383,5,nr,8.205e-15
8.125,8.4922521026722908,5,nr,2.612e-14
8.1374999999999993,8.4705912627331053,5,nr,1.115e-15
8.1500000000000004,8.4490985925622173,5,nr,7.192e-15
8.1624999999999996,8.4277753979451511,5,nr,4.126e-14
8.1749999999999989,8.406623062380346,5,nr,1.280e-14
8.1875,8.3856430504663706,5,nr,4.951e-15
8.1999999999999993,8.364836911430098,5,nr,3.025e-11
8.2125000000000004,8.3442062828811672,5,nr,6.373e-15
8.2249999999999996,8.3237528945592221,5,nr,1.606e-14
8.2374999999999989,8.3034785724758446,5,nr,2.105e-14
8.25,8.2833852430586106,5,nr,2.913e-14
8.2624999999999993,8.2634749375392573,5,nr,2.289e-14
8.2750000000000004,8.2437497965097677,5,nr,1.861e-14
8.2874999999999996,8.2242120746600094,5,nr,3.604e-15
8.2999999999999989,8.204864145691241,5,nr,1.625e-11
8.3125,8.1857085074540432,5,nr,3.123e-15
8.3249999999999993,8.1667477871631355,5,nr,1.302e-14
8.3375000000000004,8.1479847469286959,5,nr,3.068e-14
8.3499999999999996,8.1294222893549808,5,nr,2.790e-15
8.3624999999999989,8.1110634633439513,5,nr,3.391e-15
8.375,8.0929114700428073,5,nr,2.528e-14
8.3874999999999993,8.0749696689268209,5,nr,6.171e-13
8.4000000000000004,8.0572415839992715,5,nr,1.740e-14
8.4124999999999996,8.0397309100561785,5,nr,3.960e-11
8.4249999999999989,8.0224415191360059,5,nr,2.380e-14
8.4375,8.0053774666813791,5,nr,2.876e-15
8.4499999999999993,7.9885429980772313,5,nr,1.027e-14
8.4625000000000004,7.9719425548007159,5,nr,7.200e-15
8.4749999999999996,7.9555807805381198,5,nr,1.992e-15
8.4874999999999989,7.9394625270461807,5,nr,8.431e-16
8.5,7.9235928596822172,5,nr,1.013e-14
8.5124999999999993,7.907977062489544,5,nr,6.851e-15
8.5250000000000004,7.8926206427059569,5,nr,9.603e-15
8.5374999999999996,7.8775293345406423,5,nr,1.235e-14
8.5499999999999989,7.8627091020401894,5,nr,8.432e-15
8.5625,7.8481661408362751,5,nr,7.085e-15
8.5749999999999993,7.833906878536121,5,nr,1.603e-15
8.5875000000000004,7.8199379734811822,5,nr,8.775e-13
8.5999999999999996,7.8062663115655964,5,nr,2.184e-15
8.6124999999999989,7.7928990007457841,5,nr,7.075e-15
8.625,7.7798433628574548,5,nr,4.127e-12
8.6374999999999993,7.7671069222877671,5,nr,5.801e-15
8.6500000000000004,7.7546973909327974,5,nr,1.197e-11
8.6624999999999996,7.7426226490508441,5,nr,1.743e-15
8.6749999999999989,7.7308907210762179,5,nr,7.445e-16
8.6875,7.7195097460978577,5,nr,2.118e-11
8.6999999999999993,7.7084879420322077,5,nr,2.225e-15
8.7125000000000004,7.6978335625116534,5,nr,9.864e-16
8.7249999999999996,7.6875548462285392,5,nr,5.939e-16
8.7374999999999989,7.6776599572147504,5,nr,1.117e-15
8.75,7.6681569155470335,5,nr,1.310e-15
8.7624999999999993,7.6590535174680401,5,nr,1.771e-11
8.7750000000000004,7.6503572439462744,5,nr,5.598e-16
8.7874999999999996,7.64207515726478,5,nr,1.404e-15
8.7999999999999989,7.6342137843011679,5,nr,1.452e-11
8.8125,7.6267789867584499,5,nr,2.679e-15
8.8249999999999993,7.6197758173656638,5,nr,1.082e-12
8.8375000000000004,7.6132083628614655,5,nr,1.502e-11
8.8499999999999996,7.6070795735213474,5,nr,1.494e-15
8.8624999999999989,7.6013910810419656,5,nr,3.685e-16
8.875,7.5961430056498429,5,nr,5.454e-16
8.8874999999999993,7.5913337555369473,5,nr,1.301e-15
8.9000000000000004,7.5869598214809164,5,nr,1.772e-16
8.9124999999999996,7.5830155709454159,5,nr,5.636e-12
8.9249999999999989,7.5794930468383557,5,nr,5.211e-13
8.9375,7.5763817768748734,5,nr,1.925e-16
8.9499999999999993,7.573668600831434,5,nr,2.805e-13
8.9625000000000004,7.5713375232355027,5,nr,5.660e-16
8.9749999999999996,7.5693695999714352,5,nr,3.297e-13
8.9874999999999989,7.5677428673524014,5,nr,2.360e-12
9,7.5664323220151335,5,nr,5.825e-16
9.0124999999999993,7.5654099593972433,5,nr,6.597e-16
9.0250000000000004,7.5646448771046204,5,nr,2.220e-13
9.0374999999999996,7.5641034478566285,5,nr,1.079e-12
9.0499999999999989,7.5637495640693571,5,nr,1.634e-12
9.0625,7.5635449533353585,5,nr,1.753e-12
9.0749999999999993,7.563449560753619,5,nr,1.569e-12
9.0875000000000004,7.563421990690121,5,nr,1.220e-12
9.0999999999999996,7.563419997261712,5,nr,7.914e-13
9.1124999999999989,7.5634010099311828,5,nr,3.300e-13
9.125,7.563322678332038,5,nr,1.670e-12
9.1374999999999993,7.5631434190532509,5,nr,1.429e-13
9.1500000000000004,7.562822946627267,5,nr,6.419e-16
9.1624999999999996,7.5623227717888621,5,nr,2.176e-12
9.1749999999999989,7.5616066515511333,5,nr,2.124e-12
9.1875,7.5606409783052593,5,nr,6.614e-13
9.1999999999999993,7.5593950983734972,5,nr,8.229e-16
9.2125000000000004,7.5578415539747725,5,nr,2.573e-15
9.2249999999999996,7.5559562462539036,5,nr,1.563e-12
9.2374999999999989,7.5537185205640922,5,nr,1.650e-15
9.25,7.5511111782018085,5,nr,1.734e-12
9.2624999999999993,7.5481204214561854,5,nr,1.059e-15
9.2750000000000004,7.5447357404390285,5,nr,5.469e-16
9.2874999999999996,7.540949751585825,5,nr,2.135e-13
9.2999999999999989,7.536757997959592,5,nr,1.065e-12
9.3125,7.5321587215464501,5,nr,3.533e-12
9.3249999999999993,7.5271526171261449,5,nr,6.433e-12
9.3375000000000004,7.5217425763917296,5,nr,8.605e-12
9.3499999999999996,7.5159334298722378,5,nr,5.533e-12
9.3624999999999989,7.509731692994098,5,nr,9.139e-16
9.375,7.503145321303375,5,nr,2.441e-16
9.3874999999999993,7.496183478712104,5,nr,1.781e-11
9.4000000000000004,7.4888563214292931,5,nr,1.056e-15
9.4124999999999996,7.48117479964945,5,nr,2.136e-11
9.4249999999999989,7.4731504774333652,5,nr,2.021e-15
9.4375,7.4647953712443247,5,nr,1.368e-15
9.4499999999999993,7.4561218072036244,5,nr,9.154e-12
9.4625000000000004,7.4471422957994253,5,nr,1.573e-15
9.4749999999999996,7.4378694233289817,5,nr,5.506e-17
9.4874999999999989,7.4283157590455851,5,nr,2.236e-16
9.5,7.418493776445465,5,nr,4.425e-15
9.5124999999999993,7.4084157875398597,5,nr,1.324e-15
9.5250000000000004,7.3980938887185799,5,nr,3.273e-15
9.5374999999999996,7.3875399169174631,5,nr,4.329e-15
9.5499999999999989,7.3767654148569761,5,nr,2.527e-15
9.5625,7.3657816041995403,5,nr,2.442e-16
9.5749999999999993,7.3545993655633968,5,nr,4.273e-15
9.5875000000000004,7.3432292244260848,5,nr,2.010e-15
9.5999999999999996,7.331681342045921,5,nr,6.368e-15
9.6125000000000007,7.3199655106049235,5,nr,2.934e-11
9.625,7.3080911520128629,5,nr,8.312e-15
9.6374999999999993,7.2960673193787047,5,nr,1.194e-15
9.6500000000000004,7.2839027012660633,5,nr,4.033e-16
9.6624999999999996,7.2716056276268013,5,nr,8.173e-15
9.6750000000000007,7.2591840774041314,5,nr,1.173e-15
9.6875,7.2466456873356719,5,nr,1.258e-14
9.6999999999999993,7.2339977616851021,5,nr,2.830e-16
9.7125000000000004,7.2212472826561944,5,nr,1.254e-14
9.7249999999999996,7.2084009212824398,5,nr,1.001e-14
9.7375000000000007,7.1954650486183382,5,nr,4.476e-15
9.75,7.1824457470886784,5,nr,3.854e-14
9.7624999999999993,7.169348821876536,5,nr,3.606e-15
9.7750000000000004,7.1561798122528417,5,nr,1.520e-14
9.7874999999999996,7.1429440027694007,5,nr,2.820e-14
9.8000000000000007,7.1296464342519492,5,nr,1.864e-15
9.8125,7.1162919145448029,5,nr,2.513e-14
9.8249999999999993,7.1028850289685526,5,nr,3.746e-14
9.8375000000000004,7.0894301504627926,5,nr,4.972e-15
9.8499999999999996,7.0759314493939485,5,nr,1.450e-14
9.8625000000000007,7.0623929030138308,5,nr,6.237e-14
9.875,7.0488183045615767,5,nr,8.018e-15
9.8874999999999993,7.0352112720289393,5,nr,6.654e-11
9.9000000000000004,7.0215752564202933,5,nr,4.904e-14
9.9124999999999996,7.0079135500185528,5,nr,5.197e-14
9.9250000000000007,6.9942292938145707,5,nr,1.717e-16
9.9375,6.9805254849562353,5,nr,1.472e-15
9.9499999999999993,6.9668049837160373,5,nr,7.034e-14
9.9625000000000004,6.9530705201578069,5,nr,5.324e-14
9.9749999999999996,6.93932470048808,5,nr,8.800e-15
9.9875000000000007,6.9255700131046023,5,nr,6.363e-15
10,6.9118088343522439,5,nr,8.222e-14
6.0750000000000002,-9.5804022479943178,6,nr,5.389e-14
6.0875000000000004,-8.8011740714173392,6,nr,2.714e-13
6.1000000000000005,-8.1072004102251043,6,nr,1.208e-16
6.1125000000000007,-7.4864919192212938,6,nr,1.873e-17
6.1250000000000009,-6.9290953566557443,6,nr,3.440e-16
6.1375000000000002,-6.4266923099623732,6,nr,1.433e-16
6.1500000000000004,-5.9722872432219578,6,nr,5.466e-17
6.1625000000000005,-5.5599628453380321,6,nr,6.714e-17
6.1750000000000007,-5.1846865825591593,6,nr,8.717e-17
6.1875000000000009,-4.8421565639610966,6,nr,7.674e-17
6.2000000000000002,-4.5286778474408118,6,nr,2.727e-15
6.2125000000000004,-4.2410625045334767,6,nr,2.947e-17
6.2250000000000005,-3.9765483681647869,6,nr,1.369e-16
6.2375000000000007,-3.7327325756318639,6,nr,8.252e-15
6.2500000000000009,-3.5075169060958418,6,nr,1.071e-14
6.2625000000000002,-3.2990625795765309,6,nr,5.058e-15
6.2750000000000004,-3.1057526910568836,6,nr,8.252e-17
6.2875000000000005,-2.926160840567098,6,nr,1.037e-16
6.3000000000000007,-2.7590248182479513,6,nr,1.027e-14
6.3125000000000009,-2.6032244344485802,6,nr,2.713e-14
6.3250000000000002,-2.4577627651252314,6,nr,3.896e-14
6.3375000000000004,-2.3217502242199721,6,nr,9.837e-18
6.3500000000000005,-2.1943909863015429,6,nr,1.076e-14
6.3625000000000007,-2.0749713713292031,6,nr,7.349e-17
6.3750000000000009,-1.9628498740340485,6,nr,8.429e-14
6.3875000000000002,-1.8574485770917115,6,nr,8.924e-17
6.4000000000000004,-1.7582457328542944,6,nr,1.061e-13
6.4125000000000005,-1.6647693354061814,6,nr,4.571e-15
6.4250000000000007,-1.5765915346461008,6,nr,8.768e-17
6.4375000000000009,-1.4933237687007765,6,nr,1.723e-13
6.4500000000000002,-1.4146125109891241,6,nr,2.115e-14
6.4625000000000004,-1.3401355448177481,6,nr,1.893e-12
6.4750000000000005,-1.269598691983713,6,nr,3.097e-14
6.4875000000000007,-1.2027329334417112,6,nr,4.170e-13
6.5000000000000009,-1.1392918688980915,6,nr,1.179e-13
6.5125000000000002,-1.0790494708170328,6,nr,2.216e-13
6.5250000000000004,-1.0217980943401657,6,nr,3.417e-16
6.5375000000000005,-0.96734671032944031,6,nr,5.498e-17
6.5500000000000007,-0.91551933344645153,6,nr,1.254e-16
6.5625000000000009,-0.8661536210139209,6,nr,2.360e-16
6.5750000000000002,-0.81909962179834039,6,nr,4.356e-13
6.5875000000000004,-0.77421865666440726,6,nr,4.023e-13
6.6000000000000005,-0.73138231543262833,6,nr,1.407e-16
6.6125000000000007,-0.69047155638276636,6,nr,1.004e-16
6.6250000000000009,-0.65137589657028361,6,nr,3.666e-17
6.6375000000000002,-0.61399268262023698,6,nr,1.053e-12
6.6500000000000004,-0.57822643302015608,6,nr,2.446e-12
6.6625000000000005,-0.54398824398485213,6,nr,1.393e-12
6.6750000000000007,-0.51119525195611393,6,nr,7.368e-17
6.6875000000000009,-0.47977014670626661,6,nr,1.342e-13
6.7000000000000002,-0.44964072963455259,6,nr,3.537e-13
6.7125000000000004,-0.42073951251374292,6,nr,1.164e-16
6.7250000000000005,-0.39300335252126967,6,nr,5.917e-12
6.7375000000000007,-0.36637311995129618,6,nr,1.735e-16
6.7500000000000009,-0.34079339500326072,6,nr,6.546e-17
6.7625000000000002,-0.31621219125032152,6,nr,1.043e-16
6.7750000000000004,-0.29258070266458991,6,nr,1.056e-11
6.7875000000000005,-0.26985307234414063,6,nr,1.551e-13
6.8000000000000007,-0.24798618029898301,6,nr,1.247e-11
6.8125000000000009,-0.22693944939676963,6,nr,9.101e-16
6.8250000000000002,-0.20667466656213135,6,nr,2.016e-16
6.8375000000000004,-0.18715581904209197,6,nr,1.239e-16
6.8500000000000005,-0.16834894344995785,6,nr,1.324e-11
6.8625000000000007,-0.15022198676779808,6,nr,2.154e-16
6.8750000000000009,-0.13274467854186603,6,nr,5.772e-12
6.8875000000000002,-0.11588841249918756,6,nr,5.612e-17
6.9000000000000004,-0.099626137671551082,6,nr,2.584e-12
6.9125000000000005,-0.083932257470713409,6,nr,1.701e-11
6.9250000000000007,-0.068782536580820425,6,nr,1.420e-11
6.9375000000000009,-0.054154014295977743,6,nr,1.480e-11
6.9500000000000002,-0.040024925028225564,6,nr,3.003e-12
6.9625000000000004,-0.026374623594068565,6,nr,1.858e-16
6.9750000000000005,-0.013183516702705006,6,nr,6.750e-16
7.0000000000000009,0.011894607167219434,6,nr,9.170e-16
7.0125000000000002,0.023816105446039654,6,nr,3.377e-16
7.0250000000000004,0.035347478609084701,6,nr,6.483e-12
7.0375000000000005,0.046503935688136204,6,nr,9.406e-16
7.0500000000000007,0.057299956937939711,6,nr,8.180e-16
7.0625000000000009,0.067749335504434946,6,nr,1.406e-15
7.0750000000000002,0.077865216424364378,6,nr,1.255e-15
7.0875000000000004,0.087660133022603226,6,nr,1.576e-15
7.1000000000000005,0.097146040945425116,6,nr,2.265e-15
7.1125000000000007,0.106334349998052,6,nr,9.767e-16
7.1250000000000009,0.11523595395263897,6,nr,6.810e-12
7.1375000000000002,0.12386125843516939,6,nr,3.335e-16
7.1500000000000004,0.13222020714424965,6,nr,3.794e-15
7.1625000000000005,0.1403223063430305,6,nr,1.616e-11
7.1750000000000007,0.14817664784952275,6,nr,2.185e-15
7.1875000000000009,0.15579193076949263,6,nr,7.767e-16
7.2000000000000002,0.16317648168232876,6,nr,2.634e-15
7.2125000000000004,0.17033827380753794,6,nr,2.525e-11
7.2250000000000005,0.17728494486001389,6,nr,7.578e-15
7.2375000000000007,0.18402381411388999,6,nr,5.658e-16
7.2500000000000009,0.19056189813730984,6,nr,4.367e-16
7.2625000000000002,0.19690592586035996,6,nr,9.132e-15
7.2750000000000004,0.20306235267896028,6,nr,6.674e-15
7.2875000000000005,0.20903737377030568,6,nr,1.077e-15
7.3000000000000007,0.21483693665525652,6,nr,1.635e-16
7.3125000000000009,0.22046675305457017,6,nr,2.238e-12
7.3250000000000002,0.22593231009272197,6,nr,4.401e-15
7.3375000000000004,0.2312388808653093,6,nr,9.110e-15
7.3500000000000005,0.23639153445161309,6,nr,1.258e-14
7.3625000000000007,0.24139514536563453,6,nr,1.383e-14
7.3750000000000009,0.24625440250483363,6,nr,1.279e-14
7.3875000000000002,0.25097381761927851,6,nr,8.136e-15
7.4000000000000004,0.25555773333149823,6,nr,2.521e-15
7.4125000000000005,0.26001033073425567,6,nr,9.827e-14
7.4250000000000007,0.26433563659120257,6,nr,6.009e-16
7.4375000000000009,0.26853753016495069,6,nr,1.153e-14
7.4500000000000002,0.27261974969303709,6,nr,4.942e-14
7.4625000000000004,0.27658589853385274,6,nr,3.874e-14
7.4750000000000005,0.28043945100120232,6,nr,2.123e-15
7.4875000000000007,0.28418375790491018,6,nr,2.417e-15
7.5000000000000009,0.28782205181541803,6,nr,5.850e-14
7.5125000000000002,0.29135745206703412,6,nr,4.291e-14
7.5250000000000004,0.29479296951556649,6,nr,2.468e-16
7.5375000000000005,0.29813151106295943,6,nr,5.098e-14
7.5500000000000007,0.30137588396306508,6,nr,5.695e-14
7.5625000000000009,0.30452879992017839,6,nr,3.546e-16
7.5750000000000002,0.30759287899119314,6,nr,1.242e-13
7.5875000000000004,0.31057065330297606,6,nr,9.806e-15
7.6000000000000005,0.3134645705948228,6,nr,4.434e-14
7.6125000000000007,0.31627699759433214,6,nr,7.512e-14
7.6250000000000009,0.31901022323741929,6,nr,1.216e-14
7.6375000000000002,0.32166646173877389,6,nr,1.406e-13
7.6500000000000004,0.32424785552264962,6,nr,4.977e-15
7.6625000000000005,0.32675647801908075,6,nr,1.769e-13
7.6750000000000007,0.32919433633507389,6,nr,7.538e-15
7.6875000000000009,0.33156337380436618,6,nr,1.704e-13
7.7000000000000002,0.33386547242508657,6,nr,2.996e-14
7.7125000000000004,0.33610245518783066,6,nr,9.961e-14
7.7250000000000005,0.33827608830288375,6,nr,1.315e-13
7.7375000000000007,0.34038808332859222,6,nr,8.229e-15
7.7500000000000009,0.34244009920867863,6,nr,3.842e-13
7.7625000000000002,0.34443374422108469,6,nr,3.794e-15
7.7750000000000004,0.34637057784252917,6,nr,2.146e-13
7.7875000000000005,0.34825211253572308,6,nr,1.887e-13
7.8000000000000007,0.35007981546783407,6,nr,3.930e-11
7.8125000000000009,0.35185511010375653,6,nr,4.203e-13
7.8250000000000002,0.35357937786871191,6,nr,1.201e-13
7.8375000000000004,0.35525395955989181,6,nr,3.530e-15
7.8500000000000005,0.35688015683692165,6,nr,5.042e-13
7.8625000000000007,0.35845923359641324,6,nr,1.832e-13
7.8750000000000009,0.35999241729622505,6,nr,1.117e-11
7.8875000000000002,0.36148090024273166,6,nr,4.077e-13
7.9000000000000004,0.36292584078956264,6,nr,4.914e-13
7.9125000000000005,0.36432836453433387,6,nr,1.303e-14
7.9250000000000007,0.36568956543610276,6,nr,8.458e-14
7.9375000000000009,0.36701050689935921,6,nr,7.646e-13
7.9500000000000002,0.36829222281592888,6,nr,3.477e-13
7.9625000000000004,0.36953571856343637,6,nr,4.674e-15
7.9750000000000005,0.37074197196890174,6,nr,1.191e-13
7.9875000000000007,0.37191193423192376,6,nr,8.465e-13
8,0.37304653081514533,6,nr,5.894e-13
8.0124999999999993,0.37414666229794047,6,nr,4.419e-14
8.0250000000000004,0.37521320520224544,6,nr,4.633e-15
8.0374999999999996,0.37624701278327954,6,nr,4.685e-13
8.0499999999999989,0.37724891579341063,6,nr,1.166e-12
8.0625,0.37821972321722203,6,nr,5.372e-13
8.0749999999999993,0.37916022297775059,6,nr,4.741e-14
8.0875000000000004,0.38007118263392153,6,nr,7.944e-11
8.0999999999999996,0.38095334997133851,6,nr,2.916e-13
8.1124999999999989,0.38180745376606906,6,nr,1.044e-12
8.125,0.38263420426663031,6,nr,1.215e-12
8.1374999999999993,0.38343429384592892,6,nr,4.245e-13
8.1500000000000004,0.38420839755978342,6,nr,4.492e-14
8.1624999999999996,0.3849571736934066,6,nr,7.094e-17
8.1749999999999989,0.38568126429135485,6,nr,1.380e-13
8.1875,0.38638129566872781,6,nr,7.146e-13
8.1999999999999993,0.38705787890484178,6,nr,1.337e-12
8.2125000000000004,0.38771161032027335,6,nr,1.222e-12
8.2249999999999996,0.38834307193568118,6,nr,5.397e-13
8.2374999999999989,0.388952831919747,6,nr,1.275e-13
8.25,0.38954144501751831,6,nr,5.985e-15
8.2624999999999993,0.39010945295173205,6,nr,1.115e-10
8.2750000000000004,0.39065738490108831,6,nr,1.240e-13
8.2874999999999996,0.39118575773770531,6,nr,5.069e-13
8.2999999999999989,0.39169507655558078,6,nr,9.945e-13
8.3125,0.39218583495921183,6,nr,1.356e-12
8.3249999999999993,0.39265851543203656,6,nr,1.198e-12
8.3375000000000004,0.39311358967678017,6,nr,7.167e-13
8.3499999999999996,0.39355151894886298,6,nr,3.345e-13
8.3624999999999989,0.39397275437565377,6,nr,1.084e-13
8.375,0.39437773726782516,6,nr,1.760e-14
8.3874999999999993,0.39476689942085225,6,nr,1.409e-15
8.4000000000000004,0.39514066340741255,6,nr,1.179e-15
8.4124999999999996,0.39549944286104288,6,nr,4.132e-14
8.4249999999999989,0.39584364275140621,6,nr,1.563e-13
8.4375,0.39617365965150336,6,nr,3.313e-13
8.4499999999999993,0.39648988199713503,6,nr,5.163e-13
8.4625000000000004,0.39679269033893266,6,nr,6.758e-13
8.4749999999999996,0.39708245758725275,6,nr,7.832e-13
8.4874999999999989,0.39735954925022027,6,nr,8.244e-13
8.5,0.39762432366535277,6,nr,6.546e-13
8.5124999999999993,0.39787713222402232,6,nr,4.897e-13
8.5250000000000004,0.39811831959160038,6,nr,3.435e-13
8.5374999999999996,0.39834822391998376,6,nr,2.277e-13
8.5499999999999989,0.39856717705545447,6,nr,1.417e-13
8.5625,0.39877550474099488,6,nr,8.093e-14
8.5749999999999993,0.39897352681346365,6,nr,4.111e-14
8.5875000000000004,0.39916155739584286,6,nr,1.975e-14
8.5999999999999996,0.39933990508475764,6,nr,6.216e-15
8.6124999999999989,0.39950887313347294,6,nr,2.360e-15
8.625,0.39966875963054754,6,nr,7.611e-16
8.6374999999999993,0.39981985767433886,6,nr,7.636e-16
8.6500000000000004,0.39996245553426546,6,nr,9.009e-11
8.6624999999999996,0.40009683687320258,6,nr,9.151e-11
8.6749999999999989,0.40022328076359776,6,nr,7.466e-11
8.6875,0.4003420620711351,6,nr,6.442e-16
8.6999999999999993,0.40045345139539434,6,nr,7.753e-16
8.7125000000000004,0.40055771535481322,6,nr,1.296e-16
8.7249999999999996,0.40065511668954235,6,nr,9.095e-16
8.7374999999999989,0.40074591441626572,6,nr,6.947e-16
8.75,0.40083036397270427,6,nr,2.176e-15
8.7624999999999993,0.40090871736809869,6,nr,8.776e-11
8.7750000000000004,0.40098122327974667,6,nr,1.575e-15
8.7874999999999996,0.40104812727589145,6,nr,4.384e-17
8.7999999999999989,0.40110967186480606,6,nr,1.757e-16
8.8125,0.40116609667047309,6,nr,1.849e-15
8.8249999999999993,0.40121763855481307,6,nr,5.294e-16
8.8375000000000004,0.40126453174662891,6,nr,1.503e-15
8.8499999999999996,0.40130700796880298,6,nr,1.948e-15
8.8624999999999989,0.4013452965638537,6,nr,2.351e-15
8.875,0.40137962461795895,6,nr,3.776e-15
8.8874999999999993,0.40141021708355074,6,nr,1.153e-14
8.9000000000000004,0.40143729690058488,6,nr,1.803e-14
8.9124999999999996,0.40146108511657885,6,nr,2.544e-14
8.9249999999999989,0.40148180100552111,6,nr,3.709e-14
8.9375,0.4014996621857434,6,nr,5.035e-14
8.9499999999999993,0.40151488473684643,6,nr,6.873e-14
8.9625000000000004,0.40152768331577154,6,nr,9.271e-14
8.9749999999999996,0.4015382712721039,6,nr,1.180e-13
8.9874999999999989,0.40154686076269208,6,nr,1.476e-13
9,0.40155366286566641,6,nr,1.878e-13
9.0124999999999993,0.4015588876939386,6,nr,2.295e-13
9.0250000000000004,0.40156274450825508,6,nr,2.773e-13
9.0374999999999996,0.40156544182988502,6,nr,3.300e-13
9.0499999999999989,0.40156718755301024,6,nr,3.896e-13
9.0625,0.40156818905688962,6,nr,4.548e-13
9.0749999999999993,0.40156865331786379,6,nr,5.236e-13
9.0875000000000004,0.40156878702126075,6,nr,6.036e-13
9.0999999999999996,0.40156879667326889,6,nr,6.876e-13
9.1124999999999989,0.40156888871282564,6,nr,7.793e-13
9.125,0.40156926962358186,6,nr,8.786e-13
9.1374999999999993,0.40157014604598423,6,nr,9.851e-13
9.1500000000000004,0.40157172488952692,6,nr,1.100e-12
9.1624999999999996,0.40157421344520328,6,nr,1.223e-12
9.1749999999999989,0.40157781949820048,6,nr,1.356e-12
9.1875,0.40158275144085853,6,nr,1.502e-12
9.1999999999999993,0.40158921838592215,6,nr,1.662e-12
9.2125000000000004,0.40159743028009542,6,nr,1.836e-12
9.2249999999999996,0.40160759801791335,6,nr,2.027e-12
9.2374999999999989,0.40161993355592696,6,nr,2.240e-12
9.25,0.40163465002719556,6,nr,2.472e-12
9.2624999999999993,0.40165196185606944,6,nr,2.731e-12
9.2750000000000004,0.40167208487323308,6,nr,3.017e-12
9.2874999999999996,0.40169523643097182,6,nr,3.341e-12
9.2999999999999989,0.40172163551861095,6,nr,3.704e-12
9.3125,0.40175150287806027,6,nr,4.110e-12
9.3249999999999993,0.40178506111938683,6,nr,4.567e-12
9.3375000000000004,0.4018225348363208,6,nr,5.083e-12
9.3499999999999996,0.4018641507215811,6,nr,5.663e-12
9.3624999999999989,0.40191013768188916,6,nr,6.312e-12
9.375,0.40196072695252005,6,nr,7.041e-12
9.3874999999999993,0.40201615221121578,6,nr,7.855e-12
9.4000000000000004,0.4020766496912625,6,nr,8.761e-12
9.4124999999999996,0.40214245829350714,6,nr,9.761e-12
9.4249999999999989,0.40221381969705933,6,nr,1.086e-11
9.4375,0.40229097846839518,6,nr,1.205e-11
9.4499999999999993,0.40237418216854381,6,nr,1.332e-11
9.4625000000000004,0.40246368145800454,6,nr,1.467e-11
9.4749999999999996,0.40255973020223157,6,nr,1.623e-11
9.4874999999999989,0.40266258555802892,6,nr,1.625e-11
9.5,0.40277250808799714,6,nr,1.604e-11
9.5124999999999993,0.40288976183961095,6,nr,1.555e-11
9.5250000000000004,0.40301461443505121,6,nr,1.477e-11
9.5374999999999996,0.40314733715266127,6,nr,1.369e-11
9.5499999999999989,0.40328820500238205,6,nr,1.231e-11
9.5625,0.40343749679440433,6,nr,1.066e-11
9.5749999999999993,0.40359549520021049,6,nr,8.812e-12
9.5875000000000004,0.40376248680510501,6,nr,6.852e-12
9.5999999999999996,0.40393876215125663,6,nr,4.907e-12
9.6125000000000007,0.40412461577019365,6,nr,3.122e-12
9.625,0.40432034620361174,6,nr,1.651e-12
9.6374999999999993,0.40452625601125819,6,nr,6.318e-13
9.6500000000000004,0.40474265176456786,6,nr,1.132e-13
9.6624999999999996,0.4049698440169025,6,nr,6.928e-11
9.6750000000000007,0.40520814730295557,6,nr,4.550e-15
9.6875,0.40545788000348892,6,nr,6.762e-14
9.6999999999999993,0.40571936434398143,6,nr,3.530e-13
9.7125000000000004,0.40599292625499539,6,nr,1.079e-12
9.7249999999999996,0.40627889525455563,6,nr,2.454e-12
9.7375000000000007,0.40657760429638329,6,nr,4.594e-12
9.75,0.4068893895895323,6,nr,7.442e-12
9.7624999999999993,0.40721459038714158,6,nr,1.071e-11
9.7750000000000004,0.40755354874525657,6,nr,1.368e-11
9.7874999999999996,0.40790660922928756,6,nr,1.198e-11
9.8000000000000007,0.40827411861475449,6,nr,9.079e-12
9.8125,0.40865642551532094,6,nr,5.630e-12
9.8249999999999993,0.40905387998242315,6,nr,2.521e-12
9.8375000000000004,0.40946683305544856,6,nr,5.655e-13
9.8499999999999996,0.40989563626259995,6,nr,5.749e-15
9.8625000000000007,0.41034064106966034,6,nr,1.369e-14
9.875,0.41080219827408793,6,nr,2.909e-13
9.8874999999999993,0.41128065734138414,6,nr,1.369e-12
9.9000000000000004,0.41177636568117687,6,nr,3.509e-12
9.9124999999999996,0.41228966786058863,6,nr,6.288e-12
9.9250000000000007,0.41282090475458205,6,nr,6.759e-12
9.9375,0.41337041261822494,6,nr,4.416e-12
9.9499999999999993,0.41393852211164234,6,nr,1.778e-12
9.9625000000000004,0.41452555723345658,6,nr,2.188e-13
9.9749999999999996,0.41513183419272831,6,nr,1.140e-15
9.9875000000000007,0.415757660207213,6,nr,1.193e-13
10,0.41640333223013826,6,nr,9.131e-13
6.8250000000000002,14.998043791073028,7,nr,2.275e-14
6.8375000000000004,14.947424660437687,7,nr,2.252e-14
6.8500000000000005,14.897030082220072,7,nr,2.003e-14
6.8625000000000007,14.846860638530449,7,nr,1.481e-14
6.8750000000000009,14.796916821078014,7,nr,2.114e-14
6.8875000000000002,14.747199036771217,7,nr,6.827e-15
6.9000000000000004,14.697707612977384,7,nr,2.001e-14
6.9125000000000005,14.648442802465189,7,nr,2.169e-15
6.9250000000000007,14.5994047880518,7,nr,2.232e-15
6.9375000000000009,14.550593686974612,7,nr,5.103e-16
6.9500000000000002,14.502009555006385,7,nr,2.119e-14
6.9625000000000004,14.453652390330982,7,nr,6.036e-15
6.9750000000000005,14.405522137195639,7,nr,7.001e-15
6.9875000000000007,14.357618689354791,7,nr,2.127e-14
7.0000000000000009,14.309941893339044,7,nr,6.212e-11
7.0125000000000002,14.262491551421752,7,nr,2.484e-14
7.0250000000000004,14.215267424738883,7,nr,6.959e-11
7.0375000000000005,14.168269235715762,7,nr,1.869e-14
7.0500000000000007,14.121496670976937,7,nr,1.190e-14
7.0625000000000009,14.074949383537417,7,nr,6.037e-11
7.0750000000000002,14.028626995325055,7,nr,7.583e-15
7.0875000000000004,13.982529099171446,7,nr,1.037e-14
7.1000000000000005,13.936655261080897,7,nr,2.872e-15
7.1125000000000007,13.891005022114991,7,nr,6.092e-15
7.1250000000000009,13.845577900288115,7,nr,8.569e-15
7.1375000000000002,13.800373392336491,7,nr,4.990e-11
7.1500000000000004,13.755390975473899,7,nr,4.282e-11
7.1625000000000005,13.710630108922173,7,nr,6.006e-15
7.1750000000000007,13.666090235469454,7,nr,4.697e-15
7.1875000000000009,13.621770782985742,7,nr,9.975e-15
7.2000000000000002,13.577671165773118,7,nr,2.231e-14
7.2125000000000004,13.533790785912357,7,nr,1.465e-14
7.2250000000000005,13.490129034541987,7,nr,1.335e-11
7.2375000000000007,13.446685293060115,7,nr,1.197e-14
7.2500000000000009,13.403458934329924,7,nr,1.682e-15
7.2625000000000002,13.360449323747313,7,nr,6.018e-11
7.2750000000000004,13.317655820416515,7,nr,7.908e-15
7.2875000000000005,13.275077778018744,7,nr,3.804e-12
7.3000000000000007,13.232714545965107,7,nr,1.412e-16
7.3125000000000009,13.190565470272867,7,nr,4.403e-11
7.3250000000000002,13.148629894555519,7,nr,7.885e-15
7.3375000000000004,13.106907160805889,7,nr,4.252e-16
7.3500000000000005,13.065396610392444,7,nr,5.566e-11
7.3625000000000007,13.024097584767878,7,nr,1.605e-15
7.3750000000000009,12.983009426442102,7,nr,4.043e-15
7.3875000000000002,12.942131479630138,7,nr,9.996e-15
7.4000000000000004,12.901463091098497,7,nr,7.640e-15
7.4125000000000005,12.861003610882513,7,nr,9.159e-11
7.4250000000000007,12.82075239315283,7,nr,3.607e-11
7.4375000000000009,12.780708796660212,7,nr,9.257e-12
7.4500000000000002,12.740872185761978,7,nr,1.035e-11
7.4625000000000004,12.701241930948472,7,nr,4.006e-12
7.4750000000000005,12.661817409535479,7,nr,9.548e-11
7.4875000000000007,12.622598006489412,7,nr,1.501e-15
7.5000000000000009,12.583583114863044,7,nr,2.616e-11
7.5125000000000002,12.544772136675361,7,nr,8.334e-12
7.5250000000000004,12.506164483539008,7,nr,5.679e-15
7.5375000000000005,12.467759577266481,7,nr,6.951e-15
7.5500000000000007,12.429556850578953,7,nr,6.164e-11
7.5625000000000009,12.391555747839268,7,nr,3.397e-15
7.5750000000000002,12.353755725571991,7,nr,8.255e-15
7.5875000000000004,12.316156253300411,7,nr,5.251e-15
7.6000000000000005,12.278756814154272,7,nr,2.058e-15
7.6125000000000007,12.241556905579788,7,nr,3.348e-15
7.6250000000000009,12.204556040061892,7,nr,7.164e-11
7.6375000000000002,12.167753745747328,7,nr,3.504e-15
7.6500000000000004,12.131149567356509,7,nr,6.993e-15
7.6625000000000005,12.094743066727952,7,nr,5.457e-11
7.6750000000000007,12.058533823739527,7,nr,8.966e-15
7.6875000000000009,12.022521436925709,7,nr,2.528e-15
7.7000000000000002,11.986705524415411,7,nr,9.751e-15
7.7125000000000004,11.95108572467986,7,nr,6.907e-15
7.7250000000000005,11.915661697388884,7,nr,2.755e-15
7.7375000000000007,11.880433124278881,7,nr,9.887e-15
7.7500000000000009,11.845399710048625,7,nr,8.596e-15
7.7625000000000002,11.810561183285161,7,nr,9.059e-15
7.7750000000000004,11.775917297422042,7,nr,5.602e-15
7.7875000000000005,11.74146783173232,7,nr,5.473e-15
7.8000000000000007,11.70721259235877,7,nr,1.566e-14
7.8125000000000009,11.673151413383968,7,nr,1.829e-14
7.8250000000000002,11.639284157942937,7,nr,3.964e-15
7.8375000000000004,11.605610719381323,7,nr,7.362e-15
7.8500000000000005,11.572131022462017,7,nr,1.578e-14
7.8625000000000007,11.538845024623461,7,nr,4.019e-15
7.8750000000000009,11.505752717292932,7,nr,3.053e-15
7.8875000000000002,11.472854127258458,7,nr,3.280e-14
7.9000000000000004,11.440149318102842,7,nr,2.190e-15
7.9125000000000005,11.40763839170403,7,nr,3.486e-14
7.9250000000000007,11.375321489805552,7,nr,4.129e-15
7.9375000000000009,11.343198795661884,7,nr,2.947e-14
7.9500000000000002,11.311270535762787,7,nr,9.294e-15
7.9625000000000004,11.279536981642091,7,nr,6.855e-15
7.9750000000000005,11.247998451775455,7,nr,2.883e-14
7.9875000000000007,11.216655313573044,7,nr,1.139e-14
8,11.185507985472672,7,nr,6.735e-15
8.0124999999999993,11.15455693913929,7,nr,6.445e-16
8.0250000000000004,11.123802701777675,7,nr,1.478e-14
8.0374999999999996,11.093245858564714,7,nr,2.604e-14
8.0499999999999989,11.062887055208678,7,nr,4.171e-14
8.0625,11.032727000642986,7,nr,5.186e-14
8.0749999999999993,11.002766469862502,7,nr,5.437e-14
8.0875000000000004,10.973006306910767,7,nr,4.417e-14
8.0999999999999996,10.943447428027167,7,nr,2.382e-14
8.1124999999999989,10.914090824963314,7,nr,1.097e-14
8.125,10.884937568476783,7,nr,5.443e-12
8.1374999999999993,10.855988812025839,7,nr,7.203e-15
8.1500000000000004,10.827245795636175,7,nr,3.747e-14
8.1624999999999996,10.798709850017874,7,nr,1.254e-14
8.1749999999999989,10.770382400877679,7,nr,2.253e-15
8.1875,10.742264973479768,7,nr,3.752e-14
8.1999999999999993,10.714359197454268,7,nr,1.506e-15
8.2125000000000004,10.686666811869241,7,nr,1.457e-14
8.2249999999999996,10.659189670580828,7,nr,4.871e-15
8.2374999999999989,10.631929747875486,7,nr,1.956e-14
8.25,10.604889144414981,7,nr,1.287e-11
8.2624999999999993,10.578070093535811,7,nr,3.238e-14
8.2750000000000004,10.551474967809028,7,nr,1.842e-15
8.2874999999999996,10.525106286060247,7,nr,3.315e-15
8.2999999999999989,10.498966720681732,7,nr,9.844e-15
8.3125,10.473059105363347,7,nr,2.508e-14
8.3249999999999993,10.44738644322082,7,nr,3.470e-14
8.3375000000000004,10.421951915341898,7,nr,1.104e-14
8.3499999999999996,10.396758889763941,7,nr,1.037e-14
8.3624999999999989,10.371810930896354,7,nr,7.460e-15
8.375,10.34711180939818,7,nr,1.383e-14
8.3874999999999993,10.322665512519619,7,nr,3.174e-14
8.4000000000000004,10.298476254912451,7,nr,1.673e-14
8.4124999999999996,10.27454848991121,7,nr,2.224e-15
8.4249999999999989,10.250886921280701,7,nr,2.929e-16
8.4375,10.227496515420386,7,nr,1.729e-14
8.4499999999999993,10.204382514007735,7,nr,1.642e-15
8.4625000000000004,10.181550447053619,7,nr,2.820e-16
8.4749999999999996,10.159006146330986,7,nr,5.496e-15
8.4874999999999989,10.136755759124682,7,nr,6.110e-15
8.5,10.114805762224886,7,nr,1.366e-11
8.5124999999999993,10.093162976134998,7,nr,9.685e-15
8.5250000000000004,10.071834579201964,7,nr,3.359e-15
8.5374999999999996,10.05082812182763,7,nr,2.143e-15
8.5499999999999989,10.030151540287557,7,nr,1.728e-15
8.5625,10.00981317011777,7,nr,8.655e-12
8.5749999999999993,9.9898217587881089,7,nr,7.264e-12
8.5875000000000004,9.9701864772652851,7,nr,9.182e-16
8.5999999999999996,9.9509169301947029,7,nr,2.472e-15
8.6124999999999989,9.9320231642236685,7,nr,2.849e-15
8.625,9.9135156738781092,7,nr,4.090e-15
8.6374999999999993,9.8954054044354329,7,nr,8.627e-16
8.6500000000000004,9.8777037510279975,7,nr,2.660e-15
8.6624999999999996,9.8604225531257086,7,nr,2.394e-15
8.6749999999999989,9.8435740834045831,7,nr,9.860e-16
8.6875,9.8271710298564567,7,nr,5.388e-17
8.6999999999999993,9.8112264698299967,7,nr,1.060e-15
8.7125000000000004,9.7957538345148336,7,nr,1.250e-15
8.7249999999999996,9.7807668621930404,7,nr,1.178e-15
8.7374999999999989,9.7662795383887122,7,nr,1.863e-15
8.75,9.7523060208544177,7,nr,6.435e-16
8.7624999999999993,9.7388605471596819,7,nr,6.387e-12
8.7750000000000004,9.725957322429073,7,nr,1.483e-15
8.7874999999999996,9.7136103848771569,7,nr,5.043e-12
8.7999999999999989,9.7018334462646081,7,nr,2.819e-15
8.8125,9.6906397051379383,7,nr,9.085e-17
8.8249999999999993,9.680041630114804,7,nr,7.201e-12
8.8375000000000004,9.6700507113881322,7,nr,9.563e-12
8.8499999999999996,9.6606771789125396,7,nr,3.022e-16
8.8624999999999989,9.651929686536457,7,nr,2.506e-15
8.875,9.6438149623087366,7,nr,7.196e-12
8.8874999999999993,9.636337427126664,7,nr,1.481e-15
8.9000000000000004,9.6294987849124638,7,nr,1.016e-12
8.9124999999999996,9.6232975906627622,7,nr,4.406e-12
8.9249999999999989,9.6177288044208726,7,nr,3.465e-12
8.9375,9.6127833426940228,7,nr,1.904e-12
8.9499999999999993,9.6084476417665936,7,nr,5.145e-13
8.9625000000000004,9.6047032503543672,7,nr,1.408e-14
8.9749999999999996,9.6015264719716509,7,nr,4.856e-16
8.9874999999999989,9.5988880795751488,7,nr,7.550e-13
9,9.596753126310853,7,nr,2.195e-16
9.0124999999999993,9.5950808761277351,7,nr,2.578e-12
9.0250000000000004,9.5938248760376919,7,nr,1.127e-12
9.0374999999999996,9.5929331881751665,7,nr,1.986e-12
9.0499999999999989,9.5923487934584699,7,nr,1.334e-16
9.0625,9.5920101710501111,7,nr,9.297e-17
9.0749999999999993,9.5918520478171025,7,nr,1.464e-15
9.0875000000000004,9.5918063017649953,7,nr,9.765e-16
9.0999999999999996,9.5918029926465458,7,nr,5.811e-12
9.1124999999999989,9.5917714836631198,7,nr,3.485e-13
9.125,9.591641610412756,7,nr,3.153e-13
9.1374999999999993,9.5913448496287348,7,nr,5.474e-13
9.1500000000000004,9.5908154385569446,7,nr,4.027e-13
9.1624999999999996,9.5899913996015993,7,nr,6.021e-15
9.1749999999999989,9.5888154309199631,7,nr,9.055e-18
9.1875,9.5872356329560819,7,nr,2.408e-12
9.1999999999999993,9.5852060518144455,7,nr,6.752e-14
9.2125000000000004,9.582687031727021,7,nr,5.781e-16
9.2249999999999996,9.5796453800473245,7,nr,1.887e-16
9.2374999999999989,9.5760543573313974,7,nr,1.069e-12
9.25,9.5718935127028626,7,nr,1.699e-12
9.2624999999999993,9.5671483894884926,7,nr,1.098e-12
9.2750000000000004,9.5618101287276431,7,nr,1.286e-14
9.2874999999999996,9.5558749985054927,7,nr,5.067e-13
9.2999999999999989,9.5493438756598152,7,nr,1.645e-15
9.3125,9.5422217037427153,7,nr,5.778e-12
9.3249999999999993,9.5345169475507348,7,nr,1.020e-15
9.3375000000000004,9.5262410609719304,7,nr,7.147e-12
9.3499999999999996,9.51740798043644,7,nr,1.724e-11
9.3624999999999989,9.5080336533760406,7,nr,5.815e-16
9.375,9.4981356074737757,7,nr,9.103e-17
9.3874999999999993,9.4877325633997405,7,nr,7.874e-16
9.4000000000000004,9.4768440925707633,7,nr,2.324e-12
9.4124999999999996,9.4654903187731598,7,nr,6.916e-12
9.4249999999999989,9.4536916617103071,7,nr,1.465e-16
9.4375,9.441468619906022,7,nr,1.043e-15
9.4499999999999993,9.4288415892657369,7,nr,0.000e+00
9.4625000000000004,9.4158307140512054,7,nr,1.578e-11
9.4749999999999996,9.4024557665678756,7,nr,1.570e-15
9.4874999999999989,9.3887360517536926,7,nr,5.324e-16
9.5,9.3746903338632741,7,nr,2.599e-15
9.5124999999999993,9.3603367815947163,7,nr,1.248e-11
9.5250000000000004,9.3456929290800037,7,nr,7.922e-12
9.5374999999999996,9.3307756503665349,7,nr,1.707e-15
9.5499999999999989,9.3156011446289924,7,nr,1.171e-11
9.5625,9.3001849308292357,7,nr,6.615e-12
9.5749999999999993,9.2845418494276775,7,nr,2.269e-15
9.5875000000000004,9.268686070324895,7,nr,1.819e-16
9.5999999999999996,9.2526311052272892,7,nr,6.590e-15
9.6125000000000007,9.2363898237555428,7,nr,6.503e-15
9.625,9.2199744722263883,7,nr,1.749e-11
9.6374999999999993,9.2033966944906336,7,nr,5.797e-15
9.6500000000000004,9.1866675539722191,7,nr,1.444e-14
9.6624999999999996,9.1697975568018038,7,nr,2.254e-15
9.6750000000000007,9.152796675238946,7,nr,1.687e-14
9.6875,9.1356743712913673,7,nr,1.704e-15
9.6999999999999993,9.1184396201889868,7,nr,3.592e-15
9.7125000000000004,9.1011009335173227,7,nr,5.810e-15
9.7249999999999996,9.0836663818508736,7,nr,7.660e-15
9.7375000000000007,9.0661436167651477,7,nr,9.914e-15
9.75,9.0485398921391056,7,nr,7.494e-15
9.7624999999999993,9.0308620846849124,7,nr,5.378e-15
9.7750000000000004,9.013116713664628,7,nr,2.670e-14
9.7874999999999996,8.995309959759112,7,nr,2.305e-11
9.8000000000000007,8.9774476831524268,7,nr,5.353e-14
9.8125,8.9595354406150705,7,nr,3.090e-15
9.8249999999999993,8.9415785019583147,7,nr,3.312e-14
9.8375000000000004,8.9235818655144339,7,nr,1.272e-14
9.8499999999999996,8.9055502728808609,7,nr,2.795e-15
9.8625000000000007,8.8874882228821708,7,nr,7.692e-14
9.875,8.8693999847876377,7,nr,4.894e-15
9.8874999999999993,8.8512896108139891,7,nr,3.387e-14
9.9000000000000004,8.8331609479451423,7,nr,4.020e-14
9.9124999999999996,8.8150176490990848,7,nr,5.754e-13
9.9250000000000007,8.7968631836731568,7,nr,7.622e-14
9.9375,8.7787008475021757,7,nr,1.911e-14
9.9499999999999993,8.7605337722528152,7,nr,1.012e-14
9.9625000000000004,8.7423649342918832,7,nr,1.182e-13
9.9749999999999996,8.7241971630520112,7,nr,4.227e-15
9.9875000000000007,8.7060331489239893,7,nr,3.429e-14
10,8.6878754507032099,7,nr,8.125e-14
7.7000000000000002,14.983045952291723,8,nr,6.233e-15
7.7125000000000004,14.937720775652975,8,nr,1.155e-14
7.7250000000000005,14.892638859178929,8,nr,1.575e-14
7.7375000000000007,14.847799604057437,8,nr,1.274e-14
7.7500000000000009,14.803202438085812,8,nr,4.543e-15
7.7625000000000002,14.758846816653762,8,nr,6.165e-15
7.7750000000000004,14.714732223740191,8,nr,8.953e-11
7.7875000000000005,14.670858173094896,8,nr,7.638e-15
7.8000000000000007,14.627224209103487,8,nr,1.991e-14
7.8125000000000009,14.58382990817965,8,nr,2.526e-15
7.8250000000000002,14.540674879847009,8,nr,1.060e-14
7.8375000000000004,14.497758768018731,8,nr,3.598e-14
7.8500000000000005,14.455081252310135,8,nr,2.229e-15
7.8625000000000007,14.412642049412526,8,nr,3.112e-14
7.8750000000000009,14.370440914531875,8,nr,1.262e-15
7.8875000000000002,14.328477642897205,8,nr,1.806e-14
7.9000000000000004,14.286752071342789,8,nr,8.332e-16
7.9125000000000005,14.245264079969441,8,nr,2.383e-15
7.9250000000000007,14.204013593889773,8,nr,1.794e-14
7.9375000000000009,14.163000585063081,8,nr,3.599e-14
7.9500000000000002,14.122225074225682,8,nr,4.190e-14
7.9625000000000004,14.081687132922985,8,nr,1.936e-14
7.9750000000000005,14.041386885649645,8,nr,6.248e-15
7.9875000000000007,14.001324512105288,8,nr,9.115e-15
8,13.961500249572985,8,nr,1.209e-14
8.0124999999999993,13.921914395428596,8,nr,3.106e-14
8.0250000000000004,13.882567309789595,8,nr,4.540e-14
8.0374999999999996,13.843459418312255,8,nr,2.919e-14
8.0499999999999989,13.804591215147303,8,nr,5.817e-16
8.0625,13.765963266063956,8,nr,3.081e-15
8.0749999999999993,13.727576211753727,8,nr,5.390e-14
8.0875000000000004,13.689430771325506,8,nr,1.006e-14
8.0999999999999996,13.651527746005016,8,nr,2.241e-14
8.1124999999999989,13.613868023051348,8,nr,2.102e-14
8.125,13.576452579905437,8,nr,1.057e-14
8.1374999999999993,13.539282488585799,8,nr,3.126e-15
8.1500000000000004,13.502358920347264,8,nr,4.596e-14
8.1624999999999996,13.465683150620896,8,nr,8.500e-15
8.1749999999999989,13.429256564252727,8,nr,9.592e-15
8.1875,13.393080661061896,8,nr,4.407e-14
8.1999999999999993,13.35715706173845,8,nr,3.188e-14
8.2125000000000004,13.321487514103751,8,nr,1.771e-14
8.2249999999999996,13.286073899756481,8,nr,5.186e-15
8.2374999999999989,13.250918241130179,8,nr,6.506e-15
8.25,13.216022708988426,8,nr,1.695e-15
8.2624999999999993,13.18138963038616,8,nr,1.158e-14
8.2750000000000004,13.147021497126733,8,nr,2.235e-14
8.2874999999999996,13.112920974746352,8,nr,3.387e-14
8.2999999999999989,13.079090912058495,8,nr,9.761e-16
8.3125,13.045534351293563,8,nr,3.460e-15
8.3249999999999993,13.012254538869023,8,nr,2.937e-14
8.3375000000000004,12.979254936828264,8,nr,4.485e-15
8.3499999999999996,12.946539234986476,8,nr,8.790e-15
8.3624999999999989,12.914111363823892,8,nr,1.199e-14
8.375,12.881975508166443,8,nr,1.952e-14
8.3874999999999993,12.850136121695535,8,nr,6.754e-16
8.4000000000000004,12.818597942327122,8,nr,1.534e-14
8.4124999999999996,12.787366008500872,8,nr,2.444e-14
8.4249999999999989,12.756445676417654,8,nr,5.924e-15
8.4375,12.725842638261046,8,nr,3.708e-15
8.4499999999999993,12.695562941435304,8,nr,1.970e-15
8.4625000000000004,12.665613008845609,8,nr,2.082e-15
8.4749999999999996,12.635999660239664,8,nr,1.574e-15
8.4874999999999989,12.606730134618976,8,nr,6.141e-15
8.5,12.577812113715591,8,nr,1.217e-14
8.5124999999999993,12.549253746512585,8,nr,4.524e-15
8.5250000000000004,12.521063674765955,8,nr,1.292e-16
8.5374999999999996,12.493251059458062,8,nr,8.143e-15
8.5499999999999989,12.465825608079896,8,nr,2.756e-15
8.5625,12.438797602598122,8,nr,3.824e-15
8.5749999999999993,12.412177927911802,8,nr,5.827e-15
8.5875000000000004,12.385978100542356,8,nr,2.807e-15
8.5999999999999996,12.360210297224466,8,nr,2.526e-15
8.6124999999999989,12.334887382973218,8,nr,2.212e-12
8.625,12.310022938115187,8,nr,8.113e-12
8.6374999999999993,12.285631283530886,8,nr,3.908e-16
8.6500000000000004,12.261727503504158,8,nr,3.402e-15
8.6624999999999996,12.238327464860292,8,nr,3.773e-15
8.6749999999999989,12.215447831460153,8,nr,3.388e-15
8.6875,12.193106072413991,8,nr,3.327e-15
8.6999999999999993,12.171320462298626,8,nr,1.174e-15
8.7125000000000004,12.150110071266536,8,nr,3.908e-15
8.7249999999999996,12.129494742543777,8,nr,1.372e-11
8.7374999999999989,12.109495054497311,8,nr,1.199e-11
8.75,12.090132263651315,8,nr,2.981e-15
8.7624999999999993,12.071428225006086,8,nr,2.553e-15
8.7750000000000004,12.053405285171667,8,nr,1.821e-16
8.7874999999999996,12.036086143166777,8,nr,2.679e-15
8.7999999999999989,12.019493673563973,8,nr,5.648e-12
8.8125,12.003650706011816,8,nr,1.116e-11
8.8249999999999993,11.988579754587004,8,nr,1.244e-11
8.8375000000000004,11.974302691041276,8,nr,5.660e-12
8.8499999999999996,11.960840355282048,8,nr,0.000e+00
8.8624999999999989,11.948212097276162,8,nr,1.348e-11
8.875,11.936435246609962,8,nr,1.988e-15
8.8874999999999993,11.925524505974048,8,nr,6.503e-16
8.9000000000000004,11.915491269847232,8,nr,7.135e-16
8.9124999999999996,11.906342871453793,8,nr,5.164e-16
8.9249999999999989,11.898081767479542,8,nr,3.094e-12
8.9375,11.890704675646294,8,nr,4.456e-16
8.9499999999999993,11.884201687614022,8,nr,2.881e-13
8.9625000000000004,11.878555388255185,8,nr,9.501e-14
8.9749999999999996,11.873740020488054,8,nr,2.845e-13
8.9874999999999989,11.869720743455995,8,nr,4.295e-14
9,11.866453038425176,8,nr,1.511e-15
9.0124999999999993,11.863882320887765,8,nr,6.891e-13
9.0250000000000004,11.861943817368854,8,nr,1.057e-16
9.0374999999999996,11.860562760093236,8,nr,8.872e-17
9.0499999999999989,11.859654940962585,8,nr,8.663e-14
9.0625,11.859127648291532,8,nr,3.750e-13
9.0749999999999993,11.858880985738752,8,nr,4.288e-13
9.0875000000000004,11.858809544998191,8,nr,3.171e-13
9.0999999999999996,11.85880437464756,8,nr,1.525e-13
9.1124999999999989,11.858755160710333,8,nr,1.369e-13
9.125,11.858552513586542,8,nr,8.426e-12
9.1374999999999993,11.858090243951656,8,nr,1.536e-15
9.1500000000000004,11.857267510017486,8,nr,1.040e-12
9.1624999999999996,11.855990727738078,8,nr,5.476e-13
9.1749999999999989,11.854175157480677,8,nr,2.131e-16
9.1875,11.851746106991426,8,nr,1.459e-12
9.1999999999999993,11.848639721883485,8,nr,1.594e-15
9.2125000000000004,11.844803365014776,8,nr,6.550e-12
9.2249999999999996,11.840195612756101,8,nr,3.634e-14
9.2374999999999989,11.834785916696426,8,nr,7.356e-16
9.25,11.82855399180719,8,nr,5.340e-16
9.2624999999999993,11.821488998968583,8,nr,1.397e-13
9.2750000000000004,11.81358858851207,8,nr,2.433e-15
9.2874999999999996,11.804857866607176,8,nr,1.501e-16
9.2999999999999989,11.795308337697454,8,nr,2.651e-13
9.3125,11.784956866077835,8,nr,3.761e-12
9.3249999999999993,11.773824689256799,8,nr,7.551e-16
9.3375000000000004,11.761936505655509,8,nr,1.288e-11
9.3499999999999996,11.749319650726241,8,nr,4.547e-16
9.3624999999999989,11.736003368481075,8,nr,9.987e-12
9.375,11.722018178873173,8,nr,6.215e-12
9.3874999999999993,11.707395339114907,8,nr,4.388e-17
9.4000000000000004,11.692166391964633,8,nr,1.164e-15
9.4124999999999996,11.67636279440438,8,nr,3.494e-12
9.4249999999999989,11.660015617628058,8,nr,1.527e-14
9.4375,11.643155309822165,8,nr,1.757e-15
9.4499999999999993,11.625811513273215,8,nr,1.585e-11
9.4625000000000004,11.608012927743577,8,nr,2.468e-16
9.4749999999999996,11.589787212467161,8,nr,1.509e-16
9.4874999999999989,11.571160920756629,8,nr,2.871e-15
9.5,11.552159460778602,8,nr,2.559e-15
9.5124999999999993,11.532807077823421,8,nr,1.702e-15
9.5250000000000004,11.513126853615612,8,nr,1.029e-15
9.5374999999999996,11.493140719016242,8,nr,2.426e-15
9.5499999999999989,11.472869477041856,8,nr,8.979e-16
9.5625,11.45233283364581,8,nr,6.110e-15
9.5749999999999993,11.431549434159674,8,nr,4.995e-15
9.5875000000000004,11.410536903675567,8,nr,5.932e-12
9.5999999999999996,11.389311890015641,8,nr,1.681e-15
9.6125000000000007,11.367890108087238,8,nr,5.676e-15
9.625,11.346286384903106,8,nr,4.713e-15
9.6374999999999993,11.32451470442701,8,nr,5.039e-16
9.6500000000000004,11.302588251811882,8,nr,1.650e-14
9.6624999999999996,11.28051945660307,8,nr,2.078e-15
9.6750000000000007,11.258320034619716,8,nr,9.492e-15
9.6875,11.236001028307562,8,nr,1.485e-14
9.6999999999999993,11.213572845425078,8,nr,4.139e-15
9.7125000000000004,11.191045295977986,8,nr,2.752e-15
9.7249999999999996,11.168427627360725,8,nr,6.209e-15
9.7375000000000007,11.145728557695428,8,nr,7.779e-16
9.75,11.12295630738547,8,nr,2.286e-14
9.7624999999999993,11.100118628924786,8,nr,1.242e-11
9.7750000000000004,11.077222834971133,8,nr,4.846e-14
9.7874999999999996,11.054275824869476,8,nr,2.160e-15
9.8000000000000007,11.031284109481215,8,nr,2.571e-14
9.8125,11.008253834602273,8,nr,2.251e-14
9.8249999999999993,10.985190802934394,8,nr,4.368e-11
9.8375000000000004,10.962100494597165,8,nr,7.046e-14
9.8499999999999996,10.938988086638792,8,nr,8.059e-15
9.8625000000000007,10.915858470966921,8,nr,1.829e-14
9.875,10.892716271422534,8,nr,6.090e-14
9.8874999999999993,10.869565859673115,8,nr,1.714e-15
9.9000000000000004,10.846411370122325,8,nr,5.643e-14
9.9124999999999996,10.823256713879104,8,nr,4.359e-14
9.9250000000000007,10.80010559185374,8,nr,2.149e-11
9.9375,10.776961506984597,8,nr,1.012e-13
9.9499999999999993,10.75382777580775,8,nr,4.464e-15
9.9625000000000004,10.730707539153499,8,nr,2.331e-14
9.9749999999999996,10.707603772284315,8,nr,1.128e-13
9.9875000000000007,10.684519294357068,8,nr,3.795e-15
10,10.661456777306192,8,nr,7.380e-14
8.625,14.970043687076689,9,nr,2.584e-11
8.6374999999999993,14.938489779986208,9,nr,4.856e-15
8.6500000000000004,14.907500310709207,9,nr,5.998e-15
8.6624999999999996,14.877095021266971,9,nr,4.940e-15
8.6749999999999989,14.847294857553365,9,nr,2.062e-16
8.6875,14.818122016014597,9,nr,3.336e-15
8.6999999999999993,14.789599984644202,9,nr,1.117e-11
8.7125000000000004,14.761753575975014,9,nr,2.574e-15
8.7249999999999996,14.734608948778227,9,nr,8.277e-12
8.7374999999999989,14.708193615287312,9,nr,5.594e-16
8.75,14.682536428781663,9,nr,2.785e-15
8.7624999999999993,14.657667546719624,9,nr,4.157e-15
8.7750000000000004,14.63361836247992,9,nr,1.531e-15
8.7874999999999996,14.610421398262041,9,nr,9.850e-16
8.7999999999999989,14.588110150110017,9,nr,8.381e-16
8.8125,14.566718874751681,9,nr,1.886e-15
8.8249999999999993,14.546282306578135,9,nr,1.203e-15
8.8375000000000004,14.526835291830439,9,nr,3.022e-15
8.8499999999999996,14.508412326073696,9,nr,1.278e-11
8.8624999999999989,14.491046980294525,9,nr,1.165e-15
8.875,14.4747712018063,9,nr,3.599e-13
8.8874999999999993,14.459614476088296,9,nr,7.394e-13
8.9000000000000004,14.44560284014393,9,nr,1.233e-15
8.9124999999999996,14.432757741427192,9,nr,4.843e-12
8.9249999999999989,14.421094744523311,9,nr,1.961e-15
8.9375,14.410622097535636,9,nr,1.625e-15
8.9499999999999993,14.401339184478017,9,nr,2.928e-16
8.9625000000000004,14.393234906069814,9,nr,3.692e-13
8.9749999999999996,14.386286051654324,9,nr,5.340e-16
8.9874999999999989,14.380455745839262,9,nr,1.221e-15
9,14.375692074263675,9,nr,1.508e-15
9.0124999999999993,14.371927009899125,9,nr,1.203e-16
9.0250000000000004,14.369075771065496,9,nr,3.696e-13
9.0374999999999996,14.367036740529361,9,nr,8.973e-16
9.0499999999999989,14.36569205813079,9,nr,1.795e-15
9.0625,14.364908964925842,9,nr,4.183e-15
9.0749999999999993,14.364541925376098,9,nr,6.610e-14
9.0875000000000004,14.364435489016005,9,nr,6.229e-14
9.0999999999999996,14.364427781691267,9,nr,2.568e-14
9.1124999999999989,14.364354448643716,9,nr,2.242e-13
9.125,14.364052818387599,9,nr,6.104e-12
9.1374999999999993,14.36336602713085,9,nr,6.557e-16
9.1500000000000004,14.362146843413031,9,nr,7.827e-13
9.1624999999999996,14.360260964333852,9,nr,3.969e-14
9.1749999999999989,14.357589609049574,9,nr,8.851e-16
9.1875,14.354031307828297,9,nr,1.535e-15
9.1999999999999993,14.349502859906082,9,nr,7.867e-16
9.2125000000000004,14.343939502784748,9,nr,2.508e-16
9.2249999999999996,14.337294389953321,9,nr,8.674e-13
9.2374999999999989,14.329537509456403,9,nr,1.299e-15
9.25,14.320654191547876,9,nr,4.100e-14
9.2624999999999993,14.310643352658644,9,nr,2.195e-13
9.2750000000000004,14.299515608873449,9,nr,4.136e-16
9.2874999999999996,14.287291370502043,9,nr,3.798e-12
9.2999999999999989,14.27399900399284,9,nr,1.726e-15
9.3125,14.259673122617484,9,nr,2.537e-15
9.3249999999999993,14.244353044219203,9,nr,1.729e-15
9.3375000000000004,14.228081436025679,9,nr,1.998e-15
9.3499999999999996,14.210903151392818,9,nr,6.913e-12
9.3624999999999989,14.192864252859843,9,nr,2.491e-15
9.375,14.174011209104052,9,nr,1.109e-15
9.3874999999999993,14.154390248559825,9,nr,5.039e-16
9.4000000000000004,14.134046851371671,9,nr,3.606e-15
9.4124999999999996,14.113025360345446,9,nr,1.711e-15
9.4249999999999989,14.091368692643028,9,nr,3.766e-15
9.4375,14.069118135278442,9,nr,3.114e-15
9.4499999999999993,14.046313209246168,9,nr,5.146e-16
9.4625000000000004,14.022991589005622,9,nr,4.585e-15
9.4749999999999996,13.999189065921103,9,nr,2.438e-16
9.4874999999999989,13.97493954603037,9,nr,6.634e-12
9.5,13.950275074070632,9,nr,7.578e-12
9.5124999999999993,13.925225877253284,9,nr,5.982e-12
9.5250000000000004,13.899820423283728,9,nr,1.003e-15
9.5374999999999996,13.874085488398519,9,nr,1.452e-15
9.5499999999999989,13.848046231893305,9,nr,7.619e-15
9.5625,13.821726274524936,9,nr,4.187e-15
9.5749999999999993,13.795147778612204,9,nr,4.908e-12
9.5875000000000004,13.768331528230542,9,nr,3.240e-15
9.5999999999999996,13.741297008368166,9,nr,0.000e+00
9.6125000000000007,13.714062482014871,9,nr,7.188e-15
9.625,13.686645064687768,9,nr,7.736e-15
9.6374999999999993,13.659060795877803,9,nr,3.406e-15
9.6500000000000004,13.631324707169032,9,nr,3.146e-15
9.6624999999999996,13.603450886873672,9,nr,1.790e-15
9.6750000000000007,13.575452541122367,9,nr,1.818e-15
9.6875,13.547342051420447,9,nr,2.552e-14
9.6999999999999993,13.519131028732403,9,nr,5.689e-15
9.7125000000000004,13.490830364194634,9,nr,1.087e-15
9.7249999999999996,13.462450276583459,9,nr,4.127e-14
9.7375000000000007,13.43400035668183,9,nr,5.590e-16
9.75,13.405489608699426,9,nr,3.826e-15
9.7624999999999993,13.376926488906484,9,nr,4.912e-14
9.7750000000000004,13.348318941642257,9,nr,1.972e-14
9.7874999999999996,13.319674432857806,9,nr,2.949e-16
9.8000000000000007,13.290999981349916,9,nr,1.195e-14
9.8125,13.262302187835999,9,nr,6.343e-14
9.8249999999999993,13.233587262015268,9,nr,1.102e-14
9.8375000000000004,13.20486104775309,9,nr,7.126e-15
9.8499999999999996,13.176129046519629,9,nr,2.437e-14
9.8625000000000007,13.147396439204563,9,nr,9.331e-14
9.875,13.118668106423915,9,nr,1.347e-14
9.8874999999999993,13.089948647426155,9,nr,1.540e-15
9.9000000000000004,13.061242397699505,9,nr,5.424e-14
9.9124999999999996,13.032553445373216,9,nr,1.141e-13
9.9250000000000007,13.003885646500514,9,nr,1.640e-14
9.9375,12.975242639295754,9,nr,2.783e-11
9.9499999999999993,12.946627857467456,9,nr,8.962e-14
9.9625000000000004,12.918044542514174,9,nr,7.213e-14
9.9749999999999996,12.889495755387742,9,nr,4.698e-15
9.9875000000000007,12.860984387244075,9,nr,2.371e-14
10,12.832513169540119,9,nr,1.396e-13
9.4124999999999996,-9.2356917596566248,10,nr,1.819e-13
9.4249999999999989,-8.4988032540202454,10,nr,3.070e-16
9.4375,-7.8411867689484689,10,nr,1.623e-13
9.4499999999999993,-7.251878714467658,10,nr,6.464e-17
9.4625000000000004,-6.7217478362769452,10,nr,7.171e-17
9.4749999999999996,-6.2431396542346471,10,nr,1.118e-15
9.4874999999999989,-5.8095988682722561,10,nr,2.402e-16
9.5,-5.4156507876993105,10,nr,7.052e-13
9.5124999999999993,-5.0566278651505376,10,nr,5.632e-17
9.5250000000000004,-4.7285310025220877,10,nr,2.581e-15
9.5374999999999996,-4.4279178858576769,10,nr,4.841e-15
9.5499999999999989,-4.1518124920592747,10,nr,5.344e-17
9.5625,-3.8976313013369421,10,nr,8.022e-15
9.5749999999999993,-3.6631227814668996,10,nr,9.163e-15
9.5875000000000004,-3.446317484191221,10,nr,2.334e-16
9.5999999999999996,-3.2454866790146166,10,nr,6.436e-13
9.6125000000000007,-3.0591078951495612,10,nr,7.296e-15
9.625,-2.8858360837213932,10,nr,1.817e-16
9.6374999999999993,-2.724479376788417,10,nr,4.332e-15
9.6500000000000004,-2.5739786241394884,10,nr,1.684e-14
9.6624999999999996,-2.4333900498602894,10,nr,3.739e-14
9.6750000000000007,-2.3018704966371364,10,nr,2.026e-16
9.6875,-2.1786648257551291,10,nr,4.487e-14
9.6999999999999993,-2.0630951202409076,10,nr,7.896e-14
9.7125000000000004,-1.9545514021403334,10,nr,1.149e-14
9.7249999999999996,-1.8524836260257991,10,nr,9.124e-17
9.7375000000000007,-1.7563947520680576,10,nr,2.736e-16
9.75,-1.6658347354391771,10,nr,8.994e-17
9.7624999999999993,-1.5803952960793237,10,nr,6.222e-17
9.7750000000000004,-1.4997053551335009,10,nr,1.328e-14
9.7874999999999996,-1.4234270426648321,10,nr,2.393e-13
9.8000000000000007,-1.3512521963443449,10,nr,7.325e-17
9.8125,-1.2828992832582535,10,nr,4.298e-13
9.8249999999999993,-1.2181106874275063,10,nr,4.734e-13
9.8375000000000004,-1.1566503141218483,10,nr,8.604e-17
9.8499999999999996,-1.0983014694062678,10,nr,5.995e-13
9.8625000000000007,-1.0428649793582807,10,nr,8.385e-13
9.875,-0.99015751838267885,10,nr,5.189e-12
9.8874999999999993,-0.94001012064366185,10,nr,3.110e-14
9.9000000000000004,-0.89226685160599994,10,nr,1.696e-16
9.9124999999999996,-0.84678362091437154,10,nr,3.840e-17
9.9250000000000007,-0.80342711902489661,10,nr,1.427e-12
9.9375,-0.76207386344525163,10,nr,1.706e-16
9.9499999999999993,-0.72260934159985346,10,nr,2.589e-12
9.9625000000000004,-0.68492723949893941,10,nr,1.001e-14
9.9749999999999996,-0.64892874618451279,10,nr,1.589e-12
9.9875000000000007,-0.61452192591863408,10,nr,4.860e-13
10,-0.58162115028490458,10,nr,1.453e-16
1.1375,14.794050311902003,1,sr,1.249e-12
1.1499999999999999,14.456718233248257,1,sr,9.938e-11
1.1625000000000001,14.130318678288621,1,sr,1.592e-11
1.175,13.814394919735816,1,sr,1.149e-12
1.1875,13.508514144605183,1,sr,5.926e-11
1.2,13.212265961961595,1,sr,5.302e-11
1.2125000000000001,12.92526101788391,1,sr,1.096e-11
1.2250000000000001,12.647129708911313,1,sr,1.646e-11
1.2375,12.377520986179929,1,sr,4.445e-11
1.25,12.116101242582703,1,sr,6.274e-11
1.2625,11.862553277224277,1,sr,4.832e-11
1.2750000000000001,11.616575329993951,1,sr,1.110e-16
1.2875000000000001,11.377880182274374,1,sr,6.552e-11
1.3,11.146194317254068,1,sr,2.422e-11
1.3125,10.921257136680573,1,sr,8.035e-12
1.325,10.702820228641556,1,sr,6.137e-11
1.3375000000000001,10.49064668342926,1,sr,5.884e-11
1.3500000000000001,10.284510453649808,1,sr,7.491e-12
1.3625,10.084195755284457,1,sr,1.935e-11
1.375,9.8894965067266813,1,sr,7.995e-12
1.3875,9.7002158032876729,1,sr,8.463e-12
1.4000000000000001,9.5161654244655658,1,sr,5.634e-15
1.4125000000000001,9.3371653717645149,1,sr,1.484e-14
1.425,9.1630434348616401,1,sr,6.602e-11
1.4375,8.9936347840916806,1,sr,4.445e-11
1.45,8.8287815879689386,1,sr,3.691e-11
1.4625000000000001,8.6683326529879814,1,sr,5.644e-11
1.4750000000000001,8.5121430854277254,1,sr,8.748e-15
1.4875,8.3600739726843187,1,sr,1.200e-12
1.5,8.211992083586189,1,sr,1.711e-15
1.5125,8.0677695858968761,1,sr,5.463e-11
1.5250000000000001,7.9272837800695557,1,sr,8.449e-16
1.5375000000000001,7.790416848557423,1,sr,3.656e-11
1.55,7.657055618836055,1,sr,3.281e-15
1.5625,7.5270913403228743,1,sr,5.684e-15
1.575,7.4004194733729838,1,sr,3.957e-11
1.5875000000000001,7.276939490132369,1,sr,3.584e-15
1.6000000000000001,7.1565546865364986,1,sr,1.971e-15
1.6125,7.0391720042761703,1,sr,1.709e-11
1.625,6.9247018627322188,1,sr,2.681e-12
1.6375,6.8130579997543101,1,sr,5.350e-11
1.6500000000000001,6.7041573212591583,1,sr,1.712e-11
1.6625000000000001,6.5979197584579099,1,sr,5.165e-11
1.675,6.4942681328672949,1,sr,1.329e-11
1.6875,6.3931280285775758,1,sr,4.947e-11
1.7,6.2944276707779725,1,sr,8.536e-12
1.7125000000000001,6.1980978107196796,1,sr,4.918e-11
1.7250000000000001,6.1040716168924343,1,sr,1.908e-11
1.7375,6.0122845712587143,1,sr,4.289e-15
1.75,5.922674371175872,1,sr,4.496e-11
1.7625,5.8351808359690658,1,sr,1.135e-11
1.7750000000000001,5.7497458184775674,1,sr,1.841e-12
1.7875000000000001,5.6663131206798978,1,sr,1.038e-15
1.8,5.5848284136786654,1,sr,8.603e-13
1.8125,5.5052391615964602,1,sr,2.163e-11
1.825,5.4274945490799729,1,sr,1.864e-15
1.8375000000000001,5.3515454125003696,1,sr,2.014e-15
1.8500000000000001,5.2773441742304827,1,sr,6.665e-16
1.8625,5.2048447802271278,1,sr,6.930e-13
1.875,5.1340026404977639,1,sr,1.999e-11
1.8875,5.0647745724400233,1,sr,1.415e-12
1.9000000000000001,4.9971187466804281,1,sr,1.139e-15
1.9125000000000001,4.9309946356254644,1,sr,1.608e-15
1.925,4.8663629642426827,1,sr,3.194e-16
1.9375,4.803185663122834,1,sr,4.220e-11
1.95,4.7414258238132296,1,sr,1.890e-15
1.9625000000000001,4.6810476558107723,1,sr,3.130e-16
1.9750000000000001,4.6220164459530793,1,sr,2.176e-15
1.9875,4.5642985192594043,1,sr,1.106e-11
2,4.507861201701199,1,sr,3.759e-11
2.0125000000000002,4.4526727843748404,1,sr,3.537e-11
2.0250000000000004,4.398702489546702,1,sr,2.838e-11
2.0375000000000001,4.3459204380481085,1,sr,1.204e-15
2.0500000000000003,4.2942976177602281,1,sr,1.105e-11
2.0625000000000004,4.2438058539687615,1,sr,2.529e-11
2.0750000000000002,4.1944177806107694,1,sr,8.001e-12
2.0875000000000004,4.1461068127774983,1,sr,1.468e-16
2.1000000000000001,4.0988471204615342,1,sr,2.405e-11
2.1125000000000003,4.0526136034061757,1,sr,3.148e-11
2.1250000000000004,4.00738186665847,1,sr,2.310e-15
2.1375000000000002,3.9631281977356956,1,sr,3.674e-11
2.1500000000000004,3.9198295439664164,1,sr,8.167e-13
2.1625000000000001,3.8774634914577204,1,sr,5.667e-16
2.1750000000000003,3.8360082443068308,1,sr,1.831e-15
2.1875000000000004,3.7954426049991392,1,sr,1.126e-15
2.2000000000000002,3.7557459554299095,1,sr,2.998e-16
2.2125000000000004,3.7168982386869023,1,sr,3.184e-15
2.2250000000000001,3.678879941517784,1,sr,2.326e-11
2.2375000000000003,3.6416720775571321,1,sr,4.106e-16
2.2500000000000004,3.6052561709513888,1,sr,1.691e-11
2.2625000000000002,3.5696142409615952,1,sr,3.881e-12
2.2750000000000004,3.5347287867650001,1,sr,2.015e-12
2.2875000000000001,3.5005827730961694,1,sr,2.542e-15
2.3000000000000003,3.4671596162666174,1,sr,9.314e-16
2.3125000000000004,3.4344431707413507,1,sr,7.573e-12
2.3250000000000002,3.4024177162146443,1,sr,6.579e-16
2.3375000000000004,3.3710679450775682,1,sr,5.235e-16
2.3500000000000001,3.3403789504298063,1,sr,2.212e-15
2.3625000000000003,3.3103362144384882,1,sr,1.812e-15
2.3750000000000004,3.2809255971335753,1,sr,1.416e-15
2.3875000000000002,3.2521333255866458,1,sr,1.280e-16
2.4000000000000004,3.223945983446515,1,sr,2.180e-11
2.4125000000000005,3.1963505009228426,1,sr,2.765e-16
2.4250000000000003,3.1693341448752279,1,sr,1.049e-11
2.4375000000000004,3.1428845095953792,1,sr,2.286e-11
2.4500000000000002,3.1169895074663119,1,sr,3.737e-16
2.4625000000000004,3.0916373604053105,1,sr,1.735e-15
2.4750000000000005,3.0668165911455376,1,sr,1.606e-15
2.4875000000000003,3.0425160150959898,1,sr,1.883e-11
2.5000000000000004,3.018724732260591,1,sr,2.888e-11
2.5125000000000002,2.9954321197584224,1,sr,1.644e-16
2.5250000000000004,2.9726278240170978,1,sr,1.807e-11
2.5375000000000005,2.9503017537449554,1,sr,1.080e-15
2.5500000000000003,2.9284440729552461,1,sr,3.080e-11
2.5625000000000004,2.9070451939469146,1,sr,8.306e-16
2.5750000000000002,2.8860957710123878,1,sr,4.721e-16
2.5875000000000004,2.8655866938132788,1,sr,2.348e-16
2.6000000000000005,2.8455090813033701,1,sr,8.173e-16
2.6125000000000003,2.8258542757014462,1,sr,7.055e-16
2.6250000000000004,2.8066138366657865,1,sr,4.620e-16
2.6375000000000002,2.7877795356531205,1,sr,1.619e-11
2.6500000000000004,2.7693433503613458,1,sr,1.047e-11
2.6625000000000005,2.7512974595640474,1,sr,1.932e-15
2.6750000000000003,2.7336342377077232,1,sr,3.188e-11
2.6875000000000004,2.7163462501481406,1,sr,1.124e-16
2.7000000000000002,2.6994262479600004,1,sr,8.293e-12
2.7125000000000004,2.6828671634850161,1,sr,1.547e-11
2.7250000000000005,2.6666621054656656,1,sr,5.530e-16
2.7375000000000003,2.6508043547623878,1,sr,1.430e-15
2.7500000000000004,2.6352873598291238,1,sr,4.376e-16
2.7625000000000002,2.6201047325420261,1,sr,2.130e-11
2.7750000000000004,2.6052502439594289,1,sr,5.410e-16
2.7875000000000005,2.5907178204552648,1,sr,1.291e-15
2.8000000000000003,2.5765015396166842,1,sr,3.211e-16
2.8125000000000004,2.562595626503914,1,sr,1.166e-11
2.8250000000000002,2.5489944498296766,1,sr,2.051e-11
2.8375000000000004,2.5356925184879735,1,sr,9.476e-16
2.8500000000000005,2.5226844777395847,1,sr,1.160e-11
2.8625000000000003,2.5099651058986576,1,sr,3.780e-14
2.8750000000000004,2.4975293109432406,1,sr,1.077e-11
2.8875000000000002,2.4853721270657037,1,sr,2.060e-16
2.9000000000000004,2.4734887115765849,1,sr,2.487e-11
2.9125000000000005,2.4618743415145636,1,sr,8.150e-16
2.9250000000000003,2.4505244107773545,1,sr,2.026e-16
2.9375000000000004,2.4394344268357941,1,sr,7.718e-12
2.9500000000000002,2.4286000078896119,1,sr,2.726e-11
2.9625000000000004,2.4180168797253003,1,sr,1.432e-11
2.9750000000000005,2.4076808730617363,1,sr,1.070e-11
2.9875000000000003,2.3975879205152184,1,sr,1.028e-11
3.0000000000000004,2.3877340538454743,1,sr,1.101e-11
3.0125000000000002,2.3781154011844698,1,sr,1.575e-11
3.0250000000000004,2.3687281842485217,1,sr,2.655e-11
3.0375000000000005,2.3595687158258505,1,sr,4.534e-12
3.0500000000000003,2.3506333967881532,1,sr,5.752e-16
3.0625000000000004,2.3419187136955339,1,sr,3.068e-16
3.0750000000000002,2.3334212360980242,1,sr,2.187e-11
3.0875000000000004,2.3251376138217421,1,sr,1.005e-11
3.1000000000000005,2.3170645746217038,1,sr,2.814e-16
3.1125000000000003,2.3091989212972974,1,sr,1.257e-11
3.1250000000000004,2.3015375293636589,1,sr,9.276e-17
3.1375000000000002,2.2940773442827695,1,sr,1.542e-11
3.1500000000000004,2.286815379086141,1,sr,2.753e-16
3.1625000000000005,2.2797487115938173,1,sr,1.513e-12
3.1750000000000003,2.2728744820027376,1,sr,1.325e-11
3.1875000000000004,2.2661898901393833,1,sr,8.124e-16
3.2000000000000002,2.2596921929973397,1,sr,2.139e-12
3.2125000000000004,2.2533787020007541,1,sr,2.127e-11
3.2250000000000005,2.2472467802867526,1,sr,2.664e-16
3.2375000000000003,2.2412938402321783,1,sr,2.650e-16
3.2500000000000004,2.235517340519436,1,sr,1.054e-15
3.2625000000000002,2.2299147834866271,1,sr,1.671e-13
3.2750000000000004,2.2244837123085683,1,sr,5.049e-12
3.2875000000000005,2.2192217081723249,1,sr,1.002e-11
3.3000000000000003,2.214126387381472,1,sr,1.186e-11
3.3125000000000004,2.209195398418129,1,sr,1.022e-11
3.3250000000000002,2.2044264189537279,1,sr,5.677e-12
3.3375000000000004,2.1998171527989521,1,sr,6.690e-13
3.3500000000000005,2.1953653267929414,1,sr,1.685e-16
3.3625000000000003,2.1910686876402465,1,sr,4.336e-16
3.3750000000000004,2.186924998658212,1,sr,8.340e-17
3.3875000000000002,2.1829320364884617,1,sr,1.784e-11
3.4000000000000004,2.1790875876113334,1,sr,1.088e-11
3.4125000000000005,2.1753894451398619,1,sr,0.000e+00
3.4250000000000003,2.1718354049902637,1,sr,2.453e-16
3.4375000000000004,2.1684232624706068,1,sr,2.130e-11
3.4500000000000002,2.1651508086489915,1,sr,3.239e-16
3.4625000000000004,2.1620158263922793,1,sr,1.612e-16
3.4750000000000005,2.1590160867749328,1,sr,1.056e-11
3.4875000000000003,2.1561493451457392,1,sr,3.992e-17
3.5000000000000004,2.1534133370754849,1,sr,1.881e-11
3.5125000000000002,2.1508057745862179,1,sr,1.582e-16
3.5250000000000004,2.1483243418186468,1,sr,1.877e-11
3.5375000000000005,2.1459666912790367,1,sr,7.843e-17
3.5500000000000003,2.1437304393930132,1,sr,1.273e-11
3.5625000000000004,2.1416131626814532,1,sr,3.888e-16
3.5750000000000002,2.1396123933681408,1,sr,1.695e-12
3.5875000000000004,2.1377256154071183,1,sr,1.974e-11
3.6000000000000005,2.1359502604054703,1,sr,1.536e-16
3.6125000000000003,2.1342837033677058,1,sr,4.484e-12
3.6250000000000004,2.1327232589384595,1,sr,1.765e-11
3.6375000000000002,2.1312661774489339,1,sr,7.974e-16
3.6500000000000004,2.1299096410093301,1,sr,8.301e-14
3.6625000000000005,2.1286507600563374,1,sr,9.829e-12
3.6750000000000003,2.1274865698650687,1,sr,2.630e-16
3.6875000000000004,2.1264140272169536,1,sr,2.996e-16
3.7000000000000002,2.1254300075314023,1,sr,1.120e-16
3.7125000000000004,2.1245313021018957,1,sr,1.515e-12
3.7250000000000005,2.1237146157301079,1,sr,7.278e-12
3.7375000000000003,2.1229765647257657,1,sr,1.099e-11
3.7500000000000004,2.1223136752978902,1,sr,5.536e-16
3.7625000000000002,2.1217223823432252,1,sr,8.836e-16
3.7750000000000004,2.1211990288791589,1,sr,3.489e-16
3.7875000000000005,2.1207398658598628,1,sr,3.298e-16
3.8000000000000003,2.1203410526459558,1,sr,1.280e-16
3.8125000000000004,2.1199986580816801,1,sr,7.298e-17
3.8250000000000002,2.1197086622320986,1,sr,3.681e-13
3.8375000000000004,2.1194669588187001,1,sr,1.029e-12
3.8500000000000005,2.1192693583832951,1,sr,1.635e-12
3.8625000000000003,2.1191115922091304,1,sr,2.067e-12
3.8750000000000004,2.1189893170231451,1,sr,2.312e-12
3.8875000000000002,2.1188981204948236,1,sr,2.398e-12
3.9000000000000004,2.1188335275408452,1,sr,2.364e-12
3.9125000000000005,2.1187910074367209,1,sr,2.247e-12
3.9250000000000003,2.1187659817278472,1,sr,2.078e-12
3.9375000000000004,2.1187538329230118,1,sr,1.880e-12
3.9500000000000002,2.1187499139434482,1,sr,1.674e-12
3.9625000000000004,2.1187495582902596,1,sr,1.472e-12
3.9750000000000005,2.1187480908824563,1,sr,1.284e-12
3.9875000000000003,2.118740839507395,1,sr,1.112e-12
4,2.1187231468150136,1,sr,9.625e-13
4.0125000000000002,2.1186903827773893,1,sr,8.303e-13
4.0250000000000004,2.1186379575258441,1,sr,7.137e-13
4.0375000000000005,2.1185613344695144,1,sr,6.082e-13
4.0500000000000007,2.1184560435919644,1,sr,5.077e-13
4.0625,2.1183176948165325,1,sr,4.054e-13
4.0750000000000002,2.1181419913266413,1,sr,2.983e-13
4.0875000000000004,2.1179247427245289,1,sr,1.872e-13
4.1000000000000005,2.1176618779108733,1,sr,7.355e-14
4.1125000000000007,2.1173494575685998,1,sr,3.655e-17
4.125,2.1169836861371238,1,sr,1.562e-16
4.1375000000000002,2.1165609231677305,1,sr,4.039e-16
4.1500000000000004,2.1160776939568846,1,sr,5.522e-17
4.1625000000000005,2.1155306993452085,1,sr,1.460e-11
4.1750000000000007,2.1149168247245842,1,sr,5.300e-16
4.1875,2.1142331477961727,1,sr,7.058e-14
4.2000000000000002,2.1134769456561746,1,sr,1.806e-13
4.2125000000000004,2.1126457005219987,1,sr,2.260e-13
4.2250000000000005,2.1117371044465996,1,sr,3.375e-16
4.2375000000000007,2.1107490628802039,1,sr,6.247e-12
4.25,2.1096796970339073,1,sr,6.157e-15
4.2625000000000002,2.1085273452134894,1,sr,4.182e-14
4.2750000000000004,2.1072905628762308,1,sr,1.792e-13
4.2875000000000005,2.1059681217042812,1,sr,1.437e-14
4.3000000000000007,2.1045590075815972,1,sr,7.505e-13
4.3125,2.1030624176015209,1,sr,2.005e-11
4.3250000000000002,2.1014777559884097,1,sr,9.397e-14
4.3375000000000004,2.0998046295028692,1,sr,1.152e-12
4.3500000000000005,2.0980428415892862,1,sr,6.252e-16
4.3625000000000007,2.0961923861329415,1,sr,5.578e-14
4.375,2.0942534404742132,1,sr,6.171e-12
4.3875000000000002,2.0922263578331419,1,sr,3.329e-14
4.4000000000000004,2.0901116593724534,1,sr,9.559e-16
4.4125000000000005,2.0879100257407699,1,sr,9.607e-16
4.4250000000000007,2.0856222884102191,1,sr,9.550e-14
4.4375,2.0832494207484151,1,sr,1.213e-16
4.4500000000000002,2.0807925289478715,1,sr,2.930e-13
4.4625000000000004,2.0782528428718186,1,sr,5.719e-16
4.4750000000000005,2.075631706892354,1,sr,3.450e-13
4.4875000000000007,2.0729305707671708,1,sr,3.484e-16
4.5,2.0701509806282314,1,sr,3.752e-14
4.5125000000000002,2.0672945701170828,1,sr,3.316e-12
4.5250000000000004,2.0643630517038085,1,sr,7.550e-16
4.5375000000000005,2.0613582082872273,1,sr,3.008e-12
4.5500000000000007,2.058281884985572,1,sr,3.568e-16
4.5625,2.0551359813099661,1,sr,7.254e-14
4.5750000000000002,2.0519224435885079,1,sr,6.816e-12
4.5875000000000004,2.0486432577358658,1,sr,1.723e-16
4.6000000000000005,2.0453004424442898,1,sr,5.080e-13
4.6125000000000007,2.0418960426242103,1,sr,1.002e-11
4.625,2.0384321232542857,1,sr,7.880e-16
4.6375000000000002,2.0349107636715842,1,sr,9.999e-12
4.6500000000000004,2.03133405212927,1,sr,9.783e-12
4.6625000000000005,2.0277040806708739,1,sr,5.337e-16
4.6750000000000007,2.0240229405920789,1,sr,8.048e-16
4.6875,2.0202927179818562,1,sr,1.055e-12
4.7000000000000002,2.0165154897780782,1,sr,1.709e-11
4.7125000000000004,2.0126933200313117,1,sr,4.542e-16
4.7250000000000005,2.0088282566719888,1,sr,4.565e-16
4.7375000000000007,2.0049223283258066,1,sr,1.222e-11
4.75,2.0009775416729605,1,sr,1.344e-11
4.7625000000000002,1.9969958788400008,1,sr,3.395e-11
4.7750000000000004,1.9929792952461622,1,sr,3.726e-16
4.7875000000000005,1.9889297177328413,1,sr,1.872e-16
4.8000000000000007,1.9848490426551331,1,sr,1.620e-11
4.8125000000000009,1.980739134430235,1,sr,1.258e-11
4.8250000000000002,1.9766018242489243,1,sr,3.494e-11
4.8375000000000004,1.9724389090363963,1,sr,1.928e-11
4.8500000000000005,1.9682521503167254,1,sr,0.000e+00
4.8625000000000007,1.9640432735789306,1,sr,9.634e-16
4.8750000000000009,1.9598139676621511,1,sr,2.903e-16
4.8875000000000002,1.9555658842485477,1,sr,1.172e-11
4.9000000000000004,1.9513006374740667,1,sr,3.555e-11
4.9125000000000005,1.9470198038833622,1,sr,6.305e-12
4.9250000000000007,1.9427249220438623,1,sr,9.851e-17
4.9375000000000009,1.9384174927489546,1,sr,4.947e-16
4.9500000000000002,1.9340989790171395,1,sr,3.974e-16
4.9625000000000004,1.9297708062544887,1,sr,2.993e-16
4.9750000000000005,1.9254343624984989,1,sr,1.058e-11
4.9875000000000007,1.9210909986675373,1,sr,3.711e-11
5.0000000000000009,1.9167420290862081,1,sr,1.212e-15
5.0125000000000002,1.9123887316285992,1,sr,4.055e-16
5.0250000000000004,1.9080323484180004,1,sr,4.071e-16
5.0375000000000005,1.9036740862172816,1,sr,6.129e-16
5.0500000000000007,1.8993151169869151,1,sr,2.204e-15
5.0625000000000009,1.8949565784486491,1,sr,8.401e-12
5.0750000000000002,1.8905995747159885,1,sr,2.619e-11
5.0875000000000004,1.8862451767928943,1,sr,1.124e-11
5.1000000000000005,1.8818944234194388,1,sr,9.879e-16
5.1125000000000007,1.8775483215060309,1,sr,5.217e-16
5.1250000000000009,1.8732078469271298,1,sr,1.204e-15
5.1375000000000002,1.8688739451507457,1,sr,3.676e-16
5.1500000000000004,1.8645475319229283,1,sr,2.634e-16
5.1625000000000005,1.8602294939533444,1,sr,5.626e-12
5.1750000000000007,1.8559206895694065,1,sr,3.557e-11
5.1875000000000009,1.8516219495139488,1,sr,5.316e-16
5.2000000000000002,1.8473340774303231,1,sr,1.599e-15
5.2125000000000004,1.843057850726975,1,sr,3.208e-16
5.2250000000000005,1.8387940211647009,1,sr,1.179e-15
5.2375000000000007,1.8345433155433084,1,sr,1.613e-16
5.2500000000000009,1.8303064363694468,1,sr,1.148e-11
5.2625000000000002,1.8260840624815666,1,sr,8.153e-12
5.2750000000000004,1.8218768497663489,1,sr,1.029e-15
5.2875000000000005,1.8176854317062987,1,sr,7.601e-16
5.3000000000000007,1.8135104200688263,1,sr,8.162e-16
5.3125000000000009,1.8093524054983199,1,sr,2.182e-16
5.3250000000000002,1.8052119581270401,1,sr,6.292e-12
5.3375000000000004,1.8010896281532291,1,sr,3.036e-12
5.3500000000000005,1.7969859464559568,1,sr,3.293e-16
5.3625000000000007,1.7929014251240631,1,sr,5.499e-16
5.3750000000000009,1.7888365580395906,1,sr,8.816e-16
5.3875000000000002,1.7847918214130172,1,sr,8.832e-16
5.4000000000000004,1.7807676742948786,1,sr,5.249e-11
5.4125000000000005,1.7767645592034054,1,sr,2.770e-16
5.4250000000000007,1.7727829024149593,1,sr,1.110e-16
5.4375000000000009,1.768823114674803,1,sr,7.780e-16
5.4500000000000002,1.7648855915521129,1,sr,4.644e-11
5.4625000000000004,1.7609707140145592,1,sr,2.417e-11
5.4750000000000005,1.7570788487473579,1,sr,1.674e-16
5.4875000000000007,1.7532103486881883,1,sr,4.191e-16
5.5000000000000009,1.7493655534632548,1,sr,1.110e-16
5.5125000000000002,1.7455447897936054,1,sr,3.811e-11
5.5250000000000004,1.7417483718400413,1,sr,6.268e-16
5.5375000000000005,1.7379766017488902,1,sr,6.737e-16
5.5500000000000007,1.7342297698903772,1,sr,1.185e-15
5.5625000000000009,1.7305081553201496,1,sr,3.233e-11
5.5750000000000002,1.7268120260673745,1,sr,1.520e-15
5.5875000000000004,1.7231416396110155,1,sr,1.581e-15
5.6000000000000005,1.7194972431000775,1,sr,5.074e-16
5.6125000000000007,1.7158790737262359,1,sr,5.762e-11
5.6250000000000009,1.7122873591412211,1,sr,3.246e-16
5.6375000000000002,1.7087223175553017,1,sr,8.544e-16
5.6500000000000004,1.7051841582560219,1,sr,4.166e-12
5.6625000000000005,1.7016730817870223,1,sr,6.642e-16
5.6750000000000007,1.6981892802690568,1,sr,7.705e-16
5.6875000000000009,1.6947329376769058,1,sr,4.669e-11
5.7000000000000002,1.6913042300195764,1,sr,2.638e-11
5.7125000000000004,1.6879033258130203,1,sr,1.857e-15
5.7250000000000005,1.6845303860657717,1,sr,2.490e-15
5.7375000000000007,1.681185564680189,1,sr,5.476e-11
5.7500000000000009,1.6778690087188297,1,sr,1.839e-16
5.7625000000000002,1.6745808584531718,1,sr,2.445e-11
5.7750000000000004,1.6713212477125088,1,sr,5.882e-11
5.7875000000000005,1.6680903041869428,1,sr,1.902e-15
5.8000000000000007,1.6648881493544028,1,sr,6.010e-12
5.8125000000000009,1.6617148989191477,1,sr,5.309e-11
5.8250000000000002,1.6585706629603696,1,sr,6.360e-16
5.8375000000000004,1.6554555459740452,1,sr,8.291e-12
5.8500000000000005,1.6523696471884726,1,sr,5.990e-11
5.8625000000000007,1.6493130607537472,1,sr,6.334e-11
5.8750000000000009,1.6462858758067107,1,sr,2.894e-11
5.8875000000000002,1.6432881765941809,1,sr,3.774e-11
5.9000000000000004,1.6403200427711455,1,sr,7.916e-13
5.9125000000000005,1.6373815494945634,1,sr,2.507e-11
5.9250000000000007,1.6344727674639006,1,sr,2.160e-12
5.9375000000000009,1.6315937631951112,1,sr,3.835e-12
5.9500000000000002,1.6287445990511917,1,sr,1.485e-12
5.9625000000000004,1.6259253334036514,1,sr,1.272e-11
5.9750000000000005,1.6231360207251386,1,sr,2.686e-11
5.9875000000000007,1.6203767117830707,1,sr,1.053e-11
6.0000000000000009,1.6176474535771193,1,sr,6.328e-11
6.0125000000000002,1.6149482896959011,1,sr,8.307e-14
6.0250000000000004,1.6122792601147524,1,sr,9.277e-16
6.0375000000000005,1.6096404015264472,1,sr,5.670e-12
6.0500000000000007,1.607031747327738,1,sr,2.006e-16
6.0625000000000009,1.6044533276983477,1,sr,1.659e-11
6.0750000000000002,1.6019051697256448,1,sr,2.169e-15
6.0875000000000004,1.5993872974036989,1,sr,2.548e-11
6.1000000000000005,1.5968997318020248,1,sr,0.000e+00
6.1125000000000007,1.5944424910070858,1,sr,2.583e-11
6.1250000000000009,1.5920155903157771,1,sr,2.761e-16
6.1375000000000002,1.5896190421553384,1,sr,1.502e-11
6.1500000000000004,1.5872528562535841,1,sr,1.596e-15
6.1625000000000005,1.5849170395901397,1,sr,9.050e-13
6.1750000000000007,1.5826115964976495,1,sr,6.035e-16
6.1875000000000009,1.580336528669638,1,sr,1.643e-16
6.2000000000000002,1.5780918352000677,1,sr,9.841e-16
6.2125000000000004,1.5758775126086906,1,sr,1.856e-15
6.2250000000000005,1.5736935548635973,1,sr,4.358e-16
6.2375000000000007,1.5715399533987922,1,sr,1.087e-16
6.2500000000000009,1.5694166971094241,1,sr,5.252e-11
6.2625000000000002,1.5673237724482203,1,sr,5.958e-16
6.2750000000000004,1.5652611632522793,1,sr,2.325e-15
6.2875000000000005,1.5632288509181878,1,sr,5.935e-16
6.3000000000000007,1.561226814307378,1,sr,1.400e-15
6.3125000000000009,1.5592550297704166,1,sr,5.308e-11
6.3250000000000002,1.557313471041063,1,sr,1.930e-15
6.3375000000000004,1.5554021093941204,1,sr,1.124e-15
6.3500000000000005,1.5535209134396228,1,sr,1.602e-16
6.3625000000000007,1.5516698491806544,1,sr,1.066e-15
6.3750000000000009,1.5498488799563623,1,sr,5.673e-12
6.3875000000000002,1.5480579664090486,1,sr,3.713e-16
6.4000000000000004,1.5462970664168214,1,sr,2.170e-15
6.4125000000000005,1.5445661350440147,1,sr,4.450e-11
6.4250000000000007,1.5428651245481935,1,sr,9.483e-16
6.4375000000000009,1.5411939841648641,1,sr,2.102e-15
6.4500000000000002,1.5395526601714113,1,sr,4.954e-11
6.4625000000000004,1.5379410958190791,1,sr,1.046e-16
6.4750000000000005,1.5363592310947507,1,sr,2.088e-16
6.4875000000000007,1.5348070027980181,1,sr,1.065e-11
6.5000000000000009,1.5332843443787216,1,sr,3.532e-15
6.5125000000000002,1.5317911858148987,1,sr,1.451e-15
6.5250000000000004,1.5303274535408733,1,sr,6.202e-16
6.5375000000000005,1.5288930703134123,1,sr,1.031e-15
6.5500000000000007,1.5274879550932625,1,sr,5.143e-16
6.5625000000000009,1.526112022916164,1,sr,0.000e+00
6.5750000000000002,1.5247651847511052,1,sr,1.658e-11
6.5875000000000004,1.5234473473865564,1,sr,1.123e-15
6.6000000000000005,1.5221584132221839,1,sr,9.165e-16
6.6125000000000007,1.5208982801700135,1,sr,4.212e-16
6.6250000000000009,1.5196668414493359,1,sr,3.269e-11
6.6375000000000002,1.5184639854790853,1,sr,4.042e-16
6.6500000000000004,1.5172895955828167,1,sr,2.218e-15
6.6625000000000005,1.5161435499188352,1,sr,1.005e-15
6.6750000000000007,1.5150257212307321,1,sr,5.526e-12
6.6875000000000009,1.5139359766484979,1,sr,1.600e-15
6.7000000000000002,1.5128741775006413,1,sr,2.993e-16
6.7125000000000004,1.511840179079446,1,sr,2.090e-15
6.7250000000000005,1.5108338304290381,1,sr,5.956e-16
6.7375000000000007,1.5098549741121978,1,sr,6.676e-12
6.7500000000000009,1.508903445987084,1,sr,6.913e-16
6.7625000000000002,1.507979074940845,1,sr,3.842e-15
6.7750000000000004,1.5070816826657045,1,sr,2.653e-15
6.7875000000000005,1.5062110833924618,1,sr,1.274e-15
6.8000000000000007,1.505367083632883,1,sr,1.958e-15
6.8125000000000009,1.5045494818938214,1,sr,5.501e-11
6.8250000000000002,1.5037580685094025,1,sr,1.070e-15
6.8375000000000004,1.5029926251611678,1,sr,2.911e-15
6.8500000000000005,1.5022529248043106,1,sr,2.323e-15
6.8625000000000007,1.5015387312829656,1,sr,1.062e-15
6.8750000000000009,1.5008497990657197,1,sr,1.156e-15
6.8875000000000002,1.5001858729585578,1,sr,0.000e+00
6.9000000000000004,1.4995466877966479,1,sr,5.194e-11
6.9125000000000005,1.4989319682546014,1,sr,1.052e-15
6.9250000000000007,1.4983414283597178,1,sr,1.861e-15
6.9375000000000009,1.4977747714031662,1,sr,3.189e-15
6.9500000000000002,1.4972316895561695,1,sr,8.619e-16
6.9625000000000004,1.4967118636087211,1,sr,1.800e-15
6.9750000000000005,1.4962149626932086,1,sr,8.036e-16
6.9875000000000007,1.495740644014089,1,sr,1.368e-15
7.0000000000000009,1.4952885525849622,1,sr,1.553e-15
7.0125000000000002,1.4948583209724962,1,sr,5.038e-12
7.0250000000000004,1.4944495690377717,1,sr,6.291e-11
7.0375000000000005,1.4940619038088865,1,sr,1.403e-16
7.0500000000000007,1.4936949190342297,1,sr,1.587e-15
7.0625000000000009,1.4933481952181895,1,sr,1.118e-15
7.0750000000000002,1.4930212993133283,1,sr,1.162e-15
7.0875000000000004,1.4927137845786551,1,sr,7.890e-16
7.1000000000000005,1.492425190434032,1,sr,1.019e-15
7.1125000000000007,1.4921550423375118,1,sr,9.248e-16
7.1250000000000009,1.491902851687634,1,sr,1.016e-15
7.1375000000000002,1.4916681157527083,1,sr,1.981e-15
7.1500000000000004,1.4914503176291645,1,sr,4.601e-17
7.1625000000000005,1.4912489262310125,1,sr,1.332e-15
7.1750000000000007,1.4910633963125031,1,sr,1.376e-16
7.1875000000000009,1.4908931685260101,1,sr,0.000e+00
7.2000000000000002,1.4907376695171475,1,sr,0.000e+00
7.2125000000000004,1.4905963120590826,1,sr,1.644e-15
7.2250000000000005,1.490468495227913,1,sr,1.049e-15
7.2375000000000007,1.490353604620904,1,sr,7.060e-16
7.2500000000000009,1.4902510126192847,1,sr,8.872e-16
7.2625000000000002,1.4901600786971241,1,sr,4.999e-16
7.2750000000000004,1.4900801497937668,1,sr,3.849e-11
7.2875000000000005,1.4900105606390139,1,sr,6.564e-13
7.3000000000000007,1.4899506343669089,1,sr,3.481e-13
7.3125000000000009,1.489899682863701,1,sr,1.357e-12
7.3250000000000002,1.4898570074022544,1,sr,2.613e-12
7.3375000000000004,1.4898218992351806,1,sr,3.849e-12
7.3500000000000005,1.4897936402543042,1,sr,4.920e-12
7.3625000000000007,1.4897715037017507,1,sr,5.751e-12
7.3750000000000009,1.4897547549318055,1,sr,6.326e-12
7.3875000000000002,1.4897426522227086,1,sr,6.657e-12
7.4000000000000004,1.4897344476371681,1,sr,6.780e-12
7.4125000000000005,1.4897293879300593,1,sr,6.736e-12
7.4250000000000007,1.489726715501416,1,sr,6.572e-12
7.4375000000000009,1.4897256693924774,1,sr,6.336e-12
7.4500000000000002,1.4897254863221903,1,sr,6.064e-12
7.4625000000000004,1.4897254017612258,1,sr,5.796e-12
7.4750000000000005,1.4897246510402355,1,sr,5.559e-12
7.4875000000000007,1.4897224704887315,1,sr,5.375e-12
7.5000000000000009,1.4897180986006773,1,sr,5.270e-12
7.5125000000000002,1.4897107772225722,1,sr,5.255e-12
7.5250000000000004,1.4896997527595541,1,sr,5.354e-12
7.5375000000000005,1.4896842773948087,1,sr,5.574e-12
7.5500000000000007,1.4896636103173362,1,sr,5.936e-12
7.5625000000000009,1.489637018952997,1,sr,6.459e-12
7.5750000000000002,1.4896037801935895,1,sr,7.155e-12
7.5875000000000004,1.489563181618611,1,sr,8.041e-12
7.6000000000000005,1.4895145227043312,1,sr,9.129e-12
7.6125000000000007,1.4894571160147603,1,sr,1.042e-11
7.6250000000000009,1.4893902883691461,1,sr,1.190e-11
7.6375000000000002,1.489313381980709,1,sr,1.355e-11
7.6500000000000004,1.4892257555614445,1,sr,1.532e-11
7.6625000000000005,1.4891267853879917,1,sr,1.713e-11
7.6750000000000007,1.489015866323772,1,sr,1.887e-11
7.6875000000000009,1.4888924127928562,1,sr,2.041e-11
7.7000000000000002,1.488755859701312,1,sr,2.160e-11
7.7125000000000004,1.4886056633020865,1,sr,2.226e-11
7.7250000000000005,1.4884413019998661,1,sr,2.222e-11
7.7375000000000007,1.4882622770926988,1,sr,2.133e-11
7.7500000000000009,1.4880681134476217,1,sr,1.948e-11
7.7625000000000002,1.4878583601078963,1,sr,1.665e-11
7.7750000000000004,1.4876325908299688,1,sr,1.293e-11
7.7875000000000005,1.4873904045660795,1,sr,3.519e-11
7.8000000000000007,1.4871314257728518,1,sr,4.521e-12
7.8125000000000009,1.4868553048879392,1,sr,4.470e-13
7.8250000000000002,1.4865617184347322,1,sr,3.853e-12
7.8375000000000004,1.4862503692485223,1,sr,5.655e-12
7.8500000000000005,1.4859209865758427,1,sr,5.425e-12
7.8625000000000007,1.4855733260999493,1,sr,3.320e-12
7.8750000000000009,1.4852071698999554,1,sr,6.430e-13
7.8875000000000002,1.4848223263395017,1,sr,6.373e-12
7.9000000000000004,1.4844186299214677,1,sr,5.018e-11
7.9125000000000005,1.4839959409320689,1,sr,1.796e-15
7.9250000000000007,1.4835541453584207,1,sr,7.582e-16
7.9375000000000009,1.4830931543295256,1,sr,9.565e-16
7.9500000000000002,1.4826129038049558,1,sr,8.571e-16
7.9625000000000004,1.4821133540733742,1,sr,6.033e-11
7.9750000000000005,1.4815944893809576,1,sr,6.475e-11
7.9875000000000007,1.4810563170535527,1,sr,4.147e-11
8,1.4804988672970001,1,sr,1.306e-11
8.0124999999999993,1.4799221923462187,1,sr,7.784e-12
8.0250000000000004,1.4793263658582689,1,sr,4.834e-16
8.0374999999999996,1.4787114822022076,1,sr,1.260e-15
8.0499999999999989,1.4780776557845567,1,sr,1.944e-15
8.0625,1.4774250202983585,1,sr,1.169e-15
8.0749999999999993,1.4767537279756537,1,sr,2.334e-12
8.0875000000000004,1.4760639488061544,1,sr,6.340e-11
8.0999999999999996,1.4753558698697917,1,sr,1.326e-11
8.1124999999999989,1.4746296943206412,1,sr,3.939e-16
8.125,1.4738856408632053,1,sr,2.073e-15
8.1374999999999993,1.4731239428106031,1,sr,1.188e-15
8.1500000000000004,1.4723448473440057,1,sr,1.985e-16
8.1624999999999996,1.471548614726589,1,sr,2.189e-15
8.1749999999999989,1.470735517551556,1,sr,7.001e-11
8.1875,1.4699058398483806,1,sr,3.457e-11
8.1999999999999993,1.4690598766151914,1,sr,1.304e-15
8.2125000000000004,1.4681979327299843,1,sr,1.307e-15
8.2249999999999996,1.4673203224504578,1,sr,1.008e-16
8.2374999999999989,1.4664273686201081,1,sr,5.055e-16
8.25,1.4655194019991742,1,sr,5.259e-11
8.2624999999999993,1.4645967605021883,1,sr,6.097e-16
8.2750000000000004,1.4636597887047627,1,sr,5.094e-16
8.2874999999999996,1.4627088370366375,1,sr,3.064e-16
8.2999999999999989,1.4617442612455158,1,sr,5.120e-16
8.3125,1.4607664217713254,1,sr,3.468e-11
8.3249999999999993,1.4597756832224609,1,sr,7.203e-16
8.3375000000000004,1.4587724137145885,1,sr,1.547e-15
8.3499999999999996,1.4577569844439719,1,sr,1.344e-15
8.3624999999999989,1.4567297691236498,1,sr,5.300e-16
8.375,1.4556911434943329,1,sr,3.788e-11
8.3874999999999993,1.4546414849140308,1,sr,1.250e-15
8.4000000000000004,1.4535811718014855,1,sr,1.879e-15
8.4124999999999996,1.4525105833254957,1,sr,3.244e-15
8.4249999999999989,1.4514300989475004,1,sr,4.195e-16
8.4375,1.4503400980648773,1,sr,4.332e-11
8.4499999999999993,1.4492409595893041,1,sr,2.212e-15
8.4625000000000004,1.448133061731208,1,sr,6.430e-16
8.4749999999999996,1.4470167815560648,1,sr,2.327e-15
8.4874999999999989,1.4458924947457783,1,sr,6.361e-16
8.5,1.4447605753043244,1,sr,2.125e-16
8.5124999999999993,1.443621395293867,1,sr,1.171e-15
8.5250000000000004,1.4424753245883437,1,sr,5.333e-15
8.5374999999999996,1.4413227306439385,1,sr,7.480e-16
8.5499999999999989,1.4401639782894344,1,sr,1.344e-11
8.5625,1.4389994295104622,1,sr,3.754e-16
8.5749999999999993,1.4378294433032131,1,sr,3.600e-15
8.5875000000000004,1.4366543754699761,1,sr,8.613e-16
8.5999999999999996,1.435474578461027,1,sr,8.307e-11
8.6124999999999989,1.4342904013393551,1,sr,1.134e-15
8.625,1.4331021894330052,1,sr,3.571e-15
8.6374999999999993,1.4319102844375686,1,sr,2.710e-15
8.6500000000000004,1.4307150242014692,1,sr,2.063e-15
8.6624999999999996,1.4295167426535242,1,sr,1.903e-15
8.6749999999999989,1.4283157697188957,1,sr,2.341e-15
8.6875,1.4271124312447607,1,sr,1.963e-15
8.6999999999999993,1.425907048935211,1,sr,2.949e-15
8.7125000000000004,1.4246999402948171,1,sr,1.312e-15
8.7249999999999996,1.4234914185804157,1,sr,3.230e-15
8.7374999999999989,1.4222817927605831,1,sr,2.631e-15
8.75,1.4210713674823814,1,sr,1.866e-15
8.7624999999999993,1.4198604430625439,1,sr,7.178e-11
8.7750000000000004,1.4186493153790487,1,sr,7.153e-16
8.7874999999999996,1.4174382760336182,1,sr,2.589e-15
8.7999999999999989,1.4162276121664639,1,sr,1.323e-15
8.8125,1.4150176065412217,1,sr,1.882e-13
8.8249999999999993,1.4138085375284282,1,sr,1.934e-16
8.8375000000000004,1.4126006791117931,1,sr,9.954e-16
8.8499999999999996,1.4113943008976781,1,sr,1.162e-15
8.8624999999999989,1.4101896681336663,1,sr,1.941e-11
8.875,1.40898704170269,1,sr,1.663e-16
8.8874999999999993,1.4077866781895443,1,sr,1.498e-15
8.9000000000000004,1.4065888298581422,1,sr,1.642e-15
8.9124999999999996,1.4053937447174036,1,sr,7.202e-11
8.9249999999999989,1.4042016664608687,1,sr,0.000e+00
8.9375,1.4030128346656738,1,sr,1.307e-15
8.9499999999999993,1.4018274846566983,1,sr,6.495e-16
8.9625000000000004,1.4006458476114314,1,sr,5.898e-11
8.9749999999999996,1.3994681506469144,1,sr,2.367e-16
8.9874999999999989,1.3982946167209127,1,sr,2.786e-16
9,1.3971254648061766,1,sr,1.226e-15
9.0124999999999993,1.3959609098617369,1,sr,1.937e-15
9.0250000000000004,1.3948011628657306,1,sr,9.200e-11
9.0374999999999996,1.3936464309605388,1,sr,1.820e-15
9.0499999999999989,1.3924969172853392,1,sr,1.052e-15
9.0625,1.3913528212265271,1,sr,1.744e-17
9.0749999999999993,1.3902143383580041,1,sr,1.214e-11
9.0875000000000004,1.3890816604904954,1,sr,1.605e-15
9.0999999999999996,1.3879549757408844,1,sr,1.039e-15
9.1124999999999989,1.3868344685469587,1,sr,2.626e-15
9.125,1.3857203197404602,1,sr,7.929e-11
9.1374999999999993,1.3846127064742917,1,sr,1.057e-10
9.1500000000000004,1.3835118025571056,1,sr,7.530e-16
9.1624999999999996,1.3824177780832949,1,sr,1.412e-15
9.1749999999999989,1.3813307997720878,1,sr,1.067e-10
9.1875,1.3802510309901936,1,sr,1.801e-12
9.1999999999999993,1.3791786315556411,1,sr,9.633e-11
9.2125000000000004,1.378113758100239,1,sr,9.353e-11
9.2249999999999996,1.3770565638900474,1,sr,6.375e-11
9.2374999999999989,1.3760071988195177,1,sr,1.939e-11
9.25,1.3749658097065616,1,sr,4.783e-15
9.2624999999999993,1.3739325400680094,1,sr,2.148e-11
9.2750000000000004,1.3729075302505733,1,sr,5.280e-11
9.2874999999999996,1.3718909175466223,1,sr,6.675e-11
9.2999999999999989,1.3708828360153615,1,sr,9.483e-11
9.3125,1.3698834166930682,1,sr,1.484e-13
9.3249999999999993,1.3688927876027732,1,sr,8.079e-11
9.3375000000000004,1.3679110737465823,1,sr,4.041e-15
9.3499999999999996,1.3669383970449269,1,sr,2.793e-15
9.3624999999999989,1.3659748765153519,1,sr,3.869e-16
9.375,1.3650206282078134,1,sr,4.329e-13
9.3874999999999993,1.3640757652600017,1,sr,7.820e-11
9.4000000000000004,1.3631403978335175,1,sr,5.512e-16
9.4124999999999996,1.3622146333003686,1,sr,2.203e-15
9.4249999999999989,1.3612985760909473,1,sr,5.501e-17
9.4375,1.3603923277935719,1,sr,9.342e-16
9.4499999999999993,1.359495987132574,1,sr,8.507e-11
9.4625000000000004,1.3586096500719118,1,sr,2.303e-15
9.4749999999999996,1.3577334096413027,1,sr,1.753e-15
9.4874999999999989,1.356867356128266,1,sr,9.848e-16
9.5,1.3560115769926235,1,sr,1.585e-15
9.5124999999999993,1.3551661569108533,1,sr,9.886e-11
9.5250000000000004,1.3543311776765601,1,sr,2.132e-11
9.5374999999999996,1.3535067183920451,1,sr,1.579e-15
9.5499999999999989,1.3526928552995998,1,sr,7.612e-16
9.5625,1.3518896618392795,1,sr,3.204e-15
9.5749999999999993,1.3510972086456192,1,sr,2.657e-15
9.5875000000000004,1.3503155635360666,1,sr,1.137e-15
9.5999999999999996,1.3495447915224132,1,sr,9.405e-11
9.6125000000000007,1.3487849546976602,1,sr,1.674e-15
9.625,1.3480361124271245,1,sr,4.260e-15
9.6374999999999993,1.3472983211290166,1,sr,5.815e-15
9.6500000000000004,1.3465716343592369,1,sr,5.377e-16
9.6624999999999996,1.3458561027714722,1,sr,0.000e+00
9.6750000000000007,1.3451517740865979,1,sr,4.113e-11
9.6875,1.3444586931137974,1,sr,1.713e-15
9.6999999999999993,1.3437769016347079,1,sr,3.634e-15
9.7125000000000004,1.3431064384650675,1,sr,3.575e-15
9.7249999999999996,1.342447339379359,1,sr,4.794e-15
9.7375000000000007,1.3417996370871432,1,sr,3.776e-15
9.75,1.3411633611981537,1,sr,4.248e-16
9.7624999999999993,1.3405385381851651,1,sr,8.481e-16
9.7750000000000004,1.3399251913432926,1,sr,6.012e-12
9.7874999999999996,1.3393233407550138,1,sr,3.170e-16
9.8000000000000007,1.3387330032330482,1,sr,3.799e-15
9.8125,1.3381541922875717,1,sr,4.739e-15
9.8249999999999993,1.3375869180713147,1,sr,4.100e-15
9.8375000000000004,1.3370311873304404,1,sr,5.982e-15
9.8499999999999996,1.3364870033519545,1,sr,1.152e-15
9.8625000000000007,1.335954365908963,1,sr,9.413e-16
9.875,1.3354332712038799,1,sr,1.044e-15
9.8874999999999993,1.3349237118080124,1,sr,6.952e-12
9.9000000000000004,1.3344256766085365,1,sr,2.081e-16
9.9124999999999996,1.3339391507301215,1,sr,1.039e-15
9.9250000000000007,1.3334641154859261,1,sr,3.007e-15
9.9375,1.3330005483033904,1,sr,6.313e-15
9.9499999999999993,1.3325484226577007,1,sr,1.085e-14
9.9625000000000004,1.3321077080020856,1,sr,5.879e-15
9.9749999999999996,1.3316783696966414,1,sr,1.853e-15
9.9875000000000007,1.3312603689357301,1,sr,3.803e-15
10,1.3308536626741758,1,sr,2.052e-15
1.9625000000000001,14.980215803095746,2,sr,2.941e-15
1.9750000000000001,14.79122239694779,2,sr,1.136e-15
1.9875,14.605954590991454,2,sr,1.242e-14
2,14.424319620469197,2,sr,3.495e-11
2.0125000000000002,14.246227585637874,2,sr,1.130e-14
2.0250000000000004,14.071591347626908,2,sr,4.744e-16
2.0375000000000001,13.900326429086823,2,sr,1.100e-15
2.0500000000000003,13.732350918803142,2,sr,1.249e-15
2.0625000000000004,13.567585380435867,2,sr,7.137e-15
2.0750000000000002,13.405952765069264,2,sr,3.083e-16
2.0875000000000004,13.247378327406221,2,sr,8.732e-15
2.1000000000000001,13.091789545434143,2,sr,6.242e-15
2.1125000000000003,12.939116043420571,2,sr,4.209e-11
2.1250000000000004,12.789289517908577,2,sr,3.676e-11
2.1375000000000002,12.642243667168103,2,sr,1.046e-15
2.1500000000000004,12.497914122776724,2,sr,1.489e-15
2.1625000000000001,12.356238384658948,2,sr,1.033e-15
2.1750000000000003,12.217155758309236,2,sr,2.494e-15
2.1875000000000004,12.080607294646004,2,sr,3.792e-15
2.2000000000000002,11.946535732225332,2,sr,4.781e-15
2.2125000000000004,11.814885441726902,2,sr,1.207e-12
2.2250000000000001,11.685602372615737,2,sr,6.441e-15
2.2375000000000003,11.558634001869871,2,sr,4.125e-15
2.2500000000000004,11.433929284717655,2,sr,1.991e-11
2.2625000000000002,11.311438607195869,2,sr,6.604e-15
2.2750000000000004,11.191113740697485,2,sr,5.727e-15
2.2875000000000001,11.072907798031672,2,sr,9.717e-16
2.3000000000000003,10.956775191317348,2,sr,8.140e-15
2.3125000000000004,10.84267159140299,2,sr,4.525e-15
2.3250000000000002,10.730553888824673,2,sr,1.363e-16
2.3375000000000004,10.620380156227331,2,sr,5.688e-15
2.3500000000000001,10.512109612188734,2,sr,5.653e-15
2.3625000000000003,10.405702586388427,2,sr,5.465e-16
2.3750000000000004,10.301120486066818,2,sr,3.325e-15
2.3875000000000002,10.19832576372221,2,sr,4.096e-15
2.4000000000000004,10.097281885995958,2,sr,1.313e-15
2.4125000000000005,9.9979533036985071,2,sr,3.001e-15
2.4250000000000003,9.9003054229311349,2,sr,2.074e-15
2.4375000000000004,9.8043045772403214,2,sr,3.197e-11
2.4500000000000002,9.7099180009040218,2,sr,5.733e-13
2.4625000000000004,9.617113802891863,2,sr,1.018e-15
2.4750000000000005,9.5258609421567471,2,sr,1.390e-15
2.4875000000000003,9.4361292035328628,2,sr,1.256e-15
2.5000000000000004,9.3478891746148971,2,sr,6.614e-15
2.5125000000000002,9.2611122234533809,2,sr,3.347e-15
2.5250000000000004,9.17577047705295,2,sr,3.695e-16
2.5375000000000005,9.0918368006444723,2,sr,2.080e-15
2.5500000000000003,9.0092847776821774,2,sr,3.110e-11
2.5625000000000004,8.9280886906853656,2,sr,8.524e-16
2.5750000000000002,8.8482235024603479,2,sr,2.398e-16
2.5875000000000004,8.7696648384041893,2,sr,7.825e-12
2.6000000000000005,8.6923889691734981,2,sr,4.022e-15
2.6125000000000003,8.6163727940216273,2,sr,4.582e-15
2.6250000000000004,8.5415938248254548,2,sr,1.637e-15
2.6375000000000002,8.4680301706138401,2,sr,2.320e-15
2.6500000000000004,8.3956605226915109,2,sr,6.904e-16
2.6625000000000005,8.3244641402899244,2,sr,1.704e-11
2.6750000000000003,8.2544208368051812,2,sr,1.926e-11
2.6875000000000004,8.1855109664452819,2,sr,1.802e-15
2.7000000000000002,8.1177154114072057,2,sr,2.237e-16
2.7125000000000004,8.0510155696290191,2,sr,0.000e+00
2.7250000000000005,7.9853933428686492,2,sr,1.212e-15
2.7375000000000003,7.9208311253044918,2,sr,5.251e-15
2.7500000000000004,7.8573117925580949,2,sr,5.538e-15
2.7625000000000002,7.7948186911385191,2,sr,2.009e-12
2.7750000000000004,7.7333356283067189,2,sr,1.390e-15
2.7875000000000005,7.6728468623152626,2,sr,1.698e-15
2.8000000000000003,7.6133370930666127,2,sr,7.372e-16
2.8125000000000004,7.5547914531220881,2,sr,2.436e-12
2.8250000000000002,7.4971954990976393,2,sr,3.732e-15
2.8375000000000004,7.4405352033833703,2,sr,1.440e-15
2.8500000000000005,7.3847969462460936,2,sr,2.177e-12
2.8625000000000003,7.3299675082484166,2,sr,6.143e-14
2.8750000000000004,7.276034062978388,2,sr,2.710e-15
2.8875000000000002,7.2229841701296822,2,sr,2.589e-15
2.9000000000000004,7.1708057688627029,2,sr,4.739e-15
2.9125000000000005,7.1194871714646162,2,sr,1.084e-11
2.9250000000000003,7.0690170573772493,2,sr,2.417e-11
2.9375000000000004,7.0193844672162102,2,sr,1.418e-11
2.9500000000000002,6.9705787976603988,2,sr,7.634e-16
2.9625000000000004,6.9225897958274727,2,sr,2.838e-16
2.9750000000000005,6.8754075545473761,2,sr,0.000e+00
2.9875000000000003,6.8290225075682578,2,sr,2.497e-11
3.0000000000000004,6.7834254249534141,2,sr,1.840e-12
3.0125000000000002,6.7386074090472157,2,sr,9.005e-12
3.0250000000000004,6.6945598901405141,2,sr,6.432e-12
3.0375000000000005,6.6512746228338955,2,sr,1.617e-15
3.0500000000000003,6.6087436822146097,2,sr,1.541e-11
3.0625000000000004,6.5669594603902324,2,sr,4.398e-16
3.0750000000000002,6.5259146632746905,2,sr,3.485e-16
3.0875000000000004,6.4856023072525373,2,sr,1.985e-15
3.1000000000000005,6.4460157162060439,2,sr,1.025e-15
3.1125000000000003,6.4071485185609971,2,sr,8.463e-17
3.1250000000000004,6.3689946444208649,2,sr,1.962e-11
3.1375000000000002,6.3315483229062943,2,sr,2.406e-15
3.1500000000000004,6.2948040792132973,2,sr,9.952e-13
3.1625000000000005,6.2587567321651356,2,sr,1.894e-11
3.1750000000000003,6.2234013912925565,2,sr,1.113e-11
3.1875000000000004,6.1887334543107926,2,sr,1.894e-11
3.2000000000000002,6.1547486041023358,2,sr,1.361e-12
3.2125000000000004,6.1214428060208599,2,sr,1.950e-15
3.2250000000000005,6.0888123046022384,2,sr,1.796e-11
3.2375000000000003,6.0568536205356658,2,sr,1.146e-15
3.2500000000000004,6.0255635468931716,2,sr,8.311e-16
3.2625000000000002,5.9949391455425758,2,sr,6.764e-14
3.2750000000000004,5.9649777428463739,2,sr,1.005e-14
3.2875000000000005,5.9356769250563479,2,sr,6.581e-16
3.3000000000000003,5.9070345331693721,2,sr,5.785e-16
3.3125000000000004,5.8790486571659493,2,sr,9.233e-12
3.3250000000000002,5.8517176296317155,2,sr,7.072e-17
3.3375000000000004,5.8250400183850743,2,sr,3.595e-12
3.3500000000000005,5.799014618411416,2,sr,8.272e-12
3.3625000000000003,5.7736404426966876,2,sr,1.223e-11
3.3750000000000004,5.7489167117708035,2,sr,8.477e-12
3.3875000000000002,5.7248428420418547,2,sr,2.573e-13
3.4000000000000004,5.7014184326052488,2,sr,1.122e-15
3.4125000000000005,5.6786432504339412,2,sr,9.581e-12
3.4250000000000003,5.6565172137224238,2,sr,2.580e-16
3.4375000000000004,5.6350403729950544,2,sr,2.675e-12
3.4500000000000002,5.6142128902126078,2,sr,3.537e-12
3.4625000000000004,5.5940350152265435,2,sr,4.556e-12
3.4750000000000005,5.5745070594280213,2,sr,1.381e-12
3.4875000000000003,5.5556293664420755,2,sr,6.688e-16
3.5000000000000004,5.5374022795238149,2,sr,5.520e-16
3.5125000000000002,5.5198261053335367,2,sr,1.563e-13
3.5250000000000004,5.5029010738163562,2,sr,7.688e-12
3.5375000000000005,5.4866272939877048,2,sr,8.119e-16
3.5500000000000003,5.4710047050033879,2,sr,5.838e-16
3.5625000000000004,5.4560330227452098,2,sr,1.133e-15
3.5750000000000002,5.4417116811110597,2,sr,1.110e-16
3.5875000000000004,5.4280397680573502,2,sr,4.807e-12
3.6000000000000005,5.4150159561346625,2,sr,2.181e-13
3.6125000000000003,5.4026384271163499,2,sr,4.346e-12
3.6250000000000004,5.3909047910514358,2,sr,2.674e-16
3.6375000000000002,5.3798119991082718,2,sr,7.410e-14
3.6500000000000004,5.3693562508582522,2,sr,6.442e-13
3.6625000000000005,5.35953289576101,2,sr,3.295e-13
3.6750000000000003,5.350336329389398,2,sr,2.048e-16
3.6875000000000004,5.3417598848694974,2,sr,7.093e-16
3.7000000000000002,5.3337957202404604,2,sr,1.061e-12
3.7125000000000004,5.3264347027129366,2,sr,3.724e-16
3.7250000000000005,5.3196662909953547,2,sr,9.291e-14
3.7375000000000003,5.3134784172935694,2,sr,9.196e-13
3.7500000000000004,5.3078573707255989,2,sr,1.043e-12
3.7625000000000002,5.3027876843422055,2,sr,8.832e-13
3.7750000000000004,5.298252028264808,2,sr,6.157e-13
3.7875000000000005,5.2942311117490357,2,sr,1.617e-13
3.8000000000000003,5.2907035973133345,2,sr,4.672e-17
3.8125000000000004,5.2876460303427519,2,sr,3.432e-13
3.8250000000000002,5.2850327877700707,2,sr,2.277e-13
3.8375000000000004,5.2828360495307702,2,sr,1.409e-13
3.8500000000000005,5.2810257965594403,2,sr,3.415e-17
3.8625000000000003,5.2795698388244281,2,sr,5.662e-17
3.8750000000000004,5.2784338767193599,2,sr,4.746e-14
3.8875000000000002,5.277581598534999,2,sr,1.119e-13
3.9000000000000004,5.2769748160981313,2,sr,4.308e-16
3.9125000000000005,5.2765736397618088,2,sr,4.017e-16
3.9250000000000003,5.2763366928587834,2,sr,2.227e-17
3.9375000000000004,5.2762213645253224,2,sr,6.671e-17
3.9500000000000002,5.2761840984556265,2,sr,1.152e-15
3.9625000000000004,5.2761807137733774,2,sr,4.917e-16
3.9750000000000005,5.2761667528411094,2,sr,2.223e-17
3.9875000000000003,5.2760978495645281,2,sr,4.423e-16
4,5.2759301106475958,2,sr,5.399e-12
4.0125000000000002,5.2756205015785067,2,sr,2.925e-12
4.0250000000000004,5.2751272280573502,2,sr,7.052e-14
4.0375000000000005,5.2744101046892213,2,sr,1.143e-14
4.0500000000000007,5.2734309012750895,2,sr,1.647e-14
4.0625,5.2721536593131439,2,sr,2.291e-14
4.0750000000000002,5.2705449713222583,2,sr,1.072e-14
4.0875000000000004,5.2685742172690411,2,sr,7.348e-12
4.1000000000000005,5.2662137539984526,2,sr,9.209e-14
4.1125000000000007,5.2634390545962928,2,sr,2.332e-17
4.125,5.2602287975443502,2,sr,8.297e-15
4.1375000000000002,5.2565649055986894,2,sr,2.263e-13
4.1500000000000004,5.2524325370397928,2,sr,3.424e-13
4.1625000000000005,5.2478200325950413,2,sr,3.378e-16
4.1750000000000007,5.2427188225317449,2,sr,6.091e-16
4.1875,5.237123299148001,2,sr,3.811e-13
4.2000000000000002,5.2310306603231842,2,sr,1.675e-13
4.2125000000000004,5.2244407299917404,2,sr,1.482e-15
4.2250000000000005,5.2173557613762869,2,sr,3.207e-13
4.2375000000000007,5.2097802285070003,2,sr,1.021e-11
4.25,5.2017206113416732,2,sr,1.301e-13
4.2625000000000002,5.1931851786307925,2,sr,6.307e-16
4.2750000000000004,5.1841837733774749,2,sr,2.127e-16
4.2875000000000005,5.1747276034563114,2,sr,2.153e-16
4.3000000000000007,5.1648290406710817,2,sr,1.099e-11
4.3125,5.1545014300708019,2,sr,1.764e-15
4.3250000000000002,5.1437589116107141,2,sr,1.060e-15
4.3375000000000004,5.132616254410495,2,sr,1.243e-15
4.3500000000000005,5.1210887050383977,2,sr,9.674e-13
4.3625000000000007,5.1091918495533148,2,sr,5.790e-17
4.375,5.0969414894265501,2,sr,2.925e-12
4.3875000000000002,5.0843535308811338,2,sr,4.154e-16
4.4000000000000004,5.0714438872940919,2,sr,3.199e-12
4.4125000000000005,5.0582283937230352,2,sr,6.082e-17
4.4250000000000007,5.0447227330884825,2,sr,9.235e-16
4.4375,5.0309423728740654,2,sr,2.894e-12
4.4500000000000002,5.0169025116801294,2,sr,7.957e-12
4.4625000000000004,5.0026180346450708,2,sr,5.747e-16
4.4750000000000005,4.9881034770054864,2,sr,1.939e-16
4.4875000000000007,4.9733729946915615,2,sr,1.308e-15
4.5,4.958440341492742,2,sr,5.956e-16
4.5125000000000002,4.9433188518258939,2,sr,6.695e-16
4.5250000000000004,4.9280214284926309,2,sr,7.451e-16
4.5375000000000005,4.9125605347747268,2,sr,1.764e-16
4.5500000000000007,4.8969481902602325,2,sr,1.905e-11
4.5625,4.8811959700509098,2,sr,1.413e-11
4.5750000000000002,4.8653150062666368,2,sr,1.644e-12
4.5875000000000004,4.8493159925778171,2,sr,9.316e-16
4.6000000000000005,4.8332091900167091,2,sr,6.520e-16
4.6125000000000007,4.8170044347338488,2,sr,9.965e-12
4.625,4.8007111470374895,2,sr,1.024e-11
4.6375000000000002,4.7843383412550757,2,sr,6.732e-16
4.6500000000000004,4.7678946367894159,2,sr,8.314e-16
4.6625000000000005,4.7513882694007608,2,sr,1.520e-11
4.6750000000000007,4.7348271032527087,2,sr,1.543e-16
4.6875,4.7182186429605384,2,sr,1.013e-15
4.7000000000000002,4.7015700461228942,2,sr,2.375e-12
4.7125000000000004,4.6848881357136429,2,sr,9.533e-16
4.7250000000000005,4.6681794125119733,2,sr,1.765e-15
4.7375000000000007,4.6514500674678665,2,sr,1.781e-15
4.75,4.6347059938800372,2,sr,2.125e-15
4.7625000000000002,4.6179527993813236,2,sr,8.247e-17
4.7750000000000004,4.6011958176709857,2,sr,5.674e-12
4.7875000000000005,4.5844401199953495,2,sr,1.511e-15
4.8000000000000007,4.5676905262560874,2,sr,4.235e-16
4.8125000000000009,4.5509516158731707,2,sr,1.743e-11
4.8250000000000002,4.5342277383215288,2,sr,8.686e-16
4.8375000000000004,4.5175230231518881,2,sr,4.343e-16
4.8500000000000005,4.5008413899023409,2,sr,2.253e-11
4.8625000000000007,4.4841865575552591,2,sr,1.324e-15
4.8750000000000009,4.4675620534799974,2,sr,1.780e-16
4.8875000000000002,4.4509712223292004,2,sr,4.370e-12
4.9000000000000004,4.4344172343670127,2,sr,1.084e-15
4.9125000000000005,4.4179030935096941,2,sr,2.185e-15
4.9250000000000007,4.4014316450765456,2,sr,3.833e-16
4.9375000000000009,4.3850055831727399,2,sr,8.960e-15
4.9500000000000002,4.3686274577745534,2,sr,8.373e-16
4.9625000000000004,4.3522996815060271,2,sr,4.216e-15
4.9750000000000005,4.3360245361197496,2,sr,3.018e-15
4.9875000000000007,4.3198041786919577,2,sr,2.659e-15
5.0000000000000009,4.3036406475421654,2,sr,2.485e-15
5.0125000000000002,4.2875358678876516,2,sr,2.982e-15
5.0250000000000004,4.2714916572429926,2,sr,2.807e-15
5.0375000000000005,4.2555097305967182,2,sr,3.981e-11
5.0500000000000007,4.2395917052223675,2,sr,5.880e-16
5.0625000000000009,4.2237391055917186,2,sr,9.858e-16
5.0750000000000002,4.2079533676366543,2,sr,2.677e-15
5.0875000000000004,4.1922358431320959,2,sr,5.584e-15
5.1000000000000005,4.1765878037512882,2,sr,3.008e-16
5.1125000000000007,4.1610104449547478,2,sr,5.747e-15
5.1250000000000009,4.1455048897236288,2,sr,4.835e-11
5.1375000000000002,4.1300721919786341,2,sr,1.211e-12
5.1500000000000004,4.1147133401909581,2,sr,3.226e-15
5.1625000000000005,4.0994292603675051,2,sr,5.094e-15
5.1750000000000007,4.0842208192346705,2,sr,3.878e-15
5.1875000000000009,4.0690888271458414,2,sr,5.195e-15
5.2000000000000002,4.0540340408742983,2,sr,1.775e-15
5.2125000000000004,4.0390571662783019,2,sr,8.913e-16
5.2250000000000005,4.0241588608437331,2,sr,2.370e-15
5.2375000000000007,4.0093397361103227,2,sr,3.913e-15
5.2500000000000009,3.9946003599869089,2,sr,1.328e-15
5.2625000000000002,3.9799412589465319,2,sr,3.389e-11
5.2750000000000004,3.9653629202232055,2,sr,3.305e-11
5.2875000000000005,3.9508657936081399,2,sr,1.182e-15
5.3000000000000007,3.9364502936607311,2,sr,1.995e-15
5.3125000000000009,3.9221168013298486,2,sr,4.438e-15
5.3250000000000002,3.9078656657931394,2,sr,2.715e-16
5.3375000000000004,3.8936972061184068,2,sr,1.090e-16
5.3500000000000005,3.8796117128646341,2,sr,2.952e-15
5.3625000000000007,3.865609449596962,2,sr,3.791e-11
5.3750000000000009,3.8516906544251768,2,sr,1.925e-15
5.3875000000000002,3.8378555412507591,2,sr,1.765e-15
5.4000000000000004,3.8241043012559888,2,sr,2.656e-15
5.4125000000000005,3.81043710412618,2,sr,4.775e-11
5.4250000000000007,3.7968540991970134,2,sr,4.839e-15
5.4375000000000009,3.7833554168107821,2,sr,2.122e-15
5.4500000000000002,3.7699411692459042,2,sr,2.138e-11
5.4625000000000004,3.7566114519238951,2,sr,4.147e-15
5.4750000000000005,3.7433663443396128,2,sr,2.442e-15
5.4875000000000007,3.7302059111322348,2,sr,1.081e-11
5.5000000000000009,3.7171302029705,2,sr,7.385e-15
5.5125000000000002,3.7041392575073648,2,sr,4.151e-15
5.5250000000000004,3.6912331002098124,2,sr,5.488e-16
5.5375000000000005,3.6784117452134444,2,sr,2.352e-15
5.5500000000000007,3.6656751960998957,2,sr,5.538e-11
5.5625000000000009,3.6530234467652756,2,sr,5.969e-16
5.5750000000000002,3.6404564819754381,2,sr,3.942e-11
5.5875000000000004,3.6279742782048436,2,sr,2.966e-15
5.6000000000000005,3.6155768043793861,2,sr,5.489e-11
5.6125000000000007,3.603264022318283,2,sr,7.367e-16
5.6250000000000009,3.5910358876236059,2,sr,1.386e-11
5.6375000000000002,3.5788923501077221,2,sr,1.574e-15
5.6500000000000004,3.5668333544283106,2,sr,1.336e-15
5.6625000000000005,3.554858840673667,2,sr,2.769e-11
5.6750000000000007,3.5429687449318608,2,sr,6.451e-16
5.6875000000000009,3.5311629997136764,2,sr,4.127e-11
5.7000000000000002,3.5194415346259516,2,sr,3.479e-15
5.7125000000000004,3.5078042766757469,2,sr,3.696e-16
5.7250000000000005,3.4962511508722063,2,sr,6.786e-11
5.7375000000000007,3.4847820807241301,2,sr,1.808e-11
5.7500000000000009,3.4733969885013698,2,sr,2.200e-15
5.7625000000000002,3.4620957958106695,2,sr,6.781e-11
5.7750000000000004,3.4508784240777532,2,sr,1.430e-11
5.7875000000000005,3.4397447946944841,2,sr,3.299e-12
5.8000000000000007,3.4286948296950492,2,sr,6.370e-12
5.8125000000000009,3.4177284519765072,2,sr,2.320e-12
5.8250000000000002,3.4068455857178264,2,sr,2.283e-11
5.8375000000000004,3.3960461567241138,2,sr,5.267e-11
5.8500000000000005,3.3853300927700882,2,sr,1.496e-11
5.8625000000000007,3.3746973240132938,2,sr,3.749e-12
5.8750000000000009,3.3641477832371338,2,sr,3.460e-11
5.8875000000000002,3.3536814062729539,2,sr,6.639e-11
5.9000000000000004,3.3432981321187656,2,sr,1.080e-11
5.9125000000000005,3.3329979035526032,2,sr,9.176e-16
5.9250000000000007,3.3227806671983191,2,sr,3.297e-15
5.9375000000000009,3.3126463739075622,2,sr,3.122e-16
5.9500000000000002,3.3025949790465123,2,sr,2.213e-15
5.9625000000000004,3.292626442777125,2,sr,1.330e-15
5.9750000000000005,3.2827407303362013,2,sr,1.529e-15
5.9875000000000007,3.272937812308959,2,sr,1.438e-15
6.0000000000000009,3.2632176648973505,2,sr,4.053e-15
6.0125000000000002,3.2535802701833414,2,sr,1.685e-15
6.0250000000000004,3.2440256163873076,2,sr,1.598e-15
6.0375000000000005,3.23455369810666,2,sr,4.563e-11
6.0500000000000007,3.2251645166235647,2,sr,5.061e-11
6.0625000000000009,3.2158580800825969,2,sr,1.242e-16
6.0750000000000002,3.2066344037142236,2,sr,1.500e-15
6.0875000000000004,3.1974935101628206,2,sr,1.829e-15
6.1000000000000005,3.1884354296495863,2,sr,1.382e-15
6.1125000000000007,3.1794602002386414,2,sr,6.603e-11
6.1250000000000009,3.1705678679494071,2,sr,4.947e-16
6.1375000000000002,3.1617584871961242,2,sr,7.125e-16
6.1500000000000004,3.1530321207807464,2,sr,2.732e-16
6.1625000000000005,3.1443888402231912,2,sr,3.079e-11
6.1750000000000007,3.1358287258914985,2,sr,5.431e-16
6.1875000000000009,3.1273518673056278,2,sr,5.306e-15
6.2000000000000002,3.1189583632272062,2,sr,3.238e-15
6.2125000000000004,3.110648321900257,2,sr,5.915e-16
6.2250000000000005,3.1024218612233936,2,sr,3.644e-15
6.2375000000000007,3.0942791089261448,2,sr,3.791e-15
6.2500000000000009,3.0862202027385228,2,sr,3.778e-15
6.2625000000000002,3.0782452905533977,2,sr,2.438e-15
6.2750000000000004,3.0703545305810489,2,sr,7.393e-16
6.2875000000000005,3.0625480914953833,2,sr,4.734e-16
6.3000000000000007,3.0548261525662488,2,sr,1.349e-11
6.3125000000000009,3.0471889038108206,2,sr,5.687e-15
6.3250000000000002,3.0396365460423733,2,sr,5.529e-11
6.3375000000000004,3.0321692911231279,2,sr,7.244e-15
6.3500000000000005,3.0247873618265175,2,sr,2.028e-11
6.3625000000000007,3.017490992157291,2,sr,2.718e-15
6.3750000000000009,3.010280427242666,2,sr,2.042e-16
6.3875000000000002,3.0031559234747833,2,sr,9.149e-16
6.4000000000000004,2.9961177485051511,2,sr,2.024e-16
6.4125000000000005,2.9891661812647081,2,sr,3.223e-15
6.4250000000000007,2.9823015119561536,2,sr,4.611e-15
6.4375000000000009,2.9755240420242912,2,sr,7.979e-16
6.4500000000000002,2.9688340841025167,2,sr,4.863e-15
6.4625000000000004,2.9622319619334916,2,sr,6.419e-15
6.4750000000000005,2.9557180102619216,2,sr,2.063e-15
6.4875000000000007,2.9492925746970795,2,sr,4.007e-15
6.5000000000000009,2.9429560115427753,2,sr,6.903e-15
6.5125000000000002,2.9367086875920605,2,sr,1.257e-15
6.5250000000000004,2.9305509798839822,2,sr,1.251e-15
6.5375000000000005,2.9244832754303109,2,sr,2.695e-11
6.5500000000000007,2.9185059708324199,2,sr,4.282e-15
6.5625000000000009,2.9126194720151655,2,sr,5.393e-15
6.5750000000000002,2.90682419369046,2,sr,6.116e-15
6.5875000000000004,2.9011205589305478,2,sr,5.613e-16
6.6000000000000005,2.8955089986166542,2,sr,1.860e-15
6.6125000000000007,2.8899899508356306,2,sr,3.847e-14
6.6250000000000009,2.884563860232169,2,sr,5.310e-11
6.6375000000000002,2.8792311771505656,2,sr,7.310e-16
6.6500000000000004,2.8739923570447972,2,sr,5.450e-16
6.6625000000000005,2.8688478593458751,2,sr,9.931e-16
6.6750000000000007,2.8637981465866673,2,sr,1.795e-15
6.6875000000000009,2.8588436832952553,2,sr,2.410e-15
6.7000000000000002,2.8539849348119635,2,sr,1.064e-15
6.7125000000000004,2.8492223660009555,2,sr,3.523e-16
6.7250000000000005,2.8445564398255732,2,sr,5.213e-11
6.7375000000000007,2.8399876159520954,2,sr,4.870e-14
6.7500000000000009,2.8355163488616544,2,sr,6.913e-16
6.7625000000000002,2.8311430863191536,2,sr,2.061e-15
6.7750000000000004,2.8268682673368053,2,sr,1.621e-15
6.7875000000000005,2.8226923201381493,2,sr,5.594e-15
6.8000000000000007,2.8186156599446837,2,sr,1.432e-15
6.8125000000000009,2.8146386865881299,2,sr,2.821e-11
6.8250000000000002,2.8107617820411748,2,sr,2.494e-16
6.8375000000000004,2.8069853075602791,2,sr,3.303e-16
6.8500000000000005,2.8033096009334213,2,sr,1.887e-15
6.8625000000000007,2.7997349733199721,2,sr,1.345e-11
6.8750000000000009,2.7962617060264461,2,sr,2.429e-16
6.8875000000000002,2.7928900469636906,2,sr,2.416e-15
6.9000000000000004,2.7896202070316902,2,sr,2.300e-11
6.9125000000000005,2.7864523562676395,2,sr,1.508e-15
6.9250000000000007,2.7833866196398285,2,sr,1.025e-15
6.9375000000000009,2.7804230728768196,2,sr,4.701e-16
6.9500000000000002,2.7775617378987869,2,sr,7.864e-16
6.9625000000000004,2.7748025781141656,2,sr,5.226e-12
6.9750000000000005,2.7721454935185643,2,sr,1.153e-15
6.9875000000000007,2.7695903155400585,2,sr,1.843e-11
7.0000000000000009,2.767136801821688,2,sr,1.821e-15
7.0125000000000002,2.7647846306142383,2,sr,4.926e-12
7.0250000000000004,2.7625333952600388,2,sr,2.251e-15
7.0375000000000005,2.760382598319473,2,sr,1.341e-15
7.0500000000000007,2.758331645698072,2,sr,1.036e-15
7.0625000000000009,2.7563798406184796,2,sr,2.943e-16
7.0750000000000002,2.7545263775302677,2,sr,1.548e-11
7.0875000000000004,2.7527703360398004,2,sr,4.363e-16
7.1000000000000005,2.7511106746936536,2,sr,9.823e-16
7.1125000000000007,2.7495462249978013,2,sr,1.155e-11
7.1250000000000009,2.7480756854277097,2,sr,1.787e-16
7.1375000000000002,2.7466976155306315,2,sr,2.489e-16
7.1500000000000004,2.7454104303758768,2,sr,1.278e-15
7.1625000000000005,2.7442123951448472,2,sr,2.166e-11
7.1750000000000007,2.7431016201996008,2,sr,9.620e-12
7.1875000000000009,2.7420760562904212,2,sr,8.435e-16
7.2000000000000002,2.7411334906464124,2,sr,3.468e-17
7.2125000000000004,2.740271543275528,2,sr,3.452e-16
7.2250000000000005,2.739487664096762,2,sr,6.493e-12
7.2375000000000007,2.7387791307598257,2,sr,2.354e-11
7.2500000000000009,2.7381430472946162,2,sr,3.373e-11
7.2625000000000002,2.7375763436694238,2,sr,3.381e-11
7.2750000000000004,2.7370757760817845,2,sr,2.166e-15
7.2875000000000005,2.7366379289411285,2,sr,4.850e-16
7.3000000000000007,2.7362592172120053,2,sr,6.387e-16
7.3125000000000009,2.7359358904499183,2,sr,7.291e-16
7.3250000000000002,2.73566403790843,2,sr,8.022e-16
7.3375000000000004,2.7354395949580401,2,sr,1.834e-16
7.3500000000000005,2.7352583508213018,2,sr,6.986e-16
7.3625000000000007,2.735115957653854,2,sr,2.034e-11
7.3750000000000009,2.7350079408598416,2,sr,8.738e-14
7.3875000000000002,2.7349297109475521,2,sr,2.090e-14
7.4000000000000004,2.7348765763417706,2,sr,5.224e-14
7.4125000000000005,2.7348437576355367,2,sr,6.420e-14
7.4250000000000007,2.7348264028764131,2,sr,6.178e-14
7.4375000000000009,2.7348196038945614,2,sr,4.778e-14
7.4500000000000002,2.7348184135374862,2,sr,3.434e-14
7.4625000000000004,2.7348178636730776,2,sr,2.042e-14
7.4750000000000005,2.7348129838058579,2,sr,1.260e-14
7.4875000000000007,2.7347988201368958,2,sr,6.326e-15
7.5000000000000009,2.7347704548858829,2,sr,1.157e-15
7.5125000000000002,2.7347230256851498,2,sr,4.946e-15
7.5250000000000004,2.7346517448499221,2,sr,1.140e-14
7.5375000000000005,2.734551918327397,2,sr,1.507e-14
7.5500000000000007,2.7344189641292096,2,sr,1.763e-14
7.5625000000000009,2.7342484300576473,2,sr,9.032e-15
7.5750000000000002,2.7340360105441603,2,sr,1.791e-12
7.5875000000000004,2.7337775624278948,2,sr,1.933e-11
7.6000000000000005,2.7334691195964305,2,sr,6.049e-16
7.6125000000000007,2.7331069060990587,2,sr,1.135e-15
7.6250000000000009,2.732687348082103,2,sr,4.736e-16
7.6375000000000002,2.73220708397842,2,sr,2.112e-13
7.6500000000000004,2.7316629731810482,2,sr,4.537e-13
7.6625000000000005,2.731052103061693,2,sr,4.846e-13
7.6750000000000007,2.7303717943314352,2,sr,1.377e-13
7.6875000000000009,2.7296196047513419,2,sr,4.835e-16
7.7000000000000002,2.7287933312203578,2,sr,1.006e-15
7.7125000000000004,2.7278910102931784,2,sr,6.974e-16
7.7250000000000005,2.7269109171988899,2,sr,6.405e-12
7.7375000000000007,2.7258515634160276,2,sr,2.992e-12
7.7500000000000009,2.724711692979854,2,sr,3.897e-16
7.7625000000000002,2.7234902775196574,2,sr,2.315e-15
7.7750000000000004,2.7221865102367753,2,sr,1.770e-11
7.7875000000000005,2.7207997988479011,2,sr,6.435e-12
7.8000000000000007,2.7193297578205038,2,sr,2.537e-16
7.8125000000000009,2.7177761997193763,2,sr,6.929e-16
7.8250000000000002,2.7161391260572798,2,sr,1.860e-11
7.8375000000000004,2.7144187175931704,2,sr,1.477e-16
7.8500000000000005,2.7126153244298434,2,sr,3.716e-16
7.8625000000000007,2.7107294556446919,2,sr,1.463e-11
7.8750000000000009,2.7087617688942607,2,sr,8.281e-16
7.8875000000000002,2.7067130600142573,2,sr,2.416e-11
7.9000000000000004,2.7045842525755051,2,sr,5.339e-16
7.9125000000000005,2.7023763874728961,2,sr,6.911e-16
7.9250000000000007,2.7000906129214552,2,sr,5.614e-13
7.9375000000000009,2.6977281744897423,2,sr,8.560e-16
7.9500000000000002,2.6952904055153484,2,sr,6.615e-12
7.9625000000000004,2.6927787178116183,2,sr,6.311e-16
7.9750000000000005,2.6901945928012219,2,sr,3.800e-12
7.9875000000000007,2.6875395729592877,2,sr,9.659e-16
8,2.6848152537540222,2,sr,2.657e-15
8.0124999999999993,2.6820232759550451,2,sr,1.375e-16
8.0250000000000004,2.6791653184118256,2,sr,1.974e-16
8.0374999999999996,2.6762430912607722,2,sr,3.287e-16
8.0499999999999989,2.6732583295739194,2,sr,2.482e-16
8.0625,2.6702127874466242,2,sr,8.422e-12
8.0749999999999993,2.6671082324888817,2,sr,4.276e-15
8.0875000000000004,2.6639464407924076,2,sr,5.908e-16
8.0999999999999996,2.6607291922173251,2,sr,1.276e-11
8.1124999999999989,2.6574582661615809,2,sr,4.362e-15
8.125,2.6541354375949466,2,sr,1.464e-15
8.1374999999999993,2.6507624735675894,2,sr,2.429e-15
8.1500000000000004,2.6473411299723622,2,sr,4.710e-15
8.1624999999999996,2.6438731486623479,2,sr,3.775e-15
8.1749999999999989,2.6403602548829483,2,sr,4.261e-11
8.1875,2.636804154884195,2,sr,3.556e-15
8.1999999999999993,2.6332065340607738,2,sr,4.920e-15
8.2125000000000004,2.6295690549927522,2,sr,1.080e-15
8.2249999999999996,2.6258933559791244,2,sr,2.717e-16
8.2374999999999989,2.6221810496817737,2,sr,5.740e-15
8.25,2.6184337219857032,2,sr,4.583e-16
8.2624999999999993,2.6146529310426172,2,sr,7.376e-16
8.2750000000000004,2.6108402064832177,2,sr,2.782e-16
8.2874999999999996,2.6069970487841467,2,sr,9.141e-15
8.2999999999999989,2.603124928776396,2,sr,3.940e-15
8.3125,2.5992252872826391,2,sr,1.698e-15
8.3249999999999993,2.5952995348911418,2,sr,5.568e-11
8.3375000000000004,2.5913490517201412,2,sr,5.722e-15
8.3499999999999996,2.5873751875674063,2,sr,1.266e-14
8.3624999999999989,2.5833792617605806,2,sr,4.146e-15
8.375,2.5793625633741182,2,sr,4.941e-15
8.3874999999999993,2.575326351375526,2,sr,7.475e-11
8.4000000000000004,2.5712718549982014,2,sr,6.753e-15
8.4124999999999996,2.567200273804211,2,sr,1.279e-14
8.4249999999999989,2.5631127782812007,2,sr,8.007e-15
8.4375,2.5590105101167016,2,sr,2.981e-15
8.4499999999999993,2.554894582654915,2,sr,9.977e-16
8.4625000000000004,2.5507660813606372,2,sr,4.009e-16
8.4749999999999996,2.5466260643102032,2,sr,1.178e-14
8.4874999999999989,2.5424755627052127,2,sr,1.881e-14
8.5,2.5383155814052412,2,sr,7.110e-15
8.5124999999999993,2.5341470994760944,2,sr,1.224e-15
8.5250000000000004,2.5299710707440277,2,sr,2.272e-11
8.5374999999999996,2.525788424398721,2,sr,4.627e-16
8.5499999999999989,2.5216000655053699,2,sr,7.794e-15
8.5625,2.5174068756522678,2,sr,1.575e-14
8.5749999999999993,2.5132097135031457,2,sr,3.693e-15
8.5875000000000004,2.5090094153896256,2,sr,3.602e-15
8.5999999999999996,2.5048067958965499,2,sr,5.239e-17
8.6124999999999989,2.5006026484451045,2,sr,5.258e-17
8.625,2.4963977458726023,2,sr,5.697e-15
8.6374999999999993,2.492192841007753,2,sr,1.604e-14
8.6500000000000004,2.4879886672404377,2,sr,1.142e-14
8.6624999999999996,2.4837859390851253,2,sr,3.888e-15
8.6749999999999989,2.4795853527372786,2,sr,2.084e-15
8.6875,2.475387586614489,2,sr,2.926e-11
8.6999999999999993,2.4711933019343308,2,sr,6.341e-15
8.7125000000000004,2.4670031431712101,2,sr,1.013e-14
8.7249999999999996,2.4628177386538872,2,sr,9.509e-15
8.7374999999999989,2.4586377010412876,2,sr,3.575e-15
8.75,2.454463627833698,2,sr,2.335e-15
8.7624999999999993,2.4502961018904794,2,sr,9.746e-11
8.7750000000000004,2.4461356917946411,2,sr,5.837e-15
8.7874999999999996,2.4419829525655112,2,sr,1.252e-14
8.7999999999999989,2.4378384258838492,2,sr,6.739e-15
8.8125,2.4337026406649716,2,sr,9.333e-16
8.8249999999999993,2.4295761134786278,2,sr,2.750e-16
8.8375000000000004,2.4254593489794174,2,sr,1.378e-11
8.8499999999999996,2.4213528403468203,2,sr,6.680e-15
8.8624999999999989,2.4172570696665603,2,sr,4.258e-15
8.875,2.4131725083672846,2,sr,1.606e-15
8.8874999999999993,2.4090996175988275,2,sr,4.964e-15
8.9000000000000004,2.4050388486208267,2,sr,1.399e-12
8.9124999999999996,2.4009906431768266,2,sr,3.170e-15
8.9249999999999989,2.3969554338640138,2,sr,1.064e-15
8.9375,2.3929336444875124,2,sr,1.561e-15
8.9499999999999993,2.3889256904106611,2,sr,9.551e-16
8.9625000000000004,2.3849319788890755,2,sr,2.489e-11
8.9749999999999996,2.3809529094301944,2,sr,2.376e-15
8.9874999999999989,2.3769888740603791,2,sr,1.790e-15
9,2.3730402576960468,2,sr,3.142e-16
9.0124999999999993,2.3691074384227275,2,sr,2.268e-15
9.0250000000000004,2.365190787803257,2,sr,1.478e-11
9.0374999999999996,2.3612906711531223,2,sr,1.233e-15
9.0499999999999989,2.3574074478574789,2,sr,2.594e-15
9.0625,2.3535414716154315,2,sr,1.280e-15
9.0749999999999993,2.3496930907076137,2,sr,8.529e-11
9.0875000000000004,2.3458626483682838,2,sr,8.602e-11
9.0999999999999996,2.3420504827602646,2,sr,1.606e-15
9.1124999999999989,2.338256927604808,2,sr,2.238e-11
9.125,2.3344823121137321,2,sr,2.147e-11
9.1374999999999993,2.3307269614082746,2,sr,1.344e-11
9.1500000000000004,2.3269911966428505,2,sr,3.198e-11
9.1624999999999996,2.3232753352904734,2,sr,7.212e-11
9.1749999999999989,2.3195796913701217,2,sr,3.555e-12
9.1875,2.3159045755661558,2,sr,1.357e-15
9.1999999999999993,2.3122502955519999,2,sr,3.775e-16
9.2125000000000004,2.3086171561275752,2,sr,3.145e-15
9.2249999999999996,2.3050054594265088,2,sr,4.941e-14
9.2374999999999989,2.3014155051066782,2,sr,5.048e-15
9.25,2.2978475905346705,2,sr,1.950e-15
9.2624999999999993,2.2943020109728449,2,sr,3.829e-11
9.2750000000000004,2.290779059711431,2,sr,5.699e-15
9.2874999999999996,2.2872790283194835,2,sr,2.499e-15
9.2999999999999989,2.2838022067247183,2,sr,3.133e-15
9.3125,2.2803488834122985,2,sr,3.599e-16
9.3249999999999993,2.2769193455685106,2,sr,3.483e-15
9.3375000000000004,2.2735138792273193,2,sr,3.146e-15
9.3499999999999996,2.2701327693900568,2,sr,9.836e-11
9.3624999999999989,2.2667763002681816,2,sr,9.352e-16
9.375,2.2634447551990791,2,sr,2.910e-15
9.3874999999999993,2.2601384169762797,2,sr,3.868e-11
9.4000000000000004,2.2568575679033773,2,sr,2.188e-16
9.4124999999999996,2.2536024898436064,2,sr,3.002e-15
9.4249999999999989,2.2503734644114126,2,sr,1.852e-15
9.4375,2.2471707730308719,2,sr,4.946e-15
9.4499999999999993,2.2439946970386404,2,sr,2.548e-15
9.4625000000000004,2.2408455177719504,2,sr,8.655e-16
9.4749999999999996,2.2377235166499849,2,sr,1.160e-14
9.4874999999999989,2.2346289752574138,2,sr,4.072e-11
9.5,2.2315621753662347,2,sr,4.027e-15
9.5124999999999993,2.2285233990867304,2,sr,9.639e-15
9.5250000000000004,2.2255129288286764,2,sr,3.044e-15
9.5374999999999996,2.2225310473911555,2,sr,1.544e-14
9.5499999999999989,2.219578037989351,2,sr,2.655e-15
9.5625,2.2166541842818437,2,sr,6.565e-15
9.5749999999999993,2.2137597703887666,2,sr,6.071e-15
9.5875000000000004,2.2108950809005052,2,sr,5.789e-16
9.5999999999999996,2.2080604008765068,2,sr,1.946e-14
9.6125000000000007,2.2052560158336276,2,sr,5.282e-15
9.625,2.2024822117236877,2,sr,2.351e-14
9.6374999999999993,2.1997392749227402,2,sr,9.878e-11
9.6500000000000004,2.1970274920691977,2,sr,1.657e-14
9.6624999999999996,2.1943471502373693,2,sr,9.287e-16
9.6750000000000007,2.191698536633869,2,sr,7.764e-15
9.6875,2.1890819386281635,2,sr,6.455e-15
9.6999999999999993,2.1864976436293433,2,sr,3.165e-15
9.7125000000000004,2.1839459389709388,2,sr,9.561e-15
9.7249999999999996,2.1814271117796311,2,sr,2.939e-15
9.7375000000000007,2.178941448827266,2,sr,9.792e-15
9.75,2.1764892363651414,2,sr,1.106e-14
9.7624999999999993,2.1740707599399296,2,sr,7.212e-15
9.7750000000000004,2.1716863041900933,2,sr,1.477e-14
9.7874999999999996,2.16933615262215,2,sr,5.665e-15
9.8000000000000007,2.1670205873655068,2,sr,1.969e-14
9.8125,2.1647398889270439,2,sr,8.568e-11
9.8249999999999993,2.162494335791354,2,sr,3.366e-14
9.8375000000000004,2.1602842043240087,2,sr,6.841e-16
9.8499999999999996,2.1581097682131603,2,sr,2.793e-14
9.8625000000000007,2.1559712982117065,2,sr,1.066e-15
9.875,2.1538690617212177,2,sr,1.351e-14
9.8874999999999993,2.1518033223687065,2,sr,1.489e-14
9.9000000000000004,2.1497743395331903,2,sr,7.690e-11
9.9124999999999996,2.1477823679644352,2,sr,3.389e-14
9.9250000000000007,2.1458276570612367,2,sr,1.143e-15
9.9375,2.1439104505276916,2,sr,8.398e-15
9.9499999999999993,2.1420309856864934,2,sr,1.982e-14
9.9625000000000004,2.140189492880324,2,sr,1.215e-15
9.9749999999999996,2.1383861948159639,2,sr,1.917e-14
9.9875000000000007,2.1366213058709946,2,sr,1.167e-14
10,2.1348950313578281,2,sr,1.477e-11
2.8250000000000002,14.917741961053618,3,sr,9.280e-16
2.8375000000000004,14.795883603722947,3,sr,3.783e-15
2.8500000000000005,14.675819246350443,3,sr,3.750e-15
2.8625000000000003,14.557521611455741,3,sr,2.612e-15
2.8750000000000004,14.440964185332193,3,sr,1.095e-15
2.8875000000000002,14.326121205644419,3,sr,1.085e-15
2.9000000000000004,14.212967649777532,3,sr,1.956e-16
2.9125000000000005,14.101479223933753,3,sr,9.689e-16
2.9250000000000003,13.991632352973244,3,sr,2.304e-15
2.9375000000000004,13.883404170997334,3,sr,1.997e-15
2.9500000000000002,13.776772512673892,3,sr,0.000e+00
2.9625000000000004,13.671715905305446,3,sr,4.571e-15
2.9750000000000005,13.56821356164251,3,sr,4.618e-16
2.9875000000000003,13.466245373445281,3,sr,2.286e-15
3.0000000000000004,13.365791905798684,3,sr,1.901e-15
3.0125000000000002,13.266834392186619,3,sr,5.109e-15
3.0250000000000004,13.169354730318055,3,sr,1.400e-11
3.0375000000000005,13.073335478815126,3,sr,1.756e-16
3.0500000000000003,12.978759854479161,3,sr,1.074e-11
3.0625000000000004,12.88561173057294,3,sr,5.157e-15
3.0750000000000002,12.793875635882035,3,sr,1.604e-11
3.0875000000000004,12.703536754350532,3,sr,4.909e-12
3.1000000000000005,12.614580925934609,3,sr,5.192e-12
3.1125000000000003,12.52699464799568,3,sr,2.878e-15
3.1250000000000004,12.440765077631342,3,sr,1.463e-15
3.1375000000000002,12.355880034975856,3,sr,1.447e-15
3.1500000000000004,12.272328007283583,3,sr,6.355e-16
3.1625000000000005,12.190098153948679,3,sr,5.089e-12
3.1750000000000003,12.10918031245469,3,sr,1.268e-11
3.1875000000000004,12.029565005245162,3,sr,4.050e-12
3.2000000000000002,11.951243447443305,3,sr,1.514e-16
3.2125000000000004,11.874207555646867,3,sr,1.034e-11
3.2250000000000005,11.798449957663999,3,sr,1.057e-11
3.2375000000000003,11.72396400287864,3,sr,1.411e-11
3.2500000000000004,11.650743774185086,3,sr,1.007e-15
3.2625000000000002,11.578784099997582,3,sr,1.585e-11
3.2750000000000004,11.508080568008175,3,sr,8.118e-12
3.2875000000000005,11.438629538984918,3,sr,1.563e-11
3.3000000000000003,11.370428162013203,3,sr,1.636e-15
3.3125000000000004,11.303474390231733,3,sr,1.410e-11
3.3250000000000002,11.237766996924123,3,sr,8.826e-12
3.3375000000000004,11.173305592682169,3,sr,1.299e-11
3.3500000000000005,11.110090642426311,3,sr,1.162e-11
3.3625000000000003,11.048123483185622,3,sr,1.230e-11
3.3750000000000004,10.987406341069466,3,sr,6.255e-17
3.3875000000000002,10.927942348995861,3,sr,1.209e-11
3.4000000000000004,10.869735562823452,3,sr,5.704e-13
3.4125000000000005,10.812790977356808,3,sr,1.229e-11
3.4250000000000003,10.757114540141512,3,sr,5.412e-16
3.4375000000000004,10.702713164005553,3,sr,1.107e-11
3.4500000000000002,10.649594736460015,3,sr,9.161e-13
3.4625000000000004,10.597768125736481,3,sr,9.282e-12
3.4750000000000005,10.547243182930922,3,sr,1.105e-16
3.4875000000000003,10.498030738174753,3,sr,7.260e-12
3.5000000000000004,10.450142590836769,3,sr,3.741e-16
3.5125000000000002,10.403591491113131,3,sr,4.327e-12
3.5250000000000004,10.358391112455228,3,sr,4.565e-12
3.5375000000000005,10.314556012047587,3,sr,5.668e-13
3.5500000000000003,10.272101577679818,3,sr,9.994e-17
3.5625000000000004,10.231043958417468,3,sr,0.000e+00
3.5750000000000002,10.191399976157603,3,sr,1.448e-16
3.5875000000000004,10.153187015035217,3,sr,3.005e-12
3.6000000000000005,10.1164228852056,3,sr,3.265e-16
3.6125000000000003,10.081125656959836,3,sr,1.604e-15
3.6250000000000004,10.047313461288576,3,sr,7.206e-16
3.6375000000000002,10.01500425206781,3,sr,9.339e-15
3.6500000000000004,9.984215525290054,3,sr,5.246e-13
3.6625000000000005,9.9549639903745,3,sr,1.966e-15
3.6750000000000003,9.9272651885979108,3,sr,2.754e-16
3.6875000000000004,9.90113305397308,3,sr,2.065e-16
3.7000000000000002,9.876579412231516,3,sr,1.299e-15
3.7125000000000004,9.8536134144780299,3,sr,5.547e-13
3.7250000000000005,9.8322409033056175,3,sr,6.675e-16
3.7375000000000003,9.8124637109068207,3,sr,1.353e-16
3.7500000000000004,9.7942788912833709,3,sr,1.173e-13
3.7625000000000002,9.7776778916793639,3,sr,3.796e-13
3.7750000000000004,9.7626456724767952,3,sr,2.959e-13
3.7875000000000005,9.7491597895503492,3,sr,6.923e-14
3.8000000000000003,9.7371894587578964,3,sr,6.016e-16
3.8125000000000004,9.7266946285339309,3,sr,3.536e-17
3.8250000000000002,9.7176250933041572,3,sr,6.148e-14
3.8375000000000004,9.7099196872290321,3,sr,2.761e-16
3.8500000000000005,9.7035056040062599,3,sr,3.313e-15
3.8625000000000003,9.6982978934419801,3,sr,2.269e-14
3.8750000000000004,9.694199188285781,3,sr,1.377e-14
3.8875000000000002,9.6910997145450999,3,sr,7.230e-16
3.9000000000000004,9.6888776341591107,3,sr,3.258e-14
3.9125000000000005,9.687399759840579,3,sr,3.693e-16
3.9250000000000003,9.6865226677046934,3,sr,8.170e-16
3.9375000000000004,9.6860942141667756,3,sr,5.295e-17
3.9500000000000002,9.685955440408808,3,sr,1.513e-12
3.9625000000000004,9.6859428221657673,3,sr,4.152e-12
3.9750000000000005,9.6858907963376542,3,sr,2.007e-12
3.9875000000000003,9.6856344737789239,3,sr,4.269e-13
4,9.6850124279647947,3,sr,5.117e-16
4.0125000000000002,9.6838694406951351,3,sr,5.068e-14
4.0250000000000004,9.6820590842072338,3,sr,2.235e-14
4.0375000000000005,9.6794460283052466,3,sr,7.154e-13
4.0500000000000007,9.6759079791200353,3,sr,2.172e-14
4.0625,9.6713371809838442,3,sr,4.784e-14
4.0750000000000002,9.6656414423312764,3,sr,1.933e-14
4.0875000000000004,9.6587446764709295,3,sr,3.478e-17
4.1000000000000005,9.6505869764866681,3,sr,2.079e-14
4.1125000000000007,9.6411242670890136,3,sr,6.106e-14
4.125,9.6303275938331367,3,sr,6.885e-15
4.1375000000000002,9.6181821208845495,3,sr,5.518e-17
4.1500000000000004,9.6046859127219939,3,sr,3.539e-12
4.1625000000000005,9.5898485734850905,3,sr,2.240e-12
4.1750000000000007,9.5736898122388325,3,sr,5.406e-16
4.1875,9.5562379922848066,3,sr,1.595e-14
4.2000000000000002,9.5375287137079336,3,sr,7.993e-17
4.2125000000000004,9.5176034657308772,3,sr,5.802e-16
4.2250000000000005,9.496508375846032,3,sr,2.359e-13
4.2375000000000007,9.4742930727764776,3,sr,8.431e-17
4.25,9.4510096723380084,3,sr,2.813e-13
4.2625000000000002,9.4267118886753849,3,sr,7.306e-13
4.2750000000000004,9.4014542684048923,3,sr,7.971e-13
4.2875000000000005,9.375291541527476,3,sr,7.287e-14
4.3000000000000007,9.3482780805920598,3,sr,4.153e-16
4.3125,9.3204674581424882,3,sr,2.641e-13
4.3250000000000002,9.2919120918957177,3,sr,2.486e-12
4.3375000000000004,9.2626629669426936,3,sr,1.266e-15
4.3500000000000005,9.2327694248019281,3,sr,1.487e-16
4.3625000000000007,9.2022790094714786,3,sr,4.660e-12
4.375,9.1712373617644367,3,sr,3.089e-12
4.3875000000000002,9.1396881540006127,3,sr,3.133e-16
4.4000000000000004,9.1076730577937699,3,sr,1.062e-16
4.4125000000000005,9.0752317388837884,3,sr,2.708e-13
4.4250000000000007,9.0424018736982426,3,sr,9.953e-12
4.4375,9.0092191828751336,3,sr,3.004e-16
4.4500000000000002,8.9757174783035047,3,sr,3.139e-12
4.4625000000000004,8.941928719742819,3,sr,1.321e-11
4.4750000000000005,8.9078830789379548,3,sr,7.612e-16
4.4875000000000007,8.8736090088777271,3,sr,1.130e-15
4.5,8.8391333158932248,3,sr,1.514e-15
4.5125000000000002,8.8044812337885716,3,sr,1.226e-16
4.5250000000000004,8.7696764983723554,3,sr,8.164e-16
4.5375000000000005,8.7347414216089749,3,sr,2.195e-16
4.5500000000000007,8.6996969646364182,3,sr,5.124e-16
4.5625,8.6645628090916684,3,sr,3.248e-15
4.5750000000000002,8.6293574263266137,3,sr,3.294e-16
4.5875000000000004,8.5940981442131168,3,sr,6.679e-17
4.6000000000000005,8.5588012113303282,3,sr,2.166e-15
4.6125000000000007,8.5234818584032404,3,sr,1.098e-15
4.625,8.4881543569226068,3,sr,2.919e-15
4.6375000000000002,8.4528320749242756,3,sr,1.202e-15
4.6500000000000004,8.4175275299442021,3,sr,3.565e-16
4.6625000000000005,8.3822524391940672,3,sr,4.042e-15
4.6750000000000007,8.3470177670249761,3,sr,3.653e-16
4.6875,8.3118337697626163,3,sr,2.218e-16
4.7000000000000002,8.2767100380092522,3,sr,1.571e-15
4.7125000000000004,8.2416555365155375,3,sr,4.542e-16
4.7250000000000005,8.2066786417301216,3,sr,4.594e-16
4.7375000000000007,8.1717871771373733,3,sr,2.090e-15
4.75,8.1369884464942448,3,sr,4.697e-16
4.7625000000000002,8.102289265076303,3,sr,2.453e-15
4.7750000000000004,8.0676959890409705,3,sr,2.399e-16
4.7875000000000005,8.0332145430132176,3,sr,1.620e-15
4.8000000000000007,7.9988504459953935,3,sr,2.286e-15
4.8125000000000009,7.964608835699079,3,sr,8.245e-17
4.8250000000000002,7.9304944914094753,3,sr,2.189e-11
4.8375000000000004,7.8965118553539977,3,sr,2.354e-15
4.8500000000000005,7.8626650530128188,3,sr,1.019e-15
4.8625000000000007,7.8289579118639336,3,sr,1.970e-15
4.8750000000000009,7.7953939792394689,3,sr,1.803e-11
4.8875000000000002,7.7619765389236433,3,sr,5.845e-15
4.9000000000000004,7.7287086269438632,3,sr,1.672e-15
4.9125000000000005,7.6955930461368869,3,sr,3.223e-11
4.9250000000000007,7.6626323801429068,3,sr,2.865e-15
4.9375000000000009,7.6298290061698024,3,sr,3.611e-16
4.9500000000000002,7.5971851074152204,3,sr,2.093e-15
4.9625000000000004,7.5647026844370719,3,sr,2.568e-15
4.9750000000000005,7.5323835659664633,3,sr,3.420e-15
4.9875000000000007,7.500229419062963,3,sr,9.834e-12
5.0000000000000009,7.4682417586334386,3,sr,4.225e-15
5.0125000000000002,7.436421956474355,3,sr,8.320e-15
5.0250000000000004,7.4047712496698166,3,sr,1.047e-15
5.0375000000000005,7.3732907485817298,3,sr,3.084e-16
5.0500000000000007,7.3419814443412523,3,sr,1.448e-15
5.0625000000000009,7.3108442159110822,3,sr,2.041e-15
5.0750000000000002,7.2798798367399948,3,sr,3.327e-15
5.0875000000000004,7.2490889810349088,3,sr,2.561e-15
5.1000000000000005,7.2184722296742558,3,sr,6.194e-15
5.1125000000000007,7.1880300757847193,3,sr,4.836e-15
5.1250000000000009,7.1577629300021561,3,sr,1.756e-15
5.1375000000000002,7.1276711254360192,3,sr,1.362e-15
5.1500000000000004,7.0977549223554046,3,sr,2.740e-15
5.1625000000000005,7.0680145126137148,3,sr,1.531e-16
5.1750000000000007,7.0384500238277976,3,sr,3.335e-15
5.1875000000000009,7.0090615233263289,3,sr,3.508e-15
5.2000000000000002,6.9798490218814671,3,sr,1.867e-15
5.2125000000000004,6.950812477236668,3,sr,5.159e-15
5.2250000000000005,6.9219517974429463,3,sr,1.623e-15
5.2375000000000007,6.8932668440149314,3,sr,1.242e-14
5.2500000000000009,6.8647574349174247,3,sr,8.987e-16
5.2625000000000002,6.8364233473925813,3,sr,3.877e-15
5.2750000000000004,6.80826432063696,3,sr,5.654e-15
5.2875000000000005,6.7802800583480405,3,sr,2.549e-11
5.3000000000000007,6.7524702310739579,3,sr,3.228e-16
5.3125000000000009,6.7248344785976544,3,sr,7.669e-15
5.3250000000000002,6.6973724119903473,3,sr,4.826e-15
5.3375000000000004,6.6700836157145966,3,sr,2.510e-12
5.3500000000000005,6.6429676495529009,3,sr,4.425e-15
5.3625000000000007,6.616024050463496,3,sr,6.962e-15
5.3750000000000009,6.5892523343232217,3,sr,5.006e-15
5.3875000000000002,6.5626519975979623,3,sr,5.519e-16
5.4000000000000004,6.5362225189246264,3,sr,3.599e-15
5.4125000000000005,6.5099633606120939,3,sr,1.158e-11
5.4250000000000007,6.4838739700951775,3,sr,1.114e-15
5.4375000000000009,6.4579537812539032,3,sr,1.620e-15
5.4500000000000002,6.4322022157553675,3,sr,4.733e-15
5.4625000000000004,6.4066186842685884,3,sr,2.613e-15
5.4750000000000005,6.3812025876479073,3,sr,6.219e-15
5.4875000000000007,6.3559533180576144,3,sr,6.348e-15
5.5000000000000009,6.3308702600453008,3,sr,2.321e-15
5.5125000000000002,6.30595279156696,3,sr,2.266e-16
5.5250000000000004,6.2812002849666548,3,sr,6.359e-15
5.5375000000000005,6.2566121079133898,3,sr,3.982e-15
5.5500000000000007,6.2321876242977634,3,sr,3.221e-15
5.5625000000000009,6.2079261950907494,3,sr,1.712e-15
5.5750000000000002,6.1838271791669213,3,sr,3.944e-15
5.5875000000000004,6.1598899340809723,3,sr,3.864e-11
5.6000000000000005,6.1361138168924807,3,sr,2.167e-15
5.6125000000000007,6.1124981847622442,3,sr,4.191e-15
5.6250000000000009,6.0890423957863442,3,sr,2.873e-15
5.6375000000000002,6.0657458095824808,3,sr,6.818e-11
5.6500000000000004,6.0426077880694589,3,sr,5.368e-15
5.6625000000000005,6.0196276958665642,3,sr,2.319e-15
5.6750000000000007,5.9968049011310116,3,sr,1.195e-14
5.6875000000000009,5.9741387760315066,3,sr,2.358e-15
5.7000000000000002,5.9516286973410049,3,sr,1.223e-12
5.7125000000000004,5.9292740469920409,3,sr,2.706e-16
5.7250000000000005,5.9070742126052052,3,sr,1.617e-11
5.7375000000000007,5.8850285880431805,3,sr,3.900e-14
5.7500000000000009,5.8631365738659245,3,sr,3.301e-15
5.7625000000000002,5.841397577890814,3,sr,2.533e-11
5.7750000000000004,5.8198110156118075,3,sr,8.746e-13
5.7875000000000005,5.7983763107682726,3,sr,6.147e-12
5.8000000000000007,5.7770928957257155,3,sr,2.302e-11
5.8125000000000009,5.7559602119818374,3,sr,5.732e-11
5.8250000000000002,5.7349777105726023,3,sr,1.849e-14
5.8375000000000004,5.7141448526305219,3,sr,3.313e-11
5.8500000000000005,5.6934611097453747,3,sr,4.576e-11
5.8625000000000007,5.6729259643071686,3,sr,5.129e-15
5.8750000000000009,5.6525389101772685,3,sr,1.377e-15
5.8875000000000002,5.6322994529196997,3,sr,2.178e-15
5.9000000000000004,5.6122071103163726,3,sr,3.122e-15
5.9125000000000005,5.5922614127820172,3,sr,7.231e-15
5.9250000000000007,5.57246190379366,3,sr,1.402e-16
5.9375000000000009,5.5528081403206402,3,sr,4.416e-15
5.9500000000000002,5.53329969325591,3,sr,3.926e-15
5.9625000000000004,5.5139361478493294,3,sr,6.898e-15
5.9750000000000005,5.4947171041369751,3,sr,2.072e-11
5.9875000000000007,5.4756421774141915,3,sr,1.894e-15
6.0000000000000009,5.4567109986119613,3,sr,3.921e-15
6.0125000000000002,5.4379232148124848,3,sr,1.524e-15
6.0250000000000004,5.4192784896729282,3,sr,1.061e-11
6.0375000000000005,5.4007765038748214,3,sr,1.176e-15
6.0500000000000007,5.3824169556255921,3,sr,2.179e-15
6.0625000000000009,5.3641995610981805,3,sr,2.674e-15
6.0750000000000002,5.346124054930824,3,sr,2.725e-15
6.0875000000000004,5.3281901907147438,3,sr,4.432e-15
6.1000000000000005,5.3103977414947163,3,sr,7.621e-15
6.1125000000000007,5.2927465002796286,3,sr,1.762e-15
6.1250000000000009,5.2752362805636119,3,sr,1.427e-15
6.1375000000000002,5.257866916858438,3,sr,1.219e-14
6.1500000000000004,5.2406382652376386,3,sr,7.084e-15
6.1625000000000005,5.223550203893061,3,sr,5.755e-15
6.1750000000000007,5.2066026337042723,3,sr,9.520e-15
6.1875000000000009,5.189795478814192,3,sr,2.120e-11
6.2000000000000002,5.1731286872624214,3,sr,5.260e-15
6.2125000000000004,5.1566022315236459,3,sr,6.040e-15
6.2250000000000005,5.1402161092069125,3,sr,3.247e-15
6.2375000000000007,5.1239703436608011,3,sr,1.219e-15
6.2500000000000009,5.107864984638212,3,sr,7.440e-15
6.2625000000000002,5.0919001089699734,3,sr,8.142e-15
6.2750000000000004,5.0760758212549666,3,sr,8.366e-16
6.2875000000000005,5.0603922545669198,3,sr,3.435e-15
6.3000000000000007,5.0448495711735664,3,sr,1.277e-11
6.3125000000000009,5.0294479633007807,3,sr,8.245e-16
6.3250000000000002,5.0141876538440346,3,sr,5.998e-15
6.3375000000000004,4.9990688971901234,3,sr,3.927e-15
6.3500000000000005,4.9840919799860126,3,sr,3.145e-15
6.3625000000000007,4.9692572219524616,3,sr,4.844e-15
6.3750000000000009,4.9545649767232831,3,sr,3.644e-11
6.3875000000000002,4.9400156326188238,3,sr,4.919e-12
6.4000000000000004,4.9256096136324397,3,sr,3.473e-15
6.4125000000000005,4.9113473801810095,3,sr,2.762e-15
6.4250000000000007,4.8972294300400714,3,sr,4.707e-15
6.4375000000000009,4.8832562992358772,3,sr,5.165e-15
6.4500000000000002,4.8694285629506568,3,sr,2.615e-15
6.4625000000000004,4.8557468364386907,3,sr,5.966e-15
6.4750000000000005,4.8422117759490915,3,sr,8.796e-15
6.4875000000000007,4.8288240796529562,3,sr,3.324e-15
6.5000000000000009,4.8155844885720205,3,sr,7.548e-16
6.5125000000000002,4.8024937875056075,3,sr,9.371e-15
6.5250000000000004,4.7895528059654424,3,sr,3.091e-11
6.5375000000000005,4.7767624190206321,3,sr,7.855e-15
6.5500000000000007,4.7641235483285858,3,sr,1.743e-15
6.5625000000000009,4.7516371628785885,3,sr,9.108e-17
6.5750000000000002,4.7393042799097627,3,sr,1.447e-15
6.5875000000000004,4.7271259657156497,3,sr,3.141e-15
6.6000000000000005,4.7151033364212598,3,sr,1.247e-15
6.6125000000000007,4.703237558710355,3,sr,5.744e-15
6.6250000000000009,4.6915298504932368,3,sr,5.612e-15
6.6375000000000002,4.6799814815040373,3,sr,1.343e-13
6.6500000000000004,4.6685937738156493,3,sr,2.675e-15
6.6625000000000005,4.6573681022575268,3,sr,1.061e-14
6.6750000000000007,4.6463058947235423,3,sr,2.295e-15
6.6875000000000009,4.6354086323508277,3,sr,3.873e-15
6.7000000000000002,4.6246778495367886,3,sr,3.074e-11
6.7125000000000004,4.6141151338852628,3,sr,2.980e-15
6.7250000000000005,4.6037221257236904,3,sr,7.467e-15
6.7375000000000007,4.5935005177265475,3,sr,4.636e-15
6.7500000000000009,4.5834520540581476,3,sr,1.370e-15
6.7625000000000002,4.5735785293412272,3,sr,1.997e-15
6.7750000000000004,4.5638817873070163,3,sr,1.979e-15
6.7875000000000005,4.5543637191129402,3,sr,9.045e-12
6.8000000000000007,4.54502626125959,3,sr,1.127e-11
6.8125000000000009,4.5358713931292129,3,sr,1.925e-15
6.8250000000000002,4.5269011340567955,3,sr,3.510e-15
6.8375000000000004,4.5181175398365978,3,sr,2.645e-15
6.8500000000000005,4.509522698711943,3,sr,3.590e-11
6.8625000000000007,4.5011187268483877,3,sr,3.339e-15
6.8750000000000009,4.4929077627972536,3,sr,1.107e-15
6.8875000000000002,4.4848919616707388,3,sr,1.800e-12
6.9000000000000004,4.4770734881788856,3,sr,6.049e-15
6.9125000000000005,4.4694545088857991,3,sr,3.362e-11
6.9250000000000007,4.4620371836576904,3,sr,9.886e-16
6.9375000000000009,4.454823655720813,3,sr,3.602e-12
6.9500000000000002,4.4478160411039527,3,sr,2.561e-15
6.9625000000000004,4.4410164165164128,3,sr,1.851e-15
6.9750000000000005,4.4344268061398608,3,sr,2.583e-11
6.9875000000000007,4.4280491671411113,3,sr,1.075e-15
7.0000000000000009,4.4218853735001158,3,sr,1.534e-15
7.0125000000000002,4.4159371987442553,3,sr,7.329e-16
7.0250000000000004,4.4102062968475568,3,sr,1.109e-15
7.0375000000000005,4.404694181642669,3,sr,5.503e-12
7.0500000000000007,4.3994022045833878,3,sr,1.691e-11
7.0625000000000009,4.3943315308364319,3,sr,1.867e-11
7.0750000000000002,4.3894831136550634,3,sr,1.086e-11
7.0875000000000004,4.3848576671152202,3,sr,8.743e-13
7.1000000000000005,4.3804556372172714,3,sr,9.291e-16
7.1125000000000007,4.376277171447164,3,sr,2.376e-15
7.1250000000000009,4.3723220868417885,3,sr,1.750e-15
7.1375000000000002,4.3685898368040892,3,sr,2.240e-11
7.1500000000000004,4.3650794766599157,3,sr,2.428e-11
7.1625000000000005,4.3617896288217217,3,sr,1.175e-15
7.1750000000000007,4.3587184466143229,3,sr,1.831e-11
7.1875000000000009,4.355863578824545,3,sr,2.511e-15
7.2000000000000002,4.3532221337400889,3,sr,1.975e-11
7.2125000000000004,4.3507906446021307,3,sr,2.840e-15
7.2250000000000005,4.348565035778055,3,sr,1.131e-11
7.2375000000000007,4.3465405914917774,3,sr,9.573e-16
7.2500000000000009,4.3447119267155161,3,sr,5.410e-13
7.2625000000000002,4.3430729618323785,3,sr,8.184e-12
7.2750000000000004,4.3416169013500125,3,sr,9.860e-16
7.2875000000000005,4.3403362175876508,3,sr,2.450e-15
7.3000000000000007,4.3392226403761791,3,sr,1.023e-12
7.3125000000000009,4.3382671533012305,3,sr,1.893e-12
7.3250000000000002,4.3374599974436379,3,sr,3.748e-16
7.3375000000000004,4.3367906832604142,3,sr,1.626e-15
7.3500000000000005,4.336248011263951,3,sr,1.552e-15
7.3625000000000007,4.3358201019306932,3,sr,1.322e-16
7.3750000000000009,4.335494435199057,3,sr,7.641e-16
7.3875000000000002,4.3352578996640432,3,sr,7.854e-12
7.4000000000000004,4.3350968514566723,3,sr,3.959e-12
7.4125000000000005,4.3349971822520308,3,sr,5.690e-16
7.4250000000000007,4.3349443962690053,3,sr,4.487e-15
7.4375000000000009,4.3349236949346617,3,sr,7.494e-15
7.4500000000000002,4.3349200685115328,3,sr,9.665e-15
7.4625000000000004,4.3349183932207227,3,sr,6.927e-15
7.4750000000000005,4.3349035324057983,3,sr,7.790e-15
7.4875000000000007,4.3348604400740749,3,sr,1.281e-14
7.5000000000000009,4.3347742650450733,3,sr,1.580e-14
7.5125000000000002,4.3346304538790843,3,sr,4.018e-15
7.5250000000000004,4.3344148507597762,3,sr,1.501e-12
7.5375000000000005,4.3341137925652955,3,sr,1.402e-11
7.5500000000000007,4.3337141975681481,3,sr,4.110e-16
7.5625000000000009,4.3332036460090384,3,sr,9.986e-16
7.5750000000000002,4.3325704518251342,3,sr,1.779e-15
7.5875000000000004,4.3318037239895029,3,sr,2.323e-12
7.6000000000000005,4.3308934171082107,3,sr,1.034e-12
7.6125000000000007,4.3298303706760217,3,sr,1.090e-11
7.6250000000000009,4.3286063370274572,3,sr,5.476e-16
7.6375000000000002,4.3272139978076503,3,sr,2.976e-12
7.6500000000000004,4.3256469698208528,3,sr,5.508e-13
7.6625000000000005,4.3238998003770632,3,sr,1.315e-15
7.6750000000000007,4.3219679532827406,3,sr,1.303e-12
7.6875000000000009,4.3198477862612998,3,sr,1.882e-11
7.7000000000000002,4.3175365207354206,3,sr,2.694e-15
7.7125000000000004,4.3150322055135213,3,sr,3.179e-16
7.7250000000000005,4.3123336747776539,3,sr,4.773e-12
7.7375000000000007,4.3094405021586004,3,sr,7.651e-16
7.7500000000000009,4.3063529516556844,3,sr,6.513e-12
7.7625000000000002,4.3030719263404116,3,sr,2.161e-15
7.7750000000000004,4.2995989160434016,3,sr,2.179e-15
7.7875000000000005,4.2959359445543903,3,sr,8.480e-12
7.8000000000000007,4.2920855172863304,3,sr,2.668e-11
7.8125000000000009,4.2880505698962859,3,sr,1.247e-15
7.8250000000000002,4.2838344186554957,3,sr,3.779e-16
7.8375000000000004,4.2794407124441811,3,sr,1.336e-15
7.8500000000000005,4.2748733873558251,3,sr,1.290e-15
7.8625000000000007,4.270136623727125,3,sr,7.569e-13
7.8750000000000009,4.2652348059161591,3,sr,2.493e-12
7.8875000000000002,4.2601724849084066,3,sr,1.586e-12
7.9000000000000004,4.2549543437927451,3,sr,1.702e-11
7.9125000000000005,4.2495851661667894,3,sr,0.000e+00
7.9250000000000007,4.2440698071770475,3,sr,2.332e-16
7.9375000000000009,4.2384131675518839,3,sr,2.417e-15
7.9500000000000002,4.2326201700756965,3,sr,1.535e-15
7.9625000000000004,4.2266957386446267,3,sr,1.063e-15
7.9750000000000005,4.2206447796525817,3,sr,3.728e-11
7.9875000000000007,4.2144721657374937,3,sr,5.754e-16
8,4.2081827212362235,3,sr,2.981e-15
8.0124999999999993,4.2017812100237473,3,sr,0.000e+00
8.0250000000000004,4.1952723247602872,3,sr,1.278e-11
8.0374999999999996,4.1886606778424804,3,sr,2.619e-15
8.0499999999999989,4.1819507939044414,3,sr,2.116e-15
8.0625,4.1751471034959824,3,sr,5.093e-12
8.0749999999999993,4.16825393804847,3,sr,3.620e-15
8.0875000000000004,4.1612755259072456,3,sr,4.743e-15
8.0999999999999996,4.154215989270341,3,sr,1.965e-15
8.1124999999999989,4.1470793420169541,3,sr,1.212e-14
8.125,4.1398694882689524,3,sr,3.358e-15
8.1374999999999993,4.1325902216144428,3,sr,1.113e-14
8.1500000000000004,4.1252452249191691,3,sr,2.290e-11
8.1624999999999996,4.1178380705745026,3,sr,1.133e-14
8.1749999999999989,4.110372221318241,3,sr,5.251e-11
8.1875,4.1028510313543762,3,sr,1.053e-14
8.1999999999999993,4.0952777476096314,3,sr,3.731e-11
8.2125000000000004,4.0876555115737423,3,sr,1.283e-14
8.2249999999999996,4.0799873612582784,3,sr,4.793e-12
8.2374999999999989,4.0722762331675497,3,sr,1.943e-14
8.25,4.0645249646102775,3,sr,1.044e-15
8.2624999999999993,4.0567362960716888,3,sr,1.097e-14
8.2750000000000004,4.0489128736627773,3,sr,0.000e+00
8.2874999999999996,4.0410572516488266,3,sr,6.324e-15
8.2999999999999989,4.0331718950224396,3,sr,1.211e-14
8.3125,4.0252591821242412,3,sr,5.215e-11
8.3249999999999993,4.0173214071587013,3,sr,2.386e-14
8.3375000000000004,4.0093607830026281,3,sr,5.685e-15
8.3499999999999996,4.0013794436092152,3,sr,9.880e-15
8.3624999999999989,3.9933794466834764,3,sr,4.649e-15
8.375,3.9853627762006716,3,sr,2.416e-11
8.3874999999999993,3.9773313449568191,3,sr,3.071e-14
8.4000000000000004,3.9692869969496867,3,sr,1.994e-15
8.4124999999999996,3.9612315098788478,3,sr,1.441e-14
8.4249999999999989,3.9531665974678929,3,sr,1.066e-14
8.4375,3.9450939117848081,3,sr,1.059e-11
8.4499999999999993,3.9370150454760457,3,sr,3.110e-14
8.4625000000000004,3.9289315339924755,3,sr,1.955e-16
8.4749999999999996,3.9208448576864914,3,sr,6.488e-15
8.4874999999999989,3.9127564438994731,3,sr,2.877e-14
8.5,3.9046676689671536,3,sr,5.467e-15
8.5124999999999993,3.8965798601673218,3,sr,2.528e-14
8.5250000000000004,3.8884942976064107,3,sr,1.160e-14
8.5374999999999996,3.8804122160458103,3,sr,6.562e-16
8.5499999999999989,3.8723348066687668,3,sr,3.916e-14
8.5625,3.8642632187886945,3,sr,2.243e-15
8.5749999999999993,3.8561985615000407,3,sr,9.219e-15
8.5875000000000004,3.8481419052732284,3,sr,1.796e-14
8.5999999999999996,3.8400942834984253,3,sr,1.389e-11
8.6124999999999989,3.8320566939532008,3,sr,2.736e-14
8.625,3.8240301002755253,3,sr,3.336e-15
8.6374999999999993,3.8160154333099388,3,sr,1.392e-14
8.6500000000000004,3.8080135924623324,3,sr,1.524e-14
8.6624999999999996,3.8000254469846464,3,sr,1.069e-12
8.6749999999999989,3.7920518372161256,3,sr,2.139e-14
8.6875,3.7840935757845204,3,sr,2.285e-15
8.6999999999999993,3.7761514487590504,3,sr,6.454e-15
8.7125000000000004,3.7682262167665819,3,sr,5.191e-15
8.7249999999999996,3.7603186160536599,3,sr,5.095e-11
8.7374999999999989,3.7524293595873388,3,sr,2.209e-14
8.75,3.7445591379280194,3,sr,9.185e-16
8.7624999999999993,3.7367086203221005,3,sr,1.664e-14
8.7750000000000004,3.7288784555695993,3,sr,2.119e-15
8.7874999999999996,3.7210692729356909,3,sr,2.616e-15
8.7999999999999989,3.7132816830184465,3,sr,4.535e-15
8.8125,3.7055162785866207,3,sr,2.355e-15
8.8249999999999993,3.6977736353888702,3,sr,9.635e-15
8.8375000000000004,3.6900543129364625,3,sr,4.109e-12
8.8499999999999996,3.6823588552540145,3,sr,1.147e-14
8.8624999999999989,3.674687791619526,3,sr,3.509e-15
8.875,3.6670416372611245,3,sr,1.661e-15
8.8874999999999993,3.6594208940453572,3,sr,2.385e-15
8.9000000000000004,3.6518260511376983,3,sr,2.500e-16
8.9124999999999996,3.6442575856431354,3,sr,2.810e-15
8.9249999999999989,3.6367159632267283,3,sr,4.180e-15
8.9375,3.6292016387151289,3,sr,4.464e-16
8.9499999999999993,3.6217150566799017,3,sr,4.470e-16
8.9625000000000004,3.6142566520035309,3,sr,1.403e-15
8.9749999999999996,3.6068268504289378,3,sr,3.012e-16
8.9874999999999989,3.5994260690932882,3,sr,4.078e-15
9,3.592054717046874,3,sr,2.777e-15
9.0124999999999993,3.5847131957577942,3,sr,4.800e-15
9.0250000000000004,3.5774018996031622,3,sr,4.381e-15
9.0374999999999996,3.5701212163486815,3,sr,5.317e-12
9.0499999999999989,3.5628715276090852,3,sr,3.893e-15
9.0625,3.5556532093321254,3,sr,8.090e-11
9.0749999999999993,3.5484666321428824,3,sr,6.963e-15
9.0875000000000004,3.5413121619350494,3,sr,1.108e-10
9.0999999999999996,3.5341901602210735,3,sr,7.663e-11
9.1124999999999989,3.5271009844823014,3,sr,2.122e-11
9.125,3.520044988608658,3,sr,9.777e-14
9.1374999999999993,3.5130225234103869,3,sr,1.044e-10
9.1500000000000004,3.5060339367912925,3,sr,3.680e-15
9.1624999999999996,3.4990795743736922,3,sr,1.024e-10
9.1749999999999989,3.4921597797553403,3,sr,1.459e-15
9.1875,3.4852748947955101,3,sr,1.124e-10
9.1999999999999993,3.4784252600557362,3,sr,1.154e-14
9.2125000000000004,3.4716112152895451,3,sr,1.481e-16
9.2249999999999996,3.4648330995726906,3,sr,1.513e-11
9.2374999999999989,3.4580912517884204,3,sr,2.206e-15
9.25,3.4513860109145051,3,sr,2.621e-15
9.2624999999999993,3.444717716382061,3,sr,6.145e-11
9.2750000000000004,3.4380867084611522,3,sr,1.363e-15
9.2874999999999996,3.4314933284636218,3,sr,3.026e-15
9.2999999999999989,3.424937919203352,3,sr,4.169e-12
9.3125,3.4184208252601431,3,sr,4.205e-15
9.3249999999999993,3.411942393306663,3,sr,6.103e-15
9.3375000000000004,3.4055029724375325,3,sr,2.039e-15
9.3499999999999996,3.3991029144823948,3,sr,6.325e-16
9.3624999999999989,3.3927425743220647,3,sr,1.174e-14
9.375,3.3864223102016084,3,sr,6.077e-15
9.3874999999999993,3.3801424840413818,3,sr,2.676e-15
9.4000000000000004,3.3739034617460635,3,sr,8.063e-15
9.4124999999999996,3.3677056135118209,3,sr,2.097e-14
9.4249999999999989,3.3615493141315951,3,sr,4.335e-15
9.4375,3.3554349432985942,3,sr,2.270e-15
9.4499999999999993,3.3493628859078437,3,sr,7.220e-15
9.4625000000000004,3.3433335323558846,3,sr,1.504e-14
9.4749999999999996,3.3373472788384397,3,sr,2.656e-14
9.4874999999999989,3.3314045276460171,3,sr,7.953e-15
9.5,3.3255056874571021,3,sr,4.362e-15
9.5124999999999993,3.3196511736289973,3,sr,4.666e-15
9.5250000000000004,3.313841408485835,3,sr,1.802e-14
9.5374999999999996,3.3080768216035588,3,sr,3.348e-14
9.5499999999999989,3.3023578500914943,3,sr,3.724e-14
9.5625,3.2966849388702038,3,sr,1.499e-14
9.5749999999999993,3.2910585409448427,3,sr,7.130e-15
9.5875000000000004,3.2854791176739013,3,sr,2.332e-15
9.5999999999999996,3.2799471390308552,3,sr,6.445e-12
9.6125000000000007,3.2744630838689637,3,sr,3.495e-15
9.625,3.2690274401560195,3,sr,1.044e-14
9.6374999999999993,3.2636407052321976,3,sr,2.415e-14
9.6500000000000004,3.2583033860360375,3,sr,4.337e-14
9.6624999999999996,3.2530159993299015,3,sr,4.701e-14
9.6750000000000007,3.2477790719129325,3,sr,5.418e-14
9.6875,3.2425931408217696,3,sr,5.712e-14
9.6999999999999993,3.2374587535175618,3,sr,5.645e-14
9.7125000000000004,3.2323764680579066,3,sr,5.716e-14
9.7249999999999996,3.2273468532515746,3,sr,5.401e-14
9.7375000000000007,3.2223704887947267,3,sr,5.226e-14
9.75,3.2174479653861723,3,sr,5.667e-14
9.7624999999999993,3.2125798848196538,3,sr,6.316e-14
9.7750000000000004,3.2077668600505347,3,sr,6.301e-14
9.7874999999999996,3.2030095152347728,3,sr,5.364e-14
9.8000000000000007,3.1983084857366997,3,sr,4.246e-14
9.8125,3.1936644181030469,3,sr,2.211e-14
9.8249999999999993,3.1890779699997145,3,sr,1.981e-14
9.8375000000000004,3.1845498101077476,3,sr,1.782e-15
9.8499999999999996,3.1800806179747334,3,sr,1.026e-15
9.8625000000000007,3.1756710838174209,3,sr,4.765e-16
9.875,3.1713219082712376,3,sr,1.225e-14
9.8874999999999993,3.1670338020819009,3,sr,3.543e-14
9.9000000000000004,3.162807485734124,3,sr,5.258e-14
9.9124999999999996,3.1586436890117997,3,sr,2.703e-14
9.9250000000000007,3.1545431504844208,3,sr,2.335e-15
9.9375,3.1505066169129536,3,sr,3.569e-15
9.9499999999999993,3.1465348425691353,3,sr,1.498e-14
9.9625000000000004,3.1426285884612497,3,sr,4.826e-14
9.9749999999999996,3.1387886214589034,3,sr,1.330e-14
9.9875000000000007,3.1350157133136838,3,sr,1.255e-11
10,3.1313106395388779,3,sr,8.544e-15
4.2125000000000004,14.971816021787037,4,sr,3.921e-13
4.2250000000000005,14.927935232499834,4,sr,8.783e-16
4.2375000000000007,14.882289204250959,4,sr,7.800e-13
4.25,14.835010283825699,4,sr,3.835e-17
4.2625000000000002,14.786226686826337,4,sr,6.984e-13
4.2750000000000004,14.736061630454255,4,sr,7.049e-13
4.2875000000000005,14.684632747862889,4,sr,9.860e-16
4.3000000000000007,14.632051729505532,4,sr,2.201e-12
4.3125,14.578424144146398,4,sr,1.590e-15
4.3250000000000002,14.523849399538818,4,sr,2.635e-16
4.3375000000000004,14.468420808967961,4,sr,9.871e-16
4.3500000000000005,14.412225736457168,4,sr,4.616e-12
4.3625000000000007,14.355345798159371,4,sr,3.658e-13
4.375,14.2978571025201,4,sr,2.867e-16
4.3875000000000002,14.239830514818099,4,sr,4.388e-16
4.4000000000000004,14.181331935686744,4,sr,5.271e-12
4.4125000000000005,14.122422585037656,4,sr,9.881e-12
4.4250000000000007,14.063159285345758,4,sr,1.603e-15
4.4375,14.003594739755194,4,sr,2.055e-15
4.4500000000000002,13.943777801393832,4,sr,1.718e-15
4.4625000000000004,13.883753732171581,4,sr,2.953e-15
4.4750000000000005,13.823564449228336,4,sr,2.839e-15
4.4875000000000007,13.763248758329105,4,sr,3.043e-16
4.5,13.702842573797509,4,sr,1.601e-16
4.5125000000000002,13.642379124935658,4,sr,4.482e-12
4.5250000000000004,13.581889149178737,4,sr,5.931e-12
4.5375000000000005,13.521401072261325,4,sr,1.179e-11
4.5500000000000007,13.460941176108614,4,sr,1.325e-11
4.5625,13.400533754602215,4,sr,5.687e-12
4.5750000000000002,13.340201258666919,4,sr,1.030e-12
4.5875000000000004,13.279964430316916,4,sr,5.242e-12
4.6000000000000005,13.219842427122067,4,sr,4.582e-16
4.6125000000000007,13.159852937304947,4,sr,2.989e-15
4.625,13.100012286380711,4,sr,6.941e-15
4.6375000000000002,13.040335535715167,4,sr,4.205e-12
4.6500000000000004,12.980836573670338,4,sr,2.131e-11
4.6625000000000005,12.921528200107637,4,sr,3.090e-15
4.6750000000000007,12.862422204088574,4,sr,1.139e-15
4.6875,12.803529436276611,4,sr,3.894e-15
4.7000000000000002,12.744859875536592,4,sr,5.331e-15
4.7125000000000004,12.686422690693743,4,sr,3.180e-15
4.7250000000000005,12.628226297664643,4,sr,5.166e-15
4.7375000000000007,12.570278412348211,4,sr,5.426e-12
4.75,12.512586099572458,4,sr,2.300e-15
4.7625000000000002,12.455155818510846,4,sr,2.043e-12
4.7750000000000004,12.397993464660301,4,sr,1.569e-16
4.7875000000000005,12.341104408855294,4,sr,7.934e-17
4.8000000000000007,12.284493533387513,4,sr,7.304e-16
4.8125000000000009,12.228165265549348,4,sr,6.567e-15
4.8250000000000002,12.172123608760293,4,sr,4.015e-15
4.8375000000000004,12.116372171474611,4,sr,4.222e-15
4.8500000000000005,12.060914194039215,4,sr,1.004e-15
4.8625000000000007,12.005752573651479,4,sr,9.899e-12
4.8750000000000009,11.950889887611689,4,sr,7.250e-15
4.8875000000000002,11.896328414851249,4,sr,4.446e-16
4.9000000000000004,11.84207015611112,4,sr,5.476e-15
4.9125000000000005,11.788116852630043,4,sr,1.140e-15
4.9250000000000007,11.734470003597165,4,sr,3.363e-15
4.9375000000000009,11.681130882413555,4,sr,2.500e-15
4.9500000000000002,11.628100551857084,4,sr,2.792e-15
4.9625000000000004,11.575379878246942,4,sr,2.578e-11
4.9750000000000005,11.522969544570762,4,sr,1.196e-15
4.9875000000000007,11.470870062976239,4,sr,1.939e-15
5.0000000000000009,11.419081786133889,4,sr,6.328e-15
5.0125000000000002,11.367604918085334,4,sr,7.315e-15
5.0250000000000004,11.316439524296818,4,sr,3.685e-15
5.0375000000000005,11.265585541067558,4,sr,2.023e-11
5.0500000000000007,11.215042784400911,4,sr,4.914e-13
5.0625000000000009,11.164810958144475,4,sr,5.217e-15
5.0750000000000002,11.114889661834219,4,sr,3.598e-15
5.0875000000000004,11.065278397889463,4,sr,2.060e-11
5.1000000000000005,11.01597657836121,4,sr,2.267e-15
5.1125000000000007,10.966983531404512,4,sr,1.071e-14
5.1250000000000009,10.918298507144158,4,sr,1.248e-15
5.1375000000000002,10.869920683337069,4,sr,1.011e-11
5.1500000000000004,10.821849170598464,4,sr,1.107e-14
5.1625000000000005,10.774083017391893,4,sr,1.932e-15
5.1750000000000007,10.726621214622092,4,sr,1.488e-14
5.1875000000000009,10.679462700022047,4,sr,2.365e-15
5.2000000000000002,10.632606362249403,4,sr,5.480e-15
5.2125000000000004,10.586051044743693,4,sr,6.912e-15
5.2250000000000005,10.539795549355263,4,sr,1.076e-14
5.2375000000000007,10.493838639760423,4,sr,1.418e-15
5.2500000000000009,10.448179044676852,4,sr,3.693e-15
5.2625000000000002,10.40281546089167,4,sr,4.771e-16
5.2750000000000004,10.357746556114346,4,sr,3.941e-15
5.2875000000000005,10.312970971665377,4,sr,1.000e-14
5.3000000000000007,10.26848732501114,4,sr,2.848e-15
5.3125000000000009,10.224294212154611,4,sr,5.936e-15
5.3250000000000002,10.180390209912177,4,sr,5.300e-11
5.3375000000000004,10.136773877936216,4,sr,1.034e-15
5.3500000000000005,10.093443760937758,4,sr,3.768e-15
5.3625000000000007,10.050398390394045,4,sr,5.519e-11
5.3750000000000009,10.007636286341636,4,sr,1.485e-15
5.3875000000000002,9.9651559592694721,4,sr,9.272e-12
5.4000000000000004,9.9229559114907246,4,sr,5.594e-15
5.4125000000000005,9.8810346388034151,4,sr,1.111e-15
5.4250000000000007,9.8393906318705966,4,sr,8.249e-15
5.4375000000000009,9.7980223775990964,4,sr,2.686e-15
5.4500000000000002,9.7569283604259613,4,sr,5.914e-15
5.4625000000000004,9.7161070635415854,4,sr,5.059e-16
5.4750000000000005,9.6755569700333535,4,sr,4.713e-11
5.4875000000000007,9.6352765640812414,4,sr,2.488e-11
5.5000000000000009,9.595264331798731,4,sr,2.229e-11
5.5125000000000002,9.5555187624237075,4,sr,6.678e-11
5.5250000000000004,9.516038349288733,4,sr,1.302e-14
5.5375000000000005,9.4768215904706494,4,sr,1.168e-14
5.5500000000000007,9.4378669899164329,4,sr,1.542e-15
5.5625000000000009,9.3991730581385884,4,sr,1.630e-15
5.5750000000000002,9.3607383130120141,4,sr,3.168e-11
5.5875000000000004,9.3225612805779488,4,sr,9.036e-15
5.6000000000000005,9.2846404956539796,4,sr,1.399e-14
5.6125000000000007,9.2469745026306764,4,sr,3.538e-15
5.6250000000000009,9.2095618560786292,4,sr,1.398e-14
5.6375000000000002,9.1724011213949144,4,sr,6.688e-15
5.6500000000000004,9.1354908754276511,4,sr,3.707e-11
5.6625000000000005,9.0988297070051818,4,sr,1.548e-14
5.6750000000000007,9.0624162176298206,4,sr,3.785e-15
5.6875000000000009,9.0262490218980389,4,sr,2.930e-11
5.7000000000000002,8.9903267481495064,4,sr,1.010e-11
5.7125000000000004,8.9546480388448604,4,sr,5.752e-11
5.7250000000000005,8.919211551296323,4,sr,7.571e-15
5.7375000000000007,8.8840159578994466,4,sr,1.246e-11
5.7500000000000009,8.8490599467904616,4,sr,6.594e-11
5.7625000000000002,8.8143422223683743,4,sr,1.311e-11
5.7750000000000004,8.7798615055497766,4,sr,7.254e-14
5.7875000000000005,8.7456165344240251,4,sr,6.569e-12
5.8000000000000007,8.7116060646092528,4,sr,6.713e-11
5.8125000000000009,8.6778288698541495,4,sr,6.251e-11
5.8250000000000002,8.6442837421472341,4,sr,2.470e-11
5.8375000000000004,8.6109694926307156,4,sr,7.212e-16
5.8500000000000005,8.5778849516587776,4,sr,6.961e-15
5.8625000000000007,8.5450289694467827,4,sr,7.604e-13
5.8750000000000009,8.5124004164603715,4,sr,3.264e-15
5.8875000000000002,8.4799981838786369,4,sr,2.154e-16
5.9000000000000004,8.447821184048518,4,sr,4.589e-15
5.9125000000000005,8.4158683509479904,4,sr,6.187e-15
5.9250000000000007,8.384138640661801,4,sr,2.420e-11
5.9375000000000009,8.3526310318183317,4,sr,7.763e-15
5.9500000000000002,8.3213445261512327,4,sr,7.606e-15
5.9625000000000004,8.2902781489156343,4,sr,3.753e-15
5.9750000000000005,8.2594309494530513,4,sr,6.691e-11
5.9875000000000007,8.2288020015922623,4,sr,8.040e-15
6.0000000000000009,8.1983904043946279,4,sr,1.327e-15
6.0125000000000002,8.1681952824822943,4,sr,8.170e-16
6.0250000000000004,8.1382157867055405,4,sr,9.498e-15
6.0375000000000005,8.1084510946974184,4,sr,8.352e-15
6.0500000000000007,8.0789004114680427,4,sr,7.657e-15
6.0625000000000009,8.0495629700427251,4,sr,7.464e-11
6.0750000000000002,8.0204380319735495,4,sr,1.717e-14
6.0875000000000004,7.9915248882410514,4,sr,9.858e-15
6.1000000000000005,7.9628228596885586,4,sr,3.754e-15
6.1125000000000007,7.9343312978494351,4,sr,7.042e-15
6.1250000000000009,7.9060495856534843,4,sr,8.771e-16
6.1375000000000002,7.877977138185698,4,sr,6.554e-16
6.1500000000000004,7.8501134034744817,4,sr,1.034e-14
6.1625000000000005,7.8224578633109276,4,sr,4.553e-15
6.1750000000000007,7.7950100341012973,4,sr,1.438e-12
6.1875000000000009,7.767769467750985,4,sr,1.435e-14
6.2000000000000002,7.7407357525921414,4,sr,4.336e-15
6.2125000000000004,7.7139085143394723,4,sr,8.686e-15
6.2250000000000005,7.6872874170934065,4,sr,2.599e-15
6.2375000000000007,7.6608721643822202,4,sr,1.373e-15
6.2500000000000009,7.6346625002252626,4,sr,6.531e-11
6.2625000000000002,7.6086582103822051,4,sr,3.451e-15
6.2750000000000004,7.5828591233003708,4,sr,5.931e-15
6.2875000000000005,7.5572651115791958,4,sr,4.399e-15
6.3000000000000007,7.5318760931372504,4,sr,4.942e-15
6.3125000000000009,7.5066920325741675,4,sr,6.196e-15
6.3250000000000002,7.481712942566606,4,sr,4.023e-15
6.3375000000000004,7.4569388853239422,4,sr,4.557e-16
6.3500000000000005,7.4323699741061873,4,sr,1.862e-15
6.3625000000000007,7.4080063748066696,4,sr,7.405e-15
6.3750000000000009,7.3838483076019976,4,sr,3.582e-15
6.3875000000000002,7.3598960486693104,4,sr,6.715e-12
6.4000000000000004,7.3361499319918888,4,sr,7.268e-15
6.4125000000000005,7.3126103512001581,4,sr,8.000e-15
6.4250000000000007,7.2892777615433069,4,sr,9.692e-16
6.4375000000000009,7.2661526819015121,4,sr,4.235e-15
6.4500000000000002,7.2432356968967069,4,sr,1.902e-14
6.4625000000000004,7.2205274590858863,4,sr,5.505e-15
6.4750000000000005,7.1980286912419782,4,sr,4.335e-15
6.4875000000000007,7.1757401887241459,4,sr,3.555e-15
6.5000000000000009,7.1536628219398599,4,sr,3.064e-15
6.5125000000000002,7.1317975389001438,4,sr,3.685e-15
6.5250000000000004,7.1101453678695989,4,sr,8.411e-15
6.5375000000000005,7.088707420112164,4,sr,8.435e-15
6.5500000000000007,7.0674848927332343,4,sr,2.096e-14
6.5625000000000009,7.0464790716183519,4,sr,2.944e-15
6.5750000000000002,7.0256913344676004,4,sr,2.301e-15
6.5875000000000004,7.0051231539248011,4,sr,3.071e-15
6.6000000000000005,6.9847761007887055,4,sr,2.108e-11
6.6125000000000007,6.9646518473521128,4,sr,4.685e-11
6.6250000000000009,6.9447521707986457,4,sr,2.394e-11
6.6375000000000002,6.925078956608095,4,sr,3.810e-15
6.6500000000000004,6.905634202163121,4,sr,5.200e-15
6.6625000000000005,6.8864200203726247,4,sr,9.472e-15
6.6750000000000007,6.8674386432940793,4,sr,9.629e-15
6.6875000000000009,6.8486924258421054,4,sr,9.291e-15
6.7000000000000002,6.8301838495051603,4,sr,2.423e-15
6.7125000000000004,6.811915526062573,4,sr,3.995e-15
6.7250000000000005,6.7938902012780069,4,sr,5.140e-15
6.7375000000000007,6.7761107585415674,4,sr,3.444e-15
6.7500000000000009,6.7585802224278648,4,sr,3.642e-15
6.7625000000000002,6.741301762131708,4,sr,2.299e-15
6.7750000000000004,6.7242786947373023,4,sr,6.673e-15
6.7875000000000005,6.7075144882695339,4,sr,3.450e-15
6.8000000000000007,6.6910127644684003,4,sr,8.158e-16
6.8125000000000009,6.6747773012121208,4,sr,9.845e-12
6.8250000000000002,6.6588120345569441,4,sr,0.000e+00
6.8375000000000004,6.6431210601679993,4,sr,3.297e-15
6.8500000000000005,6.6277086342687355,4,sr,2.976e-15
6.8625000000000007,6.6125791737661563,4,sr,1.611e-15
6.8750000000000009,6.5977372555595872,4,sr,6.228e-16
6.8875000000000002,6.5831876148415809,4,sr,3.487e-15
6.9000000000000004,6.5689351422337907,4,sr,4.053e-16
6.9125000000000005,6.5549848795746195,4,sr,2.555e-14
6.9250000000000007,6.5413420141544396,4,sr,3.295e-16
6.9375000000000009,6.5280118711711159,4,sr,2.343e-15
6.9500000000000002,6.5149999041555748,4,sr,3.792e-15
6.9625000000000004,6.5023116830906149,4,sr,2.284e-15
6.9750000000000005,6.4899528799207715,4,sr,1.888e-13
6.9875000000000007,6.4779292511253281,4,sr,9.896e-16
7.0000000000000009,6.4662466169951935,4,sr,7.937e-16
7.0125000000000002,6.4549108372373558,4,sr,5.035e-13
7.0250000000000004,6.4439277825072194,4,sr,8.833e-12
7.0375000000000005,6.433303301374969,4,sr,8.220e-16
7.0500000000000007,6.4230431824782617,4,sr,5.795e-16
7.0625000000000009,6.4131531110893212,4,sr,3.260e-15
7.0750000000000002,6.4036386199595698,4,sr,7.879e-12
7.0875000000000004,6.3945050337438216,4,sr,6.998e-12
7.1000000000000005,6.3857574068723597,4,sr,2.750e-16
7.1125000000000007,6.3774004540220215,4,sr,3.854e-15
7.1250000000000009,6.3694384734242551,4,sr,6.030e-12
7.1375000000000002,6.361875262381262,4,sr,6.349e-16
7.1500000000000004,6.3547140249461807,4,sr,1.340e-12
7.1625000000000005,6.3479572720261999,4,sr,1.624e-11
7.1750000000000007,6.3416067137184937,4,sr,1.019e-16
7.1875000000000009,6.335663144985288,4,sr,2.517e-16
7.2000000000000002,6.3301263245815003,4,sr,9.450e-16
7.2125000000000004,6.3249948490676839,4,sr,2.458e-16
7.2250000000000005,6.3202660229007321,4,sr,2.187e-16
7.2375000000000007,6.3159357265950575,4,sr,7.690e-16
7.2500000000000009,6.3119982852213745,4,sr,9.748e-16
7.2625000000000002,6.3084463399863111,4,sr,3.354e-12
7.2750000000000004,6.3052707261387457,4,sr,2.097e-16
7.2875000000000005,6.3024603607471148,4,sr,1.685e-15
7.3000000000000007,6.3000021445658092,4,sr,4.072e-15
7.3125000000000009,6.2978808821587986,4,sr,2.292e-13
7.3250000000000002,6.2960792249196382,4,sr,2.476e-16
7.3375000000000004,6.2945776414973391,4,sr,8.741e-14
7.3500000000000005,6.2933544200245963,4,sr,1.032e-12
7.3625000000000007,6.2923857060971562,4,sr,1.666e-15
7.3750000000000009,6.2916455798542774,4,sr,1.032e-15
7.3875000000000002,6.2911061744886316,4,sr,6.775e-16
7.4000000000000004,6.2907378374533982,4,sr,1.257e-15
7.4125000000000005,6.29050933413947,4,sr,2.714e-16
7.4250000000000007,6.2903880922526163,4,sr,1.160e-11
7.4375000000000009,6.2903404836228924,4,sr,8.446e-12
7.4500000000000002,6.290332137828722,4,sr,4.725e-12
7.4625000000000004,6.2903282819770192,4,sr,2.219e-12
7.4750000000000005,6.2902940975635024,4,sr,5.499e-13
7.4875000000000007,6.2901950861629432,4,sr,8.526e-15
7.5000000000000009,6.2899974340660689,4,sr,1.093e-15
7.5125000000000002,6.2896683661689119,4,sr,1.412e-12
7.5250000000000004,6.2891764797360219,4,sr,9.031e-12
7.5375000000000005,6.2884920492759679,4,sr,1.444e-15
7.5500000000000007,6.28758729556791,4,sr,6.097e-16
7.5625000000000009,6.2864366123703022,4,sr,1.381e-12
7.5750000000000002,6.285016747363021,4,sr,0.000e+00
7.5875000000000004,6.2833069347280155,4,sr,1.541e-15
7.6000000000000005,6.2812889792013609,4,sr,1.474e-12
7.6125000000000007,6.2789472928711856,4,sr,6.919e-17
7.6250000000000009,6.2762688875663883,4,sr,1.306e-12
7.6375000000000002,6.2732433269755923,4,sr,2.823e-16
7.6500000000000004,6.2698626433047018,4,sr,1.667e-11
7.6625000000000005,6.2661212242891926,4,sr,2.982e-13
7.6750000000000007,6.2620156757520675,4,sr,3.451e-13
7.6875000000000009,6.2575446663710945,4,sr,1.033e-15
7.7000000000000002,6.2527087593413713,4,sr,2.241e-15
7.7125000000000004,6.2475102365278126,4,sr,1.563e-15
7.7250000000000005,6.2419529195349392,4,sr,6.953e-12
7.7375000000000007,6.2360419915911196,4,sr,4.596e-12
7.7500000000000009,6.2297838236840288,4,sr,8.906e-16
7.7625000000000002,6.22318580739576,4,sr,4.246e-16
7.7750000000000004,6.2162561965817495,4,sr,1.262e-11
7.7875000000000005,6.2090039592608832,4,sr,1.308e-15
7.8000000000000007,6.2014386409361055,4,sr,2.238e-11
7.8125000000000009,6.1935702392280252,4,sr,2.352e-15
7.8250000000000002,6.1854090909856323,4,sr,4.291e-12
7.8375000000000004,6.1769657705729681,4,sr,1.150e-16
7.8500000000000005,6.1682510000057862,4,sr,2.276e-15
7.8625000000000007,6.159275569741216,4,sr,2.720e-15
7.8750000000000009,6.1500502697941775,4,sr,1.401e-13
7.8875000000000002,6.140585830355537,4,sr,1.706e-11
7.9000000000000004,6.1308928710571458,4,sr,1.950e-11
7.9125000000000005,6.1209818585173972,4,sr,8.983e-12
7.9250000000000007,6.110863070563985,4,sr,1.459e-11
7.9375000000000009,6.1005465674325432,4,sr,2.472e-11
7.9500000000000002,6.0900421682071189,4,sr,2.027e-13
7.9625000000000004,6.0793594328417653,4,sr,1.837e-15
7.9750000000000005,6.0685076480756877,4,sr,1.528e-15
7.9875000000000007,6.0574958175535407,4,sr,6.056e-15
8,6.0463326551509775,4,sr,1.022e-15
8.0124999999999993,6.0350265811773829,4,sr,1.392e-13
8.0250000000000004,6.0235857210129922,4,sr,1.396e-16
8.0374999999999996,6.0120179058041154,4,sr,3.885e-15
8.0499999999999989,6.0003306748933634,4,sr,2.426e-11
8.0625,5.9885312795877743,4,sr,9.402e-16
8.0749999999999993,5.9766266883192278,4,sr,2.048e-15
8.0875000000000004,5.9646235924469151,4,sr,8.879e-16
8.0999999999999996,5.9525284130309029,4,sr,6.060e-15
8.1124999999999989,5.9403473081142337,4,sr,3.963e-11
8.125,5.9280861803215688,4,sr,5.429e-15
8.1374999999999993,5.9157506850901083,4,sr,1.469e-15
8.1500000000000004,5.9033462386687985,4,sr,7.420e-15
8.1624999999999996,5.8908780265550558,4,sr,4.972e-15
8.1749999999999989,5.8783510118391726,4,sr,1.164e-14
8.1875,5.8657699435455797,4,sr,1.933e-15
8.1999999999999993,5.8531393648981043,4,sr,4.800e-15
8.2125000000000004,5.8404636214668457,4,sr,7.966e-15
8.2249999999999996,5.8277468691631071,4,sr,1.542e-14
8.2374999999999989,5.8149930820542686,4,sr,1.712e-12
8.25,5.8022060599833036,4,sr,2.078e-14
8.2624999999999993,5.7893894359609135,4,sr,3.579e-15
8.2750000000000004,5.7765466833450843,4,sr,1.565e-14
8.2874999999999996,5.763681122774126,4,sr,1.266e-14
8.2999999999999989,5.750795928863556,4,sr,3.412e-15
8.3125,5.7378941366599348,4,sr,2.408e-14
8.3249999999999993,5.7249786478442637,4,sr,1.913e-11
8.3375000000000004,5.7120522367384554,4,sr,3.300e-14
8.3499999999999996,5.6991175559634177,4,sr,4.609e-15
8.3624999999999989,5.6861771420098073,4,sr,8.562e-15
8.375,5.6732334204700274,4,sr,2.138e-14
8.3874999999999993,5.6602887110732407,4,sr,5.013e-11
8.4000000000000004,5.6473452326023068,4,sr,3.129e-14
8.4124999999999996,5.6344051073361037,4,sr,2.627e-15
8.4249999999999989,5.6214703656414713,4,sr,1.360e-14
8.4375,5.608542950105166,4,sr,7.514e-15
8.4499999999999993,5.5956247195828892,4,sr,5.649e-15
8.4625000000000004,5.5827174530498258,4,sr,3.547e-14
8.4749999999999996,5.5698228532771727,4,sr,5.820e-15
8.4874999999999989,5.5569425503423266,4,sr,4.090e-14
8.5,5.5440781049794117,4,sr,3.733e-15
8.5124999999999993,5.5312310117773045,4,sr,1.907e-14
8.5250000000000004,5.5184027022321134,4,sr,9.887e-15
8.5374999999999996,5.5055945476602535,4,sr,4.447e-15
8.5499999999999989,5.4928078619790242,4,sr,2.959e-14
8.5625,5.4800439043613292,4,sr,3.360e-12
8.5749999999999993,5.4673038817642494,4,sr,3.844e-14
8.5875000000000004,5.4545889513570343,4,sr,7.656e-15
8.5999999999999996,5.4419002228204105,4,sr,3.273e-14
8.6124999999999989,5.4292387605564993,4,sr,7.732e-16
8.625,5.4166055857936657,4,sr,3.382e-14
8.6374999999999993,5.4040016785984868,4,sr,7.492e-15
8.6500000000000004,5.3914279797979265,4,sr,1.709e-14
8.6624999999999996,5.3788853928167537,4,sr,1.475e-14
8.6749999999999989,5.3663747854338633,4,sr,1.555e-14
8.6875,5.3538969914621077,4,sr,5.291e-16
8.6999999999999993,5.3414528123549978,4,sr,7.065e-15
8.7125000000000004,5.3290430187443532,4,sr,7.465e-15
8.7249999999999996,5.3166683519121332,4,sr,2.189e-14
8.7374999999999989,5.3043295252000204,4,sr,5.048e-15
8.75,5.2920272253596741,4,sr,2.220e-14
8.7624999999999993,5.2797621138470578,4,sr,3.784e-16
8.7750000000000004,5.2675348280632956,4,sr,2.370e-14
8.7874999999999996,5.2553459825399855,4,sr,2.170e-11
8.7999999999999989,5.2431961701078986,4,sr,3.164e-15
8.8125,5.2310859629420037,4,sr,1.543e-14
8.8249999999999993,5.2190159136679277,4,sr,2.468e-16
8.8375000000000004,5.2069865563493272,4,sr,1.594e-14
8.8499999999999996,5.1949984074681241,4,sr,4.445e-14
8.8624999999999989,5.1830519668629353,4,sr,1.025e-14
8.875,5.1711477186329171,4,sr,3.238e-15
8.8874999999999993,5.1592861320090977,4,sr,1.165e-15
8.9000000000000004,5.1474676621946411,4,sr,9.280e-15
8.9124999999999996,5.1356927511760606,4,sr,1.336e-15
8.9249999999999989,5.1239618285067872,4,sr,2.286e-15
8.9375,5.1122753120647966,4,sr,6.980e-16
8.9499999999999993,5.1006336087856949,4,sr,3.355e-16
8.9625000000000004,5.0890371153727063,4,sr,4.955e-15
8.9749999999999996,5.0774862189849372,4,sr,8.058e-15
8.9874999999999989,5.065981297905199,4,sr,2.946e-16
9,5.0545227221886391,4,sr,5.560e-15
9.0124999999999993,5.0431108542934115,4,sr,1.644e-15
9.0250000000000004,5.0317460496944699,4,sr,2.976e-15
9.0374999999999996,5.0204286574954287,4,sr,6.344e-11
9.0499999999999989,5.0091590209430779,4,sr,8.706e-15
9.0625,4.9979374781348938,4,sr,9.223e-16
9.0749999999999993,4.9867643624383611,4,sr,5.610e-15
9.0875000000000004,4.9756400031063732,4,sr,5.479e-12
9.0999999999999996,4.964564725789125,4,sr,1.398e-11
9.1124999999999989,4.9535388530953126,4,sr,4.550e-11
9.125,4.9425627050266376,4,sr,4.472e-11
9.1374999999999993,4.931636599570786,4,sr,1.921e-15
9.1500000000000004,4.9207608531833626,4,sr,6.055e-15
9.1624999999999996,4.9099357812369329,4,sr,8.640e-13
9.1749999999999989,4.8991616985557167,4,sr,3.857e-11
9.1875,4.8884389198451279,4,sr,2.136e-15
9.1999999999999993,4.8777677602539322,4,sr,6.730e-15
9.2125000000000004,4.8671485357648532,4,sr,5.729e-15
9.2249999999999996,4.8565815637070466,4,sr,4.225e-15
9.2374999999999989,4.8460671632164773,4,sr,1.677e-15
9.25,4.8356056557028415,4,sr,1.511e-15
9.2624999999999993,4.8251973653154261,4,sr,1.950e-16
9.2750000000000004,4.814842619402552,4,sr,2.752e-11
9.2874999999999996,4.804541749007667,4,sr,3.967e-12
9.2999999999999989,4.7942950892720742,4,sr,2.272e-15
9.3125,4.7841029799705117,4,sr,9.375e-15
9.3249999999999993,4.77396576594258,4,sr,4.636e-15
9.3375000000000004,4.7638837975751311,4,sr,4.378e-15
9.3499999999999996,4.7538574312766615,4,sr,8.406e-15
9.3624999999999989,4.7438870299561913,4,sr,1.134e-14
9.375,4.7339729635063392,4,sr,1.804e-15
9.3874999999999993,4.724115609291097,4,sr,2.290e-15
9.4000000000000004,4.714315352638808,4,sr,9.241e-16
9.4124999999999996,4.7045725873409037,4,sr,1.084e-16
9.4249999999999989,4.6948877161509115,4,sr,2.651e-11
9.4375,4.6852611513257907,4,sr,4.955e-15
9.4499999999999993,4.6756933150853843,4,sr,1.020e-15
9.4625000000000004,4.6661846401982068,4,sr,4.976e-15
9.4749999999999996,4.6567355704862416,4,sr,1.482e-14
9.4874999999999989,4.647346561373773,4,sr,3.192e-14
9.5,4.6380180804391502,4,sr,4.419e-14
9.5124999999999993,4.6287506079756069,4,sr,1.840e-14
9.5250000000000004,4.6195446375617895,4,sr,1.108e-14
9.5374999999999996,4.610400676641877,4,sr,9.359e-15
9.5499999999999989,4.6013192471158053,4,sr,2.062e-14
9.5625,4.592300885939756,4,sr,5.189e-14
9.5749999999999993,4.5833461457370319,4,sr,4.459e-14
9.5875000000000004,4.5744555954192627,4,sr,2.723e-15
9.5999999999999996,4.5656298208184678,4,sr,4.295e-15
9.6125000000000007,4.5568694253292374,4,sr,2.773e-14
9.625,4.5481750305615378,4,sr,4.845e-14
9.6374999999999993,4.5395472770034129,4,sr,1.108e-15
9.6500000000000004,4.5309868246938709,4,sr,1.453e-15
9.6624999999999996,4.5224943539048477,4,sr,7.671e-14
9.6750000000000007,4.5140705658321068,4,sr,1.557e-14
9.6875,4.5057161832945249,4,sr,1.676e-15
9.6999999999999993,4.4974319514402934,4,sr,7.530e-14
9.7125000000000004,4.4892186384597261,4,sr,1.560e-14
9.7249999999999996,4.4810770363027155,4,sr,6.493e-15
9.7375000000000007,4.4730079614001816,4,sr,7.513e-14
9.75,4.4650122553895581,4,sr,9.719e-12
9.7624999999999993,4.4570907858246365,4,sr,6.241e-14
9.7750000000000004,4.4492444469225392,4,sr,7.468e-15
9.7874999999999996,4.441474160252473,4,sr,2.583e-14
9.8000000000000007,4.4337808754566215,4,sr,2.836e-14
9.8125,4.4261655709431924,4,sr,8.804e-15
9.8249999999999993,4.4186292545672092,4,sr,4.363e-14
9.8375000000000004,4.4111729642911657,4,sr,1.389e-14
9.8499999999999996,4.403797768821498,4,sr,2.441e-14
9.8625000000000007,4.3965047682144185,4,sr,1.865e-14
9.875,4.3892950944458349,4,sr,3.578e-15
9.8874999999999993,4.3821699119375248,4,sr,5.665e-14
9.9000000000000004,4.3751304180326853,4,sr,1.410e-15
9.9124999999999996,4.3681778434113916,4,sr,5.553e-14
9.9250000000000007,4.3613134524371358,4,sr,1.501e-14
9.9375,4.3545385434235433,4,sr,1.119e-15
9.9499999999999993,4.3478544488092306,4,sr,6.338e-14
9.9625000000000004,4.3412625352283545,4,sr,9.829e-15
9.9749999999999996,4.3347642034862854,4,sr,6.876e-11
9.9875000000000007,4.3283608882579117,4,sr,3.984e-14
10,4.3220540579907389,4,sr,3.323e-14
4.2750000000000004,-9.2552241165056461,5,sr,1.660e-14
4.2875000000000005,-8.5040091446534198,5,sr,1.154e-16
4.3000000000000007,-7.8340187507561652,5,sr,1.896e-16
4.3125,-7.2339535693837362,5,sr,5.306e-17
4.3250000000000002,-6.6944128647539163,5,sr,1.247e-16
4.3375000000000004,-6.2075241736599276,5,sr,8.272e-16
4.3500000000000005,-5.7666545727153862,5,sr,5.401e-17
4.3625000000000007,-5.3661836396776943,5,sr,2.720e-18
4.375,-5.0013234907477058,5,sr,3.129e-17
4.3875000000000002,-4.6679750600317629,5,sr,2.468e-15
4.4000000000000004,-4.3626125136291973,5,sr,3.562e-15
4.4125000000000005,-4.0821896755758376,5,sr,2.089e-16
4.4250000000000007,-3.8240638021031281,5,sr,2.247e-15
4.4375,-3.5859331234719702,5,sr,2.317e-16
4.4500000000000002,-3.3657853831316644,5,sr,1.372e-16
4.4625000000000004,-3.1618552156302018,5,sr,1.746e-16
4.4750000000000005,-2.9725886699018194,5,sr,1.481e-14
4.4875000000000007,-2.7966135409831128,5,sr,2.838e-16
4.5,-2.6327144481730671,5,sr,2.239e-14
4.5125000000000002,-2.4798118112134344,5,sr,7.063e-16
4.5250000000000004,-2.3369440429156221,5,sr,6.977e-18
4.5375000000000005,-2.2032524078837548,5,sr,3.437e-14
4.5500000000000007,-2.0779681006769608,5,sr,4.699e-14
4.5625,-1.9604011792159539,5,sr,1.698e-16
4.5750000000000002,-1.8499310551177419,5,sr,2.552e-16
4.5875000000000004,-1.7459982955458984,5,sr,6.527e-17
4.6000000000000005,-1.6480975338267367,5,sr,9.264e-14
4.6125000000000007,-1.5557713206977397,5,sr,3.116e-17
4.625,-1.4686047761714434,5,sr,9.476e-14
4.6375000000000002,-1.3862209250701985,5,sr,6.428e-17
4.6500000000000004,-1.3082766180870085,5,sr,1.662e-13
4.6625000000000005,-1.2344589558882684,5,sr,3.564e-14
4.6750000000000007,-1.1644821465242696,5,sr,3.826e-14
4.6875,-1.0980847372021987,5,sr,2.911e-13
4.7000000000000002,-1.0350271702753295,5,sr,8.943e-14
4.7125000000000004,-0.97508962074932271,5,sr,1.072e-12
4.7250000000000005,-0.91807007885647873,5,sr,4.568e-13
4.7375000000000007,-0.86378264652852133,5,sr,3.177e-13
4.75,-0.81205602073721017,5,sr,6.669e-17
4.7625000000000002,-0.76273214084884944,5,sr,7.600e-13
4.7750000000000004,-0.7156649799260516,5,sr,0.000e+00
4.7875000000000005,-0.67071946268824856,5,sr,2.337e-16
4.8000000000000007,-0.6277704953083566,5,sr,1.126e-12
4.8125000000000009,-0.58670209394121209,5,sr,7.853e-16
4.8250000000000002,-0.5474066006397077,5,sr,3.162e-16
4.8375000000000004,-0.50978397691676081,5,sr,4.609e-14
4.8500000000000005,-0.47374116614400014,5,sr,1.083e-12
4.8625000000000007,-0.43919151733403289,5,sr,6.327e-13
4.8750000000000009,-0.40605426356269031,5,sr,5.425e-16
4.8875000000000002,-0.37425404926752948,5,sr,7.020e-13
4.9000000000000004,-0.3437205012218465,5,sr,1.773e-12
4.9125000000000005,-0.31438783862663261,5,sr,6.319e-13
4.9250000000000007,-0.28619451829212761,5,sr,3.146e-16
4.9375000000000009,-0.25908291140116751,5,sr,1.534e-12
4.9500000000000002,-0.23299900863409381,5,sr,4.392e-12
4.9625000000000004,-0.20789215085819523,5,sr,5.043e-12
4.9750000000000005,-0.18371478286903753,5,sr,3.435e-12
4.9875000000000007,-0.16042222799472092,5,sr,1.165e-16
5.0000000000000009,-0.13797248151478347,5,sr,6.728e-12
5.0125000000000002,-0.1163260212819376,5,sr,1.461e-16
5.0250000000000004,-0.095445633530869517,5,sr,1.697e-16
5.0375000000000005,-0.075296253081571687,5,sr,2.331e-16
5.0500000000000007,-0.055844816074340733,5,sr,1.864e-16
5.0625000000000009,-0.037060124415619157,5,sr,4.790e-17
5.0750000000000002,-0.018912720780598032,5,sr,6.003e-12
5.1000000000000005,0.015580030916443277,5,sr,2.618e-12
5.1125000000000007,0.031976584433746111,5,sr,1.382e-11
5.1250000000000009,0.047838450492902036,5,sr,1.820e-16
5.1375000000000002,0.063187947261760705,5,sr,1.958e-16
5.1500000000000004,0.078046226258511084,5,sr,1.468e-16
5.1625000000000005,0.092433344749079924,5,sr,9.009e-12
5.1750000000000007,0.1063683331940663,5,sr,1.659e-11
5.1875000000000009,0.11986925754199414,5,sr,4.192e-16
5.2000000000000002,0.13295327776272031,5,sr,7.371e-17
5.2125000000000004,0.14563670165206322,5,sr,6.621e-12
5.2250000000000005,0.15793503530055503,5,sr,4.924e-16
5.2375000000000007,0.16986303009827941,5,sr,1.654e-16
5.2500000000000009,0.1814347263981205,5,sr,1.182e-11
5.2625000000000002,0.19266349447061132,5,sr,8.148e-16
5.2750000000000004,0.20356207247690211,5,sr,2.712e-16
5.2875000000000005,0.21414260223897463,5,sr,1.715e-16
5.3000000000000007,0.22441666247096112,5,sr,1.636e-16
5.3125000000000009,0.23439529995046701,5,sr,4.703e-16
5.3250000000000002,0.24408905868402755,5,sr,1.885e-16
5.3375000000000004,0.2535080072254205,5,sr,7.281e-16
5.3500000000000005,0.26266176427928717,5,sr,7.053e-16
5.3625000000000007,0.27155952271194028,5,sr,2.741e-16
5.3750000000000009,0.28021007208378085,5,sr,2.264e-12
5.3875000000000002,0.28862181979141782,5,sr,1.303e-16
5.4000000000000004,0.2968028109607625,5,sr,5.099e-16
5.4125000000000005,0.30476074710263606,5,sr,1.249e-16
5.4250000000000007,0.31250300368862083,5,sr,9.507e-16
5.4375000000000009,0.32003664667649157,5,sr,1.027e-13
5.4500000000000002,0.32736844806933124,5,sr,1.341e-15
5.4625000000000004,0.33450490057231369,5,sr,8.787e-17
5.4750000000000005,0.34145223140352476,5,sr,7.601e-16
5.4875000000000007,0.34821641531712144,5,sr,7.515e-16
5.5000000000000009,0.35480318688803442,5,sr,8.486e-17
5.5125000000000002,0.36121805210633257,5,sr,5.603e-17
5.5250000000000004,0.36746629932514008,5,sr,1.888e-15
5.5375000000000005,0.373553009603041,5,sr,4.133e-16
5.5500000000000007,0.37948306647896313,5,sr,2.462e-16
5.5625000000000009,0.38526116522088855,5,sr,8.632e-12
5.5750000000000002,0.39089182153939722,5,sr,6.756e-16
5.5875000000000004,0.396379379922352,5,sr,1.640e-15
5.6000000000000005,0.40172802140973385,5,sr,1.927e-15
5.6125000000000007,0.4069417710447637,5,sr,2.159e-15
5.6250000000000009,0.41202450490037684,5,sr,2.284e-15
5.6375000000000002,0.41697995674608335,5,sr,2.608e-15
5.6500000000000004,0.42181172437086162,5,sr,2.366e-15
5.6625000000000005,0.426523275582183,5,sr,2.569e-15
5.6750000000000007,0.43111795390011937,5,sr,7.234e-16
5.6875000000000009,0.43559898395199365,5,sr,2.111e-11
5.7000000000000002,0.43996947666071806,5,sr,1.416e-11
5.7125000000000004,0.44423243404422785,5,sr,3.015e-16
5.7250000000000005,0.44839075389619626,5,sr,1.402e-15
5.7375000000000007,0.4524472342172321,5,sr,5.327e-15
5.7500000000000009,0.45640457738446433,5,sr,2.524e-15
5.7625000000000002,0.46026539416412732,5,sr,1.993e-11
5.7750000000000004,0.46403220746299101,5,sr,4.784e-16
5.7875000000000005,0.46770745605235764,5,sr,5.017e-15
5.8000000000000007,0.47129349791552227,5,sr,2.914e-15
5.8125000000000009,0.47479261358692881,5,sr,2.234e-16
5.8250000000000002,0.47820700927622001,5,sr,3.132e-15
5.8375000000000004,0.48153881985725022,5,sr,4.204e-15
5.8500000000000005,0.48479011171941555,5,sr,9.241e-17
5.8625000000000007,0.48796288548848082,5,sr,4.761e-15
5.8750000000000009,0.49105907862378467,5,sr,2.862e-15
5.8875000000000002,0.49408056789817906,5,sr,5.311e-17
5.9000000000000004,0.49702917176667188,5,sr,7.691e-15
5.9125000000000005,0.49990665262958445,5,sr,1.334e-16
5.9250000000000007,0.50271471899541698,5,sr,8.450e-15
5.9375000000000009,0.50545502753797344,5,sr,2.588e-11
5.9500000000000002,0.50812918512693617,5,sr,5.402e-15
5.9625000000000004,0.51073875061286345,5,sr,1.401e-15
5.9750000000000005,0.51328523674344051,5,sr,4.378e-15
5.9875000000000007,0.51577011184238597,5,sr,1.138e-15
6.0000000000000009,0.51819480147842922,5,sr,5.682e-15
6.0125000000000002,0.52056069005329364,5,sr,1.500e-15
6.0250000000000004,0.52286912232287475,5,sr,9.327e-15
6.0375000000000005,0.52512140485840852,5,sr,1.027e-11
6.0500000000000007,0.52731880742448223,5,sr,1.404e-14
6.0625000000000009,0.52946256435569228,5,sr,1.105e-16
6.0750000000000002,0.53155387580289126,5,sr,9.199e-15
6.0875000000000004,0.53359390898352832,5,sr,2.616e-15
6.1000000000000005,0.53558379935920708,5,sr,6.695e-16
6.1125000000000007,0.53752465176938047,5,sr,1.445e-14
6.1250000000000009,0.53941754151938182,5,sr,1.244e-16
6.1375000000000002,0.54126351542508655,5,sr,6.597e-15
6.1500000000000004,0.54306359281597416,5,sr,8.374e-15
6.1625000000000005,0.54481876649857719,5,sr,7.382e-16
6.1750000000000007,0.54653000368212712,5,sr,9.916e-15
6.1875000000000009,0.54819824686796215,5,sr,6.350e-15
6.2000000000000002,0.54982441470436239,5,sr,0.000e+00
6.2125000000000004,0.55140940280841144,5,sr,8.585e-15
6.2250000000000005,0.55295408455618977,5,sr,9.947e-15
6.2375000000000007,0.554459311842742,5,sr,2.065e-16
6.2500000000000009,0.55592591581321193,5,sr,4.311e-15
6.2625000000000002,0.55735470756621586,5,sr,1.725e-14
6.2750000000000004,0.55874647883081219,5,sr,2.468e-15
6.2875000000000005,0.56010200262148568,5,sr,1.203e-11
6.3000000000000007,0.56142203384829636,5,sr,8.515e-15
6.3125000000000009,0.56270730995535401,5,sr,1.418e-14
6.3250000000000002,0.56395855146814833,5,sr,8.936e-16
6.3375000000000004,0.56517646258150256,5,sr,3.734e-11
6.3500000000000005,0.56636173164492754,5,sr,7.502e-15
6.3625000000000007,0.56751503178534235,5,sr,1.638e-14
6.3750000000000009,0.5686370213063241,5,sr,3.325e-15
6.3875000000000002,0.56972834422288132,5,sr,7.889e-16
6.4000000000000004,0.57078963071745215,5,sr,2.254e-15
6.4125000000000005,0.57182149758960854,5,sr,1.229e-14
6.4250000000000007,0.57282454868984056,5,sr,1.147e-14
6.4375000000000009,0.57379937533802039,5,sr,1.974e-15
6.4500000000000002,0.57474655672729869,5,sr,4.944e-16
6.4625000000000004,0.57566666031384084,5,sr,8.064e-16
6.4750000000000005,0.57656024219310253,5,sr,8.030e-15
6.4875000000000007,0.57742784746312703,5,sr,1.406e-14
6.5000000000000009,0.57827001057538341,5,sr,4.326e-15
6.5125000000000002,0.5790872556736173,5,sr,1.258e-16
6.5250000000000004,0.57988009692126963,5,sr,3.788e-16
6.5375000000000005,0.58064903881778995,5,sr,4.435e-16
6.5500000000000007,0.58139457650437898,5,sr,6.232e-15
6.5625000000000009,0.58211719605953394,5,sr,1.014e-14
6.5750000000000002,0.58281737478479889,5,sr,8.770e-15
6.5875000000000004,0.58349558148108416,5,sr,3.147e-15
6.6000000000000005,0.58415227671599046,5,sr,5.906e-16
6.6125000000000007,0.58478791308238709,5,sr,5.925e-16
6.6250000000000009,0.58540293544041178,5,sr,3.725e-11
6.6375000000000002,0.58599778120092783,5,sr,1.237e-15
6.6500000000000004,0.58657288047753109,5,sr,4.702e-15
6.6625000000000005,0.58712865639610723,5,sr,5.241e-15
6.6750000000000007,0.58766552527352811,5,sr,4.600e-15
6.6875000000000009,0.58818389683897321,5,sr,1.780e-15
6.7000000000000002,0.58868417444043475,5,sr,5.290e-16
6.7125000000000004,0.58916675524486173,5,sr,6.633e-17
6.7250000000000005,0.58963203043222678,5,sr,4.658e-16
6.7375000000000007,0.59008038538509144,5,sr,6.535e-12
6.7500000000000009,0.59051219985968761,5,sr,2.300e-11
6.7625000000000002,0.5909278482003063,5,sr,1.007e-15
6.7750000000000004,0.59132769945040164,5,sr,1.414e-15
6.7875000000000005,0.5917121175736888,5,sr,2.768e-15
6.8000000000000007,0.59208146159131514,5,sr,4.062e-16
6.8125000000000009,0.59243608574417528,5,sr,8.147e-16
6.8250000000000002,0.59277633964607179,5,sr,3.404e-16
6.8375000000000004,0.59310256843261333,5,sr,0.000e+00
6.8500000000000005,0.59341511290603843,5,sr,1.300e-15
6.8625000000000007,0.59371430967610828,5,sr,1.853e-15
6.8750000000000009,0.5940004912972372,5,sr,2.064e-16
6.8875000000000002,0.59427398640200801,5,sr,6.305e-16
6.9000000000000004,0.59453511984640828,5,sr,7.942e-11
6.9125000000000005,0.59478421275446491,5,sr,3.202e-11
6.9250000000000007,0.59502158282419193,5,sr,3.300e-14
6.9375000000000009,0.59524754423419113,5,sr,5.082e-12
6.9500000000000002,0.59546240789997096,5,sr,1.516e-11
6.9625000000000004,0.5956664815448901,5,sr,1.480e-11
6.9750000000000005,0.59586006981703732,5,sr,2.098e-11
6.9875000000000007,0.59604347439783112,5,sr,1.227e-10
7.0000000000000009,0.59621699404885009,5,sr,2.112e-16
7.0125000000000002,0.5963809248931049,5,sr,1.411e-16
7.0250000000000004,0.59653556031276966,5,sr,5.654e-16
7.0375000000000005,0.59668119115862894,5,sr,1.204e-15
7.0500000000000007,0.59681810582529138,5,sr,1.064e-15
7.0625000000000009,0.59694659034705011,5,sr,5.686e-16
7.0750000000000002,0.59706692849179821,5,sr,1.145e-15
7.0875000000000004,0.59717940185308238,5,sr,1.106e-15
7.1000000000000005,0.59728428994036298,5,sr,1.858e-15
7.1125000000000007,0.59738187026755463,5,sr,1.217e-15
7.1250000000000009,0.59747241843991183,5,sr,2.186e-15
7.1375000000000002,0.59755620823932432,5,sr,3.553e-15
7.1500000000000004,0.59763351170807222,5,sr,4.241e-15
7.1625000000000005,0.59770459923111463,5,sr,6.119e-15
7.1750000000000007,0.59776973961693847,5,sr,5.370e-15
7.1875000000000009,0.59782920017703445,5,sr,6.857e-15
7.2000000000000002,0.59788324680403226,5,sr,9.431e-15
7.2125000000000004,0.59793214404853789,5,sr,1.013e-14
7.2250000000000005,0.59797615519471037,5,sr,1.043e-14
7.2375000000000007,0.59801554233460419,5,sr,1.356e-14
7.2500000000000009,0.5980505664413065,5,sr,1.434e-14
7.2625000000000002,0.59808148744089384,5,sr,1.533e-14
7.2750000000000004,0.59810856428322223,5,sr,1.803e-14
7.2875000000000005,0.59813205501156752,5,sr,2.105e-14
7.3000000000000007,0.59815221683112441,5,sr,2.396e-14
7.3125000000000009,0.59816930617636532,5,sr,2.560e-14
7.3250000000000002,0.59818357877726336,5,sr,2.777e-14
7.3375000000000004,0.59819528972436875,5,sr,3.114e-14
7.3500000000000005,0.59820469353272854,5,sr,3.404e-14
7.3625000000000007,0.59821204420463547,5,sr,3.654e-14
7.3750000000000009,0.59821759529117857,5,sr,3.860e-14
7.3875000000000002,0.59822159995257207,5,sr,4.460e-14
7.4000000000000004,0.59822431101722118,5,sr,4.913e-14
7.4125000000000005,0.59822598103949065,5,sr,5.365e-14
7.4250000000000007,0.59822686235612355,5,sr,5.698e-14
7.4375000000000009,0.59822720714125455,5,sr,6.411e-14
7.4500000000000002,0.59822726745995736,5,sr,6.764e-14
7.4625000000000004,0.59822729532025654,5,sr,7.252e-14
7.4750000000000005,0.59822754272352097,5,sr,7.764e-14
7.4875000000000007,0.5982282617131589,5,sr,8.390e-14
7.5000000000000009,0.59822970442151291,5,sr,8.862e-14
7.5125000000000002,0.59823212311485408,5,sr,9.366e-14
7.5250000000000004,0.5982357702363611,5,sr,9.888e-14
7.5375000000000005,0.59824089844695805,5,sr,1.051e-13
7.5500000000000007,0.59824776066387841,5,sr,1.099e-13
7.5625000000000009,0.59825661009681175,5,sr,1.149e-13
7.5750000000000002,0.59826770028147203,5,sr,1.204e-13
7.5875000000000004,0.59828128511042578,5,sr,1.242e-13
7.6000000000000005,0.59829761886099453,5,sr,1.263e-13
7.6125000000000007,0.59831695622004566,5,sr,1.304e-13
7.6250000000000009,0.59833955230545677,5,sr,1.329e-13
7.6375000000000002,0.59836566268404601,5,sr,1.339e-13
7.6500000000000004,0.59839554338572865,5,sr,1.359e-13
7.6625000000000005,0.59842945091365229,5,sr,1.356e-13
7.6750000000000007,0.59846764225005644,5,sr,1.351e-13
7.6875000000000009,0.59851037485757197,5,sr,1.327e-13
7.7000000000000002,0.59855790667567543,5,sr,1.285e-13
7.7125000000000004,0.59861049611198502,5,sr,1.220e-13
7.7250000000000005,0.59866840202808191,5,sr,1.149e-13
7.7375000000000007,0.59873188371951103,5,sr,1.067e-13
7.7500000000000009,0.59880120088961242,5,sr,9.775e-14
7.7625000000000002,0.59887661361680566,5,sr,8.598e-14
7.7750000000000004,0.59895838231494591,5,sr,7.151e-14
7.7875000000000005,0.59904676768634524,5,sr,6.049e-14
7.8000000000000007,0.5991420306670372,5,sr,4.718e-14
7.8125000000000009,0.59924443236385749,5,sr,3.705e-14
7.8250000000000002,0.59935423398288468,5,sr,2.482e-14
7.8375000000000004,0.59947169674878376,5,sr,1.618e-14
7.8500000000000005,0.5995970818145695,5,sr,7.933e-15
7.8625000000000007,0.59973065016131055,5,sr,2.474e-15
7.8750000000000009,0.59987266246844628,5,sr,1.034e-10
7.8875000000000002,0.60002337909808723,5,sr,6.637e-11
7.9000000000000004,0.60018305971264096,5,sr,6.417e-16
7.9125000000000005,0.60035196343870667,5,sr,6.306e-16
7.9250000000000007,0.60053034849340881,5,sr,2.377e-15
7.9375000000000009,0.60071847209247708,5,sr,6.764e-15
7.9500000000000002,0.60091659025304967,5,sr,1.412e-14
7.9625000000000004,0.60112495759442719,5,sr,2.935e-14
7.9750000000000005,0.60134382712414958,5,sr,4.900e-14
7.9875000000000007,0.6015734500089055,5,sr,7.987e-14
8,0.60181407532981712,5,sr,1.171e-13
8.0124999999999993,0.60206594982165174,5,sr,1.633e-13
8.0250000000000004,0.6023293175955643,5,sr,2.097e-13
8.0374999999999996,0.60260441984508251,5,sr,2.398e-13
8.0499999999999989,0.60289149453445312,5,sr,2.154e-13
8.0625,0.60319077607047744,5,sr,1.772e-13
8.0749999999999993,0.60350249495576802,5,sr,1.263e-13
8.0875000000000004,0.60382687742465158,5,sr,7.766e-14
8.0999999999999996,0.60416414506110228,5,sr,3.491e-14
8.1124999999999989,0.60451451439881831,5,sr,9.052e-15
8.125,0.60487819649082941,5,sr,6.334e-11
8.1374999999999993,0.60525539653783544,5,sr,5.330e-16
8.1500000000000004,0.60564631330865448,5,sr,2.125e-15
8.1624999999999996,0.60605113879814698,5,sr,1.258e-14
8.1749999999999989,0.60647005767827411,5,sr,3.814e-14
8.1875,0.60690324680997998,5,sr,7.700e-14
8.1999999999999993,0.60735087472778215,5,sr,1.205e-13
8.2125000000000004,0.60781310111089148,5,sr,1.247e-13
8.2249999999999996,0.6082900762417055,5,sr,8.839e-14
8.2374999999999989,0.60878194045397249,5,sr,4.521e-14
8.25,0.60928882357100445,5,sr,1.248e-14
8.2624999999999993,0.60981084431558574,5,sr,9.829e-11
8.2750000000000004,0.61034810984015908,5,sr,1.282e-16
8.2874999999999996,0.6109007149386072,5,sr,4.222e-15
8.2999999999999989,0.61146874167680954,5,sr,2.065e-14
8.3125,0.61205225870968361,5,sr,4.706e-14
8.3249999999999993,0.61265132072838602,5,sr,6.917e-14
8.3375000000000004,0.61326596789343901,5,sr,4.673e-14
8.3499999999999996,0.61389622527834853,5,sr,1.784e-14
8.3624999999999989,0.61454210232636941,5,sr,1.816e-15
8.375,0.61520359232425859,5,sr,1.123e-15
8.3874999999999993,0.61588067189640527,5,sr,1.492e-15
8.4000000000000004,0.6165733005230144,5,sr,1.301e-14
8.4124999999999996,0.61728142008606268,5,sr,3.006e-14
8.4249999999999989,0.61800495444683878,5,sr,2.872e-14
8.4375,0.61874380905877246,5,sr,1.275e-14
8.4499999999999993,0.61949787061961736,5,sr,1.832e-16
8.4625000000000004,0.62026700676639468,5,sr,1.095e-15
8.4749999999999996,0.62105106581701053,5,sr,1.265e-16
8.4874999999999989,0.62184987656200752,5,sr,9.003e-15
8.5,0.62266324810982587,5,sr,1.548e-14
8.5124999999999993,0.62349096978868246,5,sr,8.223e-15
8.5250000000000004,0.6243328111081029,5,sr,2.991e-16
8.5374999999999996,0.62518852178254269,5,sr,5.961e-16
8.5499999999999989,0.62605783181947872,5,sr,8.912e-16
8.5625,0.62694045167381895,5,sr,5.626e-15
8.5749999999999993,0.62783607247010464,5,sr,7.261e-15
8.5875000000000004,0.62874436629350339,5,sr,2.118e-15
8.5999999999999996,0.62966498653566971,5,sr,5.978e-11
8.6124999999999989,0.63059756839717329,5,sr,5.263e-16
8.625,0.63154172924086804,5,sr,1.985e-15
8.6374999999999993,0.63249706930387517,5,sr,3.953e-15
8.6500000000000004,0.63346317225793303,5,sr,1.333e-15
8.6624999999999996,0.63443960594514892,5,sr,9.679e-11
8.6749999999999989,0.63542592301778711,5,sr,1.729e-16
8.6875,0.63642166199453476,5,sr,9.772e-16
8.6999999999999993,0.63742634789466646,5,sr,2.179e-15
8.7125000000000004,0.63843949328104754,5,sr,5.718e-16
8.7249999999999996,0.63946059918994913,5,sr,6.662e-11
8.7374999999999989,0.6404891562258086,5,sr,7.397e-16
8.75,0.64152464544400045,5,sr,1.135e-16
8.7624999999999993,0.6425665395960023,5,sr,1.533e-15
8.7750000000000004,0.6436143041514637,5,sr,2.518e-16
8.7874999999999996,0.64466739843512388,5,sr,1.646e-11
8.7999999999999989,0.64572527678546343,5,sr,1.013e-15
8.8125,0.64678738965934501,5,sr,4.629e-16
8.8249999999999993,0.64785318482591914,5,sr,2.144e-11
8.8375000000000004,0.64892210844653642,5,sr,6.422e-11
8.8499999999999996,0.64999360634585213,5,sr,3.466e-15
8.8624999999999989,0.6510671249081178,5,sr,3.110e-11
8.875,0.65214211238309039,5,sr,6.783e-11
8.8874999999999993,0.65321801987657002,5,sr,8.473e-12
8.9000000000000004,0.65429430232517094,5,sr,4.114e-12
8.9124999999999996,0.65537041961664644,5,sr,1.847e-12
8.9249999999999989,0.6564458375015062,5,sr,5.221e-11
8.9375,0.65752002847393509,5,sr,1.107e-16
8.9499999999999993,0.65859247277222466,5,sr,3.317e-16
8.9625000000000004,0.659662659062211,5,sr,8.626e-11
8.9749999999999996,0.66073008540140576,5,sr,5.676e-11
8.9874999999999989,0.66179425967207961,5,sr,2.206e-16
9,0.66285470060655893,5,sr,1.295e-15
9.0124999999999993,0.66391093816131075,5,sr,6.886e-17
9.0250000000000004,0.66496251417101648,5,sr,3.702e-12
9.0374999999999996,0.66600898284480725,5,sr,1.299e-11
9.0499999999999989,0.66704991122667112,5,sr,4.608e-16
9.0625,0.66808487957216822,5,sr,1.066e-15
9.0749999999999993,0.66911348172077156,5,sr,4.692e-16
9.0875000000000004,0.6701353253757466,5,sr,7.327e-12
9.0999999999999996,0.67115003234040815,5,sr,5.792e-16
9.1124999999999989,0.67215723872796895,5,sr,2.018e-15
9.125,0.67315659508892645,5,sr,5.570e-16
9.1374999999999993,0.67414776651905162,5,sr,1.376e-16
9.1500000000000004,0.67513043271583395,5,sr,9.911e-12
9.1624999999999996,0.67610428798169631,5,sr,1.115e-15
9.1749999999999989,0.67706904122308509,5,sr,2.342e-15
9.1875,0.67802441586704909,5,sr,1.805e-15
9.1999999999999993,0.67897014977856562,5,sr,8.274e-17
9.2125000000000004,0.67990599511037875,5,sr,9.783e-11
9.2249999999999996,0.68083171825963218,5,sr,4.695e-16
9.2374999999999989,0.68174709946441348,5,sr,2.515e-15
9.25,0.68265193282100978,5,sr,4.371e-15
9.2624999999999993,0.6835460259458076,5,sr,2.105e-15
9.2750000000000004,0.68442919975120753,5,sr,1.663e-16
9.2874999999999996,0.68530128820169522,5,sr,8.934e-11
9.2999999999999989,0.68616213793681613,5,sr,3.641e-15
9.3125,0.68701160817605333,5,sr,8.205e-15
9.3249999999999993,0.68784957021925064,5,sr,6.293e-15
9.3375000000000004,0.68867590723269612,5,sr,3.904e-16
9.3499999999999996,0.68949051390968186,5,sr,7.259e-16
9.3624999999999989,0.69029329616760171,5,sr,1.075e-10
9.375,0.69108417070348793,5,sr,3.640e-15
9.3874999999999993,0.69186306488944793,5,sr,1.037e-14
9.4000000000000004,0.69262991620920167,5,sr,1.168e-14
9.4124999999999996,0.69338467203701493,5,sr,3.939e-15
9.4249999999999989,0.69412728928015854,5,sr,2.817e-16
9.4375,0.69485773404580609,5,sr,5.643e-16
9.4499999999999993,0.69557598131052489,5,sr,1.192e-15
9.4625000000000004,0.6962820145931522,5,sr,6.909e-15
9.4749999999999996,0.69697582563180505,5,sr,1.282e-14
9.4874999999999989,0.69765741406569326,5,sr,1.432e-14
9.5,0.69832678712228247,5,sr,7.002e-15
9.5124999999999993,0.69898395931042256,5,sr,7.413e-16
9.5250000000000004,0.69962895211974863,5,sr,7.510e-16
9.5374999999999996,0.70026179375165287,5,sr,1.271e-10
9.5499999999999989,0.70088251870837581,5,sr,2.237e-15
9.5625,0.70149116776171305,5,sr,1.075e-14
9.5749999999999993,0.70208778743283051,5,sr,1.721e-14
9.5875000000000004,0.70267242985208611,5,sr,1.713e-14
9.5999999999999996,0.70324515247770769,5,sr,7.341e-15
9.6125000000000007,0.70380601784726782,5,sr,2.667e-15
9.625,0.70435509333702595,5,sr,5.340e-16
9.6374999999999993,0.70489245093075148,5,sr,7.914e-12
9.6500000000000004,0.70541816698765558,5,sr,3.496e-16
9.6624999999999996,0.70593232204031564,5,sr,2.803e-15
9.6750000000000007,0.70643500057101272,5,sr,8.484e-15
9.6875,0.70692629081790992,5,sr,1.489e-14
9.6999999999999993,0.70740628458006383,5,sr,1.921e-14
9.7125000000000004,0.70787507703145847,5,sr,1.449e-14
9.7249999999999996,0.7083327665424195,5,sr,8.262e-15
9.7375000000000007,0.70877945450836288,5,sr,3.548e-15
9.75,0.70921524518558765,5,sr,1.126e-15
9.7624999999999993,0.70964024553405458,5,sr,0.000e+00
9.7750000000000004,0.71005456506816889,5,sr,7.080e-12
9.7874999999999996,0.71045831570676232,5,sr,8.422e-16
9.8000000000000007,0.71085161164801491,5,sr,2.035e-15
9.8125,0.71123456922592443,5,sr,4.910e-15
9.8249999999999993,0.71160730679135009,5,sr,1.026e-14
9.8375000000000004,0.71196994459151441,5,sr,1.191e-14
9.8499999999999996,0.71232260465641772,5,sr,1.374e-14
9.8625000000000007,0.71266541069074985,5,sr,8.756e-15
9.875,0.71299848797108945,5,sr,8.835e-15
9.8874999999999993,0.71332196324826114,5,sr,5.761e-15
9.9000000000000004,0.71363596465459511,5,sr,3.950e-15
9.9124999999999996,0.71394062161596084,5,sr,1.827e-15
9.9250000000000007,0.71423606476838253,5,sr,6.101e-17
9.9375,0.71452242587905934,5,sr,8.559e-16
9.9499999999999993,0.71479983777162159,5,sr,4.901e-16
9.9625000000000004,0.71506843425682731,5,sr,8.495e-12
9.9749999999999996,0.71532835003712614,5,sr,1.362e-10
9.9875000000000007,0.71557972076646903,5,sr,2.465e-16
10,0.71582268275890815,5,sr,4.322e-16
5.2125000000000004,14.946585313685997,6,sr,5.864e-15
5.2250000000000005,14.879478722392076,6,sr,5.478e-15
5.2375000000000007,14.812818983254616,6,sr,2.150e-15
5.2500000000000009,14.746603458725048,6,sr,1.476e-15
5.2625000000000002,14.680829493168391,6,sr,7.733e-15
5.2750000000000004,14.615494415679077,6,sr,3.599e-11
5.2875000000000005,14.550595542809623,6,sr,3.924e-12
5.3000000000000007,14.486130180919195,6,sr,8.861e-15
5.3125000000000009,14.422095628645259,6,sr,4.423e-15
5.3250000000000002,14.358489179038614,6,sr,9.425e-15
5.3375000000000004,14.295308121644611,6,sr,3.613e-11
5.3500000000000005,14.232549744368148,6,sr,1.447e-14
5.3625000000000007,14.170211335440815,6,sr,1.767e-11
5.3750000000000009,14.10829018495202,6,sr,1.606e-14
5.3875000000000002,14.046783586594382,6,sr,4.196e-15
5.4000000000000004,13.985688839090907,6,sr,6.925e-15
5.4125000000000005,13.925003247649588,6,sr,1.567e-14
5.4250000000000007,13.864724125293137,6,sr,1.177e-14
5.4375000000000009,13.804848794117458,6,sr,8.166e-15
5.4500000000000002,13.745374586494627,6,sr,4.890e-11
5.4625000000000004,13.686298846101117,6,sr,1.524e-14
5.4750000000000005,13.627618929148612,6,sr,1.145e-16
5.4875000000000007,13.569332205200036,6,sr,2.318e-15
5.5000000000000009,13.511436058196525,6,sr,1.162e-15
5.5125000000000002,13.453927887325985,6,sr,9.373e-16
5.5250000000000004,13.396805107861203,6,sr,1.469e-14
5.5375000000000005,13.340065151953567,6,sr,1.414e-12
5.5500000000000007,13.283705469382147,6,sr,6.059e-15
5.5625000000000009,13.227723528271291,6,sr,1.145e-15
5.5750000000000002,13.172116815762596,6,sr,2.409e-15
5.5875000000000004,13.116882838660951,6,sr,1.149e-16
5.6000000000000005,13.062019124046975,6,sr,8.715e-15
5.6125000000000007,13.007523219861593,6,sr,1.454e-15
5.6250000000000009,12.953392695464727,6,sr,4.758e-16
5.6375000000000002,12.899625142170093,6,sr,2.944e-15
5.6500000000000004,12.846218173758365,6,sr,6.877e-15
5.6625000000000005,12.79316942697058,6,sr,6.405e-15
5.6750000000000007,12.740476561993077,6,sr,2.846e-11
5.6875000000000009,12.688137262870645,6,sr,6.241e-15
5.7000000000000002,12.63614923802516,6,sr,6.118e-11
5.7125000000000004,12.584510220712312,6,sr,5.408e-11
5.7250000000000005,12.533217969204133,6,sr,2.120e-16
5.7375000000000007,12.482270267548284,6,sr,5.549e-11
5.7500000000000009,12.43166492580116,6,sr,4.035e-11
5.7625000000000002,12.38139978029222,6,sr,4.739e-12
5.7750000000000004,12.331472694299638,6,sr,5.015e-12
5.7875000000000005,12.281881558257243,6,sr,3.686e-11
5.8000000000000007,12.232624290159832,6,sr,7.498e-11
5.8125000000000009,12.183698835941959,6,sr,5.774e-11
5.8250000000000002,12.135103170072364,6,sr,4.192e-12
5.8375000000000004,12.086835295575893,6,sr,4.449e-15
5.8500000000000005,12.038893244751367,6,sr,5.604e-11
5.8625000000000007,11.99127507935289,6,sr,1.055e-14
5.8750000000000009,11.943978891209918,6,sr,3.417e-11
5.8875000000000002,11.897002802406739,6,sr,5.521e-15
5.9000000000000004,11.850344965902503,6,sr,9.046e-15
5.9125000000000005,11.804003565837208,6,sr,4.243e-15
5.9250000000000007,11.757976818030075,6,sr,8.272e-15
5.9375000000000009,11.712262970425687,6,sr,1.560e-14
5.9500000000000002,11.666860303565375,6,sr,1.797e-15
5.9625000000000004,11.62176713107443,6,sr,3.500e-15
5.9750000000000005,11.576981800166555,6,sr,1.150e-14
5.9875000000000007,11.532502692167187,6,sr,1.336e-15
6.0000000000000009,11.48832822305708,6,sr,1.060e-14
6.0125000000000002,11.444456844054027,6,sr,4.996e-11
6.0250000000000004,11.400887042121107,6,sr,1.406e-15
6.0375000000000005,11.357617340742806,6,sr,5.716e-16
6.0500000000000007,11.314646300386856,6,sr,5.457e-11
6.0625000000000009,11.271972519344574,6,sr,3.790e-15
6.0750000000000002,11.22959463421236,6,sr,7.548e-11
6.0875000000000004,11.187511320928268,6,sr,6.147e-15
6.1000000000000005,11.145721295202481,6,sr,8.113e-15
6.1125000000000007,11.10422331358934,6,sr,1.650e-15
6.1250000000000009,11.063016174207497,6,sr,6.027e-16
6.1375000000000002,11.02209871765082,6,sr,1.747e-15
6.1500000000000004,10.981469827918362,6,sr,8.916e-15
6.1625000000000005,10.941128433390851,6,sr,1.678e-15
6.1750000000000007,10.901073507856333,6,sr,3.343e-15
6.1875000000000009,10.861304071587872,6,sr,1.004e-14
6.2000000000000002,10.821819192476191,6,sr,6.520e-15
6.2125000000000004,10.782617987220428,6,sr,1.548e-14
6.2250000000000005,10.74369962258022,6,sr,4.818e-15
6.2375000000000007,10.705063316669731,6,sr,6.431e-11
6.2500000000000009,10.666708340457472,6,sr,5.399e-15
6.2625000000000002,10.628634018994775,6,sr,6.050e-15
6.2750000000000004,10.590839733178594,6,sr,1.058e-14
6.2875000000000005,10.553324921251177,6,sr,5.779e-15
6.3000000000000007,10.516089080521983,6,sr,7.491e-15
6.3125000000000009,10.47913176915629,6,sr,1.785e-15
6.3250000000000002,10.442452608058144,6,sr,8.824e-15
6.3375000000000004,10.406051282853007,6,sr,6.301e-15
6.3500000000000005,10.36992754597396,6,sr,3.564e-12
6.3625000000000007,10.334081218866972,6,sr,9.858e-15
6.3750000000000009,10.298512194292218,6,sr,4.749e-15
6.3875000000000002,10.263220438776001,6,sr,5.700e-15
6.4000000000000004,10.228205995171615,6,sr,1.357e-14
6.4125000000000005,10.193468985365147,6,sr,1.202e-14
6.4250000000000007,10.159009613123718,6,sr,1.444e-15
6.4375000000000009,10.124828167087731,6,sr,1.791e-11
6.4500000000000002,10.09092502396749,6,sr,4.364e-15
6.4625000000000004,10.05730065179524,6,sr,1.394e-14
6.4750000000000005,10.023955613503443,6,sr,1.775e-15
6.4875000000000007,9.9908905705760684,6,sr,4.264e-15
6.5000000000000009,9.9581062869397208,6,sr,8.829e-15
6.5125000000000002,9.9256036330516775,6,sr,9.030e-15
6.5250000000000004,9.8933835902024967,6,sr,3.710e-15
6.5375000000000005,9.8614472550433536,6,sr,1.973e-15
6.5500000000000007,9.8297958443390545,6,sr,2.054e-11
6.5625000000000009,9.7984307000255217,6,sr,1.472e-14
6.5750000000000002,9.7673532943783599,6,sr,1.590e-14
6.5875000000000004,9.7365652356441466,6,sr,1.125e-15
6.6000000000000005,9.7060682738046626,6,sr,1.800e-15
6.6125000000000007,9.6758643066895633,6,sr,2.720e-15
6.6250000000000009,9.6459553863797467,6,sr,6.560e-15
6.6375000000000002,9.6163437259214639,6,sr,4.580e-15
6.6500000000000004,9.5870317063606407,6,sr,7.832e-15
6.6625000000000005,9.5580218841061733,6,sr,8.486e-15
6.6750000000000007,9.5293169986295823,6,sr,8.075e-16
6.6875000000000009,9.5009199805072058,6,sr,3.515e-15
6.7000000000000002,9.4728339598087405,6,sr,6.087e-15
6.7125000000000004,9.445062274832825,6,sr,1.870e-12
6.7250000000000005,9.4176084811961029,6,sr,1.855e-14
6.7375000000000007,9.3904763612471278,6,sr,2.296e-15
6.7500000000000009,9.3636699338348066,6,sr,6.044e-15
6.7625000000000002,9.3371934643770942,6,sr,1.944e-15
6.7750000000000004,9.3110514752320732,6,sr,2.656e-15
6.7875000000000005,9.2852487563340471,6,sr,4.592e-15
6.8000000000000007,9.2597903760508586,6,sr,9.158e-12
6.8125000000000009,9.234681692243452,6,sr,1.899e-11
6.8250000000000002,9.2099283634252789,6,sr,9.972e-13
6.8375000000000004,9.1855363598877453,6,sr,2.703e-15
6.8500000000000005,9.1615119749288674,6,sr,2.328e-15
6.8625000000000007,9.1378618357556309,6,sr,4.387e-15
6.8750000000000009,9.1145929141133468,6,sr,2.142e-11
6.8875000000000002,9.0917125365184148,6,sr,3.809e-15
6.9000000000000004,9.0692283935423976,6,sr,3.248e-12
6.9125000000000005,9.0471485484854579,6,sr,2.172e-15
6.9250000000000007,9.0254814446116196,6,sr,2.204e-15
6.9375000000000009,9.0042359108833452,6,sr,1.145e-11
6.9500000000000002,8.9834211657044918,6,sr,8.563e-16
6.9625000000000004,8.9630468183911152,6,sr,2.230e-15
6.9750000000000005,8.9431228674928747,6,sr,4.869e-15
6.9875000000000007,8.9236596957124288,6,sr,2.868e-15
7.0000000000000009,8.9046680604924511,6,sr,6.339e-12
7.0125000000000002,8.8861590795838463,6,sr,2.552e-15
7.0250000000000004,8.8681442105306534,6,sr,3.909e-16
7.0375000000000005,8.8506352232706398,6,sr,2.089e-15
7.0500000000000007,8.8336441644623207,6,sr,1.869e-13
7.0625000000000009,8.8171833123885399,6,sr,4.794e-16
7.0750000000000002,8.8012651209762112,6,sr,2.778e-15
7.0875000000000004,8.785902151384045,6,sr,2.579e-16
7.1000000000000005,8.771106989500085,6,sr,1.371e-15
7.1125000000000007,8.7568921475776165,6,sr,2.098e-15
7.1250000000000009,8.7432699481851337,6,sr,9.403e-12
7.1375000000000002,8.7302523885092533,6,sr,1.790e-15
7.1500000000000004,8.717850983466267,6,sr,1.066e-11
7.1625000000000005,8.7060765853198863,6,sr,1.452e-15
7.1750000000000007,8.6949391790898201,6,sr,3.841e-14
7.1875000000000009,8.6844476517437759,6,sr,2.211e-12
7.2000000000000002,8.67460953518267,6,sr,9.844e-13
7.2125000000000004,8.665430722640151,6,sr,1.541e-15
7.2250000000000005,8.6569151596423168,6,sr,1.735e-16
7.2375000000000007,8.6490645115393683,6,sr,2.251e-12
7.2500000000000009,8.6418778111662924,6,sr,6.740e-16
7.2625000000000002,8.6353510917330567,6,sr,1.205e-15
7.2750000000000004,8.6294770121598514,6,sr,3.314e-13
7.2875000000000005,8.6242444838835741,6,sr,3.926e-13
7.3000000000000007,8.6196383105640102,6,sr,5.497e-14
7.3125000000000009,8.615638854175101,6,sr,2.193e-15
7.3250000000000002,8.6122217429546666,6,sr,3.127e-16
7.3375000000000004,8.6093576382214518,6,sr,1.264e-13
7.3500000000000005,8.6070120779867345,6,sr,3.834e-17
7.3625000000000007,8.6051454152970663,6,sr,6.243e-12
7.3750000000000009,8.6037128679707191,6,sr,6.703e-13
7.3875000000000002,8.6026646943198752,6,sr,1.158e-12
7.4000000000000004,8.6019465047307229,6,sr,8.674e-16
7.4125000000000005,8.6014997146499859,6,sr,7.198e-16
7.4250000000000007,8.6012621371302718,6,sr,1.504e-15
7.4375000000000009,8.6011687061985622,6,sr,8.872e-16
7.4500000000000002,8.6011523143668676,6,sr,1.395e-12
7.4625000000000004,8.6011447403374142,6,sr,6.094e-12
7.4750000000000005,8.6010776363680979,6,sr,2.979e-13
7.4875000000000007,8.6008835407147046,6,sr,6.179e-14
7.5000000000000009,8.6004968770988857,6,sr,5.730e-14
7.5125000000000002,8.5998549044646229,6,sr,5.440e-13
7.5250000000000004,8.5988985821404,6,sr,6.596e-17
7.5375000000000005,8.5975733209455996,6,sr,5.410e-16
7.5500000000000007,8.5958295976475991,6,sr,4.093e-13
7.5625000000000009,8.5936234181682565,6,sr,2.746e-16
7.5750000000000002,8.5909166234447039,6,sr,5.581e-13
7.5875000000000004,8.5876770400001448,6,sr,4.340e-16
7.6000000000000005,8.5838784843482134,6,sr,1.537e-15
7.6125000000000007,8.5795006362107635,6,sr,2.425e-16
7.6250000000000009,8.5745287994866271,6,sr,4.046e-16
7.6375000000000002,8.568953572335559,6,sr,2.076e-16
7.6500000000000004,8.5627704484584015,6,sr,7.791e-16
7.6625000000000005,8.5559793710567966,6,sr,4.362e-13
7.6750000000000007,8.548584259289397,6,sr,3.905e-16
7.6875000000000009,8.5405925246844916,6,sr,6.418e-13
7.7000000000000002,8.5320145921355284,6,sr,4.980e-12
7.7125000000000004,8.5228634371981862,6,sr,1.323e-15
7.7250000000000005,8.5131541486764188,6,sr,8.392e-16
7.7375000000000007,8.5029035224939609,6,sr,9.394e-16
7.7500000000000009,8.4921296910646493,6,sr,1.574e-11
7.7625000000000002,8.4808517898307532,6,sr,6.571e-12
7.7750000000000004,8.4690896618491269,6,sr,6.908e-16
7.7875000000000005,8.4568635990027001,6,sr,1.194e-11
7.8000000000000007,8.4441941187292819,6,sr,9.689e-16
7.8125000000000009,8.431101773514408,6,sr,2.056e-11
7.8250000000000002,8.4176069908057212,6,sr,5.797e-16
7.8375000000000004,8.4037299405018171,6,sr,8.034e-16
7.8500000000000005,8.3894904265435581,6,sr,1.089e-16
7.8625000000000007,8.3749078005067066,6,sr,2.434e-15
7.8750000000000009,8.3600008939590928,6,sr,7.946e-16
7.8875000000000002,8.344787967205292,6,sr,1.542e-15
7.9000000000000004,8.3292866720522305,6,sr,4.771e-16
7.9125000000000005,8.3135140264764651,6,sr,1.947e-15
7.9250000000000007,8.2974863992983199,6,sr,2.932e-15
7.9375000000000009,8.2812195031868079,6,sr,9.107e-16
7.9500000000000002,8.2647283945262249,6,sr,1.299e-15
7.9625000000000004,8.2480274788677335,6,sr,2.001e-15
7.9750000000000005,8.2311305208648484,6,sr,1.015e-15
7.9875000000000007,8.2140506577501551,6,sr,1.480e-15
8,8.1968004155516461,6,sr,2.219e-15
8.0124999999999993,8.1793917273719199,6,sr,0.000e+00
8.0250000000000004,8.1618359531624076,6,sr,6.509e-15
8.0374999999999996,8.1441439005200227,6,sr,2.927e-15
8.0499999999999989,8.1263258461152965,6,sr,4.825e-16
8.0625,8.1083915574319345,6,sr,2.095e-16
8.0749999999999993,8.0903503145785329,6,sr,3.375e-11
8.0875000000000004,8.0722109318159596,6,sr,9.169e-15
8.0999999999999996,8.0539817790773611,6,sr,1.741e-15
8.1124999999999989,8.0356708026132733,6,sr,2.866e-15
8.125,8.0172855454009806,6,sr,1.085e-14
8.1374999999999993,7.9988331668014832,6,sr,3.083e-15
8.1500000000000004,7.9803204615828509,6,sr,4.485e-11
8.1624999999999996,7.9617538780859913,6,sr,9.233e-15
8.1749999999999989,7.9431395360143533,6,sr,3.190e-15
8.1875,7.9244832429991288,6,sr,6.844e-15
8.1999999999999993,7.9057905107781012,6,sr,5.566e-16
8.2125000000000004,7.8870665704912701,6,sr,2.371e-14
8.2249999999999996,7.8683163872737065,6,sr,1.389e-14
8.2374999999999989,7.8495446741381212,6,sr,1.559e-15
8.25,7.8307559051678854,6,sr,8.287e-17
8.2624999999999993,7.8119543280425701,6,sr,2.109e-14
8.2750000000000004,7.7931439759208319,6,sr,1.724e-14
8.2874999999999996,7.7743286787057775,6,sr,6.227e-15
8.2999999999999989,7.7555120737193919,6,sr,6.026e-15
8.3125,7.7366976158118854,6,sr,2.293e-14
8.3249999999999993,7.7178885869327081,6,sr,3.436e-14
8.3375000000000004,7.6990881051887774,6,sr,9.726e-16
8.3499999999999996,7.680299133401558,6,sr,3.828e-11
8.3624999999999989,7.6615244872882693,6,sr,2.284e-14
8.375,7.642766842988217,6,sr,3.309e-14
8.3874999999999993,7.6240287444631809,6,sr,1.005e-15
8.4000000000000004,7.6053126102802828,6,sr,2.320e-11
8.4124999999999996,7.5866207401589909,6,sr,3.109e-14
8.4249999999999989,7.5679553210306096,6,sr,3.226e-14
8.4375,7.5493184329293364,6,sr,2.167e-15
8.4499999999999993,7.5307120544484132,6,sr,8.634e-15
8.4625000000000004,7.512138067949639,6,sr,4.949e-14
8.4749999999999996,7.4935982644864794,6,sr,1.010e-14
8.4874999999999989,7.4750943484687742,6,sr,1.459e-11
8.5,7.4566279420525428,6,sr,3.733e-14
8.5124999999999993,7.4382005893648611,6,sr,3.051e-14
8.5250000000000004,7.4198137604166998,6,sr,4.540e-15
8.5374999999999996,7.4014688548774119,6,sr,3.570e-14
8.5499999999999989,7.3831672056257762,6,sr,2.447e-14
8.5625,7.3649100821212921,6,sr,8.540e-16
8.5749999999999993,7.3466986936019723,6,sr,3.496e-14
8.5875000000000004,7.3285341921180889,6,sr,1.290e-14
8.5999999999999996,7.310417675411629,6,sr,9.344e-15
8.6124999999999989,7.2923501896504126,6,sr,4.460e-14
8.625,7.2743327320249502,6,sr,4.281e-15
8.6374999999999993,7.256366253215969,6,sr,1.892e-14
8.6500000000000004,7.2384516597403223,6,sr,1.416e-14
8.6624999999999996,7.2205898161817688,6,sr,6.434e-15
8.6749999999999989,7.2027815473136609,6,sr,3.226e-14
8.6875,7.185027640119741,6,sr,1.566e-12
8.6999999999999993,7.1673288457164706,6,sr,2.602e-14
8.7125000000000004,7.1496858811904298,6,sr,4.841e-15
8.7249999999999996,7.1320994313421346,6,sr,2.916e-14
8.7374999999999989,7.1145701503553038,6,sr,3.538e-15
8.75,7.0970986633874089,6,sr,3.002e-14
8.7624999999999993,7.0796855680891202,6,sr,3.941e-15
8.7750000000000004,7.0623314360558425,6,sr,2.286e-14
8.7874999999999996,7.0450368142163704,6,sr,2.565e-12
8.7999999999999989,7.0278022261574815,6,sr,1.292e-14
8.8125,7.0106281734012708,6,sr,3.115e-15
8.8249999999999993,6.9935151366167521,6,sr,7.289e-15
8.8375000000000004,6.9764635767902918,6,sr,1.352e-14
8.8499999999999996,6.959473936345133,6,sr,2.975e-15
8.8624999999999989,6.942546640216757,6,sr,2.040e-14
8.875,6.925682096886371,6,sr,2.491e-15
8.8874999999999993,6.9088806993749001,6,sr,1.858e-15
8.9000000000000004,6.8921428261997422,6,sr,1.734e-14
8.9124999999999996,6.8754688422967618,6,sr,8.977e-16
8.9249999999999989,6.8588590999093935,6,sr,4.658e-15
8.9375,6.8423139394471129,6,sr,3.212e-15
8.9499999999999993,6.8258336903150516,6,sr,8.140e-15
8.9625000000000004,6.8094186717166423,6,sr,4.356e-15
8.9749999999999996,6.7930691934310925,6,sr,6.983e-15
8.9874999999999989,6.7767855565672797,6,sr,8.002e-15
9,6.7605680542872406,6,sr,3.907e-11
9.0124999999999993,6.7444169725604093,6,sr,3.783e-15
9.0250000000000004,6.7283325907710179,6,sr,4.468e-15
9.0374999999999996,6.7123151824785845,6,sr,3.591e-16
9.0499999999999989,6.6963650160343091,6,sr,9.918e-15
9.0625,6.6804823552419581,6,sr,3.775e-11
9.0749999999999993,6.6646674599359539,6,sr,5.562e-11
9.0875000000000004,6.6489205867624568,6,sr,1.015e-10
9.0999999999999996,6.6332419894846391,6,sr,3.583e-11
9.1124999999999989,6.6176319199024674,6,sr,7.845e-11
9.125,6.6020906283021672,6,sr,6.510e-11
9.1374999999999993,6.5866183639825104,6,sr,6.691e-16
9.1500000000000004,6.5712153758738143,6,sr,3.935e-15
9.1624999999999996,6.5558819131535175,6,sr,6.472e-16
9.1749999999999989,6.5406182257567345,6,sr,1.054e-15
9.1875,6.5254245649498177,6,sr,2.570e-15
9.1999999999999993,6.5103011838873153,6,sr,1.151e-15
9.2125000000000004,6.4952483381671628,6,sr,1.082e-14
9.2249999999999996,6.4802662863851488,6,sr,5.208e-15
9.2374999999999989,6.4653552906894864,6,sr,1.314e-15
9.25,6.4505156173365741,6,sr,2.791e-16
9.2624999999999993,6.4357475372487576,6,sr,1.731e-15
9.2750000000000004,6.4210513265751095,6,sr,7.042e-16
9.2874999999999996,6.4064272672561318,6,sr,2.332e-15
9.2999999999999989,6.3918756475933174,6,sr,1.488e-14
9.3125,6.3773967628245183,6,sr,1.452e-14
9.3249999999999993,6.3629909157060576,6,sr,5.683e-15
9.3375000000000004,6.3486584171025147,6,sr,8.036e-15
9.3499999999999996,6.3343995865852207,6,sr,8.070e-15
9.3624999999999989,6.3202147530403119,6,sr,7.666e-16
9.375,6.3061042552874005,6,sr,9.720e-15
9.3874999999999993,6.2920684427098541,6,sr,2.690e-14
9.4000000000000004,6.2781076758976315,6,sr,3.181e-14
9.4124999999999996,6.2642223273036901,6,sr,5.411e-15
9.4249999999999989,6.250412781915144,6,sr,3.182e-15
9.4375,6.2366794379399586,6,sr,1.279e-14
9.4499999999999993,6.2230227075105002,6,sr,4.167e-14
9.4625000000000004,6.2094430174047712,6,sr,6.564e-15
9.4749999999999996,6.1959408097867783,6,sr,2.126e-15
9.4874999999999989,6.1825165429667113,6,sr,5.391e-14
9.5,6.1691706921823393,6,sr,2.531e-15
9.5124999999999993,6.155903750402878,6,sr,1.943e-15
9.5250000000000004,6.1427162291560737,6,sr,7.185e-14
9.5374999999999996,6.1296086593800228,6,sr,6.508e-15
9.5499999999999989,6.1165815923009594,6,sr,1.835e-14
9.5625,6.1036356003378227,6,sr,3.977e-14
9.5749999999999993,6.0907712780351284,6,sr,6.673e-15
9.5875000000000004,6.0779892430254092,6,sr,6.650e-14
9.5999999999999996,6.0652901370219503,6,sr,2.086e-15
9.6125000000000007,6.0526746268437481,6,sr,7.901e-14
9.625,6.0401434054729597,6,sr,4.878e-15
9.6374999999999993,6.0276971931470564,6,sr,9.885e-14
9.6500000000000004,6.0153367384855807,6,sr,9.099e-15
9.6624999999999996,6.0030628196539686,6,sr,8.750e-14
9.6750000000000007,5.9908762455639772,6,sr,4.521e-15
9.6875,5.9787778571131591,6,sr,4.171e-14
9.6999999999999993,5.9667685284628451,6,sr,4.320e-14
9.7125000000000004,5.9548491683407194,6,sr,5.890e-11
9.7249999999999996,5.9430207214793151,6,sr,9.298e-14
9.7375000000000007,5.9312841698562258,6,sr,1.590e-14
9.75,5.9196405342953673,6,sr,2.554e-15
9.7624999999999993,5.9080908758696351,6,sr,8.773e-14
9.7750000000000004,5.896636297441006,6,sr,3.610e-14
9.7874999999999996,5.8852779452257993,6,sr,1.482e-15
9.8000000000000007,5.8740170103993838,6,sr,2.822e-14
9.8125,5.8628547307403851,6,sr,9.144e-14
9.8249999999999993,5.8517923923117721,6,sr,4.438e-14
9.8375000000000004,5.8408313311775046,6,sr,2.966e-15
9.8499999999999996,5.8299729351503666,6,sr,1.587e-12
9.8625000000000007,5.8192186455723087,6,sr,1.256e-14
9.875,5.8085699591116722,6,sr,4.895e-14
9.8874999999999993,5.7980284295899089,6,sr,8.196e-14
9.9000000000000004,5.7875956698142721,6,sr,8.317e-14
9.9124999999999996,5.7772733534194431,6,sr,7.108e-14
9.9250000000000007,5.7670632167063109,6,sr,5.189e-14
9.9375,5.7569670604675185,6,sr,4.757e-14
9.9499999999999993,5.7469867517890512,6,sr,4.173e-14
9.9625000000000004,5.7371242258133242,6,sr,4.638e-14
9.9749999999999996,5.7273814874483513,6,sr,5.839e-14
9.9875000000000007,5.7177606130047502,6,sr,6.399e-14
10,5.7082637517394765,6,sr,4.196e-14
6.0750000000000002,14.973600732402341,7,sr,6.612e-15
6.0875000000000004,14.916154657357861,7,sr,3.046e-15
6.1000000000000005,14.859097020358227,7,sr,6.511e-15
6.1125000000000007,14.802425849400404,7,sr,1.594e-14
6.1250000000000009,14.746139224254616,7,sr,1.534e-15
6.1375000000000002,14.69023527740212,7,sr,9.384e-15
6.1500000000000004,14.634712195011803,7,sr,4.876e-11
6.1625000000000005,14.579568218088827,7,sr,4.086e-11
6.1750000000000007,14.524801643344317,7,sr,2.486e-11
6.1875000000000009,14.47041082472343,7,sr,1.824e-15
6.2000000000000002,14.416394174346649,7,sr,7.475e-15
6.2125000000000004,14.362750164005261,7,sr,1.461e-14
6.2250000000000005,14.30947732650632,7,sr,6.980e-15
6.2375000000000007,14.256574257166053,7,sr,1.289e-14
6.2500000000000009,14.204039615382476,7,sr,7.223e-15
6.2625000000000002,14.151872126301409,7,sr,6.768e-16
6.2750000000000004,14.100070582571234,7,sr,2.714e-11
6.2875000000000005,14.048633846262126,7,sr,3.090e-15
6.3000000000000007,13.997560850747169,7,sr,1.597e-14
6.3125000000000009,13.946850602900101,7,sr,1.369e-14
6.3250000000000002,13.896502185268913,7,sr,3.946e-15
6.3375000000000004,13.846514758441449,7,sr,8.044e-15
6.3500000000000005,13.796887563541878,7,sr,8.992e-16
6.3625000000000007,13.747619924876208,7,sr,1.479e-14
6.3750000000000009,13.698711252736246,7,sr,1.183e-15
6.3875000000000002,13.65016104637173,7,sr,3.819e-15
6.4000000000000004,13.601968897140861,7,sr,1.157e-14
6.4125000000000005,13.55413449185056,7,sr,7.531e-15
6.4250000000000007,13.506657616297931,7,sr,3.834e-16
6.4375000000000009,13.459538159025914,7,sr,3.040e-13
6.4500000000000002,13.41277611530529,7,sr,1.284e-14
6.4625000000000004,13.366371591360064,7,sr,1.115e-14
6.4750000000000005,13.320324808846994,7,sr,9.293e-17
6.4875000000000007,13.274636109627849,7,sr,4.124e-11
6.5000000000000009,13.229305960720446,7,sr,4.022e-15
6.5125000000000002,13.184334959833519,7,sr,2.719e-15
6.5250000000000004,13.139723840842484,7,sr,3.944e-11
6.5375000000000005,13.095473479999104,7,sr,2.674e-15
6.5500000000000007,13.051584902124139,7,sr,6.795e-15
6.5625000000000009,13.008059287578543,7,sr,1.679e-14
6.5750000000000002,12.964897979372601,7,sr,5.152e-12
6.5875000000000004,12.922102490843068,7,sr,8.665e-15
6.6000000000000005,12.879674513719426,7,sr,4.477e-11
6.6125000000000007,12.837615926877287,7,sr,1.362e-14
6.6250000000000009,12.795928805234844,7,sr,1.082e-15
6.6375000000000002,12.754615429704712,7,sr,3.735e-11
6.6500000000000004,12.713678297266302,7,sr,5.380e-15
6.6625000000000005,12.673120132106298,7,sr,1.242e-14
6.6750000000000007,12.632943896989223,7,sr,1.404e-14
6.6875000000000009,12.59315280562849,7,sr,1.830e-14
6.7000000000000002,12.553750335667674,7,sr,4.288e-15
6.7125000000000004,12.514740242439064,7,sr,2.015e-11
6.7250000000000005,12.47612657360283,7,sr,3.505e-15
6.7375000000000007,12.437913684443744,7,sr,1.008e-14
6.7500000000000009,12.400106254293993,7,sr,7.432e-16
6.7625000000000002,12.362709303682903,7,sr,3.963e-15
6.7750000000000004,12.325728212503956,7,sr,1.232e-15
6.7875000000000005,12.289168739139525,7,sr,2.360e-15
6.8000000000000007,12.253037040576416,7,sr,3.176e-15
6.8125000000000009,12.217339693525972,7,sr,8.148e-15
6.8250000000000002,12.182083716552489,7,sr,3.436e-15
6.8375000000000004,12.147276593201006,7,sr,2.777e-15
6.8500000000000005,12.112926296100161,7,sr,5.457e-16
6.8625000000000007,12.079041311995288,7,sr,4.608e-16
6.8750000000000009,12.045630667642829,7,sr,1.044e-15
6.8875000000000002,12.012703956466256,7,sr,3.389e-15
6.9000000000000004,11.980271365836529,7,sr,2.581e-15
6.9125000000000005,11.948343704794627,7,sr,3.100e-16
6.9250000000000007,11.916932431978225,7,sr,3.112e-15
6.9375000000000009,11.886049683448265,7,sr,2.645e-15
6.9500000000000002,11.855708300030811,7,sr,2.837e-15
6.9625000000000004,11.825921853693993,7,sr,2.677e-15
6.9750000000000005,11.796704672365816,7,sr,2.345e-15
6.9875000000000007,11.768071862463749,7,sr,6.748e-16
7.0000000000000009,11.740039328260913,7,sr,1.160e-11
7.0125000000000002,11.712623786922217,7,sr,1.793e-15
7.0250000000000004,11.685842778195623,7,sr,1.708e-15
7.0375000000000005,11.659714666750496,7,sr,3.273e-12
7.0500000000000007,11.634258635801954,7,sr,1.606e-11
7.0625000000000009,11.609494669636403,7,sr,7.376e-12
7.0750000000000002,11.585443522380055,7,sr,3.129e-15
7.0875000000000004,11.562126670441396,7,sr,1.073e-15
7.1000000000000005,11.539566244945934,7,sr,3.818e-12
7.1125000000000007,11.517784940410387,7,sr,1.016e-13
7.1250000000000009,11.496805895252368,7,sr,5.993e-16
7.1375000000000002,11.47665253944594,7,sr,8.142e-16
7.1500000000000004,11.457348403817928,7,sr,1.198e-15
7.1625000000000005,11.438916885386199,7,sr,8.223e-12
7.1750000000000007,11.421380962811137,7,sr,4.273e-16
7.1875000000000009,11.404762855580239,7,sr,4.090e-13
7.2000000000000002,11.389083621549158,7,sr,3.687e-12
7.2125000000000004,11.374362687042213,7,sr,1.655e-12
7.2250000000000005,11.36061730549104,7,sr,7.930e-17
7.2375000000000007,11.347861942170061,7,sr,5.012e-12
7.2500000000000009,11.336107585059642,7,sr,1.759e-15
7.2625000000000002,11.325360985180961,7,sr,3.560e-16
7.2750000000000004,11.315623834903324,7,sr,1.848e-16
7.2875000000000005,11.306891897558392,7,sr,9.337e-16
7.3000000000000007,11.299154109041247,7,sr,2.495e-13
7.3125000000000009,11.292391679336177,7,sr,4.055e-16
7.3250000000000002,11.286577230020733,7,sr,8.865e-16
7.3375000000000004,11.281674011737518,7,sr,4.930e-16
7.3500000000000005,11.277635252500604,7,sr,5.123e-13
7.3625000000000007,11.274403692585583,7,sr,1.130e-13
7.3750000000000009,11.27191136335143,7,sr,1.826e-16
7.3875000000000002,11.270079664364319,7,sr,8.068e-13
7.4000000000000004,11.268819784860678,7,sr,3.619e-13
7.4125000000000005,11.268033501173813,7,sr,5.741e-13
7.4250000000000007,11.267614361411054,7,sr,5.324e-13
7.4375000000000009,11.267449243848423,7,sr,3.107e-16
7.4500000000000002,11.267420247764763,7,sr,9.691e-16
7.4625000000000004,11.267406848067322,7,sr,4.921e-12
7.4750000000000005,11.267288221066586,7,sr,4.165e-14
7.4875000000000007,11.266945632014094,7,sr,1.904e-13
7.5000000000000009,11.266264766349737,7,sr,2.190e-13
7.5125000000000002,11.265137890511651,7,sr,6.523e-15
7.5250000000000004,11.263465740569643,7,sr,3.065e-16
7.5375000000000005,11.261159059417368,7,sr,4.118e-13
7.5500000000000007,11.258139731014179,7,sr,6.426e-16
7.5625000000000009,11.254341490379446,7,sr,1.883e-16
7.5750000000000002,11.249710217102578,7,sr,5.030e-16
7.5875000000000004,11.244203844909322,7,sr,6.257e-16
7.6000000000000005,11.237791938629577,7,sr,1.786e-17
7.6125000000000007,11.230455001623392,7,sr,4.574e-14
7.6250000000000009,11.22218358163925,7,sr,2.318e-14
7.6375000000000002,11.212977242069687,7,sr,9.453e-16
7.6500000000000004,11.202843460044971,7,sr,2.293e-16
7.6625000000000005,11.191796504294439,7,sr,1.878e-12
7.6750000000000007,11.179856335638524,7,sr,9.030e-14
7.6875000000000009,11.167047562743692,7,sr,4.554e-12
7.7000000000000002,11.153398475702064,7,sr,8.650e-16
7.7125000000000004,11.138940171910015,7,sr,8.398e-17
7.7250000000000005,11.123705780821892,7,sr,1.460e-15
7.7375000000000007,11.10772978925637,7,sr,1.048e-15
7.7500000000000009,11.091047464213915,7,sr,7.879e-12
7.7625000000000002,11.073694367412534,7,sr,1.502e-15
7.7750000000000004,11.055705954216013,7,sr,6.307e-12
7.7875000000000005,11.037117247852214,7,sr,3.602e-12
7.8000000000000007,11.017962580705779,7,sr,6.821e-16
7.8125000000000009,10.998275393195273,7,sr,6.368e-16
7.8250000000000002,10.978088082521936,7,sr,1.897e-15
7.8375000000000004,10.957431893214739,7,sr,5.594e-16
7.8500000000000005,10.936336842720946,7,sr,6.215e-16
7.8625000000000007,10.914831675854346,7,sr,1.319e-15
7.8750000000000009,10.892943842743552,7,sr,2.685e-16
7.8875000000000002,10.870699495633639,7,sr,2.154e-11
7.9000000000000004,10.84812350076119,7,sr,5.562e-16
7.9125000000000005,10.825239461497683,7,sr,4.651e-12
7.9250000000000007,10.802069750755813,7,sr,1.558e-15
7.9375000000000009,10.778635549646694,7,sr,3.747e-15
7.9500000000000002,10.75495689079866,7,sr,2.351e-11
7.9625000000000004,10.731052704947681,7,sr,7.255e-16
7.9750000000000005,10.706940869044088,7,sr,4.546e-15
7.9875000000000007,10.682638255656354,7,sr,1.875e-15
8,10.658160782152175,7,sr,1.584e-15
8.0124999999999993,10.633523459493889,7,sr,2.380e-15
8.0250000000000004,10.608740440039071,7,sr,5.224e-16
8.0374999999999996,10.58382506402255,7,sr,1.458e-15
8.0499999999999989,10.558789904470231,7,sr,1.344e-16
8.0625,10.533646810371833,7,sr,8.180e-16
8.0749999999999993,10.508406948001156,7,sr,6.912e-16
8.0875000000000004,10.483080840321295,7,sr,7.287e-15
8.0999999999999996,10.457678404450634,7,sr,1.065e-14
8.1124999999999989,10.43220898719524,7,sr,8.345e-15
8.125,10.406681398676184,7,sr,1.151e-14
8.1374999999999993,10.381103944097179,7,sr,7.527e-15
8.1500000000000004,10.355484453710904,7,sr,2.393e-15
8.1624999999999996,10.329830311050911,7,sr,3.781e-16
8.1749999999999989,10.304148479502002,7,sr,2.066e-15
8.1875,10.278445527285589,7,sr,4.491e-15
8.1999999999999993,10.252727650938333,7,sr,1.958e-14
8.2125000000000004,10.227000697362499,7,sr,1.933e-14
8.2249999999999996,10.201270184526107,7,sr,1.089e-14
8.2374999999999989,10.1755413208886,7,sr,2.348e-15
8.25,10.149819023626575,7,sr,3.927e-15
8.2624999999999993,10.12410793573066,7,sr,3.637e-15
8.2750000000000004,10.098412442041949,7,sr,5.011e-15
8.2874999999999996,10.072736684293535,7,sr,3.112e-14
8.2999999999999989,10.047084575218962,7,sr,4.480e-14
8.3125,10.021459811786928,7,sr,2.270e-14
8.3249999999999993,9.9958658876171356,7,sr,1.736e-16
8.3375000000000004,9.9703061046189312,7,sr,2.960e-11
8.3499999999999996,9.9447835839826233,7,sr,6.717e-15
8.3624999999999989,9.9193012763269746,7,sr,5.349e-16
8.375,9.8938619714513028,7,sr,1.376e-14
8.3874999999999993,9.8684683073280972,7,sr,1.523e-14
8.4000000000000004,9.8431227786171185,7,sr,3.218e-14
8.4124999999999996,9.8178277446558173,7,sr,4.912e-14
8.4249999999999989,9.7925854369708851,7,sr,5.499e-14
8.4375,9.7673979663421644,7,sr,6.102e-14
8.4499999999999993,9.7422673294481754,7,sr,4.885e-14
8.4625000000000004,9.7171954151198143,7,sr,5.794e-14
8.4749999999999996,9.6921840102284804,7,sr,5.606e-14
8.4874999999999989,9.667234805231498,7,sr,4.865e-14
8.5,9.6423493993973199,7,sr,6.101e-14
8.5124999999999993,9.6175293057309723,7,sr,5.800e-14
8.5250000000000004,9.5927759556187233,7,sr,4.874e-14
8.5374999999999996,9.5680907032105118,7,sr,4.282e-14
8.5499999999999989,9.5434748295560183,7,sr,7.164e-15
8.5625,9.5189295465105879,7,sr,5.505e-15
8.5749999999999993,9.4944560004252914,7,sr,3.373e-15
8.5875000000000004,9.4700552756364917,7,sr,6.206e-12
8.5999999999999996,9.4457283977553885,7,sr,2.138e-15
8.6124999999999989,9.421476336806105,7,sr,3.751e-14
8.625,9.3973000101620947,7,sr,5.715e-14
8.6374999999999993,9.3732002853525351,7,sr,2.559e-14
8.6500000000000004,9.349177982711387,7,sr,4.676e-15
8.6624999999999996,9.3252338778695059,7,sr,8.134e-11
8.6749999999999989,9.3013687042458351,7,sr,2.475e-14
8.6875,9.2775831550959822,7,sr,4.019e-14
8.6999999999999993,9.2538778858755624,7,sr,9.522e-16
8.7125000000000004,9.2302535161570489,7,sr,7.189e-11
8.7249999999999996,9.2067106316837055,7,sr,3.536e-14
8.7374999999999989,9.1832497860351481,7,sr,1.424e-14
8.75,9.159871502567789,7,sr,1.327e-14
8.7624999999999993,9.1365762759995075,7,sr,2.837e-14
8.7750000000000004,9.1133645740249438,7,sr,1.477e-14
8.7874999999999996,9.0902368388639694,7,sr,1.032e-10
8.7999999999999989,9.0671934885926664,7,sr,2.625e-14
8.8125,9.044234918780564,7,sr,1.639e-16
8.8249999999999993,9.0213615035720203,7,sr,8.793e-15
8.8375000000000004,8.9985735970816556,7,sr,9.531e-15
8.8499999999999996,8.97587153458751,7,sr,7.463e-15
8.8624999999999989,8.9532556336985927,7,sr,8.282e-15
8.875,8.9307261954750725,7,sr,2.103e-15
8.8874999999999993,8.9082835055042136,7,sr,1.284e-14
8.9000000000000004,8.8859278349346251,7,sr,2.226e-15
8.9124999999999996,8.8636594414717198,7,sr,9.188e-16
8.9249999999999989,8.841478570336653,7,sr,7.086e-15
8.9375,8.8193854551912807,7,sr,8.689e-15
8.9499999999999993,8.797380319031344,7,sr,3.330e-15
8.9625000000000004,8.7754633750417401,7,sr,3.733e-11
8.9749999999999996,8.753634827473606,7,sr,6.355e-15
8.9874999999999989,8.7318948723724112,7,sr,5.170e-15
9,8.7102436984554021,7,sr,3.984e-11
9.0124999999999993,8.68868148779171,7,sr,1.504e-14
9.0250000000000004,8.6672084166416035,7,sr,9.533e-15
9.0374999999999996,8.6458246560925698,7,sr,1.349e-11
9.0499999999999989,8.6245303728258627,7,sr,1.262e-15
9.0625,8.6033257297718873,7,sr,5.158e-15
9.0749999999999993,8.5822108868184248,7,sr,6.650e-15
9.0875000000000004,8.5611860014654599,7,sr,1.346e-11
9.0999999999999996,8.5402512294685629,7,sr,2.006e-12
9.1124999999999989,8.5194067255185661,7,sr,1.569e-11
9.125,8.4986526438082297,7,sr,9.567e-11
9.1374999999999993,8.4779891388159196,7,sr,3.664e-15
9.1500000000000004,8.4574163656867469,7,sr,2.313e-15
9.1624999999999996,8.4369344810724556,7,sr,2.154e-15
9.1749999999999989,8.4165436436412939,7,sr,1.955e-15
9.1875,8.3962440147112929,7,sr,1.002e-14
9.1999999999999993,8.3760357588619634,7,sr,5.615e-17
9.2125000000000004,8.3559190445459777,7,sr,3.605e-15
9.2249999999999996,8.335894044702119,7,sr,4.480e-15
9.2374999999999989,8.3159609373705621,7,sr,7.913e-15
9.25,8.2961199063117181,7,sr,1.679e-15
9.2624999999999993,8.2763711416298644,7,sr,1.477e-14
9.2750000000000004,8.2567148404026653,7,sr,3.839e-15
9.2874999999999996,8.2371512073178881,7,sr,4.248e-15
9.2999999999999989,8.2176804553184635,7,sr,1.413e-14
9.3125,8.1983028062571481,7,sr,7.187e-15
9.3249999999999993,8.179018491562104,7,sr,4.220e-15
9.3375000000000004,8.1598277529025385,7,sr,5.517e-11
9.3499999999999996,8.1407308429400853,7,sr,6.009e-15
9.3624999999999989,8.1217280259143454,7,sr,7.114e-15
9.375,8.1028195784855015,7,sr,3.110e-14
9.3874999999999993,8.0840057904138121,7,sr,1.752e-14
9.4000000000000004,8.0652869653305093,7,sr,9.436e-15
9.4124999999999996,8.0466634215171311,7,sr,6.865e-15
9.4249999999999989,8.0281354927069639,7,sr,4.379e-14
9.4375,8.0097035289130059,7,sr,1.275e-11
9.4499999999999993,7.9913678972640954,7,sr,8.610e-15
9.4625000000000004,7.9731289829112084,7,sr,4.214e-14
9.4749999999999996,7.95498718990474,7,sr,4.554e-13
9.4874999999999989,7.9369429421465005,7,sr,3.456e-14
9.5,7.9189966843551662,7,sr,2.063e-14
9.5124999999999993,7.9011488830712482,7,sr,1.807e-14
9.5250000000000004,7.8834000276971601,7,sr,5.288e-14
9.5374999999999996,7.8657506315763079,7,sr,1.163e-14
9.5499999999999989,7.8482012331132491,7,sr,6.866e-14
9.5625,7.8307523969365862,7,sr,3.444e-15
9.5749999999999993,7.8134047151078017,7,sr,6.383e-14
9.5875000000000004,7.7961588083775109,7,sr,6.919e-15
9.5999999999999996,7.7790153274927283,7,sr,2.718e-14
9.6125000000000007,7.7619749545566936,7,sr,5.858e-14
9.625,7.7450384044205656,7,sr,9.594e-11
9.6374999999999993,7.728206426279991,7,sr,7.841e-14
9.6500000000000004,7.71147980496659,7,sr,2.710e-14
9.6624999999999996,7.6948593627784323,7,sr,5.614e-11
9.6750000000000007,7.6783459610993203,7,sr,8.011e-14
9.6875,7.6619405020143176,7,sr,6.368e-14
9.6999999999999993,7.6456439302701495,7,sr,8.294e-15
9.7125000000000004,7.6294572350906469,7,sr,1.728e-15
9.7249999999999996,7.6133814521618497,7,sr,7.449e-14
9.7375000000000007,7.5974176656855468,7,sr,1.104e-13
9.75,7.5815670105205504,7,sr,3.658e-14
9.7624999999999993,7.5658306744135215,7,sr,1.769e-15
9.7750000000000004,7.5502099003243375,7,sr,1.756e-15
9.7874999999999996,7.5347059888480006,7,sr,5.686e-15
9.8000000000000007,7.5193203007366902,7,sr,1.802e-14
9.8125,7.5040542595248443,7,sr,2.889e-14
9.8249999999999993,7.4889093542600307,7,sr,3.161e-14
9.8375000000000004,7.4738871423420488,7,sr,3.517e-14
9.8499999999999996,7.4589892524723895,7,sr,2.906e-14
9.8625000000000007,7.444217387715713,7,sr,1.388e-14
9.875,7.429573328674496,7,sr,8.049e-15
9.8874999999999993,7.4150589367772373,7,sr,7.720e-16
9.9000000000000004,7.4006761576799489,7,sr,1.190e-15
9.9124999999999996,7.3864270247795201,7,sr,1.701e-14
9.9250000000000007,7.3723136628364996,7,sr,7.676e-14
9.9375,7.3583382917035278,7,sr,5.850e-14
9.9499999999999993,7.3445032301533342,7,sr,3.601e-15
9.9625000000000004,7.3308108998001291,7,sr,1.539e-15
9.9749999999999996,7.3172638291030747,7,sr,5.230e-14
9.9875000000000007,7.3038646574409505,7,sr,1.667e-14
10,7.2906161392415463,7,sr,3.300e-15
7.0000000000000009,14.974231180395154,8,sr,1.589e-11
7.0125000000000002,14.936235646027765,8,sr,1.053e-16
7.0250000000000004,14.8990116568835,8,sr,8.063e-12
7.0375000000000005,14.862584147635395,8,sr,3.040e-16
7.0500000000000007,14.826979546785674,8,sr,3.974e-16
7.0625000000000009,14.792225816325525,8,sr,5.356e-16
7.0750000000000002,14.758352479793077,8,sr,1.432e-15
7.0875000000000004,14.725390634510527,8,sr,2.805e-16
7.1000000000000005,14.693372943228747,8,sr,3.154e-12
7.1125000000000007,14.662333599272507,8,sr,4.484e-16
7.1250000000000009,14.632308258278835,8,sr,1.975e-15
7.1375000000000002,14.603333928049436,8,sr,9.103e-12
7.1500000000000004,14.575448806834936,8,sr,1.808e-15
7.1625000000000005,14.54869205900329,8,sr,9.778e-12
7.1750000000000007,14.523103514863564,8,sr,1.178e-11
7.1875000000000009,14.498723280280364,8,sr,6.582e-12
7.2000000000000002,14.475591241368104,8,sr,3.855e-17
7.2125000000000004,14.453746445954719,8,sr,4.274e-12
7.2250000000000005,14.43322634683379,8,sr,5.068e-12
7.2375000000000007,14.414065889539961,8,sr,1.755e-12
7.2500000000000009,14.396296431598708,8,sr,6.012e-16
7.2625000000000002,14.379944483795262,8,sr,4.364e-15
7.2750000000000004,14.365030271055536,8,sr,6.217e-13
7.2875000000000005,14.351566120762305,8,sr,1.037e-15
7.3000000000000007,14.339554700188074,8,sr,8.661e-14
7.3125000000000009,14.328987142291101,8,sr,1.801e-13
7.3250000000000002,14.319841120606965,8,sr,1.202e-15
7.3375000000000004,14.312078957909762,8,sr,7.588e-16
7.3500000000000005,14.305645878305,8,sr,5.452e-16
7.3625000000000007,14.300468535283434,8,sr,3.910e-16
7.3750000000000009,14.296453965248986,8,sr,1.120e-16
7.3875000000000002,14.293489122353565,8,sr,3.219e-13
7.4000000000000004,14.291441141409299,8,sr,3.667e-16
7.4125000000000005,14.290158447409468,8,sr,1.080e-12
7.4250000000000007,14.289472780950915,8,sr,4.746e-14
7.4375000000000009,14.289202140829833,8,sr,7.108e-14
7.4500000000000002,14.289154563365608,8,sr,4.780e-14
7.4625000000000004,14.289132573614078,8,sr,1.464e-14
7.4750000000000005,14.288938067833943,8,sr,7.952e-13
7.4875000000000007,14.288377333056328,8,sr,1.294e-12
7.5000000000000009,14.287265887638583,8,sr,2.885e-13
7.5125000000000002,14.285432841768518,8,sr,4.010e-14
7.5250000000000004,14.282724525671172,8,sr,1.926e-16
7.5375000000000005,14.279007209528681,8,sr,6.840e-16
7.5500000000000007,14.274168828149659,8,sr,6.083e-17
7.5625000000000009,14.268119713147023,8,sr,3.721e-16
7.5750000000000002,14.260792412767739,8,sr,1.471e-13
7.5875000000000004,14.252140736736134,8,sr,3.749e-13
7.6000000000000005,14.242138196962099,8,sr,1.749e-13
7.6125000000000007,14.230776025636233,8,sr,3.788e-14
7.6250000000000009,14.218060944120005,8,sr,1.762e-15
7.6375000000000002,14.204012834689859,8,sr,1.216e-15
7.6500000000000004,14.188662438497181,8,sr,6.713e-16
7.6625000000000005,14.172049172065758,8,sr,2.689e-12
7.6750000000000007,14.154219124928378,8,sr,7.099e-16
7.6875000000000009,14.135223275313237,8,sr,1.630e-13
7.7000000000000002,14.11511593943273,8,sr,5.856e-14
7.7125000000000004,14.093953454572036,8,sr,3.944e-17
7.7250000000000005,14.071793084712246,8,sr,1.024e-11
7.7375000000000007,14.048692130422344,8,sr,7.913e-16
7.7500000000000009,14.024707221428283,8,sr,2.234e-15
7.7625000000000002,13.999893767691285,8,sr,2.111e-15
7.7750000000000004,13.97430554650726,8,sr,7.486e-16
7.7875000000000005,13.947994403323724,8,sr,8.549e-16
7.8000000000000007,13.921010046541044,8,sr,1.632e-11
7.8125000000000009,13.893399918474897,8,sr,1.314e-15
7.8250000000000002,13.865209127722196,8,sr,1.394e-12
7.8375000000000004,13.83648042902789,8,sr,1.125e-15
7.8500000000000005,13.807254240644776,8,sr,9.483e-16
7.8625000000000007,13.777568689553854,8,sr,1.069e-15
7.8750000000000009,13.747459677393438,8,sr,3.478e-15
7.8875000000000002,13.71696096105212,8,sr,3.546e-15
7.9000000000000004,13.686104243158866,8,sr,1.348e-15
7.9125000000000005,13.654919268690307,8,sr,1.264e-15
7.9250000000000007,13.623433924746079,8,sr,1.459e-15
7.9375000000000009,13.591674341222017,8,sr,2.225e-15
7.9500000000000002,13.559664990662442,8,sr,3.249e-15
7.9625000000000004,13.527428786016184,8,sr,2.006e-15
7.9750000000000005,13.494987175373604,8,sr,2.429e-12
7.9875000000000007,13.462360233059025,8,sr,4.332e-15
8,13.429566746614043,8,sr,1.923e-15
8.0124999999999993,13.396624299496821,8,sr,6.681e-15
8.0250000000000004,13.363549349305737,8,sr,5.251e-15
8.0374999999999996,13.330357301574809,8,sr,2.852e-11
8.0499999999999989,13.297062579035572,8,sr,4.621e-15
8.0625,13.263678686899324,8,sr,4.556e-15
8.0749999999999993,13.230218273582889,8,sr,1.462e-11
8.0875000000000004,13.196693187719909,8,sr,2.003e-15
8.0999999999999996,13.163114531413431,8,sr,6.365e-15
8.1124999999999989,13.129492709733986,8,sr,2.127e-15
8.125,13.095837476989324,8,sr,8.624e-16
8.1374999999999993,13.062157979762537,8,sr,1.639e-14
8.1500000000000004,13.028462796986551,8,sr,6.344e-15
8.1624999999999996,12.994759977238044,8,sr,1.494e-16
8.1749999999999989,12.961057073436487,8,sr,1.286e-14
8.1875,12.927361175124881,8,sr,2.994e-14
8.1999999999999993,12.89367893850017,8,sr,5.192e-15
8.2125000000000004,12.860016614351307,8,sr,2.027e-13
8.2249999999999996,12.826380074053532,8,sr,2.030e-14
8.2374999999999989,12.792774833759722,8,sr,2.294e-14
8.25,12.759206076915756,8,sr,6.730e-15
8.2624999999999993,12.725678675225003,8,sr,1.721e-15
8.2750000000000004,12.69219720817223,8,sr,4.017e-14
8.2874999999999996,12.658765981213152,8,sr,3.682e-15
8.2999999999999989,12.625389042726372,8,sr,1.107e-14
8.3125,12.592070199818606,8,sr,4.320e-14
8.3249999999999993,12.558813033066354,8,sr,1.110e-16
8.3375000000000004,12.52562091027148,8,sr,6.178e-15
8.3499999999999996,12.492496999302794,8,sr,4.514e-14
8.3624999999999989,12.459444280089391,8,sr,5.317e-16
8.375,12.426465555827098,8,sr,3.058e-14
8.3874999999999993,12.393563463455191,8,sr,1.208e-14
8.4000000000000004,12.360740483454871,8,sr,1.546e-15
8.4124999999999996,12.327998949018854,8,sr,3.402e-14
8.4249999999999989,12.295341054635935,8,sr,1.849e-15
8.4375,12.262768864132763,8,sr,4.296e-14
8.4499999999999993,12.230284318201104,8,sr,2.725e-11
8.4625000000000004,12.197889241510619,8,sr,4.314e-14
8.4749999999999996,12.165585349247753,8,sr,1.811e-15
8.4874999999999989,12.133374253430629,8,sr,1.939e-14
8.5,12.101257468708447,8,sr,2.136e-14
8.5124999999999993,12.069236417863317,8,sr,5.158e-15
8.5250000000000004,12.037312436974107,8,sr,6.730e-14
8.5374999999999996,12.005486780274529,8,sr,1.114e-14
8.5499999999999989,11.973760624725106,8,sr,4.416e-15
8.5625,11.942135074319193,8,sr,5.721e-14
8.5749999999999993,11.910611164140205,8,sr,2.109e-15
8.5875000000000004,11.879189864186461,8,sr,8.081e-16
8.5999999999999996,11.847872082979611,8,sr,4.577e-14
8.6124999999999989,11.816658670970074,8,sr,5.056e-14
8.625,11.785550423753484,8,sr,1.155e-14
8.6374999999999993,11.754548085109651,8,sr,8.929e-15
8.6500000000000004,11.723652349876238,8,sr,1.919e-14
8.6624999999999996,11.692863866667357,8,sr,4.102e-14
8.6749999999999989,11.662183240447057,8,sr,4.436e-14
8.6875,11.631611034967227,8,sr,2.315e-14
8.6999999999999993,11.601147775078086,8,sr,3.139e-14
8.7125000000000004,11.570793948919796,8,sr,1.539e-14
8.7249999999999996,11.540550010002391,8,sr,4.902e-15
8.7374999999999989,11.510416379181155,8,sr,9.629e-16
8.75,11.480393446534039,8,sr,6.605e-15
8.7624999999999993,11.450481573147202,8,sr,8.138e-15
8.7750000000000004,11.420681092814476,8,sr,4.002e-15
8.7874999999999996,11.390992313656092,8,sr,2.605e-15
8.7999999999999989,11.361415519661783,8,sr,1.013e-14
8.8125,11.331950972162939,8,sr,3.156e-14
8.8249999999999993,11.302598911238338,8,sr,2.936e-14
8.8375000000000004,11.273359557057463,8,sr,1.016e-15
8.8499999999999996,11.244233111165682,8,sr,1.280e-14
8.8624999999999989,11.215219757732479,8,sr,7.815e-11
8.875,11.186319664641074,8,sr,1.320e-14
8.8874999999999993,11.157532984799126,8,sr,2.194e-14
8.9000000000000004,11.128859857045949,8,sr,6.614e-15
8.9124999999999996,11.100300407263267,8,sr,1.062e-10
8.9249999999999989,11.071854749481933,8,sr,5.440e-15
8.9375,11.043522986613301,8,sr,5.589e-15
8.9499999999999993,11.015305211644247,8,sr,9.760e-11
8.9625000000000004,10.987201508314291,8,sr,2.410e-15
8.9749999999999996,10.959211952229616,8,sr,1.887e-14
8.9874999999999989,10.931336611495091,8,sr,3.374e-15
9,10.903575547644561,8,sr,4.374e-15
9.0124999999999993,10.875928816418796,8,sr,8.530e-15
9.0250000000000004,10.848396468543733,8,sr,3.134e-15
9.0374999999999996,10.820978550489464,8,sr,1.598e-14
9.0499999999999989,10.793675105211538,8,sr,4.583e-16
9.0625,10.76648617287638,8,sr,5.397e-15
9.0749999999999993,10.739411791595005,8,sr,1.056e-10
9.0875000000000004,10.712451998003619,8,sr,2.288e-11
9.0999999999999996,10.685606828198935,8,sr,1.028e-11
9.1124999999999989,10.658876318156254,8,sr,1.986e-11
9.125,10.632260504517523,8,sr,1.730e-14
9.1374999999999993,10.605759425271149,8,sr,3.990e-15
9.1500000000000004,10.579373120341243,8,sr,9.215e-11
9.1624999999999996,10.553101632362216,8,sr,2.692e-15
9.1749999999999989,10.526945007129235,8,sr,6.528e-15
9.1875,10.500903294443614,8,sr,6.803e-15
9.1999999999999993,10.474976548664316,8,sr,4.153e-13
9.2125000000000004,10.449164829378988,8,sr,6.521e-15
9.2249999999999996,10.423468202056988,8,sr,1.597e-15
9.2374999999999989,10.397886738708291,8,sr,1.598e-15
9.25,10.372420518546713,8,sr,1.148e-14
9.2624999999999993,10.347069628660604,8,sr,7.471e-15
9.2750000000000004,10.321834164691767,8,sr,1.753e-15
9.2874999999999996,10.296714231524266,8,sr,7.968e-15
9.2999999999999989,10.271709943984387,8,sr,1.413e-15
9.3125,10.246821427553385,8,sr,2.338e-14
9.3249999999999993,10.222048819094518,8,sr,2.131e-14
9.3375000000000004,10.197392267595824,8,sr,8.196e-15
9.3499999999999996,10.172851934930433,8,sr,1.163e-14
9.3624999999999989,10.148427996635876,8,sr,1.247e-14
9.375,10.124120642714304,8,sr,3.109e-15
9.3874999999999993,10.099930078452664,8,sr,1.169e-11
9.4000000000000004,10.075856525282845,8,sr,4.281e-15
9.4124999999999996,10.051900221629309,8,sr,2.749e-14
9.4249999999999989,10.028061423836979,8,sr,3.999e-14
9.4375,10.004340407090487,8,sr,5.362e-15
9.4499999999999993,9.9807374663818624,8,sr,4.808e-16
9.4625000000000004,9.9572529175101678,8,sr,5.688e-14
9.4749999999999996,9.9338870981186354,8,sr,1.733e-14
9.4874999999999989,9.9106403687712401,8,sr,3.113e-15
9.5,9.8875131140718988,8,sr,7.565e-14
9.5124999999999993,9.8645057438283459,8,sr,3.765e-15
9.5250000000000004,9.8416186942642607,8,sr,1.598e-14
9.5374999999999996,9.8188524292819768,8,sr,2.870e-14
9.5499999999999989,9.796207441779309,8,sr,2.036e-14
9.5625,9.7736842550239142,8,sr,4.323e-14
9.5749999999999993,9.7512834240881414,8,sr,1.071e-15
9.5875000000000004,9.7290055373487156,8,sr,2.745e-14
9.5999999999999996,9.7068512180544104,8,sr,6.670e-14
9.6125000000000007,9.6848211259423742,8,sr,9.461e-11
9.625,9.6629159590749882,8,sr,1.057e-13
9.6374999999999993,9.6411364553973105,8,sr,1.596e-14
9.6500000000000004,9.6194833948613763,8,sr,7.883e-15
9.6624999999999996,9.5979576012800294,8,sr,1.077e-13
9.6750000000000007,9.5765599444211453,8,sr,4.494e-14
9.6875,9.5552913421793768,8,sr,5.702e-15
9.6999999999999993,9.5341527628541414,8,sr,2.486e-14
9.7125000000000004,9.5131452275411625,8,sr,1.038e-13
9.7249999999999996,9.4922698126427001,8,sr,1.003e-13
9.7375000000000007,9.4715276525039229,8,sr,3.814e-14
9.75,9.4509199421808461,8,sr,1.352e-14
9.7624999999999993,9.430447940348504,8,sr,8.421e-15
9.7750000000000004,9.4101129723554742,8,sr,1.285e-15
9.7874999999999996,9.3899164334274996,8,sr,1.777e-11
9.8000000000000007,9.369859792050816,8,sr,4.772e-11
9.8125,9.3499445935307275,8,sr,7.513e-12
9.8249999999999993,9.3301724636305288,8,sr,3.109e-15
9.8375000000000004,9.3105451125745233,8,sr,1.409e-15
9.8499999999999996,9.2910643391059846,8,sr,5.587e-15
9.8625000000000007,9.2717320347966083,8,sr,5.372e-14
9.875,9.2525501885682289,8,sr,1.107e-13
9.8874999999999993,9.2335208914330344,8,sr,6.003e-14
9.9000000000000004,9.2146463414640785,8,sr,9.503e-15
9.9124999999999996,9.1959288490026285,8,sr,1.266e-14
9.9250000000000007,9.1773708421106956,8,sr,8.715e-14
9.9375,9.1589748722754489,8,sr,2.587e-14
9.9499999999999993,9.1407436203705323,8,sr,7.028e-15
9.9625000000000004,9.1226799028801544,8,sr,7.994e-14
9.9749999999999996,9.1047866784120064,8,sr,6.290e-11
9.9875000000000007,9.0870670543288483,8,sr,5.186e-14
10,9.069524294014089,8,sr,4.719e-15
7.7625000000000002,-9.6487392446681035,9,sr,1.328e-16
7.7750000000000004,-8.8647833364407642,9,sr,5.328e-17
7.7875000000000005,-8.1667751824708272,9,sr,1.173e-16
7.8000000000000007,-7.5426064277550031,9,sr,6.018e-16
7.8125000000000009,-6.9822286894598857,9,sr,8.491e-17
7.8250000000000002,-6.4772468845547539,9,sr,2.510e-16
7.8375000000000004,-6.0206032307255013,9,sr,5.432e-13
7.8500000000000005,-5.6063295304219523,9,sr,1.302e-16
7.8625000000000007,-5.2293513816421608,9,sr,5.356e-16
7.8750000000000009,-4.8853322374412471,9,sr,3.356e-13
7.8875000000000002,-4.5705483081015386,9,sr,8.925e-13
7.9000000000000004,-4.281787526306073,9,sr,7.674e-17
7.9125000000000005,-4.0162674266546148,9,sr,1.311e-16
7.9250000000000007,-3.7715679993187181,9,sr,1.049e-16
7.9375000000000009,-3.5455764759422594,9,sr,1.958e-13
7.9500000000000002,-3.336441684976831,9,sr,1.212e-16
7.9625000000000004,-3.1425361266825438,9,sr,1.785e-14
7.9750000000000005,-2.962424311070178,9,sr,2.000e-16
7.9875000000000007,-2.7948362039449148,9,sr,3.493e-16
8,-2.6386448605330783,9,sr,2.149e-14
8.0124999999999993,-2.4928475085860917,9,sr,4.103e-14
8.0250000000000004,-2.3565494860847238,9,sr,0.000e+00
8.0374999999999996,-2.2289505516311334,9,sr,2.797e-14
8.0499999999999989,-2.1093331752579365,9,sr,1.675e-14
8.0625,-1.9970524888408998,9,sr,2.257e-16
8.0749999999999993,-1.8915276326299559,9,sr,2.226e-16
8.0875000000000004,-1.7922342805386648,9,sr,2.370e-16
8.0999999999999996,-1.6986981641801115,9,sr,9.765e-14
8.1124999999999989,-1.6104894459888093,9,sr,2.736e-16
8.125,-1.5272178165124013,9,sr,6.629e-17
8.1374999999999993,-1.4485282112935083,9,sr,1.940e-13
8.1500000000000004,-1.374097059414884,9,sr,1.165e-13
8.1624999999999996,-1.3036289895795041,9,sr,2.506e-13
8.1749999999999989,-1.2368539310632409,9,sr,2.302e-17
8.1875,-1.1735245562955567,9,sr,3.818e-13
8.1999999999999993,-1.1134140198662905,9,sr,4.865e-13
8.2125000000000004,-1.0563139552599372,9,sr,1.371e-16
8.2249999999999996,-1.0020326963079424,9,sr,2.242e-16
8.2374999999999989,-0.950393695002267,9,sr,2.123e-16
8.25,-0.90123411123240627,9,sr,2.744e-16
8.2624999999999993,-0.85440355344343355,9,sr,2.513e-13
8.2750000000000004,-0.80976295202116277,9,sr,5.380e-14
8.2874999999999996,-0.76718354963187996,9,sr,3.097e-16
8.2999999999999989,-0.7265459948644164,9,sr,3.521e-16
8.3125,-0.68773952723277521,9,sr,2.539e-12
8.3249999999999993,-0.65066124322635632,9,sr,4.480e-17
8.3375000000000004,-0.61521543415946189,9,sr,4.471e-17
8.3499999999999996,-0.58131298816098553,9,sr,1.116e-16
8.3624999999999989,-0.54887084904186889,9,sr,2.249e-12
8.375,-0.51781152611526604,9,sr,5.133e-12
8.3874999999999993,-0.4880626494696827,9,sr,5.490e-12
8.4000000000000004,-0.45955656597241701,9,sr,7.314e-13
8.4124999999999996,-0.43222997177771982,9,sr,3.749e-16
8.4249999999999989,-0.40602357772122205,9,sr,3.346e-16
8.4375,-0.38088180412300321,9,sr,1.622e-16
8.4499999999999993,-0.35675250220838717,9,sr,1.889e-16
8.4625000000000004,-0.33358669947877928,9,sr,9.099e-12
8.4749999999999996,-0.31133836683764654,9,sr,1.192e-16
8.4874999999999989,-0.28996420503419584,9,sr,1.470e-14
8.5,-0.26942344918758154,9,sr,3.433e-12
8.5124999999999993,-0.24967768916023769,9,sr,1.369e-12
8.5250000000000004,-0.23069070456214139,9,sr,8.817e-17
8.5374999999999996,-0.21242831309258259,9,sr,3.732e-17
8.5499999999999989,-0.19485823091627827,9,sr,4.225e-13
8.5625,-0.17794994404960721,9,sr,1.482e-16
8.5749999999999993,-0.161674589783527,9,sr,4.400e-17
8.5875000000000004,-0.14600484728335178,9,sr,4.999e-16
8.5999999999999996,-0.13091483655868924,9,sr,4.456e-16
8.6124999999999989,-0.116380025104886,9,sr,3.254e-16
8.625,-0.10237714156722834,9,sr,6.785e-16
8.6374999999999993,-0.088884095847656414,9,sr,2.896e-12
8.6500000000000004,-0.075879905100568648,9,sr,1.765e-16
8.6624999999999996,-0.063344625205247529,9,sr,7.677e-16
8.6749999999999989,-0.051259287160587204,9,sr,1.417e-16
8.6875,-0.039605838106557475,9,sr,1.183e-11
8.6999999999999993,-0.028367086620379352,9,sr,1.334e-15
8.7125000000000004,-0.017526651731657576,9,sr,2.495e-15
8.7249999999999996,-0.0070689157586189492,9,sr,2.159e-15
8.75,0.012757374789463975,9,sr,3.572e-15
8.7624999999999993,0.022153729268677699,9,sr,4.984e-15
8.7750000000000004,0.031223058241163257,9,sr,2.751e-15
8.7874999999999996,0.039977765124208926,9,sr,1.094e-11
8.7999999999999989,0.048429712583619458,9,sr,2.664e-15
8.8125,0.056590251265899019,9,sr,7.256e-15
8.8249999999999993,0.064470246793965222,9,sr,2.121e-16
8.8375000000000004,0.072080104880137066,9,sr,1.429e-14
8.8499999999999996,0.079429794860948172,9,sr,8.504e-17
8.8624999999999989,0.086528871716815406,9,sr,1.326e-14
8.875,0.093386496697058036,9,sr,8.128e-15
8.8874999999999993,0.10001145665293489,9,sr,7.906e-14
8.9000000000000004,0.10641218217424529,9,sr,1.876e-14
8.9124999999999996,0.1125967646179767,9,sr,3.796e-14
8.9249999999999989,0.11857297210864914,9,sr,1.045e-14
8.9375,0.12434826458753657,9,sr,5.250e-16
8.9499999999999993,0.12992980797811368,9,sr,1.399e-16
8.9625000000000004,0.13532448753270027,9,sr,8.603e-16
8.9749999999999996,0.14053892041886806,9,sr,5.213e-15
8.9874999999999989,0.14557946760006732,9,sr,6.764e-15
9,0.15045224506057758,9,sr,4.243e-15
9.0124999999999993,0.15516313444007493,9,sr,4.476e-11
9.0250000000000004,0.1597177929871563,9,sr,2.592e-17
9.0374999999999996,0.16412166327068226,9,sr,8.200e-15
9.0499999999999989,0.16837998201901999,9,sr,7.136e-14
9.0625,0.17249778878623151,9,sr,2.551e-13
9.0749999999999993,0.17647993407728485,9,sr,1.690e-13
9.0875000000000004,0.180331087091186,9,sr,5.254e-15
9.0999999999999996,0.18405574309188236,9,sr,2.101e-14
9.1124999999999989,0.18765823042906202,9,sr,3.846e-13
9.125,0.19114271723004994,9,sr,1.761e-13
9.1374999999999993,0.194513217786383,9,sr,2.678e-15
9.1500000000000004,0.19777359864799957,9,sr,5.097e-13
9.1624999999999996,0.20092758444743825,9,sr,1.636e-13
9.1749999999999989,0.20397876346877017,9,sr,6.080e-14
9.1875,0.20693059297100452,9,sr,8.206e-13
9.1999999999999993,0.2097864042880685,9,sr,2.101e-16
9.2125000000000004,0.21254940770755948,9,sr,1.178e-12
9.2249999999999996,0.21522269714840883,9,sr,6.895e-15
9.2374999999999989,0.2178092546459926,9,sr,1.163e-12
9.25,0.22031195464632392,9,sr,2.221e-14
9.2624999999999993,0.22273356813465292,9,sr,1.586e-12
9.2750000000000004,0.22507676660450668,9,sr,7.303e-11
9.2874999999999996,0.22734412577443719,9,sr,2.438e-12
9.2999999999999989,0.22953812940657614,9,sr,1.072e-14
9.3125,0.23166117263219241,9,sr,2.115e-12
9.3249999999999993,0.23371556541044511,9,sr,5.304e-13
9.3375000000000004,0.23570353573564651,9,sr,4.134e-13
9.3499999999999996,0.23762723275122216,9,sr,3.706e-12
9.3624999999999989,0.23948872972714982,9,sr,2.660e-14
9.375,0.24129002693863488,9,sr,2.231e-12
9.3874999999999993,0.24303305441945236,9,sr,3.152e-12
9.4000000000000004,0.24471967461052316,9,sr,3.186e-15
9.4124999999999996,0.24635168491875778,9,sr,3.228e-12
9.4249999999999989,0.24793082016436072,9,sr,4.737e-12
9.4375,0.24945875493163447,9,sr,5.903e-14
9.4499999999999993,0.25093710584908963,9,sr,1.908e-12
9.4625000000000004,0.25236743375810355,9,sr,9.464e-12
9.4749999999999996,0.25375124581859987,9,sr,1.486e-12
9.4874999999999989,0.25508999751037559,9,sr,3.403e-15
9.5,0.25638509458703229,9,sr,6.062e-12
9.5124999999999993,0.2576378949365784,9,sr,1.149e-11
9.5250000000000004,0.25884971035890514,9,sr,1.552e-12
9.5374999999999996,0.26002180831883132,9,sr,2.607e-11
9.5499999999999989,0.26115541356420968,9,sr,5.617e-12
9.5625,0.26225170976692691,9,sr,1.694e-11
9.5749999999999993,0.26331184102208594,9,sr,6.932e-12
9.5875000000000004,0.26433691332047726,9,sr,3.162e-13
9.5999999999999996,0.26532799599120177,9,sr,2.880e-13
9.6125000000000007,0.26628612304363997,9,sr,9.660e-12
9.625,0.2672122944878822,9,sr,2.299e-11
9.6374999999999993,0.26810747759857761,9,sr,1.303e-11
9.6500000000000004,0.26897260810236601,9,sr,2.051e-12
9.6624999999999996,0.26980859138135349,9,sr,4.309e-15
9.6750000000000007,0.27061630356681793,9,sr,2.208e-12
9.6875,0.27139659262519172,9,sr,1.563e-11
9.6999999999999993,0.27215027939730674,9,sr,3.084e-11
9.7125000000000004,0.27287815859983205,9,sr,2.367e-11
9.7249999999999996,0.27358099975363076,9,sr,8.037e-12
9.7375000000000007,0.27425954815424614,9,sr,9.244e-13
9.75,0.2749145257251982,9,sr,5.424e-16
9.7624999999999993,0.27554663187984241,9,sr,2.131e-12
9.7750000000000004,0.27615654434253217,9,sr,1.400e-11
9.7874999999999996,0.2767449199395261,9,sr,3.145e-11
9.8000000000000007,0.2773123953577688,9,sr,4.430e-11
9.8125,0.27785958788230458,9,sr,3.241e-11
9.8249999999999993,0.27838709606595263,9,sr,1.581e-11
9.8375000000000004,0.27889550045985018,9,sr,4.953e-12
9.8499999999999996,0.27938536422707427,9,sr,6.456e-13
9.8625000000000007,0.27985723377867039,9,sr,1.744e-15
9.875,0.28031163937710268,9,sr,5.471e-13
9.8874999999999993,0.28074909571680096,9,sr,5.992e-12
9.9000000000000004,0.28117010248359431,9,sr,1.759e-11
9.9124999999999996,0.2815751448929466,9,sr,3.225e-11
9.9250000000000007,0.28196469420793863,9,sr,4.571e-11
9.9375,0.28233920823825165,9,sr,5.441e-11
9.9499999999999993,0.28269913182931705,9,sr,4.478e-11
9.9625000000000004,0.28304489729021509,9,sr,3.116e-11
9.9749999999999996,0.28337692489509403,9,sr,1.905e-11
9.9875000000000007,0.28369562327564662,9,sr,9.942e-12
10,0.2840013898450725,9,sr,4.174e-12
8.4499999999999993,14.994759140483639,10,sr,4.587e-15
8.4625000000000004,14.954218959903953,10,sr,6.131e-15
8.4749999999999996,14.913804726684525,10,sr,1.274e-14
8.4874999999999989,14.873517924251914,10,sr,3.064e-15
8.5,14.833359934493927,10,sr,2.526e-14
8.5124999999999993,14.793332043686588,10,sr,2.175e-14
8.5250000000000004,14.753435448054624,10,sr,1.994e-14
8.5374999999999996,14.713671258991342,10,sr,6.101e-15
8.5499999999999989,14.674040507961717,10,sr,7.873e-15
8.5625,14.634544151110747,10,sr,5.880e-15
8.5749999999999993,14.595183073616925,10,sr,6.750e-11
8.5875000000000004,14.555958093673484,10,sr,1.074e-14
8.5999999999999996,14.516869966523274,10,sr,5.229e-14
8.6124999999999989,14.477919387882812,10,sr,3.453e-14
8.625,14.439106997450848,10,sr,3.692e-15
8.6374999999999993,14.400433382107511,10,sr,8.970e-15
8.6500000000000004,14.361899078952248,10,sr,7.637e-14
8.6624999999999996,14.323504578173779,10,sr,8.539e-15
8.6749999999999989,14.285250325746649,10,sr,6.065e-11
8.6875,14.247136726076295,10,sr,5.298e-14
8.6999999999999993,14.209164144268994,10,sr,4.278e-15
8.7125000000000004,14.171332908590092,10,sr,1.612e-14
8.7249999999999996,14.133643312564912,10,sr,5.058e-15
8.7374999999999989,14.096095617062009,10,sr,2.064e-14
8.75,14.058690052255775,10,sr,5.903e-16
8.7624999999999993,14.021426819490497,10,sr,1.508e-15
8.7750000000000004,13.984306093052536,10,sr,8.325e-15
8.7874999999999996,13.947328021856205,10,sr,4.643e-14
8.7999999999999989,13.910492731049201,10,sr,3.973e-15
8.8125,13.873800323542321,10,sr,7.097e-16
8.8249999999999993,13.837250881468826,10,sr,3.201e-14
8.8375000000000004,13.800844467577562,10,sr,1.656e-14
8.8499999999999996,13.764581126564266,10,sr,1.021e-14
8.8624999999999989,13.72846088634512,10,sr,1.479e-14
8.875,13.692483759276252,10,sr,1.425e-14
8.8874999999999993,13.6566497433228,10,sr,8.680e-15
8.9000000000000004,13.620958823180723,10,sr,1.070e-14
8.9124999999999996,13.585410971352857,10,sr,8.754e-12
8.9249999999999989,13.550006149195651,10,sr,5.019e-14
8.9375,13.51474430789837,10,sr,9.922e-15
8.9499999999999993,13.47962538946622,10,sr,1.879e-15
8.9625000000000004,13.444649327640892,10,sr,8.985e-15
8.9749999999999996,13.40981604880268,10,sr,1.352e-14
8.9874999999999989,13.37512547284518,10,sr,1.302e-11
9,13.34057751400244,10,sr,2.112e-11
9.0124999999999993,13.306172081722469,10,sr,1.500e-14
9.0250000000000004,13.27190908139325,10,sr,1.339e-14
9.0374999999999996,13.237788415183358,10,sr,8.051e-15
9.0499999999999989,13.203809982778596,10,sr,2.107e-14
9.0625,13.169973682132859,10,sr,6.460e-13
9.0749999999999993,13.136279410176043,10,sr,1.154e-10
9.0875000000000004,13.102727063652084,10,sr,1.421e-11
9.0999999999999996,13.069316539599477,10,sr,1.099e-11
9.1124999999999989,13.036047736268817,10,sr,7.095e-11
9.125,13.00292055366876,10,sr,1.010e-14
9.1374999999999993,12.969934894387418,10,sr,5.462e-13
9.1500000000000004,12.937090664136404,10,sr,2.467e-15
9.1624999999999996,12.904387772520773,10,sr,1.015e-10
9.1749999999999989,12.871826133591917,10,sr,1.407e-15
9.1875,12.839405666744263,10,sr,3.475e-11
9.1999999999999993,12.807126297138419,10,sr,9.620e-15
9.2125000000000004,12.774987956560908,10,sr,1.156e-13
9.2249999999999996,12.742990584011347,10,sr,2.017e-14
9.2374999999999989,12.711134126427064,10,sr,1.989e-15
9.25,12.679418539371285,10,sr,1.089e-15
9.2624999999999993,12.647843787736985,10,sr,4.822e-15
9.2750000000000004,12.616409846461258,10,sr,1.238e-14
9.2874999999999996,12.585116701247468,10,sr,1.920e-11
9.2999999999999989,12.553964349325783,10,sr,1.859e-14
9.3125,12.522952800166975,10,sr,1.586e-14
9.3249999999999993,12.492082076295926,10,sr,9.732e-15
9.3375000000000004,12.461352214061952,10,sr,6.022e-15
9.3499999999999996,12.430763264454557,10,sr,5.594e-15
9.3624999999999989,12.400315293937696,10,sr,4.047e-15
9.375,12.370008385309108,10,sr,2.198e-12
9.3874999999999993,12.339842638570259,10,sr,5.922e-11
9.4000000000000004,12.309818171893292,10,sr,8.098e-11
9.4124999999999996,12.279935122518049,10,sr,1.110e-11
9.4249999999999989,12.25019364769663,10,sr,9.897e-15
9.4375,12.220593925798141,10,sr,1.741e-14
9.4499999999999993,12.191136157309922,10,sr,3.256e-15
9.4625000000000004,12.161820565938118,10,sr,3.604e-14
9.4749999999999996,12.132647399749453,10,sr,7.999e-14
9.4874999999999989,12.103616932357534,10,sr,1.829e-14
9.5,12.07472946416167,10,sr,6.804e-12
9.5124999999999993,12.045985323629594,10,sr,8.253e-15
9.5250000000000004,12.017384868661805,10,sr,6.368e-14
9.5374999999999996,11.98892848798522,10,sr,4.340e-14
9.5499999999999989,11.960616602635772,10,sr,3.448e-15
9.5625,11.932449667501309,10,sr,9.261e-14
9.5749999999999993,11.904428172939808,10,sr,8.453e-15
9.5875000000000004,11.876552646476039,10,sr,2.689e-14
9.5999999999999996,11.84882365458261,10,sr,3.973e-14
9.6125000000000007,11.821241804549372,10,sr,2.313e-14
9.625,11.793807746448179,10,sr,3.229e-14
9.6374999999999993,11.7665221751978,10,sr,4.203e-14
9.6500000000000004,11.739385832736525,10,sr,1.916e-14
9.6624999999999996,11.712399510308041,10,sr,1.146e-13
9.6750000000000007,11.685564050868964,10,sr,1.464e-14
9.6875,11.658880351624312,10,sr,4.614e-14
9.6999999999999993,11.632349366700307,10,sr,1.077e-13
9.7125000000000004,11.605972109962313,10,sr,7.407e-15
9.7249999999999996,11.579749657988723,10,sr,7.296e-12
9.7375000000000007,11.553683153197104,10,sr,4.837e-14
9.75,11.527773807175095,10,sr,1.407e-13
9.7624999999999993,11.502022904154895,10,sr,8.216e-14
9.7750000000000004,11.476431804715673,10,sr,3.271e-14
9.7874999999999996,11.4510019496811,10,sr,8.156e-16
9.8000000000000007,11.425734864240964,10,sr,9.525e-15
9.8125,11.40063216230708,10,sr,1.425e-15
9.8249999999999993,11.375695551117948,10,sr,2.473e-15
9.8375000000000004,11.350926836107179,10,sr,5.251e-15
9.8499999999999996,11.326327926051155,10,sr,9.452e-15
9.8625000000000007,11.301900838512255,10,sr,5.670e-14
9.875,11.277647705594955,10,sr,1.164e-13
9.8874999999999993,11.25357078003181,10,sr,6.252e-14
9.9000000000000004,11.229672441619126,10,sr,3.754e-15
9.9124999999999996,11.205955204019682,10,sr,9.332e-15
9.9250000000000007,11.182421721952981,10,sr,1.034e-13
9.9375,11.159074798792949,10,sr,1.852e-14
9.9499999999999993,11.135917394592258,10,sr,6.241e-15
9.9625000000000004,11.112952634554928,10,sr,7.233e-14
9.9749999999999996,11.090183817975344,10,sr,2.974e-15
9.9875000000000007,11.067614427664777,10,sr,8.255e-14
10,11.045248139882116,10,sr,3.135e-15
9.3249999999999993,14.989118367159975,11,sr,2.034e-14
9.3375000000000004,14.95170774009188,11,sr,2.447e-14
9.3499999999999996,14.914465066451106,11,sr,8.198e-15
9.3624999999999989,14.877390285616078,11,sr,2.581e-14
9.375,14.840483355030043,11,sr,2.725e-16
9.3874999999999993,14.803744251133946,11,sr,3.162e-14
9.4000000000000004,14.767172970331835,11,sr,4.922e-14
9.4124999999999996,14.730769529991393,11,sr,2.158e-15
9.4249999999999989,14.694533969481947,11,sr,2.140e-14
9.4375,14.658466351253365,11,sr,2.330e-14
9.4499999999999993,14.622566761958305,11,sr,8.412e-14
9.4625000000000004,14.586835313621179,11,sr,1.785e-14
9.4749999999999996,14.551272144857393,11,sr,2.719e-14
9.4874999999999989,14.515877422145758,11,sr,8.427e-16
9.5,14.480651341158538,11,sr,1.096e-14
9.5124999999999993,14.445594128152624,11,sr,1.560e-14
9.5250000000000004,14.410706041426117,11,sr,5.972e-15
9.5374999999999996,14.375987372844923,11,sr,2.225e-15
9.5499999999999989,14.341438449443837,11,sr,6.477e-15
9.5625,14.307059635107434,11,sr,5.512e-14
9.5749999999999993,14.272851332336,11,sr,9.885e-14
9.5875000000000004,14.238813984101871,11,sr,4.960e-14
9.5999999999999996,14.204948075800996,11,sr,8.767e-12
9.6125000000000007,14.171254137320533,11,sr,6.496e-16
9.625,14.137732745183623,11,sr,1.179e-13
9.6374999999999993,14.104384524855996,11,sr,6.613e-15
9.6500000000000004,14.07121015314512,11,sr,2.363e-14
9.6624999999999996,14.038210360746088,11,sr,1.090e-13
9.6750000000000007,14.005385934928226,11,sr,5.516e-15
9.6875,13.972737722374653,11,sr,1.348e-13
9.6999999999999993,13.94026663218367,11,sr,4.579e-15
9.7125000000000004,13.90797363904489,11,sr,1.329e-13
9.7249999999999996,13.875859786599671,11,sr,1.880e-15
9.7375000000000007,13.843926191000595,11,sr,4.654e-14
9.75,13.81217404468126,11,sr,9.623e-14
9.7624999999999993,13.780604620352682,11,sr,4.130e-15
9.7750000000000004,13.749219275239746,11,sr,1.975e-14
9.7874999999999996,13.718019455575876,11,sr,1.131e-13
9.8000000000000007,13.687006701371729,11,sr,9.370e-14
9.8125,13.656182651478291,11,sr,9.225e-15
9.8249999999999993,13.625549048962172,11,sr,4.395e-15
9.8375000000000004,13.595107746816657,11,sr,2.613e-16
9.8499999999999996,13.564860714015019,11,sr,4.320e-11
9.8625000000000007,13.534810042056163,11,sr,7.058e-11
9.875,13.504957951554813,11,sr,3.827e-12
9.8874999999999993,13.475306799924017,11,sr,7.624e-15
9.9000000000000004,13.445859088802907,11,sr,8.624e-15
9.9124999999999996,13.416617472452437,11,sr,2.511e-14
9.9250000000000007,13.387584766498662,11,sr,9.328e-14
9.9375,13.358763957267886,11,sr,3.718e-14
9.9499999999999993,13.330158211717119,11,sr,3.018e-15
9.9625000000000004,13.301770887997334,11,sr,4.303e-14
9.9749999999999996,13.273605546689645,11,sr,4.603e-14
9.9875000000000007,13.245665962754048,11,sr,9.205e-16
10,13.217956138233481,11,sr,7.746e-14
