q_e,eps_ratio,branch_id,type,residual
0.012500000000000001,1,0,nr,4.996e-16
0.025000000000000001,1,0,nr,4.996e-16
0.037500000000000006,1,0,nr,4.996e-16
0.050000000000000003,1,0,nr,4.996e-16
0.0625,1,0,nr,4.996e-16
0.074999999999999997,1,0,nr,4.996e-16
0.087500000000000008,1,0,nr,4.996e-16
0.10000000000000001,1,0,nr,4.996e-16
0.1125,1,0,nr,4.996e-16
0.125,1,0,nr,4.996e-16
0.13750000000000001,1,0,nr,4.996e-16
0.15000000000000002,1,0,nr,4.996e-16
0.16250000000000003,1,0,nr,4.996e-16
0.17500000000000002,1,0,nr,4.996e-16
0.18750000000000003,1,0,nr,4.996e-16
0.20000000000000001,1,0,nr,4.996e-16
0.21250000000000002,1,0,nr,4.996e-16
0.22500000000000003,1,0,nr,4.996e-16
0.23750000000000002,1,0,nr,4.996e-16
0.25,1,0,nr,4.996e-16
0.26250000000000001,1,0,nr,4.996e-16
0.27500000000000002,1,0,nr,4.996e-16
0.28750000000000003,1,0,nr,4.996e-16
0.30000000000000004,1,0,nr,4.996e-16
0.31250000000000006,1,0,nr,4.996e-16
0.32500000000000001,1,0,nr,4.996e-16
0.33750000000000002,1,0,nr,4.996e-16
0.35000000000000003,1,0,nr,4.996e-16
0.36250000000000004,1,0,nr,4.996e-16
0.37500000000000006,1,0,nr,4.996e-16
0.38750000000000001,1,0,nr,4.996e-16
0.40000000000000002,1,0,nr,4.996e-16
0.41250000000000003,1,0,nr,4.996e-16
0.42500000000000004,1,0,nr,4.996e-16
0.43750000000000006,1,0,nr,4.996e-16
0.45000000000000001,1,0,nr,4.996e-16
0.46250000000000002,1,0,nr,4.996e-16
0.47500000000000003,1,0,nr,4.996e-16
0.48750000000000004,1,0,nr,4.996e-16
0.5,1,0,nr,4.996e-16
0.51249999999999996,1,0,nr,4.996e-16
0.52500000000000002,1,0,nr,4.996e-16
0.53749999999999998,1,0,nr,4.996e-16
0.54999999999999993,1,0,nr,4.996e-16
0.5625,1,0,nr,4.996e-16
0.57499999999999996,1,0,nr,4.996e-16
0.58750000000000002,1,0,nr,4.996e-16
0.59999999999999998,1,0,nr,4.996e-16
0.61250000000000004,1,0,nr,4.996e-16
0.625,1,0,nr,4.996e-16
0.63749999999999996,1,0,nr,4.996e-16
0.65000000000000002,1,0,nr,4.996e-16
0.66249999999999998,1,0,nr,4.996e-16
0.67500000000000004,1,0,nr,4.996e-16
0.6875,1,0,nr,4.996e-16
0.69999999999999996,1,0,nr,4.996e-16
0.71250000000000002,1,0,nr,4.996e-16
0.72499999999999998,1,0,nr,4.996e-16
0.73750000000000004,1,0,nr,4.996e-16
0.75,1,0,nr,4.996e-16
0.76249999999999996,1,0,nr,4.996e-16
0.77500000000000002,1,0,nr,4.996e-16
0.78749999999999998,1,0,nr,4.996e-16
0.80000000000000004,1,0,nr,4.996e-16
0.8125,1,0,nr,4.996e-16
0.82499999999999996,1,0,nr,4.996e-16
0.83750000000000002,1,0,nr,4.996e-16
0.84999999999999998,1,0,nr,4.996e-16
0.86250000000000004,1,0,nr,4.996e-16
0.875,1,0,nr,4.996e-16
0.88749999999999996,1,0,nr,4.996e-16
0.90000000000000002,1,0,nr,4.996e-16
0.91249999999999998,1,0,nr,4.996e-16
0.92500000000000004,1,0,nr,4.996e-16
0.9375,1,0,nr,4.996e-16
0.94999999999999996,1,0,nr,4.996e-16
0.96250000000000002,1,0,nr,4.996e-16
0.97499999999999998,1,0,nr,4.996e-16
0.98750000000000004,1,0,nr,4.996e-16
1,1,0,nr,4.996e-16
1.0125,1,0,nr,4.996e-16
1.0249999999999999,1,0,nr,4.996e-16
1.0375000000000001,1,0,nr,4.996e-16
1.05,1,0,nr,4.996e-16
1.0625,1,0,nr,4.996e-16
1.075,1,0,nr,4.996e-16
1.0874999999999999,1,0,nr,4.996e-16
1.1000000000000001,1,0,nr,4.996e-16
1.1125,1,0,nr,4.996e-16
1.125,1,0,nr,4.996e-16
1.1375,1,0,nr,4.996e-16
1.1499999999999999,1,0,nr,4.996e-16
1.1625000000000001,1,0,nr,4.996e-16
1.175,1,0,nr,4.996e-16
1.1875,1,0,nr,4.996e-16
1.2,1,0,nr,4.996e-16
1.2125000000000001,1,0,nr,4.996e-16
1.2250000000000001,1,0,nr,4.996e-16
1.2375,1,0,nr,4.996e-16
1.25,1,0,nr,4.996e-16
1.2625,1,0,nr,4.996e-16
1.2750000000000001,1,0,nr,4.996e-16
1.2875000000000001,1,0,nr,4.996e-16
1.3,1,0,nr,4.996e-16
1.3125,1,0,nr,4.996e-16
1.325,1,0,nr,4.996e-16
1.3375000000000001,1,0,nr,4.996e-16
1.3500000000000001,1,0,nr,4.996e-16
1.3625,1,0,nr,4.996e-16
1.375,1,0,nr,4.996e-16
1.3875,1,0,nr,4.996e-16
1.4000000000000001,1,0,nr,4.996e-16
1.4125000000000001,1,0,nr,4.996e-16
1.425,1,0,nr,4.996e-16
1.4375,1,0,nr,4.996e-16
1.45,1,0,nr,4.996e-16
1.4625000000000001,1,0,nr,4.996e-16
1.4750000000000001,1,0,nr,4.996e-16
1.4875,1,0,nr,4.996e-16
1.5,1,0,nr,4.996e-16
1.5125,1,0,nr,4.996e-16
1.5250000000000001,1,0,nr,4.996e-16
1.5375000000000001,1,0,nr,4.996e-16
1.55,1,0,nr,4.996e-16
1.5625,1,0,nr,4.996e-16
1.575,1,0,nr,4.996e-16
1.5875000000000001,1,0,nr,4.996e-16
1.6000000000000001,1,0,nr,4.996e-16
1.6125,1,0,nr,4.996e-16
1.625,1,0,nr,4.996e-16
1.6375,1,0,nr,4.996e-16
1.6500000000000001,1,0,nr,4.996e-16
1.6625000000000001,1,0,nr,4.996e-16
1.675,1,0,nr,4.996e-16
1.6875,1,0,nr,4.996e-16
1.7,1,0,nr,4.996e-16
1.7125000000000001,1,0,nr,4.996e-16
1.7250000000000001,1,0,nr,4.996e-16
1.7375,1,0,nr,4.996e-16
1.75,1,0,nr,4.996e-16
1.7625,1,0,nr,4.996e-16
1.7750000000000001,1,0,nr,4.996e-16
1.7875000000000001,1,0,nr,4.996e-16
1.8,1,0,nr,4.996e-16
1.8125,1,0,nr,4.996e-16
1.825,1,0,nr,4.996e-16
1.8375000000000001,1,0,nr,4.996e-16
1.8500000000000001,1,0,nr,4.996e-16
1.8625,1,0,nr,4.996e-16
1.875,1,0,nr,4.996e-16
1.8875,1,0,nr,4.996e-16
1.9000000000000001,1,0,nr,4.996e-16
1.9125000000000001,1,0,nr,4.996e-16
1.925,1,0,nr,4.996e-16
1.9375,1,0,nr,4.996e-16
1.95,1,0,nr,4.996e-16
1.9625000000000001,1,0,nr,4.996e-16
1.9750000000000001,1,0,nr,4.996e-16
1.9875,1,0,nr,4.996e-16
2,1,0,nr,4.996e-16
2.0125000000000002,1,0,nr,4.996e-16
2.0250000000000004,1,0,nr,4.996e-16
2.0375000000000001,1,0,nr,4.996e-16
2.0500000000000003,1,0,nr,4.996e-16
2.0625000000000004,1,0,nr,4.996e-16
2.0750000000000002,1,0,nr,4.996e-16
2.0875000000000004,1,0,nr,4.996e-16
2.1000000000000001,1,0,nr,4.996e-16
2.1125000000000003,1,0,nr,4.996e-16
2.1250000000000004,1,0,nr,4.996e-16
2.1375000000000002,1,0,nr,4.996e-16
2.1500000000000004,1,0,nr,4.996e-16
2.1625000000000001,1,0,nr,4.996e-16
2.1750000000000003,1,0,nr,4.996e-16
2.1875000000000004,1,0,nr,4.996e-16
2.2000000000000002,1,0,nr,4.996e-16
2.2125000000000004,1,0,nr,4.996e-16
2.2250000000000001,1,0,nr,4.996e-16
2.2375000000000003,1,0,nr,4.996e-16
2.2500000000000004,1,0,nr,4.996e-16
2.2625000000000002,1,0,nr,4.996e-16
2.2750000000000004,1,0,nr,4.996e-16
2.2875000000000001,1,0,nr,4.996e-16
2.3000000000000003,1,0,nr,4.996e-16
2.3125000000000004,1,0,nr,4.996e-16
2.3250000000000002,1,0,nr,4.996e-16
2.3375000000000004,1,0,nr,4.996e-16
2.3500000000000001,1,0,nr,4.996e-16
2.3625000000000003,1,0,nr,4.996e-16
2.3750000000000004,1,0,nr,4.996e-16
2.3875000000000002,1,0,nr,4.996e-16
2.4000000000000004,1,0,nr,4.996e-16
2.4125000000000005,1,0,nr,4.996e-16
2.4250000000000003,1,0,nr,4.996e-16
2.4375000000000004,1,0,nr,4.996e-16
2.4500000000000002,1,0,nr,4.996e-16
2.4625000000000004,1,0,nr,4.996e-16
2.4750000000000005,1,0,nr,4.996e-16
2.4875000000000003,1,0,nr,4.996e-16
2.5000000000000004,1,0,nr,4.996e-16
2.5125000000000002,1,0,nr,4.996e-16
2.5250000000000004,1,0,nr,4.996e-16
2.5375000000000005,1,0,nr,4.996e-16
2.5500000000000003,1,0,nr,4.996e-16
2.5625000000000004,1,0,nr,4.996e-16
2.5750000000000002,1,0,nr,4.996e-16
2.5875000000000004,1,0,nr,4.996e-16
2.6000000000000005,1,0,nr,4.996e-16
2.6125000000000003,1,0,nr,4.996e-16
2.6250000000000004,1,0,nr,4.996e-16
2.6375000000000002,1,0,nr,4.996e-16
2.6500000000000004,1,0,nr,4.996e-16
2.6625000000000005,1,0,nr,4.996e-16
2.6750000000000003,1,0,nr,4.996e-16
2.6875000000000004,1,0,nr,4.996e-16
2.7000000000000002,1,0,nr,4.996e-16
2.7125000000000004,1,0,nr,4.996e-16
2.7250000000000005,1,0,nr,4.996e-16
2.7375000000000003,1,0,nr,4.996e-16
2.7500000000000004,1,0,nr,4.996e-16
2.7625000000000002,1,0,nr,4.996e-16
2.7750000000000004,1,0,nr,4.996e-16
2.7875000000000005,1,0,nr,4.996e-16
2.8000000000000003,1,0,nr,4.996e-16
2.8125000000000004,1,0,nr,4.996e-16
2.8250000000000002,1,0,nr,4.996e-16
2.8375000000000004,1,0,nr,4.996e-16
2.8500000000000005,1,0,nr,4.996e-16
2.8625000000000003,1,0,nr,4.996e-16
2.8750000000000004,1,0,nr,4.996e-16
2.8875000000000002,1,0,nr,4.996e-16
2.9000000000000004,1,0,nr,4.996e-16
2.9125000000000005,1,0,nr,4.996e-16
2.9250000000000003,1,0,nr,4.996e-16
2.9375000000000004,1,0,nr,4.996e-16
2.9500000000000002,1,0,nr,4.996e-16
2.9625000000000004,1,0,nr,4.996e-16
2.9750000000000005,1,0,nr,4.996e-16
2.9875000000000003,1,0,nr,4.996e-16
3.0000000000000004,1,0,nr,4.996e-16
3.0125000000000002,1,0,nr,4.996e-16
3.0250000000000004,1,0,nr,4.996e-16
3.0375000000000005,1,0,nr,4.996e-16
3.0500000000000003,1,0,nr,4.996e-16
3.0625000000000004,1,0,nr,4.996e-16
3.0750000000000002,1,0,nr,4.996e-16
3.0875000000000004,1,0,nr,4.996e-16
3.1000000000000005,1,0,nr,4.996e-16
3.1125000000000003,1,0,nr,4.996e-16
3.1250000000000004,1,0,nr,4.996e-16
3.1375000000000002,1,0,nr,4.996e-16
3.1500000000000004,1,0,nr,4.996e-16
3.1625000000000005,1,0,nr,4.996e-16
3.1750000000000003,1,0,nr,4.996e-16
3.1875000000000004,1,0,nr,4.996e-16
3.2000000000000002,1,0,nr,4.996e-16
3.2125000000000004,1,0,nr,4.996e-16
3.2250000000000005,1,0,nr,4.996e-16
3.2375000000000003,1,0,nr,4.996e-16
3.2500000000000004,1,0,nr,4.996e-16
3.2625000000000002,1,0,nr,4.996e-16
3.2750000000000004,1,0,nr,4.996e-16
3.2875000000000005,1,0,nr,4.996e-16
3.3000000000000003,1,0,nr,4.996e-16
3.3125000000000004,1,0,nr,4.996e-16
3.3250000000000002,1,0,nr,4.996e-16
3.3375000000000004,1,0,nr,4.996e-16
3.3500000000000005,1,0,nr,4.996e-16
3.3625000000000003,1,0,nr,4.996e-16
3.3750000000000004,1,0,nr,4.996e-16
3.3875000000000002,1,0,nr,4.996e-16
3.4000000000000004,1,0,nr,4.996e-16
3.4125000000000005,1,0,nr,4.996e-16
3.4250000000000003,1,0,nr,4.996e-16
3.4375000000000004,1,0,nr,4.996e-16
3.4500000000000002,1,0,nr,4.996e-16
3.4625000000000004,1,0,nr,4.996e-16
3.4750000000000005,1,0,nr,4.996e-16
3.4875000000000003,1,0,nr,4.996e-16
3.5000000000000004,1,0,nr,4.996e-16
3.5125000000000002,1,0,nr,4.996e-16
3.5250000000000004,1,0,nr,4.996e-16
3.5375000000000005,1,0,nr,4.996e-16
3.5500000000000003,1,0,nr,4.996e-16
3.5625000000000004,1,0,nr,4.996e-16
3.5750000000000002,1,0,nr,4.996e-16
3.5875000000000004,1,0,nr,4.996e-16
3.6000000000000005,1,0,nr,4.996e-16
3.6125000000000003,1,0,nr,4.996e-16
3.6250000000000004,1,0,nr,4.996e-16
3.6375000000000002,1,0,nr,4.996e-16
3.6500000000000004,1,0,nr,4.996e-16
3.6625000000000005,1,0,nr,4.996e-16
3.6750000000000003,1,0,nr,4.996e-16
3.6875000000000004,1,0,nr,4.996e-16
3.7000000000000002,1,0,nr,4.996e-16
3.7125000000000004,1,0,nr,4.996e-16
3.7250000000000005,1,0,nr,4.996e-16
3.7375000000000003,1,0,nr,4.996e-16
3.7500000000000004,1,0,nr,4.996e-16
3.7625000000000002,1,0,nr,4.996e-16
3.7750000000000004,1,0,nr,4.996e-16
3.7875000000000005,1,0,nr,4.996e-16
3.8000000000000003,1,0,nr,4.996e-16
3.8125000000000004,1,0,nr,4.996e-16
3.8250000000000002,1,0,nr,4.996e-16
3.8375000000000004,1,0,nr,4.996e-16
3.8500000000000005,1,0,nr,4.996e-16
3.8625000000000003,1,0,nr,4.996e-16
3.8750000000000004,1,0,nr,4.996e-16
3.8875000000000002,1,0,nr,4.996e-16
3.9000000000000004,1,0,nr,4.996e-16
3.9125000000000005,1,0,nr,4.996e-16
3.9250000000000003,1,0,nr,4.996e-16
3.9375000000000004,1,0,nr,4.996e-16
3.9500000000000002,1,0,nr,4.996e-16
3.9625000000000004,1,0,nr,4.996e-16
3.9750000000000005,1,0,nr,4.996e-16
3.9875000000000003,1,0,nr,4.996e-16
4,1,0,nr,4.996e-16
4.0125000000000002,1,0,nr,4.996e-16
4.0250000000000004,1,0,nr,4.996e-16
4.0375000000000005,1,0,nr,4.996e-16
4.0500000000000007,1,0,nr,4.996e-16
4.0625,1,0,nr,4.996e-16
4.0750000000000002,1,0,nr,4.996e-16
4.0875000000000004,1,0,nr,4.996e-16
4.1000000000000005,1,0,nr,4.996e-16
4.1125000000000007,1,0,nr,4.996e-16
4.125,1,0,nr,4.996e-16
4.1375000000000002,1,0,nr,4.996e-16
4.1500000000000004,1,0,nr,4.996e-16
4.1625000000000005,1,0,nr,4.996e-16
4.1750000000000007,1,0,nr,4.996e-16
4.1875,1,0,nr,4.996e-16
4.2000000000000002,1,0,nr,4.996e-16
4.2125000000000004,1,0,nr,4.996e-16
4.2250000000000005,1,0,nr,4.996e-16
4.2375000000000007,1,0,nr,4.996e-16
4.25,1,0,nr,4.996e-16
4.2625000000000002,1,0,nr,4.996e-16
4.2750000000000004,1,0,nr,4.996e-16
4.2875000000000005,1,0,nr,4.996e-16
4.3000000000000007,1,0,nr,4.996e-16
4.3125,1,0,nr,4.996e-16
4.3250000000000002,1,0,nr,4.996e-16
4.3375000000000004,1,0,nr,4.996e-16
4.3500000000000005,1,0,nr,4.996e-16
4.3625000000000007,1,0,nr,4.996e-16
4.375,1,0,nr,4.996e-16
4.3875000000000002,1,0,nr,4.996e-16
4.4000000000000004,1,0,nr,4.996e-16
4.4125000000000005,1,0,nr,4.996e-16
4.4250000000000007,1,0,nr,4.996e-16
4.4375,1,0,nr,4.996e-16
4.4500000000000002,1,0,nr,4.996e-16
4.4625000000000004,1,0,nr,4.996e-16
4.4750000000000005,1,0,nr,4.996e-16
4.4875000000000007,1,0,nr,4.996e-16
4.5,1,0,nr,4.996e-16
4.5125000000000002,1,0,nr,4.996e-16
4.5250000000000004,1,0,nr,4.996e-16
4.5375000000000005,1,0,nr,4.996e-16
4.5500000000000007,1,0,nr,4.996e-16
4.5625,1,0,nr,4.996e-16
4.5750000000000002,1,0,nr,4.996e-16
4.5875000000000004,1,0,nr,4.996e-16
4.6000000000000005,1,0,nr,4.996e-16
4.6125000000000007,1,0,nr,4.996e-16
4.625,1,0,nr,4.996e-16
4.6375000000000002,1,0,nr,4.996e-16
4.6500000000000004,1,0,nr,4.996e-16
4.6625000000000005,1,0,nr,4.996e-16
4.6750000000000007,1,0,nr,4.996e-16
4.6875,1,0,nr,4.996e-16
4.7000000000000002,1,0,nr,4.996e-16
4.7125000000000004,1,0,nr,4.996e-16
4.7250000000000005,1,0,nr,4.996e-16
4.7375000000000007,1,0,nr,4.996e-16
4.75,1,0,nr,4.996e-16
4.7625000000000002,1,0,nr,4.996e-16
4.7750000000000004,1,0,nr,4.996e-16
4.7875000000000005,1,0,nr,4.996e-16
4.8000000000000007,1,0,nr,4.996e-16
4.8125000000000009,1,0,nr,4.996e-16
4.8250000000000002,1,0,nr,4.996e-16
4.8375000000000004,1,0,nr,4.996e-16
4.8500000000000005,1,0,nr,4.996e-16
4.8625000000000007,1,0,nr,4.996e-16
4.8750000000000009,1,0,nr,4.996e-16
4.8875000000000002,1,0,nr,4.996e-16
4.9000000000000004,1,0,nr,4.996e-16
4.9125000000000005,1,0,nr,4.996e-16
4.9250000000000007,1,0,nr,4.996e-16
4.9375000000000009,1,0,nr,4.996e-16
4.9500000000000002,1,0,nr,4.996e-16
4.9625000000000004,1,0,nr,4.996e-16
4.9750000000000005,1,0,nr,4.996e-16
4.9875000000000007,1,0,nr,4.996e-16
5.0000000000000009,1,0,nr,4.996e-16
5.0125000000000002,1,0,nr,4.996e-16
5.0250000000000004,1,0,nr,4.996e-16
5.0375000000000005,1,0,nr,4.996e-16
5.0500000000000007,1,0,nr,4.996e-16
5.0625000000000009,1,0,nr,4.996e-16
5.0750000000000002,1,0,nr,4.996e-16
5.0875000000000004,1,0,nr,4.996e-16
5.1000000000000005,1,0,nr,4.996e-16
5.1125000000000007,1,0,nr,4.996e-16
5.1250000000000009,1,0,nr,4.996e-16
5.1375000000000002,1,0,nr,4.996e-16
5.1500000000000004,1,0,nr,4.996e-16
5.1625000000000005,1,0,nr,4.996e-16
5.1750000000000007,1,0,nr,4.996e-16
5.1875000000000009,1,0,nr,4.996e-16
5.2000000000000002,1,0,nr,4.996e-16
5.2125000000000004,1,0,nr,4.996e-16
5.2250000000000005,1,0,nr,4.996e-16
5.2375000000000007,1,0,nr,4.996e-16
5.2500000000000009,1,0,nr,4.996e-16
5.2625000000000002,1,0,nr,4.996e-16
5.2750000000000004,1,0,nr,4.996e-16
5.2875000000000005,1,0,nr,4.996e-16
5.3000000000000007,1,0,nr,4.996e-16
5.3125000000000009,1,0,nr,4.996e-16
5.3250000000000002,1,0,nr,4.996e-16
5.3375000000000004,1,0,nr,4.996e-16
5.3500000000000005,1,0,nr,4.996e-16
5.3625000000000007,1,0,nr,4.996e-16
5.3750000000000009,1,0,nr,4.996e-16
5.3875000000000002,1,0,nr,4.996e-16
5.4000000000000004,1,0,nr,4.996e-16
5.4125000000000005,1,0,nr,4.996e-16
5.4250000000000007,1,0,nr,4.996e-16
5.4375000000000009,1,0,nr,4.996e-16
5.4500000000000002,1,0,nr,4.996e-16
5.4625000000000004,1,0,nr,4.996e-16
5.4750000000000005,1,0,nr,4.996e-16
5.4875000000000007,1,0,nr,4.996e-16
5.5000000000000009,1,0,nr,4.996e-16
5.5125000000000002,1,0,nr,4.996e-16
5.5250000000000004,1,0,nr,4.996e-16
5.5375000000000005,1,0,nr,4.996e-16
5.5500000000000007,1,0,nr,4.996e-16
5.5625000000000009,1,0,nr,4.996e-16
5.5750000000000002,1,0,nr,4.996e-16
5.5875000000000004,1,0,nr,4.996e-16
5.6000000000000005,1,0,nr,4.996e-16
5.6125000000000007,1,0,nr,4.996e-16
5.6250000000000009,1,0,nr,4.996e-16
5.6375000000000002,1,0,nr,4.996e-16
5.6500000000000004,1,0,nr,4.996e-16
5.6625000000000005,1,0,nr,4.996e-16
5.6750000000000007,1,0,nr,4.996e-16
5.6875000000000009,1,0,nr,4.996e-16
5.7000000000000002,1,0,nr,4.996e-16
5.7125000000000004,1,0,nr,4.996e-16
5.7250000000000005,1,0,nr,4.996e-16
5.7375000000000007,1,0,nr,4.996e-16
5.7500000000000009,1,0,nr,4.996e-16
5.7625000000000002,1,0,nr,4.996e-16
5.7750000000000004,1,0,nr,4.996e-16
5.7875000000000005,1,0,nr,4.996e-16
5.8000000000000007,1,0,nr,4.996e-16
5.8125000000000009,1,0,nr,4.996e-16
5.8250000000000002,1,0,nr,4.996e-16
5.8375000000000004,1,0,nr,4.996e-16
5.8500000000000005,1,0,nr,4.996e-16
5.8625000000000007,1,0,nr,4.996e-16
5.8750000000000009,1,0,nr,4.996e-16
5.8875000000000002,1,0,nr,4.996e-16
5.9000000000000004,1,0,nr,4.996e-16
5.9125000000000005,1,0,nr,4.996e-16
5.9250000000000007,1,0,nr,4.996e-16
5.9375000000000009,1,0,nr,4.996e-16
5.9500000000000002,1,0,nr,4.996e-16
5.9625000000000004,1,0,nr,4.996e-16
5.9750000000000005,1,0,nr,4.996e-16
5.9875000000000007,1,0,nr,4.996e-16
6.0000000000000009,1,0,nr,4.996e-16
6.0125000000000002,1,0,nr,4.996e-16
6.0250000000000004,1,0,nr,4.996e-16
6.0375000000000005,1,0,nr,4.996e-16
6.0500000000000007,1,0,nr,4.996e-16
6.0625000000000009,1,0,nr,4.996e-16
6.0750000000000002,1,0,nr,4.996e-16
6.0875000000000004,1,0,nr,4.996e-16
6.1000000000000005,1,0,nr,4.996e-16
6.1125000000000007,1,0,nr,4.996e-16
6.1250000000000009,1,0,nr,4.996e-16
6.1375000000000002,1,0,nr,4.996e-16
6.1500000000000004,1,0,nr,4.996e-16
6.1625000000000005,1,0,nr,4.996e-16
6.1750000000000007,1,0,nr,4.996e-16
6.1875000000000009,1,0,nr,4.996e-16
6.2000000000000002,1,0,nr,4.996e-16
6.2125000000000004,1,0,nr,4.996e-16
6.2250000000000005,1,0,nr,4.996e-16
6.2375000000000007,1,0,nr,4.996e-16
6.2500000000000009,1,0,nr,4.996e-16
6.2625000000000002,1,0,nr,4.996e-16
6.2750000000000004,1,0,nr,4.996e-16
6.2875000000000005,1,0,nr,4.996e-16
6.3000000000000007,1,0,nr,4.996e-16
6.3125000000000009,1,0,nr,4.996e-16
6.3250000000000002,1,0,nr,4.996e-16
6.3375000000000004,1,0,nr,4.996e-16
6.3500000000000005,1,0,nr,4.996e-16
6.3625000000000007,1,0,nr,4.996e-16
6.3750000000000009,1,0,nr,4.996e-16
6.3875000000000002,1,0,nr,4.996e-16
6.4000000000000004,1,0,nr,4.996e-16
6.4125000000000005,1,0,nr,4.996e-16
6.4250000000000007,1,0,nr,4.996e-16
6.4375000000000009,1,0,nr,4.996e-16
6.4500000000000002,1,0,nr,4.996e-16
6.4625000000000004,1,0,nr,4.996e-16
6.4750000000000005,1,0,nr,4.996e-16
6.4875000000000007,1,0,nr,4.996e-16
6.5000000000000009,1,0,nr,4.996e-16
6.5125000000000002,1,0,nr,4.996e-16
6.5250000000000004,1,0,nr,4.996e-16
6.5375000000000005,1,0,nr,4.996e-16
6.5500000000000007,1,0,nr,4.996e-16
6.5625000000000009,1,0,nr,4.996e-16
6.5750000000000002,1,0,nr,4.996e-16
6.5875000000000004,1,0,nr,4.996e-16
6.6000000000000005,1,0,nr,4.996e-16
6.6125000000000007,1,0,nr,4.996e-16
6.6250000000000009,1,0,nr,4.996e-16
6.6375000000000002,1,0,nr,4.996e-16
6.6500000000000004,1,0,nr,4.996e-16
6.6625000000000005,1,0,nr,4.996e-16
6.6750000000000007,1,0,nr,4.996e-16
6.6875000000000009,1,0,nr,4.996e-16
6.7000000000000002,1,0,nr,4.996e-16
6.7125000000000004,1,0,nr,4.996e-16
6.7250000000000005,1,0,nr,4.996e-16
6.7375000000000007,1,0,nr,4.996e-16
6.7500000000000009,1,0,nr,4.996e-16
6.7625000000000002,1,0,nr,4.996e-16
6.7750000000000004,1,0,nr,4.996e-16
6.7875000000000005,1,0,nr,4.996e-16
6.8000000000000007,1,0,nr,4.996e-16
6.8125000000000009,1,0,nr,4.996e-16
6.8250000000000002,1,0,nr,4.996e-16
6.8375000000000004,1,0,nr,4.996e-16
6.8500000000000005,1,0,nr,4.996e-16
6.8625000000000007,1,0,nr,4.996e-16
6.8750000000000009,1,0,nr,4.996e-16
6.8875000000000002,1,0,nr,4.996e-16
6.9000000000000004,1,0,nr,4.996e-16
6.9125000000000005,1,0,nr,4.996e-16
6.9250000000000007,1,0,nr,4.996e-16
6.9375000000000009,1,0,nr,4.996e-16
6.9500000000000002,1,0,nr,4.996e-16
6.9625000000000004,1,0,nr,4.996e-16
6.9750000000000005,1,0,nr,4.996e-16
6.9875000000000007,1,0,nr,4.996e-16
7.0000000000000009,1,0,nr,4.996e-16
7.0125000000000002,1,0,nr,4.996e-16
7.0250000000000004,1,0,nr,4.996e-16
7.0375000000000005,1,0,nr,4.996e-16
7.0500000000000007,1,0,nr,4.996e-16
7.0625000000000009,1,0,nr,4.996e-16
7.0750000000000002,1,0,nr,4.996e-16
7.0875000000000004,1,0,nr,4.996e-16
7.1000000000000005,1,0,nr,4.996e-16
7.1125000000000007,1,0,nr,4.996e-16
7.1250000000000009,1,0,nr,4.996e-16
7.1375000000000002,1,0,nr,4.996e-16
7.1500000000000004,1,0,nr,4.996e-16
7.1625000000000005,1,0,nr,4.996e-16
7.1750000000000007,1,0,nr,4.996e-16
7.1875000000000009,1,0,nr,4.996e-16
7.2000000000000002,1,0,nr,4.996e-16
7.2125000000000004,1,0,nr,4.996e-16
7.2250000000000005,1,0,nr,4.996e-16
7.2375000000000007,1,0,nr,4.996e-16
7.2500000000000009,1,0,nr,4.996e-16
7.2625000000000002,1,0,nr,4.996e-16
7.2750000000000004,1,0,nr,4.996e-16
7.2875000000000005,1,0,nr,4.996e-16
7.3000000000000007,1,0,nr,4.996e-16
7.3125000000000009,1,0,nr,4.996e-16
7.3250000000000002,1,0,nr,4.996e-16
7.3375000000000004,1,0,nr,4.996e-16
7.3500000000000005,1,0,nr,4.996e-16
7.3625000000000007,1,0,nr,4.996e-16
7.3750000000000009,1,0,nr,4.996e-16
7.3875000000000002,1,0,nr,4.996e-16
7.4000000000000004,1,0,nr,4.996e-16
7.4125000000000005,1,0,nr,4.996e-16
7.4250000000000007,1,0,nr,4.996e-16
7.4375000000000009,1,0,nr,4.996e-16
7.4500000000000002,1,0,nr,4.996e-16
7.4625000000000004,1,0,nr,4.996e-16
7.4750000000000005,1,0,nr,4.996e-16
7.4875000000000007,1,0,nr,4.996e-16
7.5000000000000009,1,0,nr,4.996e-16
7.5125000000000002,1,0,nr,4.996e-16
7.5250000000000004,1,0,nr,4.996e-16
7.5375000000000005,1,0,nr,4.996e-16
7.5500000000000007,1,0,nr,4.996e-16
7.5625000000000009,1,0,nr,4.996e-16
7.5750000000000002,1,0,nr,4.996e-16
7.5875000000000004,1,0,nr,4.996e-16
7.6000000000000005,1,0,nr,4.996e-16
7.6125000000000007,1,0,nr,4.996e-16
7.6250000000000009,1,0,nr,4.996e-16
7.6375000000000002,1,0,nr,4.996e-16
7.6500000000000004,1,0,nr,4.996e-16
7.6625000000000005,1,0,nr,4.996e-16
7.6750000000000007,1,0,nr,4.996e-16
7.6875000000000009,1,0,nr,4.996e-16
7.7000000000000002,1,0,nr,4.996e-16
7.7125000000000004,1,0,nr,4.996e-16
7.7250000000000005,1,0,nr,4.996e-16
7.7375000000000007,1,0,nr,4.996e-16
7.7500000000000009,1,0,nr,4.996e-16
7.7625000000000002,1,0,nr,4.996e-16
7.7750000000000004,1,0,nr,4.996e-16
7.7875000000000005,1,0,nr,4.996e-16
7.8000000000000007,1,0,nr,4.996e-16
7.8125000000000009,1,0,nr,4.996e-16
7.8250000000000002,1,0,nr,4.996e-16
7.8375000000000004,1,0,nr,4.996e-16
7.8500000000000005,1,0,nr,4.996e-16
7.8625000000000007,1,0,nr,4.996e-16
7.8750000000000009,1,0,nr,4.996e-16
7.8875000000000002,1,0,nr,4.996e-16
7.9000000000000004,1,0,nr,4.996e-16
7.9125000000000005,1,0,nr,4.996e-16
7.9250000000000007,1,0,nr,4.996e-16
7.9375000000000009,1,0,nr,4.996e-16
7.9500000000000002,1,0,nr,4.996e-16
7.9625000000000004,1,0,nr,4.996e-16
7.9750000000000005,1,0,nr,4.996e-16
7.9875000000000007,1,0,nr,4.996e-16
8,1,0,nr,4.996e-16
8.0124999999999993,1,0,nr,4.996e-16
8.0250000000000004,1,0,nr,4.996e-16
8.0374999999999996,1,0,nr,4.996e-16
8.0499999999999989,1,0,nr,4.996e-16
8.0625,1,0,nr,4.996e-16
8.0749999999999993,1,0,nr,4.996e-16
8.0875000000000004,1,0,nr,4.996e-16
8.0999999999999996,1,0,nr,4.996e-16
8.1124999999999989,1,0,nr,4.996e-16
8.125,1,0,nr,4.996e-16
8.1374999999999993,1,0,nr,4.996e-16
8.1500000000000004,1,0,nr,4.996e-16
8.1624999999999996,1,0,nr,4.996e-16
8.1749999999999989,1,0,nr,4.996e-16
8.1875,1,0,nr,4.996e-16
8.1999999999999993,1,0,nr,4.996e-16
8.2125000000000004,1,0,nr,4.996e-16
8.2249999999999996,1,0,nr,4.996e-16
8.2374999999999989,1,0,nr,4.996e-16
8.25,1,0,nr,4.996e-16
8.2624999999999993,1,0,nr,4.996e-16
8.2750000000000004,1,0,nr,4.996e-16
8.2874999999999996,1,0,nr,4.996e-16
8.2999999999999989,1,0,nr,4.996e-16
8.3125,1,0,nr,4.996e-16
8.3249999999999993,1,0,nr,4.996e-16
8.3375000000000004,1,0,nr,4.996e-16
8.3499999999999996,1,0,nr,4.996e-16
8.3624999999999989,1,0,nr,4.996e-16
8.375,1,0,nr,4.996e-16
8.3874999999999993,1,0,nr,4.996e-16
8.4000000000000004,1,0,nr,4.996e-16
8.4124999999999996,1,0,nr,4.996e-16
8.4249999999999989,1,0,nr,4.996e-16
8.4375,1,0,nr,4.996e-16
8.4499999999999993,1,0,nr,4.996e-16
8.4625000000000004,1,0,nr,4.996e-16
8.4749999999999996,1,0,nr,4.996e-16
8.4874999999999989,1,0,nr,4.996e-16
8.5,1,0,nr,4.996e-16
8.5124999999999993,1,0,nr,4.996e-16
8.5250000000000004,1,0,nr,4.996e-16
8.5374999999999996,1,0,nr,4.996e-16
8.5499999999999989,1,0,nr,4.996e-16
8.5625,1,0,nr,4.996e-16
8.5749999999999993,1,0,nr,4.996e-16
8.5875000000000004,1,0,nr,4.996e-16
8.5999999999999996,1,0,nr,4.996e-16
8.6124999999999989,1,0,nr,4.996e-16
8.625,1,0,nr,4.996e-16
8.6374999999999993,1,0,nr,4.996e-16
8.6500000000000004,1,0,nr,4.996e-16
8.6624999999999996,1,0,nr,4.996e-16
8.6749999999999989,1,0,nr,4.996e-16
8.6875,1,0,nr,4.996e-16
8.6999999999999993,1,0,nr,4.996e-16
8.7125000000000004,1,0,nr,4.996e-16
8.7249999999999996,1,0,nr,4.996e-16
8.7374999999999989,1,0,nr,4.996e-16
8.75,1,0,nr,4.996e-16
8.7624999999999993,1,0,nr,4.996e-16
8.7750000000000004,1,0,nr,4.996e-16
8.7874999999999996,1,0,nr,4.996e-16
8.7999999999999989,1,0,nr,4.996e-16
8.8125,1,0,nr,4.996e-16
8.8249999999999993,1,0,nr,4.996e-16
8.8375000000000004,1,0,nr,4.996e-16
8.8499999999999996,1,0,nr,4.996e-16
8.8624999999999989,1,0,nr,4.996e-16
8.875,1,0,nr,4.996e-16
8.8874999999999993,1,0,nr,4.996e-16
8.9000000000000004,1,0,nr,4.996e-16
8.9124999999999996,1,0,nr,4.996e-16
8.9249999999999989,1,0,nr,4.996e-16
8.9375,1,0,nr,4.996e-16
8.9499999999999993,1,0,nr,4.996e-16
8.9625000000000004,1,0,nr,4.996e-16
8.9749999999999996,1,0,nr,4.996e-16
8.9874999999999989,1,0,nr,4.996e-16
9,1,0,nr,4.996e-16
9.0124999999999993,1,0,nr,4.996e-16
9.0250000000000004,1,0,nr,4.996e-16
9.0374999999999996,1,0,nr,4.996e-16
9.0499999999999989,1,0,nr,4.996e-16
9.0625,1,0,nr,4.996e-16
9.0749999999999993,1,0,nr,4.996e-16
9.0875000000000004,1,0,nr,4.996e-16
9.0999999999999996,1,0,nr,4.996e-16
9.1124999999999989,1,0,nr,4.996e-16
9.125,1,0,nr,4.996e-16
9.1374999999999993,1,0,nr,4.996e-16
9.1500000000000004,1,0,nr,4.996e-16
9.1624999999999996,1,0,nr,4.996e-16
9.1749999999999989,1,0,nr,4.996e-16
9.1875,1,0,nr,4.996e-16
9.1999999999999993,1,0,nr,4.996e-16
9.2125000000000004,1,0,nr,4.996e-16
9.2249999999999996,1,0,nr,4.996e-16
9.2374999999999989,1,0,nr,4.996e-16
9.25,1,0,nr,4.996e-16
9.2624999999999993,1,0,nr,4.996e-16
9.2750000000000004,1,0,nr,4.996e-16
9.2874999999999996,1,0,nr,4.996e-16
9.2999999999999989,1,0,nr,4.996e-16
9.3125,1,0,nr,4.996e-16
9.3249999999999993,1,0,nr,4.996e-16
9.3375000000000004,1,0,nr,4.996e-16
9.3499999999999996,1,0,nr,4.996e-16
9.3624999999999989,1,0,nr,4.996e-16
9.375,1,0,nr,4.996e-16
9.3874999999999993,1,0,nr,4.996e-16
9.4000000000000004,1,0,nr,4.996e-16
9.4124999999999996,1,0,nr,4.996e-16
9.4249999999999989,1,0,nr,4.996e-16
9.4375,1,0,nr,4.996e-16
9.4499999999999993,1,0,nr,4.996e-16
9.4625000000000004,1,0,nr,4.996e-16
9.4749999999999996,1,0,nr,4.996e-16
9.4874999999999989,1,0,nr,4.996e-16
9.5,1,0,nr,4.996e-16
9.5124999999999993,1,0,nr,4.996e-16
9.5250000000000004,1,0,nr,4.996e-16
9.5374999999999996,1,0,nr,4.996e-16
9.5499999999999989,1,0,nr,4.996e-16
9.5625,1,0,nr,4.996e-16
9.5749999999999993,1,0,nr,4.996e-16
9.5875000000000004,1,0,nr,4.996e-16
9.5999999999999996,1,0,nr,4.996e-16
9.6125000000000007,1,0,nr,4.996e-16
9.625,1,0,nr,4.996e-16
9.6374999999999993,1,0,nr,4.996e-16
9.6500000000000004,1,0,nr,4.996e-16
9.6624999999999996,1,0,nr,4.996e-16
9.6750000000000007,1,0,nr,4.996e-16
9.6875,1,0,nr,4.996e-16
9.6999999999999993,1,0,nr,4.996e-16
9.7125000000000004,1,0,nr,4.996e-16
9.7249999999999996,1,0,nr,4.996e-16
9.7375000000000007,1,0,nr,4.996e-16
9.75,1,0,nr,4.996e-16
9.7624999999999993,1,0,nr,4.996e-16
9.7750000000000004,1,0,nr,4.996e-16
9.7874999999999996,1,0,nr,4.996e-16
9.8000000000000007,1,0,nr,4.996e-16
9.8125,1,0,nr,4.996e-16
9.8249999999999993,1,0,nr,4.996e-16
9.8375000000000004,1,0,nr,4.996e-16
9.8499999999999996,1,0,nr,4.996e-16
9.8625000000000007,1,0,nr,4.996e-16
9.875,1,0,nr,4.996e-16
9.8874999999999993,1,0,nr,4.996e-16
9.9000000000000004,1,0,nr,4.996e-16
9.9124999999999996,1,0,nr,4.996e-16
9.9250000000000007,1,0,nr,4.996e-16
9.9375,1,0,nr,4.996e-16
9.9499999999999993,1,0,nr,4.996e-16
9.9625000000000004,1,0,nr,4.996e-16
9.9749999999999996,1,0,nr,4.996e-16
9.9875000000000007,1,0,nr,4.996e-16
10,1,0,nr,4.996e-16
1.2125000000000001,14.88017617594828,1,nr,1.504e-12
1.2250000000000001,14.604779172705801,1,nr,3.652e-15
1.2375,14.337844149010193,1,nr,1.734e-13
1.25,14.079037230348868,1,nr,7.236e-14
1.2625,13.828041039505379,1,nr,1.796e-13
1.2750000000000001,13.58455373209795,1,nr,2.159e-14
1.2875000000000001,13.348288097357184,1,nr,1.730e-13
1.3,13.118970719175092,1,nr,9.407e-14
1.3125,12.89634119282322,1,nr,1.291e-15
1.325,12.680151393190183,1,nr,1.395e-12
1.3375000000000001,12.470164790661022,1,nr,1.691e-12
1.3500000000000001,12.266155811192492,1,nr,3.866e-16
1.3625,12.067909237307918,1,nr,2.613e-13
1.375,11.875219647028448,1,nr,3.213e-12
1.3875,11.687890888025814,1,nr,2.851e-13
1.4000000000000001,11.505735584677231,1,nr,9.203e-16
1.4125000000000001,11.328574675294144,1,nr,2.148e-13
1.425,11.156236977857278,1,nr,7.808e-16
1.4375,10.988558781996117,1,nr,2.351e-13
1.45,10.825383465524963,1,nr,3.909e-12
1.4625000000000001,10.666561133894788,1,nr,1.709e-15
1.4750000000000001,10.511948280786912,1,nr,5.699e-16
1.4875,10.361407468844591,1,nr,8.553e-16
1.5,10.214807028781353,1,nr,9.056e-15
1.5125,10.072020775911232,1,nr,3.566e-16
1.5250000000000001,9.9329277428742699,1,nr,4.237e-13
1.5375000000000001,9.7974119275291525,1,nr,6.420e-16
1.55,9.6653620549957555,1,nr,4.044e-12
1.5625,9.5366713530760787,1,nr,7.129e-17
1.575,9.4112373399030975,1,nr,5.701e-16
1.5875000000000001,9.2889616234987162,1,nr,2.301e-13
1.6000000000000001,9.1697497120716402,1,nr,1.850e-14
1.6125,9.0535108346253512,1,nr,3.923e-13
1.625,8.9401577711968994,1,nr,2.789e-12
1.6375,8.8296066920460703,1,nr,4.925e-14
1.6500000000000001,8.7217770054729868,1,nr,4.962e-16
1.6625000000000001,8.6165912134166138,1,nr,0.000e+00
1.675,8.5139747746724641,1,nr,2.734e-13
1.6875,8.4138559751010931,1,nr,3.272e-13
1.7,8.3161658044609741,1,nr,7.045e-17
1.7125000000000001,8.2208378394729742,1,nr,2.813e-16
1.7250000000000001,8.1278081327534082,1,nr,6.840e-13
1.7375,8.0370151072693723,1,nr,7.704e-16
1.75,7.9483994559661522,1,nr,5.557e-13
1.7625,7.8619040463371404,1,nr,8.366e-16
1.7750000000000001,7.7774738295525578,1,nr,1.391e-16
1.7875000000000001,7.6950557539763871,1,nr,4.633e-13
1.8,7.6145986827427246,1,nr,6.829e-14
1.8125,7.5360533152177664,1,nr,1.380e-16
1.825,7.4593721120637717,1,nr,1.570e-13
1.8375000000000001,7.3845092237500944,1,nr,1.042e-13
1.8500000000000001,7.3114204222714081,1,nr,6.838e-16
1.8625,7.2400630359084799,1,nr,6.480e-13
1.875,7.1703958868328037,1,nr,2.038e-16
1.8875,7.1023792314222023,1,nr,1.354e-16
1.9000000000000001,7.0359747030673416,1,nr,3.374e-16
1.9125000000000001,6.9711452573766186,1,nr,7.395e-16
1.925,6.907855119594176,1,nr,8.520e-13
1.9375,6.8460697341205057,1,nr,6.673e-16
1.95,6.7857557159516668,1,nr,5.318e-16
1.9625000000000001,6.7268808039911594,1,nr,0.000e+00
1.9750000000000001,6.669413816029869,1,nr,1.546e-13
1.9875,6.6133246053261443,1,nr,7.187e-13
2,6.5585840186594302,1,nr,5.964e-13
2.0125000000000002,6.5051638557480587,1,nr,4.774e-12
2.0250000000000004,6.4530368298502232,1,nr,8.218e-13
2.0375000000000001,6.4021765297351498,1,nr,1.936e-16
2.0500000000000003,6.3525573823936687,1,nr,8.966e-13
2.0625000000000004,6.3041546169694316,1,nr,2.825e-13
2.0750000000000002,6.2569442294028681,1,nr,6.366e-17
2.0875000000000004,6.2109029479072717,1,nr,3.801e-16
2.1000000000000001,6.1660081990973472,1,nr,1.198e-15
2.1125000000000003,6.1222380747081351,1,nr,6.275e-16
2.1250000000000004,6.0795712988159725,1,nr,8.455e-14
2.1375000000000002,6.0379871954722422,1,nr,7.805e-13
2.1500000000000004,5.9974656566775391,1,nr,4.328e-16
2.1625000000000001,5.9579871105737068,1,nr,7.590e-13
2.1750000000000003,5.9195324898579385,1,nr,9.260e-14
2.1875000000000004,5.8820832002244696,1,nr,1.827e-16
2.2000000000000002,5.8456210888736102,1,nr,1.817e-16
2.2125000000000004,5.8101284129414212,1,nr,2.855e-12
2.2250000000000001,5.7755878077604201,1,nr,1.799e-16
2.2375000000000003,5.7419822550504751,1,nr,5.965e-16
2.2500000000000004,5.709295050686225,1,nr,1.659e-13
2.2625000000000002,5.6775097722774834,1,nr,6.904e-13
2.2750000000000004,5.6466102463409618,1,nr,4.111e-16
2.2875000000000001,5.6165805150517771,1,nr,5.843e-17
2.3000000000000003,5.587404802585608,1,nr,5.813e-17
2.3125000000000004,5.5590674809630753,1,nr,2.248e-13
2.3250000000000002,5.5315530354257652,1,nr,2.877e-16
2.3375000000000004,5.5048460293133106,1,nr,8.529e-15
2.3500000000000001,5.4789310684789871,1,nr,2.453e-13
2.3625000000000003,5.4537927652524907,1,nr,2.802e-13
2.3750000000000004,5.4294157020021832,1,nr,8.521e-14
2.3875000000000002,5.4057843943693955,1,nr,2.245e-16
2.4000000000000004,5.3828832542641454,1,nr,4.319e-13
2.4125000000000005,5.3606965527432777,1,nr,4.169e-16
2.4250000000000003,5.339208382890388,1,nr,1.152e-13
2.4375000000000004,5.3184026229223686,1,nr,2.895e-13
2.4500000000000002,5.2982628996791208,1,nr,2.962e-13
2.4625000000000004,5.2787725527669425,1,nr,1.846e-13
2.4750000000000005,5.2599145996279644,1,nr,1.604e-15
2.4875000000000003,5.2416717018485128,1,nr,7.313e-16
2.5000000000000004,5.2240261330636759,1,nr,1.067e-13
2.5125000000000002,5.2069597488444455,1,nr,5.376e-16
2.5250000000000004,5.1904539589939773,1,nr,3.214e-16
2.5375000000000005,5.1744897027233767,1,nr,2.771e-14
2.5500000000000003,5.1590474271875948,1,nr,7.070e-14
2.5625000000000004,5.1441070699058091,1,nr,5.728e-14
2.5750000000000002,5.1296480455997466,1,nr,9.948e-15
2.5875000000000004,5.1156492379985128,1,nr,2.639e-17
2.6000000000000005,5.1020889971569892,1,nr,1.711e-16
2.6125000000000003,5.0889451428224142,1,nr,4.086e-14
2.6250000000000004,5.07619497436235,1,nr,5.901e-16
2.6375000000000002,5.063815287721301,1,nr,3.148e-14
2.6500000000000004,5.0517823998255915,1,nr,2.223e-16
2.6625000000000005,5.0400721807702134,1,nr,2.561e-13
2.6750000000000003,5.0286600940362201,1,nr,1.305e-14
2.6875000000000004,5.0175212448911664,1,nr,1.027e-14
2.7000000000000002,5.0066304369558257,1,nr,6.259e-16
2.7125000000000004,4.99596223683898,1,nr,1.532e-16
2.7250000000000005,4.9854910465611306,1,nr,6.642e-12
2.7375000000000003,4.9751911831721065,1,nr,9.487e-13
2.7500000000000004,4.9650369653999045,1,nr,3.203e-14
2.7625000000000002,4.9550028058242557,1,nr,1.669e-16
2.7750000000000004,4.9450633083102433,1,nr,6.831e-14
2.7875000000000005,4.9351933692395118,1,nr,5.144e-13
2.8000000000000003,4.925368281399277,1,nr,1.461e-12
2.8125000000000004,4.9155638391860075,1,nr,2.582e-12
2.8250000000000002,4.9057564436950853,1,nr,3.364e-12
2.8375000000000004,4.8959232062163816,1,nr,3.450e-12
2.8500000000000005,4.886042048640955,1,nr,2.829e-12
2.8625000000000003,4.8760917993071402,1,nr,1.798e-12
2.8750000000000004,4.8660522828756649,1,nr,7.950e-13
2.8875000000000002,4.8559044029213192,1,nr,1.710e-13
2.9000000000000004,4.8456302160614495,1,nr,8.410e-16
2.9125000000000005,4.8352129966045139,1,nr,2.454e-16
2.9250000000000003,4.8246372908908572,1,nr,9.776e-14
2.9375000000000004,4.8138889606970947,1,nr,1.854e-12
2.9500000000000002,4.802955215357243,1,nr,8.198e-12
2.9625000000000004,4.7918246321472573,1,nr,3.661e-14
2.9750000000000005,4.7804871656567247,1,nr,6.657e-15
2.9875000000000003,4.7689341453873517,1,nr,7.057e-12
3.0000000000000004,4.7571582628364313,1,nr,6.044e-14
3.0125000000000002,4.7451535485487684,1,nr,1.118e-15
3.0250000000000004,4.7329153393782519,1,nr,8.087e-16
3.0375000000000005,4.7204402375099761,1,nr,6.809e-15
3.0500000000000003,4.7077260617927692,1,nr,1.144e-15
3.0625000000000004,4.6947717925475674,1,nr,2.430e-12
3.0750000000000002,4.6815775109371405,1,nr,2.604e-14
3.0875000000000004,4.6681443338377253,1,nr,9.611e-16
3.1000000000000005,4.6544743454798274,1,nr,1.375e-12
3.1125000000000003,4.6405705266356101,1,nr,6.108e-15
3.1250000000000004,4.6264366825035061,1,nr,5.741e-14
3.1375000000000002,4.6120773700199917,1,nr,1.261e-13
3.1500000000000004,4.5974978255247398,1,nr,1.944e-13
3.1625000000000005,4.5827038934282065,1,nr,4.426e-16
3.1750000000000003,4.5677019565357062,1,nr,3.827e-16
3.1875000000000004,4.5524988685541423,1,nr,4.458e-13
3.2000000000000002,4.537101889231967,1,nr,5.301e-13
3.2125000000000004,4.521518622497168,1,nr,4.902e-13
3.2250000000000005,4.5057569578573657,1,nr,2.191e-13
3.2375000000000003,4.4898250152594166,1,nr,8.418e-12
3.2500000000000004,4.4737310936454389,1,nr,9.422e-16
3.2625000000000002,4.4574836229490771,1,nr,1.381e-12
3.2750000000000004,4.4410911200890437,1,nr,7.504e-13
3.2875000000000005,4.4245621484155624,1,nr,8.989e-16
3.3000000000000003,4.4079052808165642,1,nr,7.675e-16
3.3125000000000004,4.3911290663137832,1,nr,1.199e-12
3.3250000000000002,4.3742420000173583,1,nr,7.813e-16
3.3375000000000004,4.357252496327213,1,nr,3.093e-12
3.3500000000000005,4.3401688651215968,1,nr,5.972e-14
3.3625000000000003,4.322999290929177,1,nr,1.094e-15
3.3750000000000004,4.3057518146956086,1,nr,1.164e-12
3.3875000000000002,4.2884343181310172,1,nr,6.680e-16
3.4000000000000004,4.271054510393312,1,nr,2.447e-12
3.4125000000000005,4.2536199168738351,1,nr,4.530e-16
3.4250000000000003,4.2361378700419117,1,nr,3.334e-12
3.4375000000000004,4.2186155019876628,1,nr,7.680e-17
3.4500000000000002,4.2010597387322193,1,nr,3.635e-12
3.4625000000000004,4.1834772958826507,1,nr,1.562e-16
3.4750000000000005,4.1658746757699445,1,nr,3.243e-12
3.4875000000000003,4.1482581656381976,1,nr,1.349e-15
3.5000000000000004,4.1306338370401141,1,nr,2.254e-12
3.5125000000000002,4.1130075460529048,1,nr,1.613e-16
3.5250000000000004,4.0953849344354829,1,nr,1.089e-12
3.5375000000000005,4.0777714314300981,1,nr,2.457e-16
3.5500000000000003,4.0601722562631508,1,nr,2.795e-13
3.5625000000000004,4.0425924211511717,1,nr,8.317e-17
3.5750000000000002,4.0250367348021578,1,nr,1.676e-14
3.5875000000000004,4.0075098063002104,1,nr,6.753e-16
3.6000000000000005,3.9900160493283563,1,nr,5.186e-15
3.6125000000000003,3.9725596866623718,1,nr,1.798e-15
3.6250000000000004,3.9551447548860539,1,nr,2.981e-13
3.6375000000000002,3.9377751092777595,1,nr,1.650e-15
3.6500000000000004,3.9204544288353094,1,nr,2.909e-12
3.6625000000000005,3.9031862213720179,1,nr,5.282e-16
3.6750000000000003,3.885973828730092,1,nr,1.178e-11
3.6875000000000004,3.8688204319030159,1,nr,4.460e-16
3.7000000000000002,3.8517290563926956,1,nr,2.741e-11
3.7125000000000004,3.8347025771699617,1,nr,6.325e-16
3.7250000000000005,3.8177437241304522,1,nr,2.728e-16
3.7375000000000003,3.8008550869553668,1,nr,1.249e-11
3.7500000000000004,3.78403912021842,1,nr,2.761e-16
3.7625000000000002,3.7672981484106103,1,nr,1.861e-11
3.7750000000000004,3.7506343707869783,1,nr,8.757e-12
3.7875000000000005,3.7340498660029366,1,nr,5.619e-16
3.8000000000000003,3.7175465969932699,1,nr,1.883e-16
3.8125000000000004,3.7011264154002843,1,nr,2.472e-11
3.8250000000000002,3.684791065970376,1,nr,1.047e-15
3.8375000000000004,3.6685421910606801,1,nr,1.914e-16
3.8500000000000005,3.6523813346434775,1,nr,1.082e-11
3.8625000000000003,3.6363099464980335,1,nr,3.353e-11
3.8750000000000004,3.6203293861947046,1,nr,3.673e-12
3.8875000000000002,3.6044409267536661,1,nr,0.000e+00
3.9000000000000004,3.5886457585885578,1,nr,8.829e-16
3.9125000000000005,3.572944992958436,1,nr,3.942e-16
3.9250000000000003,3.5573396654741294,1,nr,4.801e-12
3.9375000000000004,3.541830739456644,1,nr,1.334e-11
3.9500000000000002,3.5264191091683004,1,nr,2.747e-11
3.9625000000000004,3.5111056029927985,1,nr,3.526e-11
3.9750000000000005,3.4958909862390368,1,nr,2.604e-11
3.9875000000000003,3.4807759643432314,1,nr,2.130e-11
4,3.4657611854648072,1,nr,2.106e-11
4.0125000000000002,3.4508472432281629,1,nr,2.553e-11
4.0250000000000004,3.4360346793127459,1,nr,3.537e-11
4.0375000000000005,3.4213239858941895,1,nr,3.133e-11
4.0500000000000007,3.4067156082396819,1,nr,1.373e-11
4.0625,3.3922099467108167,1,nr,1.550e-16
4.0750000000000002,3.3778073591796205,1,nr,6.220e-16
4.0875000000000004,3.3635081631223152,1,nr,1.560e-15
4.1000000000000005,3.3493126376416904,1,nr,1.565e-16
4.1125000000000007,3.3352210254407688,1,nr,2.510e-12
4.125,3.3212335346796302,1,nr,3.879e-11
4.1375000000000002,3.3073503409106548,1,nr,1.736e-15
4.1500000000000004,3.2935715885825623,1,nr,1.582e-15
4.1625000000000005,3.2798973929265482,1,nr,1.755e-11
4.1750000000000007,3.2663278414744803,1,nr,3.693e-11
4.1875,3.2528629956217587,1,nr,1.275e-15
4.2000000000000002,3.2395028919966964,1,nr,1.012e-15
4.2125000000000004,3.2262475440049245,1,nr,4.458e-11
4.2250000000000005,3.213096943214039,1,nr,3.209e-16
4.2375000000000007,3.2000510604379624,1,nr,1.367e-13
4.25,3.18710984721542,1,nr,1.448e-11
4.2625000000000002,3.1742732369271387,1,nr,2.770e-15
4.2750000000000004,3.1615411458725102,1,nr,3.819e-11
4.2875000000000005,3.1489134745449476,1,nr,1.160e-15
4.3000000000000007,3.1363901084296426,1,nr,4.911e-11
4.3125,3.1239709193445049,1,nr,2.949e-15
4.3250000000000002,3.111655766043472,1,nr,4.307e-11
4.3375000000000004,3.0994444955239322,1,nr,1.302e-15
4.3500000000000005,3.0873369435638693,1,nr,3.359e-11
4.3625000000000007,3.0753329359032491,1,nr,3.755e-12
4.375,3.0634322887827024,1,nr,9.931e-16
4.3875000000000002,3.051634809958081,1,nr,4.385e-11
4.4000000000000004,3.0399402992471809,1,nr,1.268e-12
4.4125000000000005,3.0283485494954236,1,nr,2.250e-15
4.4250000000000007,3.0168593470680354,1,nr,3.939e-11
4.4375,3.0054724725360149,1,nr,4.367e-12
4.4500000000000002,2.9941877014774132,1,nr,2.037e-11
4.4625000000000004,2.9830048048738305,1,nr,2.014e-16
4.4750000000000005,2.9719235498778724,1,nr,2.390e-11
4.4875000000000007,2.960943700217443,1,nr,7.087e-12
4.5,2.9500650168763363,1,nr,3.156e-14
4.5125000000000002,2.9392872585179544,1,nr,7.993e-12
4.5250000000000004,2.9286101820187715,1,nr,6.342e-12
4.5375000000000005,2.9180335429254902,1,nr,9.151e-13
4.5500000000000007,2.9075570959095018,1,nr,4.286e-12
4.5625,2.8971805952350076,1,nr,1.838e-11
4.5750000000000002,2.886903795119482,1,nr,4.642e-11
4.5875000000000004,2.8767264501216356,1,nr,2.932e-11
4.6000000000000005,2.8666483157074194,1,nr,3.390e-15
4.6125000000000007,2.8566691483124678,1,nr,1.292e-15
4.625,2.8467887059222736,1,nr,1.849e-15
4.6375000000000002,2.8370067483169845,1,nr,3.015e-15
4.6500000000000004,2.8273230374026608,1,nr,1.926e-15
4.6625000000000005,2.8177373375378356,1,nr,5.166e-11
4.6750000000000007,2.8082494156815594,1,nr,5.381e-11
4.6875,2.7988590420077113,1,nr,3.448e-11
4.7000000000000002,2.7895659897648533,1,nr,7.402e-12
4.7125000000000004,2.7803700357306163,1,nr,3.271e-11
4.7250000000000005,2.7712709604980907,1,nr,1.399e-15
4.7375000000000007,2.7622685485312637,1,nr,5.911e-16
4.75,2.753362588535198,1,nr,3.079e-11
4.7625000000000002,2.7445528735093974,1,nr,1.124e-11
4.7750000000000004,2.7358392011119732,1,nr,0.000e+00
4.7875000000000005,2.7272213736443192,1,nr,7.469e-16
4.8000000000000007,2.7186991983484869,1,nr,3.550e-11
4.8125000000000009,2.7102724874347084,1,nr,6.960e-12
4.8250000000000002,2.7019410583996217,1,nr,1.007e-15
4.8375000000000004,2.6937047339721674,1,nr,2.518e-11
4.8500000000000005,2.6855633422816436,1,nr,1.425e-15
4.8625000000000007,2.6775167170411085,1,nr,5.264e-17
4.8750000000000009,2.6695646975187075,1,nr,1.606e-11
4.8875000000000002,2.6617071287074681,1,nr,2.619e-16
4.9000000000000004,2.6539438613204425,1,nr,3.393e-11
4.9125000000000005,2.6462747518372236,1,nr,4.168e-16
4.9250000000000007,2.6386996626602546,1,nr,1.959e-12
4.9375000000000009,2.6312184619873111,1,nr,6.216e-16
4.9500000000000002,2.6238310239127318,1,nr,1.154e-11
4.9625000000000004,2.616537228372001,1,nr,1.957e-15
4.9750000000000005,2.609336961160436,1,nr,4.152e-11
4.9875000000000007,2.6022301139400903,1,nr,4.606e-16
5.0000000000000009,2.5952165840236385,1,nr,5.611e-16
5.0125000000000002,2.5882962744927669,1,nr,2.491e-15
5.0250000000000004,2.581469094017276,1,nr,1.470e-15
5.0375000000000005,2.5747349567669633,1,nr,8.500e-12
5.0500000000000007,2.5680937823093628,1,nr,2.516e-16
5.0625000000000009,2.5615454954279739,1,nr,5.015e-16
5.0750000000000002,2.5550900260165661,1,nr,3.604e-11
5.0875000000000004,2.5487273087896329,1,nr,2.987e-16
5.1000000000000005,2.5424572832502701,1,nr,4.960e-16
5.1125000000000007,2.5362798932887101,1,nr,4.052e-15
5.1250000000000009,2.5301950870121321,1,nr,5.907e-16
5.1375000000000002,2.5242028164644927,1,nr,3.853e-11
5.1500000000000004,2.518303037224034,1,nr,4.884e-16
5.1625000000000005,2.5124957082518797,1,nr,4.865e-16
5.1750000000000007,2.5067807913371487,1,nr,2.616e-15
5.1875000000000009,2.5011582507902537,1,nr,4.825e-16
5.2000000000000002,2.4956280529908534,1,nr,1.730e-15
5.2125000000000004,2.490190165919512,1,nr,1.053e-15
5.2250000000000005,2.4848445586510066,1,nr,3.224e-12
5.2375000000000007,2.4795912008087724,1,nr,2.000e-11
5.2500000000000009,2.4744300619969617,1,nr,3.603e-11
5.2625000000000002,2.4693611111586833,1,nr,4.360e-11
5.2750000000000004,2.4643843159059209,1,nr,4.059e-11
5.2875000000000005,2.4594996418039607,1,nr,2.796e-11
5.3000000000000007,2.4547070516057889,1,nr,1.037e-11
5.3125000000000009,2.4500065044343602,1,nr,2.666e-13
5.3250000000000002,2.4453979549219143,1,nr,2.759e-16
5.3375000000000004,2.4408813522902939,1,nr,1.190e-15
5.3500000000000005,2.4364566393561806,1,nr,0.000e+00
5.3625000000000007,2.4321237514967891,1,nr,7.255e-16
5.3750000000000009,2.4278826155475177,1,nr,1.986e-15
5.3875000000000002,2.4237331486356735,1,nr,8.983e-16
5.4000000000000004,2.4196752569417415,1,nr,1.124e-11
5.4125000000000005,2.4157088344291258,1,nr,8.898e-16
5.4250000000000007,2.4118337614109264,1,nr,3.542e-16
5.4375000000000009,2.4080499031673104,1,nr,2.644e-16
5.4500000000000002,2.4043571083760309,1,nr,3.543e-11
5.4625000000000004,2.4007552076235665,1,nr,4.364e-16
5.4750000000000005,2.3972440115327025,1,nr,2.606e-16
5.4875000000000007,2.3938233092112706,1,nr,1.208e-12
5.5000000000000009,2.3904928663169676,1,nr,1.549e-15
5.5125000000000002,2.3872524231716219,1,nr,9.418e-16
5.5250000000000004,2.3841016927791512,1,nr,3.186e-11
5.5375000000000005,2.3810403586601212,1,nr,1.442e-15
5.5500000000000007,2.3780680728831376,1,nr,1.266e-15
5.5625000000000009,2.3751844536418276,1,nr,5.879e-16
5.5750000000000002,2.3723890830355301,1,nr,1.003e-15
5.5875000000000004,2.3696815046571675,1,nr,7.448e-12
5.6000000000000005,2.3670612211546942,1,nr,4.140e-16
5.6125000000000007,2.3645276916466482,1,nr,1.434e-11
5.6250000000000009,2.3620803292184016,1,nr,9.843e-16
5.6375000000000002,2.3597184981551331,1,nr,5.147e-12
5.6500000000000004,2.3574415113484539,1,nr,9.753e-16
5.6625000000000005,2.3552486274729212,1,nr,8.900e-16
5.6750000000000007,2.3531390482467542,1,nr,1.128e-15
5.6875000000000009,2.3511119156113889,1,nr,2.406e-16
5.7000000000000002,2.3491663088998176,1,nr,2.894e-11
5.7125000000000004,2.347301242116854,1,nr,1.033e-15
5.7250000000000005,2.3455156609518832,1,nr,8.311e-16
5.7375000000000007,2.343808440224084,1,nr,3.155e-11
5.7500000000000009,2.3421783809680181,1,nr,7.065e-16
5.7625000000000002,2.3406242080194222,1,nr,8.991e-16
5.7750000000000004,2.3391445672364917,1,nr,2.281e-11
5.7875000000000005,2.3377380232495675,1,nr,6.391e-12
5.8000000000000007,2.3364030569634404,1,nr,5.024e-16
5.8125000000000009,2.3351380636175434,1,nr,6.966e-12
5.8250000000000002,2.3339413507281113,1,nr,2.552e-11
5.8375000000000004,2.3328111364573272,1,nr,1.847e-11
5.8500000000000005,2.3317455479414941,1,nr,3.429e-16
5.8625000000000007,2.3307426203832602,1,nr,0.000e+00
5.8750000000000009,2.3298002959554247,1,nr,1.056e-12
5.8875000000000002,2.3289164233348876,1,nr,1.946e-11
5.9000000000000004,2.3280887576112943,1,nr,3.382e-11
5.9125000000000005,2.3273149602709697,1,nr,2.253e-16
5.9250000000000007,2.326592600250315,1,nr,7.489e-16
5.9375000000000009,2.3259191547564364,1,nr,8.591e-16
5.9500000000000002,2.3252920110265181,1,nr,7.826e-16
5.9625000000000004,2.3247084684379251,1,nr,1.322e-12
5.9750000000000005,2.324165741176373,1,nr,7.830e-12
5.9875000000000007,2.3236609614646238,1,nr,1.436e-11
6.0000000000000009,2.3231911833384764,1,nr,1.831e-11
6.0125000000000002,2.3227533870046462,1,nr,1.927e-11
6.0250000000000004,2.3223444837894252,1,nr,2.582e-16
6.0375000000000005,2.3219613215923647,1,nr,4.789e-16
6.0500000000000007,2.3216006910482907,1,nr,6.072e-16
6.0625000000000009,2.3212593320959582,1,nr,1.471e-16
6.0750000000000002,2.320933941150118,1,nr,3.767e-16
6.0875000000000004,2.3206211787614843,1,nr,3.444e-16
6.1000000000000005,2.320317677743978,1,nr,4.131e-16
6.1125000000000007,2.3200200517275982,1,nr,2.711e-13
6.1250000000000009,2.3197249040867445,1,nr,3.360e-13
6.1375000000000002,2.319428837194518,1,nr,1.128e-12
6.1500000000000004,2.3191284619344601,1,nr,2.014e-12
6.1625000000000005,2.3188204074108416,1,nr,2.772e-12
6.1750000000000007,2.3185013307844038,1,nr,3.279e-12
6.1875000000000009,2.3181679271609967,1,nr,3.477e-12
6.2000000000000002,2.3178169394569146,1,nr,3.353e-12
6.2125000000000004,2.3174451681656634,1,nr,1.330e-15
6.2250000000000005,2.3170494809347311,1,nr,9.988e-16
6.2375000000000007,2.3166268219105643,1,nr,9.079e-16
6.2500000000000009,2.3161742207168805,1,nr,1.577e-11
6.2625000000000002,2.3156888011208623,1,nr,1.109e-11
6.2750000000000004,2.3151677890034228,1,nr,3.108e-13
6.2875000000000005,2.3146085201502218,1,nr,2.469e-14
6.3000000000000007,2.3140084471194249,1,nr,1.699e-13
6.3125000000000009,2.3133651456516473,1,nr,9.844e-12
6.3250000000000002,2.3126763203963101,1,nr,1.844e-11
6.3375000000000004,2.3119398097483534,1,nr,1.412e-12
6.3500000000000005,2.3111535902772387,1,nr,1.080e-12
6.3625000000000007,2.3103157800408711,1,nr,1.568e-13
6.3750000000000009,2.3094246413849757,1,nr,2.898e-11
6.3875000000000002,2.3084785827719947,1,nr,3.450e-16
6.4000000000000004,2.3074761601746947,1,nr,5.399e-12
6.4125000000000005,2.3064160773052444,1,nr,4.265e-12
6.4250000000000007,2.3052971854660047,1,nr,3.830e-13
6.4375000000000009,2.3041184825589225,1,nr,1.713e-15
6.4500000000000002,2.3028791114626297,1,nr,1.564e-16
6.4625000000000004,2.301578357817808,1,nr,9.282e-12
6.4750000000000005,2.3002156471969339,1,nr,3.907e-13
6.4875000000000007,2.2987905418421537,1,nr,3.962e-16
6.5000000000000009,2.2973027368252739,1,nr,1.882e-11
6.5125000000000002,2.2957520558040456,1,nr,5.659e-12
6.5250000000000004,2.2941384465337822,1,nr,8.037e-17
6.5375000000000005,2.2924619758982892,1,nr,2.799e-11
6.5500000000000007,2.2907228246847855,1,nr,7.684e-12
6.5625000000000009,2.2889212823541509,1,nr,8.155e-16
6.5750000000000002,2.2870577413839399,1,nr,3.723e-11
6.5875000000000004,2.285132691526548,1,nr,4.700e-13
6.6000000000000005,2.2831467142865574,1,nr,1.656e-16
6.6125000000000007,2.2811004769298475,1,nr,2.565e-11
6.6250000000000009,2.278994726736876,1,nr,8.365e-17
6.6375000000000002,2.2768302853668509,1,nr,3.237e-11
6.6500000000000004,2.2746080431262943,1,nr,4.226e-16
6.6625000000000005,2.2723289532770177,1,nr,1.234e-11
6.6750000000000007,2.2699940267793726,1,nr,1.312e-13
6.6875000000000009,2.2676043268224091,1,nr,2.576e-16
6.7000000000000002,2.2651609637584929,1,nr,1.601e-12
6.7125000000000004,2.2626650900929954,1,nr,6.073e-16
6.7250000000000005,2.2601178957165744,1,nr,1.028e-12
6.7375000000000007,2.2575206033114457,1,nr,1.140e-15
6.7500000000000009,2.2548744639957436,1,nr,1.972e-11
6.7625000000000002,2.2521807531063729,1,nr,8.860e-16
6.7750000000000004,2.2494407663546165,1,nr,1.692e-15
6.7875000000000005,2.2466558159994068,1,nr,8.952e-16
6.8000000000000007,2.2438272273862228,1,nr,6.299e-16
6.8125000000000009,2.2409563356285482,1,nr,2.990e-11
6.8250000000000002,2.238044482595956,1,nr,3.636e-16
6.8375000000000004,2.2350930139007739,1,nr,1.204e-12
6.8500000000000005,2.232103276365363,1,nr,8.264e-16
6.8625000000000007,2.2290766154847224,1,nr,2.768e-15
6.8750000000000009,2.2260143731531286,1,nr,1.501e-13
6.8875000000000002,2.222917885569347,1,nr,1.584e-15
6.9000000000000004,2.2197884813140289,1,nr,2.435e-15
6.9125000000000005,2.2166274795978103,1,nr,1.600e-15
6.9250000000000007,2.2134361886693004,1,nr,2.080e-15
6.9375000000000009,2.2102159043803424,1,nr,9.488e-12
6.9500000000000002,2.206967908872405,1,nr,1.145e-15
6.9625000000000004,2.2036934694590844,1,nr,8.628e-16
6.9750000000000005,2.2003938375721495,1,nr,3.357e-11
6.9875000000000007,2.1970702478070914,1,nr,1.935e-16
7.0000000000000009,2.1937239172610306,1,nr,1.263e-15
7.0125000000000002,2.1903560447232482,1,nr,3.151e-11
7.0250000000000004,2.1869678100937953,1,nr,5.880e-16
7.0375000000000005,2.1835603739970875,1,nr,7.873e-16
7.0500000000000007,2.1801348772518172,1,nr,5.520e-12
7.0625000000000009,2.1766924405914208,1,nr,3.274e-15
7.0750000000000002,2.1732341644155242,1,nr,2.192e-15
7.0875000000000004,2.1697611285796108,1,nr,1.100e-15
7.1000000000000005,2.1662743922779812,1,nr,1.004e-16
7.1125000000000007,2.1627749939711358,1,nr,1.209e-15
7.1250000000000009,2.1592639513673113,1,nr,5.058e-16
7.1375000000000002,2.1557422614514916,1,nr,1.422e-15
7.1500000000000004,2.1522109005575416,1,nr,1.630e-15
7.1625000000000005,2.1486708244794657,1,nr,9.204e-16
7.1750000000000007,2.1451229686200244,1,nr,6.060e-12
7.1875000000000009,2.1415682481587441,1,nr,2.831e-15
7.2000000000000002,2.138007558279357,1,nr,6.198e-16
7.2125000000000004,2.1344417743813309,1,nr,1.036e-16
7.2250000000000005,2.1308717523449245,1,nr,2.599e-16
7.2375000000000007,2.1272983288037151,1,nr,2.138e-15
7.2500000000000009,2.1237223214366354,1,nr,2.249e-15
7.2625000000000002,2.1201445292781105,1,nr,9.251e-12
7.2750000000000004,2.1165657330235095,1,nr,5.260e-16
7.2875000000000005,2.1129866953901613,1,nr,6.856e-16
7.3000000000000007,2.1094081614284548,1,nr,1.058e-16
7.3125000000000009,2.1058308588851444,1,nr,9.013e-16
7.3250000000000002,2.102255498555087,1,nr,3.668e-15
7.3375000000000004,2.0986827746408272,1,nr,1.812e-15
7.3500000000000005,2.0951133651176006,1,nr,5.968e-12
7.3625000000000007,2.0915479320899695,1,nr,1.071e-16
7.3750000000000009,2.0879871221770716,1,nr,9.120e-16
7.3875000000000002,2.0844315668621478,1,nr,1.075e-16
7.4000000000000004,2.080881882868912,1,nr,1.077e-16
7.4125000000000005,2.0773386725259462,1,nr,3.671e-15
7.4250000000000007,2.0738025241311062,1,nr,3.245e-16
7.4375000000000009,2.0702740123225549,1,nr,3.118e-11
7.4500000000000002,2.0667536983925592,1,nr,3.528e-15
7.4625000000000004,2.0632421307334807,1,nr,2.664e-15
7.4750000000000005,2.059739845098957,1,nr,3.240e-15
7.4875000000000007,2.0562473649964592,1,nr,1.172e-15
7.5000000000000009,2.0527652020209248,1,nr,1.038e-15
7.5125000000000002,2.0492938561924734,1,nr,1.258e-15
7.5250000000000004,2.0458338162889182,1,nr,1.506e-15
7.5375000000000005,2.0423855601728209,1,nr,1.398e-15
7.5500000000000007,2.0389495551128971,1,nr,4.555e-15
7.5625000000000009,2.0355262581214042,1,nr,7.917e-11
7.5750000000000002,2.0321161161548074,1,nr,3.217e-15
7.5875000000000004,2.028719566635254,1,nr,8.255e-17
7.6000000000000005,2.0253370375381046,1,nr,2.972e-11
7.6125000000000007,2.0219689477516201,1,nr,6.338e-16
7.6250000000000009,2.018615707420734,1,nr,1.213e-15
7.6375000000000002,2.0152777181491293,1,nr,1.647e-11
7.6500000000000004,2.0119553732895108,1,nr,3.368e-15
7.6625000000000005,2.008649058245382,1,nr,1.250e-15
7.6750000000000007,2.0053591506910835,1,nr,1.938e-11
7.6875000000000009,2.0020860208208311,1,nr,1.727e-16
7.7000000000000002,1.9988300316421346,1,nr,1.976e-15
7.7125000000000004,1.9955915391717418,1,nr,2.926e-11
7.7250000000000005,1.9923708926562167,1,nr,3.503e-16
7.7375000000000007,1.9891684348879857,1,nr,6.474e-11
7.7500000000000009,1.9859845022703326,1,nr,2.532e-11
7.7625000000000002,1.9828194251903892,1,nr,6.384e-11
7.7750000000000004,1.9796735281982518,1,nr,3.229e-12
7.7875000000000005,1.9765471300607307,1,nr,1.432e-11
7.8000000000000007,1.9734405441506901,1,nr,2.844e-12
7.8125000000000009,1.9703540785156135,1,nr,8.740e-12
7.8250000000000002,1.9672880360968223,1,nr,3.593e-11
7.8375000000000004,1.9642427149439172,1,nr,2.364e-11
7.8500000000000005,1.961218408307152,1,nr,3.002e-15
7.8625000000000007,1.9582154048446343,1,nr,2.380e-12
7.8750000000000009,1.9552339887983952,1,nr,3.476e-11
7.8875000000000002,1.9522744400859093,1,nr,3.572e-16
7.9000000000000004,1.94933703451846,1,nr,6.499e-11
7.9125000000000005,1.9464220439374129,1,nr,2.331e-15
7.9250000000000007,1.9435297362236119,1,nr,1.917e-16
7.9375000000000009,1.9406603755827863,1,nr,1.012e-15
7.9500000000000002,1.9378142225819772,1,nr,1.148e-15
7.9625000000000004,1.9349915342802921,1,nr,2.426e-14
7.9750000000000005,1.9321925643365427,1,nr,1.363e-16
7.9875000000000007,1.9294175631337147,1,nr,9.037e-11
8,1.9266667777569866,1,nr,4.347e-16
8.0124999999999993,1.9239404523153161,1,nr,1.899e-15
8.0250000000000004,1.9212388277894872,1,nr,3.034e-15
8.0374999999999996,1.9185621422236536,1,nr,1.244e-15
8.0499999999999989,1.9159106307699727,1,nr,7.558e-16
8.0625,1.9132845257496967,1,nr,1.401e-15
8.0749999999999993,1.9106840567072181,1,nr,6.455e-16
8.0875000000000004,1.9081094504569762,1,nr,3.812e-15
8.0999999999999996,1.9055609311230715,1,nr,1.822e-15
8.1124999999999989,1.9030387201714598,1,nr,5.347e-17
8.125,1.9005430364345433,1,nr,1.067e-16
8.1374999999999993,1.8980740961280331,1,nr,1.331e-15
8.1500000000000004,1.895632112859857,1,nr,1.275e-15
8.1624999999999996,1.8932172976309742,1,nr,9.011e-16
8.1749999999999989,1.8908298588278429,1,nr,1.851e-15
8.1875,1.8884700022063818,1,nr,8.969e-16
8.1999999999999993,1.8861379308671649,1,nr,1.579e-15
8.2125000000000004,1.8838338452216308,1,nr,2.625e-16
8.2249999999999996,1.8815579429490519,1,nr,3.404e-15
8.2374999999999989,1.8793104189440284,1,nr,2.716e-15
8.25,1.8770914652541941,1,nr,2.084e-15
8.2624999999999993,1.8749012710058612,1,nr,7.618e-12
8.2750000000000004,1.8727400223316368,1,nr,5.699e-15
8.2874999999999996,1.8706079022565834,1,nr,2.997e-15
8.2999999999999989,1.868505090614575,1,nr,5.771e-15
8.3125,1.8664317639225068,1,nr,6.679e-16
8.3249999999999993,1.8643880952553036,1,nr,1.537e-15
8.3375000000000004,1.8623742541068957,1,nr,8.275e-15
8.3499999999999996,1.8603904062389647,1,nr,1.528e-15
8.3624999999999989,1.8584367135170246,1,nr,3.453e-15
8.375,1.8565133337335564,1,nr,3.948e-15
8.3874999999999993,1.8546204204375123,1,nr,7.029e-11
8.4000000000000004,1.8527581226318468,1,nr,6.539e-15
8.4124999999999996,1.8509265847526122,1,nr,1.003e-15
8.4249999999999989,1.8491259462394998,1,nr,2.899e-15
8.4375,1.8473563413871683,1,nr,5.779e-15
8.4499999999999993,1.8456178990632381,1,nr,6.952e-16
8.4625000000000004,1.8439107424304528,1,nr,1.584e-15
8.4749999999999996,1.8422349886530824,1,nr,6.611e-15
8.4874999999999989,1.8405907485871571,1,nr,5.900e-16
8.5,1.8389781264542469,1,nr,1.078e-15
8.5124999999999993,1.8373972194985497,1,nr,9.670e-15
8.5250000000000004,1.8358481176269819,1,nr,2.726e-15
8.5374999999999996,1.8343309030320327,1,nr,3.104e-15
8.5499999999999989,1.8328456497972478,1,nr,7.541e-15
8.5625,1.8313924234851224,1,nr,1.060e-15
8.5749999999999993,1.8299712807071458,1,nr,6.499e-13
8.5875000000000004,1.8285822686772506,1,nr,3.540e-15
8.5999999999999996,1.8272254247445996,1,nr,6.674e-15
8.6124999999999989,1.8259007759126245,1,nr,1.140e-15
8.625,1.824608338357103,1,nr,6.357e-11
8.6374999999999993,1.8233481168105741,1,nr,7.170e-15
8.6500000000000004,1.8221201042233144,1,nr,4.983e-15
8.6624999999999996,1.8209242810158637,1,nr,3.747e-16
8.6749999999999989,1.8197606145976457,1,nr,3.654e-11
8.6875,1.8186290588216103,1,nr,4.837e-15
8.6999999999999993,1.8175295532708127,1,nr,7.787e-15
8.7125000000000004,1.8164620227612951,1,nr,8.314e-16
8.7249999999999996,1.8154263766592056,1,nr,2.762e-16
8.7374999999999989,1.8144225082550685,1,nr,1.101e-15
8.75,1.8134502941159658,1,nr,4.114e-15
8.7624999999999993,1.8125095934285469,1,nr,7.107e-15
8.7750000000000004,1.811600247334529,1,nr,1.544e-15
8.7874999999999996,1.8107220782605304,1,nr,1.357e-15
8.7999999999999989,1.8098748892414487,1,nr,8.249e-12
8.8125,1.8090584632589337,1,nr,9.888e-16
8.8249999999999993,1.8082725625395757,1,nr,2.598e-15
8.8375000000000004,1.8075169279117431,1,nr,6.073e-15
8.8499999999999996,1.8067912781276696,1,nr,2.492e-15
8.8624999999999989,1.8060953092116627,1,nr,2.440e-15
8.875,1.8054286938184567,1,nr,2.300e-15
8.8874999999999993,1.8047910806018512,1,nr,1.792e-11
8.9000000000000004,1.8041820936408526,1,nr,2.110e-15
8.9124999999999996,1.8036013317968955,1,nr,9.203e-16
8.9249999999999989,1.8030483682237144,1,nr,2.403e-15
8.9375,1.802522749816913,1,nr,5.141e-15
8.9499999999999993,1.8020239967382423,1,nr,2.172e-15
8.9625000000000004,1.8015516019759039,1,nr,5.199e-16
8.9749999999999996,1.8011050309519603,1,nr,4.321e-16
8.9874999999999989,1.8006837211819733,1,nr,4.740e-16
9,1.8002870819919625,1,nr,1.332e-15
9.0124999999999993,1.7999144942971443,1,nr,2.147e-12
9.0250000000000004,1.7995653104363429,1,nr,4.601e-11
9.0374999999999996,1.7992388541758162,1,nr,1.951e-11
9.0499999999999989,1.7989344205116236,1,nr,2.129e-16
9.0625,1.7986512759874489,1,nr,0.000e+00
9.0749999999999993,1.7983886587097544,1,nr,3.815e-16
9.0875000000000004,1.7981457786634456,1,nr,4.654e-16
9.0999999999999996,1.7979218180650938,1,nr,2.491e-15
9.1124999999999989,1.7977159318247826,1,nr,2.192e-15
9.125,1.7975272481131199,1,nr,4.418e-16
9.1374999999999993,1.7973548690366437,1,nr,7.982e-16
9.1500000000000004,1.7971978714243486,1,nr,8.179e-16
9.1624999999999996,1.7970553077274456,1,nr,1.948e-15
9.1749999999999989,1.7969262070338352,1,nr,1.234e-15
9.1875,1.7968095761980438,1,nr,6.267e-16
9.1999999999999993,1.7967044010866118,1,nr,1.461e-16
9.2125000000000004,1.7966096479381142,1,nr,1.376e-15
9.2249999999999996,1.7965242648361122,1,nr,9.684e-16
9.2374999999999989,1.7964471832924611,1,nr,4.058e-16
9.25,1.796377319937448,1,nr,2.807e-16
9.2624999999999993,1.796313578312319,1,nr,9.249e-16
9.2750000000000004,1.7962548507587908,1,nr,1.226e-15
9.2874999999999996,1.7962000203991906,1,nr,1.319e-15
9.2999999999999989,1.7961479631999855,1,nr,6.826e-16
9.3125,1.7960975501104974,1,nr,4.166e-16
9.3249999999999993,1.7960476492678352,1,nr,1.828e-15
9.3375000000000004,1.7959971282582061,1,nr,2.001e-15
9.3499999999999996,1.795944856424095,1,nr,1.002e-15
9.3624999999999989,1.7958897072061479,1,nr,1.403e-16
9.375,1.7958305605080314,1,nr,1.424e-15
9.3874999999999993,1.7957663050721195,1,nr,8.114e-16
9.4000000000000004,1.7956958408535264,1,nr,1.062e-15
9.4124999999999996,1.795618081379774,1,nr,9.377e-16
9.4249999999999989,1.7955319560788781,1,nr,1.164e-11
9.4375,1.7954364126174138,1,nr,6.069e-11
9.4499999999999993,1.7953304189899932,1,nr,2.497e-11
9.4625000000000004,1.7952129659259684,1,nr,6.893e-12
9.4749999999999996,1.7950830688168988,1,nr,6.165e-13
9.4874999999999989,1.7949397697780669,1,nr,1.993e-14
9.5,1.7947821395620334,1,nr,7.548e-14
9.5124999999999993,1.7946092793647921,1,nr,1.285e-13
9.5250000000000004,1.7944203225102136,1,nr,5.321e-12
9.5374999999999996,1.7942144360118659,1,nr,2.819e-11
9.5499999999999989,1.7939908220537639,1,nr,4.602e-11
9.5625,1.7937487191133656,1,nr,4.248e-16
9.5749999999999993,1.7934874033770691,1,nr,7.663e-16
9.5875000000000004,1.7932061895242566,1,nr,1.835e-15
9.5999999999999996,1.7929044316788192,1,nr,1.497e-15
9.6125000000000007,1.7925815240983924,1,nr,4.717e-16
9.625,1.7922369017101627,1,nr,5.742e-11
9.6374999999999993,1.791870040600926,1,nr,5.696e-11
9.6500000000000004,1.7914804581496779,1,nr,6.697e-11
9.6624999999999996,1.7910677132847008,1,nr,5.379e-11
9.6750000000000007,1.7906314062377091,1,nr,2.576e-11
9.6875,1.7901711786869727,1,nr,2.555e-12
9.6999999999999993,1.7896867132676124,1,nr,3.500e-16
9.7125000000000004,1.7891777331976846,1,nr,2.633e-16
9.7249999999999996,1.7886440017678489,1,nr,1.497e-15
9.7375000000000007,1.7880853217000818,1,nr,2.650e-16
9.75,1.7875015344086169,1,nr,2.658e-16
9.7624999999999993,1.7868925191683365,1,nr,2.401e-15
9.7750000000000004,1.7862581921979497,1,nr,4.460e-17
9.7874999999999996,1.7855985056840467,1,nr,5.410e-11
9.8000000000000007,1.7849134466167016,1,nr,4.179e-11
9.8125,1.7842030359124772,1,nr,1.352e-15
9.8249999999999993,1.7834673269271162,1,nr,3.618e-16
9.8375000000000004,1.7827064044622156,1,nr,1.271e-15
9.8499999999999996,1.7819203834257735,1,nr,4.919e-15
9.8625000000000007,1.7811094075636791,1,nr,1.006e-15
9.875,1.7802736481632471,1,nr,2.167e-11
9.8874999999999993,1.7794133027023527,1,nr,1.197e-15
9.9000000000000004,1.7785285935915678,1,nr,2.034e-15
9.9124999999999996,1.7776197667805735,1,nr,3.340e-15
9.9250000000000007,1.7766870904693792,1,nr,2.793e-15
9.9375,1.775730853788712,1,nr,2.804e-16
9.9499999999999993,1.7747513655013181,1,nr,1.688e-15
9.9625000000000004,1.7737489527218904,1,nr,1.601e-15
9.9749999999999996,1.7727239596595132,1,nr,4.536e-15
9.9875000000000007,1.7716767463861673,1,nr,3.794e-15
10,1.7706076876319863,1,nr,8.421e-12
2.1375000000000002,14.934823490898157,2,nr,9.456e-15
2.1500000000000004,14.803197026025119,2,nr,4.179e-13
2.1625000000000001,14.674697452371433,2,nr,2.498e-14
2.1750000000000003,14.549279961946516,2,nr,1.111e-13
2.1875000000000004,14.426901813403168,2,nr,1.016e-16
2.2000000000000002,14.307522258017862,2,nr,4.203e-13
2.2125000000000004,14.191102463461304,2,nr,1.493e-16
2.2250000000000001,14.077605434548248,2,nr,3.812e-13
2.2375000000000003,13.96699593023938,2,nr,9.748e-17
2.2500000000000004,13.859240375910211,2,nr,9.191e-14
2.2625000000000002,13.754306770026034,2,nr,7.537e-14
2.2750000000000004,13.652164584104188,2,nr,4.719e-17
2.2875000000000001,13.552784654881165,2,nr,2.844e-13
2.3000000000000003,13.45613906746774,2,nr,9.693e-16
2.3125000000000004,13.362201028163859,2,nr,3.651e-16
2.3250000000000002,13.270944725602215,2,nr,0.000e+00
2.3375000000000004,13.18234517871087,2,nr,1.339e-16
2.3500000000000001,13.096378069994882,2,nr,7.060e-16
2.3625000000000003,13.013019562545425,2,nr,1.774e-13
2.3750000000000004,12.93224609917325,2,nr,4.744e-16
2.3875000000000002,12.854034182035873,2,nr,6.383e-14
2.4000000000000004,12.778360131223248,2,nr,1.165e-13
2.4125000000000005,12.705199820803841,2,nr,2.423e-12
2.4250000000000003,12.634528390935953,2,nr,1.500e-14
2.4375000000000004,12.566319935258749,2,nr,2.445e-16
2.4500000000000002,12.500547162329886,2,nr,2.822e-16
2.4625000000000004,12.437181031319961,2,nr,3.588e-16
2.4750000000000005,12.376190361979601,2,nr,9.465e-16
2.4875000000000003,12.31754142003582,2,nr,6.766e-14
2.5000000000000004,12.261197479987764,2,nr,3.862e-16
2.5125000000000002,12.207118368385579,2,nr,4.587e-16
2.5250000000000004,12.155259992022849,2,nr,2.211e-12
2.5375000000000005,12.105573856832592,2,nr,2.999e-16
2.5500000000000003,12.05800658539944,2,nr,2.602e-14
2.5625000000000004,12.012499442020587,2,nr,2.144e-14
2.5750000000000002,11.968987877222084,2,nr,6.917e-15
2.5875000000000004,11.927401104812686,2,nr,3.621e-16
2.6000000000000005,11.887661726877063,2,nr,6.541e-15
2.6125000000000003,11.849685423711684,2,nr,4.818e-16
2.6250000000000004,11.813380727074406,2,nr,2.128e-16
2.6375000000000002,11.778648895930235,2,nr,2.291e-15
2.6500000000000004,11.745383913949331,2,nr,1.616e-12
2.6625000000000005,11.713472627042346,2,nr,5.639e-15
2.6750000000000003,11.682795037555746,2,nr,9.418e-15
2.6875000000000004,11.653224767822163,2,nr,9.008e-15
2.7000000000000002,11.624629702035735,2,nr,4.066e-16
2.7125000000000004,11.596872808900166,2,nr,2.332e-16
2.7250000000000005,11.569813140870025,2,nr,3.043e-16
2.7375000000000003,11.54330699792258,2,nr,7.893e-15
2.7500000000000004,11.517209235608952,2,nr,1.712e-12
2.7625000000000002,11.491374689207007,2,nr,1.510e-12
2.7750000000000004,11.465659678044934,2,nr,2.162e-13
2.7875000000000005,11.439923549179744,2,nr,3.619e-16
2.8000000000000003,11.414030214120537,2,nr,1.016e-15
2.8125000000000004,11.387849632114177,2,nr,7.670e-14
2.8250000000000002,11.361259193642772,2,nr,1.746e-15
2.8375000000000004,11.33414496176062,2,nr,4.220e-13
2.8500000000000005,11.306402734983442,2,nr,7.001e-15
2.8625000000000003,11.277938903395201,2,nr,1.382e-12
2.8750000000000004,11.248671079202985,2,nr,2.733e-12
2.8875000000000002,11.218528492928561,2,nr,2.406e-16
2.9000000000000004,11.187452156533833,2,nr,2.206e-14
2.9125000000000005,11.155394803511559,2,nr,1.779e-15
2.9250000000000003,11.122320624580206,2,nr,2.407e-14
2.9375000000000004,11.088204822996538,2,nr,4.459e-16
2.9500000000000002,11.053033018134155,2,nr,5.695e-16
2.9625000000000004,11.016800528142154,2,nr,1.708e-14
2.9750000000000005,10.979511563017255,2,nr,2.924e-12
2.9875000000000003,10.941178358263182,2,nr,4.501e-15
3.0000000000000004,10.901820277494997,2,nr,1.660e-15
3.0125000000000002,10.861462908329855,2,nr,9.350e-15
3.0250000000000004,10.820137173350998,2,nr,1.539e-15
3.0375000000000005,10.777878473155811,2,nr,4.339e-17
3.0500000000000003,10.734725875044738,2,nr,5.502e-12
3.0625000000000004,10.690721357323264,2,nr,2.706e-14
3.0750000000000002,10.645909115214463,2,nr,5.337e-14
3.0875000000000004,10.600334932866637,2,nr,1.236e-14
3.1000000000000005,10.55404562182485,2,nr,4.217e-16
3.1125000000000003,10.507088525748252,2,nr,2.973e-13
3.1250000000000004,10.459511088964597,2,nr,1.933e-16
3.1375000000000002,10.41136048556584,2,nr,2.990e-13
3.1500000000000004,10.362683304895006,2,nr,4.486e-16
3.1625000000000005,10.313525288911681,2,nr,4.049e-16
3.1750000000000003,10.263931116572497,2,nr,1.644e-15
3.1875000000000004,10.21394423042344,2,nr,2.609e-16
3.2000000000000002,10.163606700633755,2,nr,5.297e-17
3.2125000000000004,10.112959121934827,2,nr,3.764e-16
3.2250000000000005,10.062040539197332,2,nr,1.411e-12
3.2375000000000003,10.010888397670929,2,nr,5.940e-13
3.2500000000000004,9.9595385143479884,2,nr,1.124e-15
3.2625000000000002,9.9080250670913905,2,nr,1.596e-15
3.2750000000000004,9.8563805986961981,2,nr,1.654e-12
3.2875000000000005,9.8046360332495919,2,nr,7.626e-16
3.3000000000000003,9.7528207025959794,2,nr,1.190e-16
3.3125000000000004,9.7009623807995684,2,nr,1.435e-12
3.3250000000000002,9.6490873250041407,2,nr,5.503e-16
3.3375000000000004,9.5972203212066223,2,nr,4.529e-12
3.3500000000000005,9.5453847335405229,2,nr,4.168e-13
3.3625000000000003,9.4936025562926964,2,nr,2.291e-15
3.3750000000000004,9.4418944673950236,2,nr,5.637e-12
3.3875000000000002,9.3902798828819911,2,nr,3.142e-13
3.4000000000000004,9.3387770117396549,2,nr,2.777e-15
3.4125000000000005,9.2874029103439604,2,nr,8.493e-12
3.4250000000000003,9.2361735363234914,2,nr,4.817e-12
3.4375000000000004,9.1851038015621622,2,nr,6.982e-14
3.4500000000000002,9.1342076238041177,2,nr,1.180e-15
3.4625000000000004,9.0834979768818815,2,nr,1.545e-15
3.4750000000000005,9.0329869393882269,2,nr,2.131e-15
3.4875000000000003,8.9826857416216157,2,nr,2.730e-15
3.5000000000000004,8.9326048107713234,2,nr,2.833e-15
3.5125000000000002,8.8827538142916396,2,nr,7.345e-17
3.5250000000000004,8.833141701445733,2,nr,0.000e+00
3.5375000000000005,8.7837767430195388,2,nr,7.504e-17
3.5500000000000003,8.734666569221945,2,nr,9.099e-16
3.5625000000000004,8.6858182058085447,2,nr,6.730e-12
3.5750000000000002,8.637238108388221,2,nr,1.801e-11
3.5875000000000004,8.5889321952847109,2,nr,3.752e-15
3.6000000000000005,8.5409058782721097,2,nr,9.668e-12
3.6125000000000003,8.4931640922108613,2,nr,1.275e-15
3.6250000000000004,8.4457113229530005,2,nr,7.417e-12
3.6375000000000002,8.3985516336456136,2,nr,4.871e-16
3.6500000000000004,8.351688689872697,2,nr,1.960e-11
3.6625000000000005,8.3051257833463872,2,nr,3.588e-13
3.6750000000000003,8.2588658541374205,2,nr,3.085e-15
3.6875000000000004,8.2129115120502583,2,nr,3.616e-15
3.7000000000000002,8.1672650565195095,2,nr,8.814e-12
3.7125000000000004,8.1219284955698416,2,nr,1.154e-11
3.7250000000000005,8.0769035636322926,2,nr,1.091e-11
3.7375000000000003,8.0321917384280965,2,nr,5.683e-12
3.7500000000000004,7.9877942568801341,2,nr,1.927e-15
3.7625000000000002,7.9437121301443376,2,nr,4.412e-15
3.7750000000000004,7.899946157797614,2,nr,9.139e-12
3.7875000000000005,7.8564969412327628,2,nr,1.661e-11
3.8000000000000003,7.8133648962861439,2,nr,3.608e-16
3.8125000000000004,7.770550265102548,2,nr,1.011e-11
3.8250000000000002,7.7280531274393933,2,nr,3.842e-15
3.8375000000000004,7.685873411314307,2,nr,2.367e-11
3.8500000000000005,7.6440109028535952,2,nr,1.854e-15
3.8625000000000003,7.6024652559613237,2,nr,1.679e-15
3.8750000000000004,7.5612360010172122,2,nr,2.334e-11
3.8875000000000002,7.5203225534644416,2,nr,4.729e-12
3.9000000000000004,7.479724221529584,2,nr,1.900e-15
3.9125000000000005,7.4394402139124551,2,nr,9.558e-16
3.9250000000000003,7.3994696467233503,2,nr,1.923e-15
3.9375000000000004,7.359811550178085,2,nr,4.060e-15
3.9500000000000002,7.3204648748863752,2,nr,1.060e-11
3.9625000000000004,7.2814284977391415,2,nr,1.068e-11
3.9750000000000005,7.2427012276129057,2,nr,2.995e-15
3.9875000000000003,7.2042818105079798,2,nr,8.045e-15
4,7.1661689346248032,2,nr,2.549e-11
4.0125000000000002,7.1283612351082626,2,nr,2.492e-16
4.0250000000000004,7.0908572983538907,2,nr,3.387e-11
4.0375000000000005,7.0536556662588401,2,nr,2.062e-15
4.0500000000000007,7.0167548403110818,2,nr,4.647e-15
4.0625,6.9801532851324612,2,nr,1.528e-12
4.0750000000000002,6.9438494321101185,2,nr,6.112e-15
4.0875000000000004,6.9078416827180824,2,nr,5.625e-16
4.1000000000000005,6.8721284116567345,2,nr,1.797e-15
4.1125000000000007,6.8367079698317079,2,nr,6.698e-16
4.125,6.8015786871611033,2,nr,3.274e-12
4.1375000000000002,6.7667388752398985,2,nr,2.698e-15
4.1500000000000004,6.7321868298304306,2,nr,4.165e-15
4.1625000000000005,6.6979208332526188,2,nr,2.768e-15
4.1750000000000007,6.6639391566165562,2,nr,1.414e-15
4.1875,6.6302400619461626,2,nr,3.631e-12
4.2000000000000002,6.5968218041740228,2,nr,6.692e-15
4.2125000000000004,6.5636826330574456,2,nr,3.963e-15
4.2250000000000005,6.5308207949696993,2,nr,3.161e-11
4.2375000000000007,6.498234534524264,2,nr,2.071e-15
4.25,6.465922096366822,2,nr,3.649e-11
4.2625000000000002,6.4338817264352155,2,nr,1.334e-15
4.2750000000000004,6.4021116736731898,2,nr,4.317e-12
4.2875000000000005,6.3706101912100337,2,nr,1.682e-11
4.3000000000000007,6.3393755376864904,2,nr,8.854e-16
4.3125,6.3084059785727877,2,nr,3.091e-15
4.3250000000000002,6.2776997872384932,2,nr,2.988e-15
4.3375000000000004,6.247255246094257,2,nr,2.235e-11
4.3500000000000005,6.2170706476760875,2,nr,3.074e-11
4.3625000000000007,6.1871442955942486,2,nr,3.437e-11
4.375,6.1574745055114235,2,nr,3.629e-11
4.3875000000000002,6.1280596060656611,2,nr,2.154e-15
4.4000000000000004,6.0988979396616889,2,nr,1.749e-15
4.4125000000000005,6.0699878634032274,2,nr,3.298e-14
4.4250000000000007,6.0413277498208879,2,nr,2.469e-11
4.4375,6.0129159875837193,2,nr,4.436e-15
4.4500000000000002,5.9847509823351235,2,nr,5.958e-12
4.4625000000000004,5.9568311572889963,2,nr,1.926e-11
4.4750000000000005,5.9291549538696389,2,nr,1.809e-11
4.4875000000000007,5.9017208325017583,2,nr,6.392e-12
4.5,5.8745272730191953,2,nr,3.281e-13
4.5125000000000002,5.8475727754184215,2,nr,4.376e-12
4.5250000000000004,5.8208558603616991,2,nr,9.258e-12
4.5375000000000005,5.7943750697122685,2,nr,2.674e-12
4.5500000000000007,5.7681289671260192,2,nr,2.280e-11
4.5625,5.7421161385600916,2,nr,5.731e-15
4.5750000000000002,5.7163351927110977,2,nr,2.076e-15
4.5875000000000004,5.6907847616051344,2,nr,3.525e-16
4.6000000000000005,5.6654635010078671,2,nr,4.997e-11
4.6125000000000007,5.6403700910467665,2,nr,4.922e-11
4.625,5.6155032363354023,2,nr,9.018e-13
4.6375000000000002,5.5908616668888929,2,nr,1.566e-15
4.6500000000000004,5.5664441382331038,2,nr,3.505e-16
4.6625000000000005,5.54224943199244,2,nr,3.123e-15
4.6750000000000007,5.5182763563190367,2,nr,2.089e-11
4.6875,5.4945237462807306,2,nr,1.335e-11
4.7000000000000002,5.4709904644263414,2,nr,1.446e-15
4.7125000000000004,5.4476754010677304,2,nr,3.903e-15
4.7250000000000005,5.4245774748207518,2,nr,1.307e-11
4.7375000000000007,5.4016956330341355,2,nr,1.278e-15
4.75,5.3790288521985161,2,nr,4.854e-11
4.7625000000000002,5.3565761383376103,2,nr,5.512e-15
4.7750000000000004,5.3343365276304295,2,nr,3.561e-11
4.7875000000000005,5.3123090867258398,2,nr,1.582e-15
4.8000000000000007,5.2904929131436083,2,nr,9.465e-16
4.8125000000000009,5.2688871358823102,2,nr,1.650e-11
4.8250000000000002,5.247490915762981,2,nr,3.137e-15
4.8375000000000004,5.2263034459919,2,nr,6.359e-15
4.8500000000000005,5.2053239525602404,2,nr,1.507e-15
4.8625000000000007,5.1845516947545844,2,nr,2.270e-11
4.8750000000000009,5.1639859656991574,2,nr,1.398e-11
4.8875000000000002,5.1436260927136486,2,nr,3.497e-15
4.9000000000000004,5.123471437990557,2,nr,1.025e-16
4.9125000000000005,5.1035213989886126,2,nr,1.123e-15
4.9250000000000007,5.083775408996722,2,nr,1.017e-16
4.9375000000000009,5.064232937674003,2,nr,3.851e-11
4.9500000000000002,5.0448934914918961,2,nr,1.695e-12
4.9625000000000004,5.0257566144669195,2,nr,6.531e-16
4.9750000000000005,5.0068218885171465,2,nr,5.002e-16
4.9875000000000007,4.9880889341200536,2,nr,1.643e-15
5.0000000000000009,4.9695574108397089,2,nr,2.653e-11
5.0125000000000002,4.9512270179617044,2,nr,1.826e-15
5.0250000000000004,4.933097494934656,2,nr,3.094e-15
5.0375000000000005,4.9151686220781112,2,nr,2.639e-15
5.0500000000000007,4.897440221095593,2,nr,8.268e-16
5.0625000000000009,4.8799121556668119,2,nr,1.231e-12
5.0750000000000002,4.8625843320297495,2,nr,1.733e-15
5.0875000000000004,4.8454566995506738,2,nr,2.586e-15
5.1000000000000005,4.8285292513020437,2,nr,2.953e-15
5.1125000000000007,4.8118020246236748,2,nr,2.936e-15
5.1250000000000009,4.7952751016778112,2,nr,5.651e-16
5.1375000000000002,4.7789486099904073,2,nr,1.498e-15
5.1500000000000004,4.7628227229758817,2,nr,2.979e-15
5.1625000000000005,4.7468976604413555,2,nr,1.481e-15
5.1750000000000007,4.7311736890660336,2,nr,3.219e-15
5.1875000000000009,4.7156511228507982,2,nr,1.371e-15
5.2000000000000002,4.7003303235326781,2,nr,1.363e-15
5.2125000000000004,4.6852117009580825,2,nr,3.069e-15
5.2250000000000005,4.6702957134082039,2,nr,2.870e-15
5.2375000000000007,4.6555828678691871,2,nr,2.673e-15
5.2500000000000009,4.6410737202389543,2,nr,2.124e-15
5.2625000000000002,4.6267688754617184,2,nr,1.318e-15
5.2750000000000004,4.6126689875803146,2,nr,6.110e-16
5.2875000000000005,4.5987747596955888,2,nr,8.668e-16
5.3000000000000007,4.5850869438089523,2,nr,1.956e-11
5.3125000000000009,4.5716063406189686,2,nr,2.905e-15
5.3250000000000002,4.5583337990062676,2,nr,2.460e-15
5.3375000000000004,4.5452702156104845,2,nr,1.852e-15
5.3500000000000005,4.5324165340631994,2,nr,3.343e-16
5.3625000000000007,4.5197737441064447,2,nr,5.366e-12
5.3750000000000009,4.5073428805175357,2,nr,3.621e-15
5.3875000000000002,4.4951250217573282,2,nr,2.531e-15
5.4000000000000004,4.4831212884405334,2,nr,1.620e-16
5.4125000000000005,4.4713328414809217,2,nr,3.697e-15
5.4250000000000007,4.4597608799538939,2,nr,5.024e-12
5.4375000000000009,4.4484066386472598,2,nr,7.118e-16
5.4500000000000002,4.4372713851991792,2,nr,1.255e-15
5.4625000000000004,4.426356416911811,2,nr,3.657e-15
5.4750000000000005,4.4156630570829734,2,nr,2.006e-15
5.4875000000000007,4.4051926508911361,2,nr,1.913e-15
5.5000000000000009,4.3949465607689886,2,nr,2.124e-13
5.5125000000000002,4.3849261612275932,2,nr,3.805e-13
5.5250000000000004,4.3751328330853667,2,nr,2.238e-16
5.5375000000000005,4.3655679570548793,2,nr,3.697e-16
5.5500000000000007,4.3562329066438306,2,nr,1.173e-15
5.5625000000000009,4.3471290403135425,2,nr,1.453e-15
5.5750000000000002,4.3382576928488898,2,nr,6.484e-16
5.5875000000000004,4.3296201658805247,2,nr,6.479e-12
5.6000000000000005,4.3212177175454283,2,nr,1.062e-15
5.6125000000000007,4.3130515511202319,2,nr,1.544e-15
5.6250000000000009,4.3051228027662827,2,nr,2.087e-16
5.6375000000000002,4.2974325281482608,2,nr,8.963e-16
5.6500000000000004,4.289981687994743,2,nr,1.545e-14
5.6625000000000005,4.2827711325219981,2,nr,2.032e-16
5.6750000000000007,4.2758015846912629,2,nr,2.686e-16
5.6875000000000009,4.2690736222558945,2,nr,1.780e-11
5.7000000000000002,4.2625876587047262,2,nr,6.803e-12
5.7125000000000004,4.2563439226969511,2,nr,1.439e-15
5.7250000000000005,4.2503424367230682,2,nr,1.168e-15
5.7375000000000007,4.2445829941960858,2,nr,3.328e-12
5.7500000000000009,4.2390651356110531,2,nr,1.208e-11
5.7625000000000002,4.2337881235847483,2,nr,1.613e-11
5.7750000000000004,4.2287509168905224,2,nr,1.532e-11
5.7875000000000005,4.2239521436688081,2,nr,1.087e-11
5.8000000000000007,4.2193900739300707,2,nr,4.112e-12
5.8125000000000009,4.2150625915523454,2,nr,9.233e-12
5.8250000000000002,4.2109671659474763,2,nr,1.215e-16
5.8375000000000004,4.207100823861551,2,nr,2.111e-16
5.8500000000000005,4.2034601212463727,2,nr,1.044e-11
5.8625000000000007,4.2000411160283031,2,nr,3.063e-12
5.8750000000000009,4.1968393416663217,2,nr,2.066e-16
5.8875000000000002,4.1938497825049721,2,nr,4.849e-12
5.9000000000000004,4.1910668508939795,2,nr,7.575e-16
5.9125000000000005,4.1884843668432614,2,nr,5.060e-12
5.9250000000000007,4.1860955408512757,2,nr,7.196e-16
5.9375000000000009,4.1838929601832824,2,nr,2.354e-12
5.9500000000000002,4.1818685795391044,2,nr,4.271e-16
5.9625000000000004,4.1800137163786433,2,nr,1.727e-13
5.9750000000000005,4.1783190517090754,2,nr,1.964e-12
5.9875000000000007,4.176774636748525,2,nr,8.703e-16
6.0000000000000009,4.1753699059611948,2,nr,1.678e-16
6.0125000000000002,4.1740936969562075,2,nr,2.659e-13
6.0250000000000004,4.1729342774895235,2,nr,3.176e-13
6.0375000000000005,4.1718793798352758,2,nr,6.923e-16
6.0500000000000007,4.1709162425991337,2,nr,3.177e-16
6.0625000000000009,4.170031659919827,2,nr,3.129e-13
6.0750000000000002,4.1692120378301416,2,nr,1.839e-13
6.0875000000000004,4.1684434574039217,2,nr,5.569e-13
6.1000000000000005,4.1677117441127418,2,nr,7.968e-13
6.1125000000000007,4.1670025426761406,2,nr,5.081e-16
6.1250000000000009,4.1663013965090965,2,nr,1.815e-15
6.1375000000000002,4.1655938306903559,2,nr,1.784e-11
6.1500000000000004,4.1648654374792509,2,nr,5.730e-15
6.1625000000000005,4.1641019626017055,2,nr,1.576e-13
6.1750000000000007,4.163289391826873,2,nr,2.377e-13
6.1875000000000009,4.1624140356541499,2,nr,3.655e-12
6.2000000000000002,4.1614626112438167,2,nr,5.212e-14
6.2125000000000004,4.1604223202391992,2,nr,2.552e-14
6.2250000000000005,4.1592809211380724,2,nr,7.935e-12
6.2375000000000007,4.1580267953835577,2,nr,1.753e-15
6.2500000000000009,4.1566490059439261,2,nr,6.227e-13
6.2625000000000002,4.155137348045348,2,nr,1.062e-14
6.2750000000000004,4.1534823911346619,2,nr,1.793e-15
6.2875000000000005,4.1516755119748634,2,nr,8.545e-13
6.3000000000000007,4.1497089186208997,2,nr,1.934e-11
6.3125000000000009,4.1475756655037497,2,nr,6.083e-16
6.3250000000000002,4.1452696594012179,2,nr,3.452e-14
6.3375000000000004,4.1427856574887096,2,nr,1.497e-15
6.3500000000000005,4.1401192572125565,2,nr,1.892e-15
6.3625000000000007,4.1372668791349536,2,nr,2.740e-13
6.3750000000000009,4.1342257433305027,2,nr,7.201e-16
6.3875000000000002,4.1309938401732618,2,nr,6.973e-13
6.4000000000000004,4.1275698963382288,2,nr,7.316e-16
6.4125000000000005,4.1239533368933872,2,nr,3.073e-17
6.4250000000000007,4.1201442442852274,2,nr,6.608e-14
6.4375000000000009,4.1161433150539208,2,nr,3.396e-12
6.4500000000000002,4.1119518150042254,2,nr,7.851e-12
6.4625000000000004,4.1075715335513729,2,nr,6.998e-16
6.4750000000000005,4.1030047379191474,2,nr,5.135e-16
6.4875000000000007,4.0982541275941688,2,nr,1.166e-15
6.5000000000000009,4.0933227897244064,2,nr,7.190e-16
6.5125000000000002,4.0882141557315554,2,nr,6.597e-17
6.5250000000000004,4.0829319595272207,2,nr,6.658e-17
6.5375000000000005,4.0774801975715755,2,nr,2.662e-11
6.5500000000000007,4.0718630911195399,2,nr,2.752e-11
6.5625000000000009,4.0660850504950794,2,nr,1.876e-11
6.5750000000000002,4.0601506416989954,2,nr,6.311e-13
6.5875000000000004,4.0540645557372681,2,nr,4.186e-16
6.6000000000000005,4.0478315798064575,2,nr,7.746e-16
6.6125000000000007,4.0414565711619765,2,nr,1.952e-11
6.6250000000000009,4.0349444332587527,2,nr,1.716e-11
6.6375000000000002,4.028300093989686,2,nr,1.593e-15
6.6500000000000004,4.0215284861733167,2,nr,2.745e-12
6.6625000000000005,4.0146345301286566,2,nr,1.033e-15
6.6750000000000007,4.0076231180465793,2,nr,9.679e-16
6.6875000000000009,4.0004991002875538,2,nr,1.587e-11
6.7000000000000002,3.9932672732641583,2,nr,2.199e-15
6.7125000000000004,3.9859323690543724,2,nr,2.220e-11
6.7250000000000005,3.9784990463343881,2,nr,1.081e-15
6.7375000000000007,3.9709718825816132,2,nr,1.114e-11
6.7500000000000009,3.9633553677642568,2,nr,7.856e-17
6.7625000000000002,3.9556538988036669,2,nr,4.050e-11
6.7750000000000004,3.9478717754163579,2,nr,9.591e-16
6.7875000000000005,3.9400131963761198,2,nr,2.733e-14
6.8000000000000007,3.9320822571229317,2,nr,6.503e-16
6.8125000000000009,3.924082947726439,2,nr,3.279e-16
6.8250000000000002,3.9160191516450227,2,nr,9.917e-16
6.8375000000000004,3.9078946450356473,2,nr,1.666e-15
6.8500000000000005,3.8997130965707312,2,nr,6.719e-16
6.8625000000000007,3.8914780676999015,2,nr,2.032e-15
6.8750000000000009,3.8831930132997696,2,nr,1.109e-15
6.8875000000000002,3.8748612826600679,2,nr,1.977e-15
6.9000000000000004,3.8664861207593124,2,nr,1.992e-15
6.9125000000000005,3.8580706697876623,2,nr,8.727e-17
6.9250000000000007,3.8496179708788523,2,nr,1.846e-15
6.9375000000000009,3.8411309660170718,2,nr,4.427e-16
6.9500000000000002,3.8326125000881222,2,nr,1.605e-15
6.9625000000000004,3.8240653230475794,2,nr,7.184e-16
6.9750000000000005,3.8154920921635189,2,nr,4.081e-11
6.9875000000000007,3.8068953744399598,2,nr,6.372e-15
7.0000000000000009,3.7982776488189183,2,nr,6.415e-16
7.0125000000000002,3.7896413087830196,2,nr,9.224e-16
7.0250000000000004,3.7809886647054243,2,nr,3.528e-15
7.0375000000000005,3.7723219463174682,2,nr,2.242e-15
7.0500000000000007,3.7636433051552562,2,nr,2.256e-15
7.0625000000000009,3.754954816978727,2,nr,3.761e-11
7.0750000000000002,3.7462584842610087,2,nr,2.188e-15
7.0875000000000004,3.737556238423096,2,nr,8.898e-15
7.1000000000000005,3.7288499423378303,2,nr,2.694e-15
7.1125000000000007,3.7201413925722591,2,nr,1.013e-11
7.1250000000000009,3.7114323216551046,2,nr,4.962e-15
7.1375000000000002,3.7027244003411477,2,nr,4.206e-15
7.1500000000000004,3.6940192397498568,2,nr,6.883e-16
7.1625000000000005,3.6853183935304736,2,nr,5.284e-11
7.1750000000000007,3.6766233598369076,2,nr,7.548e-15
7.1875000000000009,3.6679355835401739,2,nr,2.894e-15
7.2000000000000002,3.659256458004188,2,nr,1.855e-15
7.2125000000000004,3.6505873270941476,2,nr,8.563e-16
7.2250000000000005,3.6419294870156214,2,nr,6.426e-15
7.2375000000000007,3.6332841881184894,2,nr,1.525e-15
7.2500000000000009,3.624652636646974,2,nr,2.909e-15
7.2625000000000002,3.6160359964363726,2,nr,1.076e-15
7.2750000000000004,3.607435390557213,2,nr,9.004e-15
7.2875000000000005,3.5988519029077279,2,nr,1.136e-15
7.3000000000000007,3.5902865797717607,2,nr,5.040e-11
7.3125000000000009,3.5817404312300769,2,nr,4.580e-15
7.3250000000000002,3.5732144327657371,2,nr,4.387e-15
7.3375000000000004,3.5647095264987576,2,nr,2.044e-15
7.3500000000000005,3.556226622617388,2,nr,9.465e-16
7.3625000000000007,3.5477666006675808,2,nr,4.642e-15
7.3750000000000009,3.5393303108152296,2,nr,2.805e-15
7.3875000000000002,3.530918575066325,2,nr,5.307e-17
7.4000000000000004,3.5225321884463101,2,nr,6.547e-15
7.4125000000000005,3.5141719201399964,2,nr,2.188e-15
7.4250000000000007,3.5058385145933708,2,nr,2.515e-15
7.4375000000000009,3.4975326925785386,2,nr,4.131e-15
7.4500000000000002,3.4892551522231523,2,nr,4.464e-15
7.4625000000000004,3.481006570005595,2,nr,9.703e-16
7.4750000000000005,3.4727876017171107,2,nr,1.729e-15
7.4875000000000007,3.4645988833921741,2,nr,7.580e-16
7.5000000000000009,3.4564410322082582,2,nr,3.797e-15
7.5125000000000002,3.4483146473561819,2,nr,6.848e-15
7.5250000000000004,3.4402203108887042,2,nr,2.333e-11
7.5375000000000005,3.432158588502785,2,nr,1.309e-15
7.5500000000000007,3.4241300303936772,2,nr,2.949e-15
7.5625000000000009,3.416135171953413,2,nr,2.379e-15
7.5750000000000002,3.4081745345431984,2,nr,2.465e-16
7.5875000000000004,3.4002486262096614,2,nr,2.221e-11
7.6000000000000005,3.3923579423491823,2,nr,2.223e-15
7.6125000000000007,3.3845029664419992,2,nr,1.236e-16
7.6250000000000009,3.376684170644801,2,nr,5.157e-15
7.6375000000000002,3.3689020164548671,2,nr,9.083e-16
7.6500000000000004,3.3611569553192484,2,nr,3.223e-15
7.6625000000000005,3.3534494292322736,2,nr,5.333e-15
7.6750000000000007,3.345779871336938,2,nr,7.866e-11
7.6875000000000009,3.3381487063845769,2,nr,2.820e-15
7.7000000000000002,3.3305563514991912,2,nr,2.435e-11
7.7125000000000004,3.3230032164699224,2,nr,1.475e-15
7.7250000000000005,3.3154897044407137,2,nr,3.764e-12
7.7375000000000007,3.3080162123204575,2,nr,2.167e-11
7.7500000000000009,3.3005831313459626,2,nr,2.919e-12
7.7625000000000002,3.2931908474885305,2,nr,1.826e-11
7.7750000000000004,3.2858397420165923,2,nr,5.947e-11
7.7875000000000005,3.2785301917823508,2,nr,9.067e-11
7.8000000000000007,3.2712625699922429,2,nr,1.239e-16
7.8125000000000009,3.2640372462044756,2,nr,9.054e-11
7.8250000000000002,3.256854587193085,2,nr,1.375e-15
7.8375000000000004,3.2497149569912489,2,nr,1.516e-11
7.8500000000000005,3.2426187175790178,2,nr,2.800e-15
7.8625000000000007,3.2355662291253648,2,nr,2.139e-15
7.8750000000000009,3.2285578504425598,2,nr,7.122e-16
7.8875000000000002,3.2215939393497162,2,nr,1.231e-15
7.9000000000000004,3.2146748530423364,2,nr,3.841e-11
7.9125000000000005,3.2078009485106254,2,nr,2.400e-15
7.9250000000000007,3.2009725828003495,2,nr,1.335e-15
7.9375000000000009,3.1941901134671684,2,nr,1.088e-16
7.9500000000000002,3.1874538988739345,2,nr,3.230e-15
7.9625000000000004,3.1807642985415416,2,nr,1.923e-15
7.9750000000000005,3.1741216734833242,2,nr,4.028e-15
7.9875000000000007,3.1675263865331575,2,nr,2.212e-15
8,3.1609788026672843,2,nr,1.723e-15
8.0124999999999993,3.1544792893266078,2,nr,2.501e-11
8.0250000000000004,3.1480282166930378,2,nr,1.072e-15
8.0374999999999996,3.1416259580589991,2,nr,3.208e-16
8.0499999999999989,3.1352728900582059,2,nr,4.693e-15
8.0625,3.1289693929894287,2,nr,4.467e-15
8.0749999999999993,3.1227158510940378,2,nr,5.622e-15
8.0875000000000004,3.1165126528334737,2,nr,4.442e-15
8.0999999999999996,3.1103601911598568,2,nr,3.216e-15
8.1124999999999989,3.1042588637793807,2,nr,1.735e-15
8.125,3.098209073408257,2,nr,1.179e-14
8.1374999999999993,3.0922112280207652,2,nr,9.350e-15
8.1500000000000004,3.0862657410890524,2,nr,1.770e-15
8.1624999999999996,3.0803730318140765,2,nr,2.127e-15
8.1749999999999989,3.0745335253472832,2,nr,2.378e-15
8.1875,3.0687476530022879,2,nr,2.524e-15
8.1999999999999993,3.0630158524559237,2,nr,7.339e-15
8.2125000000000004,3.0573385679378573,2,nr,1.299e-14
8.2249999999999996,3.0517162504080027,2,nr,4.380e-15
8.2374999999999989,3.0461493577206427,2,nr,1.928e-15
8.25,3.0406383547744391,2,nr,1.970e-15
8.2624999999999993,3.0351837136470579,2,nr,7.547e-16
8.2750000000000004,3.0297859136996963,2,nr,4.648e-11
8.2874999999999996,3.0244454417451361,2,nr,3.043e-15
8.2999999999999989,3.0191627919929762,2,nr,3.178e-15
8.3125,3.0139384662453321,2,nr,3.758e-15
8.3249999999999993,3.0087729738664803,2,nr,7.087e-15
8.3375000000000004,3.0036668318094968,2,nr,7.348e-15
8.3499999999999996,2.998620564603014,2,nr,5.948e-15
8.3624999999999989,2.9936347043094993,2,nr,6.890e-15
8.375,2.9887097904528113,2,nr,1.043e-14
8.3874999999999993,2.9838463699126057,2,nr,4.420e-15
8.4000000000000004,2.9790449967829726,2,nr,2.963e-15
8.4124999999999996,2.9743062321925313,2,nr,1.902e-16
8.4249999999999989,2.969630644094889,2,nr,3.716e-11
8.4375,2.9650188069465067,2,nr,1.054e-11
8.4499999999999993,2.9604713014944219,2,nr,2.246e-15
8.4625000000000004,2.9559887143256054,2,nr,1.303e-15
8.4749999999999996,2.9515716374712286,2,nr,4.537e-15
8.4874999999999989,2.9472206679311914,2,nr,1.565e-14
8.5,2.9429364071265298,2,nr,1.703e-14
8.5124999999999993,2.9387194602870497,2,nr,7.555e-15
8.5250000000000004,2.9345704357700493,2,nr,1.074e-11
8.5374999999999996,2.93048994427904,2,nr,4.409e-15
8.5499999999999989,2.9264785980552324,2,nr,5.546e-15
8.5625,2.9225370099069159,2,nr,1.760e-14
8.5749999999999993,2.9186657922005876,2,nr,8.043e-15
8.5875000000000004,2.9148655557258523,2,nr,1.299e-11
8.5999999999999996,2.9111369084868142,2,nr,3.492e-16
8.6124999999999989,2.907480454311469,2,nr,1.354e-14
8.625,2.9038967914375813,2,nr,8.020e-15
8.6374999999999993,2.9003865109038909,2,nr,3.428e-15
8.6500000000000004,2.8969501948392877,2,nr,7.410e-15
8.6624999999999996,2.893588414610373,2,nr,6.686e-15
8.6749999999999989,2.8903017288258255,2,nr,2.523e-16
8.6875,2.8870906811913581,2,nr,6.100e-15
8.6999999999999993,2.8839557982089516,2,nr,2.491e-15
8.7125000000000004,2.8808975867145823,2,nr,1.650e-16
8.7249999999999996,2.8779165312489305,2,nr,1.156e-14
8.7374999999999989,2.8750130912574643,2,nr,4.026e-12
8.75,2.8721876981038768,2,nr,6.393e-15
8.7624999999999993,2.86944075193174,2,nr,9.316e-12
8.7750000000000004,2.8667726182855793,2,nr,2.636e-15
8.7874999999999996,2.8641836246303742,2,nr,1.349e-15
8.7999999999999989,2.8616740565956089,2,nr,4.968e-15
8.8125,2.8592441540940783,2,nr,1.097e-15
8.8249999999999993,2.8568941072329261,2,nr,5.216e-15
8.8375000000000004,2.854624052030835,2,nr,3.886e-11
8.8499999999999996,2.8524340660664245,2,nr,5.842e-15
8.8624999999999989,2.8503241636961074,2,nr,1.833e-15
8.875,2.8482942914683935,2,nr,4.555e-15
8.8874999999999993,2.8463443231314507,2,nr,2.490e-15
8.9000000000000004,2.8444740546449863,2,nr,5.183e-11
8.9124999999999996,2.8426831989185439,2,nr,5.143e-15
8.9249999999999989,2.8409713808390564,2,nr,8.149e-16
8.9375,2.8393381317625961,2,nr,3.737e-11
8.9499999999999993,2.8377828842414501,2,nr,4.100e-15
8.9625000000000004,2.8363049668881297,2,nr,1.529e-15
8.9749999999999996,2.8349035989400755,2,nr,1.370e-12
8.9874999999999989,2.8335778851965903,2,nr,9.719e-16
9,2.8323268109716322,2,nr,4.296e-16
9.0124999999999993,2.831149237268233,2,nr,7.122e-16
9.0250000000000004,2.8300438961965266,2,nr,1.777e-11
9.0374999999999996,2.8290093866591977,2,nr,2.968e-11
9.0499999999999989,2.8280441704492754,2,nr,1.859e-15
9.0625,2.8271465688305191,2,nr,3.491e-17
9.0749999999999993,2.8263147594411495,2,nr,1.738e-16
9.0875000000000004,2.8255467739502231,2,nr,1.799e-15
9.0999999999999996,2.8248404962671949,2,nr,1.442e-12
9.1124999999999989,2.8241936614684175,2,nr,2.472e-11
9.125,2.8236038555960352,2,nr,3.912e-11
9.1374999999999993,2.8230685159892945,2,nr,2.746e-11
9.1500000000000004,2.822584933044491,2,nr,2.834e-11
9.1624999999999996,2.8221502524231545,2,nr,3.891e-16
9.1749999999999989,2.8217614786170055,2,nr,7.760e-16
9.1875,2.8214154793228094,2,nr,1.127e-15
9.1999999999999993,2.8211089910683547,2,nr,8.558e-16
9.2125000000000004,2.8208386258514455,2,nr,2.679e-16
9.2249999999999996,2.8206008788951689,2,nr,3.509e-16
9.2374999999999989,2.820392137493263,2,nr,1.484e-15
9.25,2.8202086909132604,2,nr,1.220e-11
9.2624999999999993,2.8200467413695254,2,nr,3.145e-12
9.2750000000000004,2.8199024158422525,2,nr,6.205e-14
9.2874999999999996,2.8197717789644767,2,nr,2.542e-13
9.2999999999999989,2.8196508465658545,2,nr,4.397e-13
9.3125,2.8195355999878235,2,nr,5.641e-13
9.3249999999999993,2.8194220009613598,2,nr,6.229e-13
9.3375000000000004,2.8193060069367837,2,nr,6.230e-13
9.3499999999999996,2.8191835867225112,2,nr,5.787e-13
9.3624999999999989,2.819050736283395,2,nr,5.014e-13
9.375,2.8189034945438229,2,nr,3.920e-13
9.3874999999999993,2.8187379590379744,2,nr,2.575e-13
9.4000000000000004,2.8185503012498785,2,nr,8.064e-14
9.4124999999999996,2.8183367814836848,2,nr,8.813e-12
9.4249999999999989,2.8180937631600687,2,nr,1.193e-11
9.4375,2.8178177262398205,2,nr,3.478e-15
9.4499999999999993,2.8175052799780516,2,nr,1.533e-15
9.4625000000000004,2.8171531744667524,2,nr,2.373e-12
9.4749999999999996,2.8167583112155938,2,nr,2.940e-12
9.4874999999999989,2.8163177525238856,2,nr,2.965e-12
9.5,2.8158287296117348,2,nr,2.043e-12
9.5124999999999993,2.8152886494756957,2,nr,4.185e-13
9.5250000000000004,2.8146951004371639,2,nr,2.409e-16
9.5374999999999996,2.8140458563744555,2,nr,2.212e-15
9.5499999999999989,2.8133388796567722,2,nr,1.354e-15
9.5625,2.8125723228018908,2,nr,1.954e-15
9.5749999999999993,2.8117445289149017,2,nr,2.381e-11
9.5875000000000004,2.8108540308815342,2,nr,1.128e-11
9.5999999999999996,2.8098995495940127,2,nr,3.283e-11
9.6125000000000007,2.8088799910865334,2,nr,1.139e-15
9.625,2.8077944425414687,2,nr,2.148e-16
9.6374999999999993,2.8066421677823148,2,nr,4.331e-11
9.6500000000000004,2.805422601865514,2,nr,7.908e-12
9.6624999999999996,2.804135344770474,2,nr,2.295e-15
9.6750000000000007,2.8027801550124831,2,nr,1.356e-15
9.6875,2.8013569423704259,2,nr,2.411e-11
9.6999999999999993,2.7998657605056438,2,nr,2.597e-15
9.7125000000000004,2.7983067990790071,2,nr,2.613e-15
9.7249999999999996,2.7966803759082994,2,nr,1.803e-15
9.7375000000000007,2.7949869288320563,2,nr,1.738e-12
9.75,2.7932270076027272,2,nr,6.849e-16
9.7624999999999993,2.7914012657768161,2,nr,5.362e-16
9.7750000000000004,2.7895104527007422,2,nr,3.084e-16
9.7874999999999996,2.7875554056168768,2,nr,2.406e-15
9.8000000000000007,2.7855370419743659,2,nr,5.228e-11
9.8125,2.7834563518221298,2,nr,1.573e-15
9.8249999999999993,2.781314390785651,2,nr,1.900e-15
9.8375000000000004,2.7791122728740514,2,nr,1.196e-15
9.8499999999999996,2.7768511639188271,2,nr,3.611e-15
9.8625000000000007,2.7745322751921595,2,nr,4.848e-16
9.875,2.7721568573720856,2,nr,3.335e-15
9.8874999999999993,2.7697261948394387,2,nr,2.293e-15
9.9000000000000004,2.7672416003097613,2,nr,6.347e-15
9.9124999999999996,2.7647044098003488,2,nr,7.469e-16
9.9250000000000007,2.7621159779293976,2,nr,8.604e-15
9.9375,2.759477673542114,2,nr,4.457e-15
9.9499999999999993,2.756790875656177,2,nr,6.349e-15
9.9625000000000004,2.7540569697176256,2,nr,3.749e-15
9.9749999999999996,2.7512773441564802,2,nr,2.487e-15
9.9875000000000007,2.7484533872306449,2,nr,6.991e-15
10,2.7455864841455178,2,nr,1.216e-15
3.1500000000000004,-9.6364540341528873,3,nr,1.513e-13
3.1625000000000005,-9.0113293763594591,3,nr,1.796e-13
3.1750000000000003,-8.4407517427381666,3,nr,3.523e-13
3.1875000000000004,-7.9186106825080476,3,nr,3.645e-16
3.2000000000000002,-7.4396255819986852,3,nr,1.196e-16
3.2125000000000004,-6.9992142325344533,3,nr,2.339e-16
3.2250000000000005,-6.5933850357732551,3,nr,1.090e-15
3.2375000000000003,-6.2186481124511941,3,nr,1.003e-15
3.2500000000000004,-5.8719416210103477,3,nr,5.398e-18
3.2625000000000002,-5.5505703847017802,3,nr,8.261e-13
3.2750000000000004,-5.2521545334809092,3,nr,1.837e-16
3.2875000000000005,-4.974586337275742,3,nr,4.398e-16
3.3000000000000003,-4.7159937711592068,3,nr,3.558e-16
3.3125000000000004,-4.474709640260925,3,nr,5.326e-16
3.3250000000000002,-4.2492453159019092,3,nr,2.088e-15
3.3375000000000004,-4.0382683130574692,3,nr,8.098e-15
3.3500000000000005,-3.8405830807096684,3,nr,2.783e-13
3.3625000000000003,-3.6551144899885473,3,nr,1.370e-13
3.3750000000000004,-3.4808935959063287,3,nr,4.295e-17
3.3875000000000002,-3.3170453223124099,3,nr,6.998e-17
3.4000000000000004,-3.1627777788917615,3,nr,2.561e-14
3.4125000000000005,-3.0173729680058075,3,nr,1.183e-16
3.4250000000000003,-2.8801786786566215,3,nr,6.822e-13
3.4375000000000004,-2.7506013975330852,3,nr,1.095e-16
3.4500000000000002,-2.6281000941635688,3,nr,4.861e-14
3.4625000000000004,-2.5121807590401075,3,nr,5.598e-17
3.4750000000000005,-2.4023915925729367,3,nr,1.073e-16
3.4875000000000003,-2.2983187577193549,3,nr,7.366e-14
3.5000000000000004,-2.1995826221819081,3,nr,1.006e-14
3.5125000000000002,-2.1058344268047375,3,nr,2.465e-17
3.5250000000000004,-2.0167533258946584,3,nr,3.535e-17
3.5375000000000005,-1.9320437528092869,3,nr,4.798e-17
3.5500000000000003,-1.8514330706556072,3,nr,2.746e-16
3.5625000000000004,-1.774669473419223,3,nr,1.527e-14
3.5750000000000002,-1.7015201075171973,3,nr,1.034e-16
3.5875000000000004,-1.6317693877458761,3,nr,1.827e-16
3.6000000000000005,-1.565217484985816,3,nr,3.321e-12
3.6125000000000003,-1.5016789660796188,3,nr,2.063e-16
3.6250000000000004,-1.4409815683034564,3,nr,2.249e-16
3.6375000000000002,-1.3829650940142471,3,nr,5.757e-13
3.6500000000000004,-1.327480411674177,3,nr,1.843e-16
3.6625000000000005,-1.2743885519961948,3,nr,1.527e-13
3.6750000000000003,-1.2235598889972203,3,nr,6.441e-13
3.6875000000000004,-1.1748733969123231,3,nr,1.060e-14
3.7000000000000002,-1.128215975068557,3,nr,1.071e-12
3.7125000000000004,-1.0834818337879433,3,nr,1.046e-12
3.7250000000000005,-1.0405719349820874,3,nr,4.357e-16
3.7375000000000003,-0.99939348204525991,3,nr,3.506e-13
3.7500000000000004,-0.95985945413779705,3,nr,2.624e-14
3.7625000000000002,-0.92188818043944598,3,nr,9.312e-17
3.7750000000000004,-0.88540295058512608,3,nr,1.052e-16
3.7875000000000005,-0.85033165776223973,3,nr,2.252e-16
3.8000000000000003,-0.81660647140207365,3,nr,1.125e-16
3.8125000000000004,-0.78416353668768901,3,nr,1.332e-12
3.8250000000000002,-0.75294269841150285,3,nr,4.581e-12
3.8375000000000004,-0.72288724695186246,3,nr,5.287e-12
3.8500000000000005,-0.69394368433238729,3,nr,2.799e-12
3.8625000000000003,-0.66606150862357316,3,nr,2.392e-16
3.8750000000000004,-0.63919301504251003,3,nr,2.374e-12
3.8875000000000002,-0.61329311230844463,3,nr,7.415e-12
3.9000000000000004,-0.58831915288279224,3,nr,8.260e-12
3.9125000000000005,-0.56423077592605386,3,nr,3.174e-12
3.9250000000000003,-0.54098976191593851,3,nr,2.829e-16
3.9375000000000004,-0.51855989795702329,3,nr,1.002e-11
3.9500000000000002,-0.49690685294544501,3,nr,6.194e-17
3.9625000000000004,-0.47599806143832157,3,nr,8.763e-17
3.9750000000000005,-0.45580261615316914,3,nr,7.745e-17
3.9875000000000003,-0.43629116777937482,3,nr,3.658e-16
4,-0.41743583187949951,3,nr,3.115e-16
4.0125000000000002,-0.39921010219153158,3,nr,8.480e-12
4.0250000000000004,-0.38158876993337437,3,nr,4.866e-17
4.0375000000000005,-0.3645478483870061,3,nr,4.061e-12
4.0500000000000007,-0.34806450281212348,3,nr,3.553e-13
4.0625,-0.33211698475670054,3,nr,3.647e-16
4.0750000000000002,-0.31668457087379798,3,nr,1.096e-16
4.0875000000000004,-0.30174750562807562,3,nr,7.677e-17
4.1000000000000005,-0.28728694774112695,3,nr,6.135e-16
4.1125000000000007,-0.27328492005667848,3,nr,9.087e-16
4.125,-0.25972426258203468,3,nr,3.482e-12
4.1375000000000002,-0.24658858850308124,3,nr,1.829e-16
4.1500000000000004,-0.23386224288430374,3,nr,5.103e-13
4.1625000000000005,-0.22153026398808895,3,nr,2.449e-16
4.1750000000000007,-0.20957834690349092,3,nr,1.157e-11
4.1875,-0.19799280945790954,3,nr,1.322e-15
4.2000000000000002,-0.18676056002061983,3,nr,5.314e-16
4.2125000000000004,-0.17586906743645547,3,nr,2.105e-16
4.2250000000000005,-0.16530633257846658,3,nr,5.419e-17
4.2375000000000007,-0.1550608616178423,3,nr,1.576e-11
4.25,-0.14512164091358504,3,nr,6.594e-17
4.2625000000000002,-0.13547811315975739,3,nr,2.741e-17
4.2750000000000004,-0.12612015514669328,3,nr,3.797e-16
4.2875000000000005,-0.11703805659690919,3,nr,2.530e-15
4.3000000000000007,-0.10822250026490803,3,nr,3.870e-15
4.3125,-0.099664543119646551,3,nr,2.208e-11
4.3250000000000002,-0.091355598658637099,3,nr,1.273e-15
4.3375000000000004,-0.083287419969269333,3,nr,5.341e-15
4.3500000000000005,-0.075452084008180445,3,nr,0.000e+00
4.3625000000000007,-0.067841976510649007,3,nr,8.868e-15
4.375,-0.060449777796119618,3,nr,9.107e-17
4.3875000000000002,-0.053268449314776631,3,nr,8.681e-15
4.4000000000000004,-0.046291220904362156,3,nr,2.070e-15
4.4125000000000005,-0.03951157871574984,3,nr,1.447e-12
4.4250000000000007,-0.032923253761622841,3,nr,1.528e-14
4.4375,-0.026520211068131856,3,nr,4.982e-15
4.4500000000000002,-0.020296639366929606,3,nr,1.501e-17
4.4625000000000004,-0.014246941322906156,3,nr,3.083e-15
4.4750000000000005,-0.0083657242509119212,3,nr,1.771e-14
4.5125000000000002,0.0083180803509209679,3,nr,1.306e-14
4.5250000000000004,0.013575506948816434,3,nr,8.696e-15
4.5375000000000005,0.018688640007649738,3,nr,7.327e-15
4.5500000000000007,0.023661814953845485,3,nr,8.725e-15
4.5625,0.028499215885905902,3,nr,1.392e-14
4.5750000000000002,0.03320488179000456,3,nr,2.625e-14
4.5875000000000004,0.037782712461099939,3,nr,5.071e-14
4.6000000000000005,0.042236474145377095,3,nr,7.055e-14
4.6125000000000007,0.046569804919274434,3,nr,5.088e-14
4.625,0.050786219818258808,3,nr,1.289e-14
4.6375000000000002,0.054889115729609583,3,nr,0.000e+00
4.6500000000000004,0.058881776060894848,3,nr,1.047e-14
4.6625000000000005,0.062767375196018035,3,nr,8.997e-14
4.6750000000000007,0.066548982749690164,3,nr,7.793e-14
4.6875,0.070229567619107064,3,nr,3.795e-11
4.7000000000000002,0.073812001926963827,3,nr,1.785e-14
4.7125000000000004,0.077299064609251386,3,nr,1.598e-13
4.7250000000000005,0.080693445084736873,3,nr,1.879e-14
4.7375000000000007,0.083997746584603808,3,nr,1.297e-14
4.75,0.087214489409063678,3,nr,1.989e-13
4.7625000000000002,0.090346114031246288,3,nr,3.775e-15
4.7750000000000004,0.093394984067091014,3,nr,7.646e-14
4.7875000000000005,0.096363389119477824,3,nr,1.277e-13
4.8000000000000007,0.099253547501395284,3,nr,6.870e-15
4.8125000000000009,0.10206760884362326,3,nr,2.737e-13
4.8250000000000002,0.10480765659455756,3,nr,1.729e-16
4.8375000000000004,0.10747571041412891,3,nr,3.473e-13
4.8500000000000005,0.11007372847778001,3,nr,2.834e-11
4.8625000000000007,0.11260360964183214,3,nr,3.583e-13
4.8750000000000009,0.11506719563129029,3,nr,2.631e-11
4.8875000000000002,0.11746627296486406,3,nr,4.500e-13
4.9000000000000004,0.11980257499552616,3,nr,8.743e-17
4.9125000000000005,0.12207778370621374,3,nr,4.598e-13
4.9250000000000007,0.12429353153358856,3,nr,1.109e-14
4.9375000000000009,0.12645140308025754,3,nr,3.079e-13
4.9500000000000002,0.12855293676850088,3,nr,1.389e-13
4.9625000000000004,0.1305996264263285,3,nr,4.474e-14
4.9750000000000005,0.13259292281423696,3,nr,6.036e-13
4.9875000000000007,0.13453423509026258,3,nr,3.407e-15
5.0000000000000009,0.13642493222131877,3,nr,3.816e-13
5.0125000000000002,0.13826634433819893,3,nr,3.059e-13
5.0250000000000004,0.14005976404644055,3,nr,3.718e-11
5.0375000000000005,0.14180644764695652,3,nr,6.394e-13
5.0500000000000007,0.1435076164139529,3,nr,2.227e-13
5.0625000000000009,0.1451644576856857,3,nr,1.842e-15
5.0750000000000002,0.14677812602037424,3,nr,7.000e-13
5.0875000000000004,0.1483497442665912,3,nr,3.365e-13
5.1000000000000005,0.1498804046002056,3,nr,4.672e-16
5.1125000000000007,0.15137116952629726,3,nr,4.939e-13
5.1250000000000009,0.15282307284235869,3,nr,7.697e-13
5.1375000000000002,0.15423712056629246,3,nr,2.921e-14
5.1500000000000004,0.15561429183412762,3,nr,8.052e-14
5.1625000000000005,0.15695553976200691,3,nr,9.604e-13
5.1750000000000007,0.15826179228065959,3,nr,4.723e-13
5.1875000000000009,0.15953395293724468,3,nr,5.029e-15
5.2000000000000002,0.16077290167307162,3,nr,1.540e-13
5.2125000000000004,0.16197949557062088,3,nr,1.036e-12
5.2250000000000005,0.16315456957732222,3,nr,5.903e-13
5.2375000000000007,0.16429893720151603,3,nr,2.436e-14
5.2500000000000009,0.1654133911886774,3,nr,3.013e-14
5.2625000000000002,0.16649870417080725,3,nr,6.886e-13
5.2750000000000004,0.16755562929669116,3,nr,1.145e-12
5.2875000000000005,0.16858490083815475,3,nr,2.799e-13
5.3000000000000007,0.16958723478020904,3,nr,3.333e-15
5.3125000000000009,0.17056332938769922,3,nr,6.637e-14
5.3250000000000002,0.17151386575548297,3,nr,6.695e-13
5.3375000000000004,0.17243950834045024,3,nr,1.195e-12
5.3500000000000005,0.17334090547611564,3,nr,4.244e-13
5.3625000000000007,0.17421868986969372,3,nr,3.628e-14
5.3750000000000009,0.17507347910066054,3,nr,1.164e-10
5.3875000000000002,0.17590587601294766,3,nr,1.874e-13
5.4000000000000004,0.17671646931474153,3,nr,7.026e-13
5.4125000000000005,0.1775058338696904,3,nr,1.018e-12
5.4250000000000007,0.17827453119519546,3,nr,3.936e-13
5.4375000000000009,0.17902310985872394,3,nr,6.618e-14
5.4500000000000002,0.17975210587833818,3,nr,1.065e-15
5.4625000000000004,0.18046204310904623,3,nr,2.251e-14
5.4750000000000005,0.18115343361884134,3,nr,2.203e-13
5.4875000000000007,0.18182677805344696,3,nr,5.131e-13
5.5000000000000009,0.18248256599038826,3,nr,6.683e-13
5.5125000000000002,0.18312127628294741,3,nr,3.111e-13
5.5250000000000004,0.18374337739379862,3,nr,9.543e-14
5.5375000000000005,0.18434932772047713,3,nr,9.134e-15
5.5500000000000007,0.18493957591779178,3,nr,6.733e-11
5.5625000000000009,0.18551456116835033,3,nr,1.085e-14
5.5750000000000002,0.18607471355446886,3,nr,7.042e-14
5.5875000000000004,0.18662045427563734,3,nr,1.565e-13
5.6000000000000005,0.18715219596817156,3,nr,2.170e-13
5.6125000000000007,0.18767034297363028,3,nr,1.571e-13
5.6250000000000009,0.1881752916073185,3,nr,8.488e-14
5.6375000000000002,0.18866743042050468,3,nr,3.263e-14
5.6500000000000004,0.18914714045572523,3,nr,6.928e-15
5.6625000000000005,0.18961479549615637,3,nr,5.648e-16
5.6750000000000007,0.19007076231118558,3,nr,2.147e-11
5.6875000000000009,0.19051540088346633,3,nr,1.761e-15
5.7000000000000002,0.19094906466278955,3,nr,1.651e-15
5.7125000000000004,0.19137210077188035,3,nr,1.028e-15
5.7250000000000005,0.19178485023950528,3,nr,2.346e-15
5.7375000000000007,0.19218764821603548,3,nr,1.778e-15
5.7500000000000009,0.19258082418672665,3,nr,0.000e+00
5.7625000000000002,0.19296470218078851,3,nr,1.037e-15
5.7750000000000004,0.19333960097646688,3,nr,1.906e-15
5.7875000000000005,0.19370583430234561,3,nr,5.786e-16
5.8000000000000007,0.19406371103508505,3,nr,4.638e-16
5.8125000000000009,0.19441353539379447,3,nr,1.103e-15
5.8250000000000002,0.19475560714062948,3,nr,1.011e-10
5.8375000000000004,0.19509022174223672,3,nr,2.179e-10
5.8500000000000005,0.19541767054848697,3,nr,2.918e-16
5.8625000000000007,0.19573824108271878,3,nr,4.618e-15
5.8750000000000009,0.196052217067988,3,nr,1.970e-14
5.8875000000000002,0.19635987869659083,3,nr,5.345e-14
5.9000000000000004,0.19666150278623995,3,nr,1.182e-13
5.9125000000000005,0.19695736295453034,3,nr,2.203e-13
5.9250000000000007,0.19724772979174457,3,nr,3.596e-13
5.9375000000000009,0.19753287103229988,3,nr,6.744e-13
5.9500000000000002,0.19781305172438124,3,nr,7.429e-13
5.9625000000000004,0.1980885343994416,3,nr,7.506e-13
5.9750000000000005,0.19835957923983497,3,nr,6.980e-13
5.9875000000000007,0.19862644424612599,3,nr,5.853e-13
6.0000000000000009,0.19888938540373238,3,nr,4.324e-13
6.0125000000000002,0.19914865684915972,3,nr,2.669e-13
6.0250000000000004,0.1994045110360059,3,nr,1.215e-13
6.0375000000000005,0.19965719890091141,3,nr,3.056e-14
6.0500000000000007,0.19990697003754382,3,nr,9.028e-11
6.0625000000000009,0.20015407282343559,3,nr,1.551e-16
6.0750000000000002,0.20039875466593696,3,nr,1.538e-14
6.0875000000000004,0.20064126209066288,3,nr,1.009e-13
6.1000000000000005,0.2008818409494128,3,nr,3.417e-13
6.1125000000000007,0.20112073658167329,3,nr,8.443e-13
6.1250000000000009,0.20135819398524576,3,nr,1.710e-12
6.1375000000000002,0.20159445798827705,3,nr,3.015e-12
6.1500000000000004,0.20182977342287936,3,nr,4.807e-12
6.1625000000000005,0.20206438530053056,3,nr,7.069e-12
6.1750000000000007,0.20229853898944608,3,nr,9.722e-12
6.1875000000000009,0.20253248039640151,3,nr,1.356e-11
6.2000000000000002,0.20276645613974711,3,nr,1.387e-11
6.2125000000000004,0.20300071374664885,3,nr,1.340e-11
6.2250000000000005,0.20323550183212438,3,nr,1.217e-11
6.2375000000000007,0.20347107029112951,3,nr,1.027e-11
6.2500000000000009,0.20370767049184146,3,nr,7.927e-12
6.2625000000000002,0.20394555547228216,3,nr,5.430e-12
6.2750000000000004,0.20418498014047967,3,nr,3.124e-12
6.2875000000000005,0.20442620147836396,3,nr,1.344e-12
6.3000000000000007,0.20466947874959091,3,nr,3.142e-13
6.3125000000000009,0.20491507371148546,3,nr,6.371e-15
6.3250000000000002,0.20516325083130407,3,nr,2.761e-15
6.3375000000000004,0.20541427750704488,3,nr,9.677e-14
6.3500000000000005,0.20566842429290483,3,nr,5.962e-13
6.3625000000000007,0.20592596512956976,3,nr,1.974e-12
6.3750000000000009,0.20618717757955421,3,nr,4.740e-12
6.3875000000000002,0.20645234306771709,3,nr,9.308e-12
6.4000000000000004,0.20672174712709607,3,nr,1.587e-11
6.4125000000000005,0.20699567965018589,3,nr,2.429e-11
6.4250000000000007,0.20727443514577026,3,nr,3.397e-11
6.4375000000000009,0.20755831300967789,3,nr,4.438e-11
6.4500000000000002,0.20784761776049862,3,nr,4.221e-11
6.4625000000000004,0.20814265936060083,3,nr,3.664e-11
6.4750000000000005,0.20844375346575358,3,nr,2.845e-11
6.4875000000000007,0.20875122171771746,3,nr,1.901e-11
6.5000000000000009,0.20906539203529384,3,nr,1.014e-11
6.5125000000000002,0.20938659891088329,3,nr,3.588e-12
6.5250000000000004,0.20971518371236691,3,nr,4.442e-13
6.5375000000000005,0.21005149499006001,3,nr,1.356e-15
6.5500000000000007,0.21039588878857729,3,nr,1.283e-13
6.5625000000000009,0.21074872896335942,3,nr,1.364e-12
6.5750000000000002,0.2111103875007429,3,nr,5.403e-12
6.5875000000000004,0.2114812448415376,3,nr,1.368e-11
6.6000000000000005,0.21186169020727486,3,nr,2.646e-11
6.6125000000000007,0.21225212192822851,3,nr,4.228e-11
6.6250000000000009,0.21265294778390562,3,nr,5.307e-11
6.6375000000000002,0.2130645852849761,3,nr,4.458e-11
6.6500000000000004,0.21348746206750474,3,nr,3.042e-11
6.6625000000000005,0.21392201617400797,3,nr,1.516e-11
6.6750000000000007,0.2143686963820331,3,nr,4.066e-12
6.6875000000000009,0.21482796251565231,3,nr,1.078e-13
6.7000000000000002,0.21530028574764443,3,nr,3.995e-14
6.7125000000000004,0.21578614889088704,3,nr,1.429e-12
6.7250000000000005,0.21628604667500317,3,nr,7.558e-12
6.7375000000000007,0.2168004860047601,3,nr,2.045e-11
6.7500000000000009,0.21732998619727986,3,nr,3.783e-11
6.7625000000000002,0.21787507920443613,3,nr,3.991e-11
6.7750000000000004,0.21843630974826519,3,nr,2.567e-11
6.7875000000000005,0.21901423553376761,3,nr,9.670e-12
6.8000000000000007,0.21960942731168989,3,nr,8.575e-13
6.8125000000000009,0.22022246894527747,3,nr,9.037e-15
6.8250000000000002,0.22085395741455102,3,nr,1.359e-12
6.8375000000000004,0.22150450276112049,3,nr,8.643e-12
6.8500000000000005,0.22217472796245477,3,nr,2.284e-11
6.8625000000000007,0.22286526873693349,3,nr,2.759e-11
6.8750000000000009,0.22357677321608188,3,nr,1.470e-11
6.8875000000000002,0.2243099016065824,3,nr,2.704e-12
6.9000000000000004,0.22506532565885509,3,nr,2.701e-16
6.9125000000000005,0.22584372805237732,3,nr,8.388e-13
6.9250000000000007,0.22664580164448334,3,nr,7.192e-12
6.9375000000000009,0.2274722485769087,3,nr,1.952e-11
6.9500000000000002,0.22832377919298,3,nr,1.255e-11
6.9625000000000004,0.22920111083072367,3,nr,2.481e-12
6.9750000000000005,0.23010496637970526,3,nr,1.710e-16
6.9875000000000007,0.23103607264952083,3,nr,1.031e-12
7.0000000000000009,0.23199515851970515,3,nr,7.261e-12
7.0125000000000002,0.23298295285715759,3,nr,9.905e-12
7.0250000000000004,0.23400018215946203,3,nr,2.584e-12
7.0375000000000005,0.2350475679759732,3,nr,6.532e-16
7.0500000000000007,0.23612582400969515,3,nr,7.935e-13
7.0625000000000009,0.23723565295275389,3,nr,5.492e-12
7.0750000000000002,0.23837774302444925,3,nr,4.142e-12
7.0875000000000004,0.23955276418886581,3,nr,1.849e-13
7.1000000000000005,0.2407613640938254,3,nr,1.176e-13
7.1125000000000007,0.24200416367666636,3,nr,2.416e-12
7.1250000000000009,0.24328175248897577,3,nr,2.557e-12
7.1375000000000002,0.24459468371914159,3,nr,7.862e-14
7.1500000000000004,0.24594346896036334,3,nr,1.351e-13
7.1625000000000005,0.24732857271635186,3,nr,1.828e-12
7.1750000000000007,0.24875040670428072,3,nr,7.475e-13
7.1875000000000009,0.25020932397481904,3,nr,2.181e-16
7.2000000000000002,0.25170561291615634,3,nr,4.528e-13
7.2125000000000004,0.25323949118262218,3,nr,7.424e-13
7.2250000000000005,0.25481109963152693,3,nr,3.668e-11
7.2375000000000007,0.25642049628903152,3,nr,1.328e-13
7.2500000000000009,0.25806765058535158,3,nr,4.169e-13
7.2625000000000002,0.25975243768638434,3,nr,2.488e-11
7.2750000000000004,0.26147463325172843,3,nr,6.951e-14
7.2875000000000005,0.26323390866823826,3,nr,1.643e-13
7.3000000000000007,0.2650298267119312,3,nr,5.224e-11
7.3125000000000009,0.26686183801143759,3,nr,5.461e-14
7.3250000000000002,0.26872927803759145,3,nr,3.506e-14
7.3375000000000004,0.2706313651793022,3,nr,8.444e-16
7.3500000000000005,0.27256719955717673,3,nr,3.130e-14
7.3625000000000007,0.27453576288624826,3,nr,6.765e-11
7.3750000000000009,0.27653591947871353,3,nr,2.090e-15
7.3875000000000002,0.2785664180674372,3,nr,7.315e-11
7.4000000000000004,0.28062589519025577,3,nr,1.247e-16
7.4125000000000005,0.28271287915063587,3,nr,2.385e-11
7.4250000000000007,0.28482579558018167,3,nr,4.564e-12
7.4375000000000009,0.28696297365325074,3,nr,2.197e-15
7.4500000000000002,0.2891226535149356,3,nr,7.627e-11
7.4625000000000004,0.29130299458933423,3,nr,1.204e-16
7.4750000000000005,0.29350208442823195,3,nr,1.796e-16
7.4875000000000007,0.29571794861724288,3,nr,3.272e-16
7.5000000000000009,0.297948560912768,3,nr,6.213e-16
7.5125000000000002,0.30019185388919101,3,nr,5.886e-17
7.5250000000000004,0.30244572980626899,3,nr,2.635e-16
7.5375000000000005,0.30470807156926366,3,nr,8.245e-12
7.5500000000000007,0.30697675361881394,3,nr,5.223e-16
7.5625000000000009,0.30924965266343074,3,nr,2.373e-11
7.5750000000000002,0.31152465799894724,3,nr,5.759e-17
7.5875000000000004,0.31379968151576643,3,nr,1.643e-11
7.6000000000000005,0.3160726669708469,3,nr,4.467e-11
7.6125000000000007,0.31834159885947005,3,nr,2.100e-14
7.6250000000000009,0.32060451026222336,3,nr,2.811e-14
7.6375000000000002,0.32285949024425187,3,nr,2.414e-16
7.6500000000000004,0.32510469024079641,3,nr,1.972e-13
7.6625000000000005,0.32733832971078169,3,nr,5.265e-11
7.6750000000000007,0.32955870086447103,3,nr,1.766e-16
7.6875000000000009,0.33176417276542125,3,nr,6.593e-11
7.7000000000000002,0.3339531944550172,3,nr,2.398e-16
7.7125000000000004,0.3361242972432022,3,nr,5.162e-11
7.7250000000000005,0.33827609662057512,3,nr,1.057e-16
7.7375000000000007,0.34040729304369161,3,nr,4.168e-11
7.7500000000000009,0.34251667240402067,3,nr,2.377e-15
7.7625000000000002,0.34460310586221748,3,nr,2.047e-16
7.7750000000000004,0.34666554902784608,3,nr,3.242e-15
7.7875000000000005,0.34870304082772813,3,nr,1.103e-15
7.8000000000000007,0.35071470190453519,3,nr,1.728e-15
7.8125000000000009,0.35269973267730115,3,nr,9.717e-15
7.8250000000000002,0.35465741110599691,3,nr,3.410e-16
7.8375000000000004,0.35658709021051083,3,nr,1.105e-14
7.8500000000000005,0.35848819539093724,3,nr,5.123e-15
7.8625000000000007,0.36036022157826486,3,nr,5.980e-11
7.8750000000000009,0.36220273035574307,3,nr,2.816e-14
7.8875000000000002,0.36401534678519482,3,nr,1.927e-15
7.9000000000000004,0.36579775647294999,3,nr,6.287e-15
7.9125000000000005,0.36754970240147039,3,nr,4.458e-14
7.9250000000000007,0.3692709818527925,3,nr,1.161e-15
7.9375000000000009,0.37096144334524239,3,nr,1.473e-14
7.9500000000000002,0.37262098361578549,3,nr,6.272e-14
7.9625000000000004,0.37424954466375521,3,nr,2.258e-15
7.9750000000000005,0.37584711086900685,3,nr,1.480e-14
7.9875000000000007,0.37741370619441966,3,nr,9.805e-14
8,0.37894939148163431,3,nr,9.075e-15
8.0124999999999993,0.38045426184571668,3,nr,3.930e-15
8.0250000000000004,0.38192844417410915,3,nr,1.117e-13
8.0374999999999996,0.38337209473239181,3,nr,4.888e-14
8.0499999999999989,0.38478539687862467,3,nr,6.634e-16
8.0625,0.38616855888775475,3,nr,6.142e-14
8.0749999999999993,0.38752181188482071,3,nr,1.834e-13
8.0875000000000004,0.38884540788620403,3,nr,2.341e-14
8.0999999999999996,0.39013961796730817,3,nr,9.987e-11
8.1124999999999989,0.39140473041733015,3,nr,1.204e-13
8.125,0.39264104928642601,3,nr,2.215e-13
8.1374999999999993,0.3938488926432096,3,nr,3.007e-14
8.1500000000000004,0.39502859121951472,3,nr,5.342e-12
8.1624999999999996,0.39618048702325565,3,nr,1.098e-13
8.1749999999999989,0.39730493207374667,3,nr,3.187e-13
8.1875,0.39840228720093895,3,nr,1.101e-13
8.1999999999999993,0.39947292093885078,3,nr,2.168e-15
8.2125000000000004,0.40051720849035533,3,nr,1.736e-14
8.2249999999999996,0.4015355307641385,3,nr,2.377e-13
8.2374999999999989,0.40252827348113979,3,nr,3.996e-13
8.25,0.40349582634482212,3,nr,1.162e-13
8.2624999999999993,0.40443858227451374,3,nr,3.267e-15
8.2750000000000004,0.40535693669500761,3,nr,8.208e-15
8.2874999999999996,0.40625128688160062,3,nr,1.947e-13
8.2999999999999989,0.40712203135643837,3,nr,4.689e-13
8.3125,0.40796956933316497,3,nr,3.235e-13
8.3249999999999993,0.40879430020612151,3,nr,7.098e-14
8.3375000000000004,0.40959662308382128,3,nr,2.355e-15
8.3499999999999996,0.41037693636047246,3,nr,1.008e-14
8.3624999999999989,0.41113563732576075,3,nr,1.870e-13
8.375,0.41187312180937685,3,nr,4.747e-13
8.3874999999999993,0.41258978385825262,3,nr,5.458e-13
8.4000000000000004,0.41328601544327331,3,nr,2.437e-13
8.4124999999999996,0.41396220619640856,3,nr,5.181e-14
8.4249999999999989,0.41461874317229103,3,nr,1.044e-15
8.4375,0.41525601063546658,3,nr,2.937e-15
8.4499999999999993,0.41587438987042286,3,nr,1.088e-13
8.4625000000000004,0.41647425901298468,3,nr,3.428e-13
8.4749999999999996,0.41705599290153961,3,nr,5.680e-13
8.4874999999999989,0.41761996294684056,3,nr,5.579e-13
8.5,0.41816653701805562,3,nr,3.046e-13
8.5124999999999993,0.41869607934655423,3,nr,1.130e-13
8.5250000000000004,0.41920895044250822,3,nr,1.999e-14
8.5374999999999996,0.41970550702607867,3,nr,4.350e-16
8.5499999999999989,0.420186101971046,3,nr,1.675e-15
8.5625,0.42065108426010922,3,nr,4.578e-14
8.5749999999999993,0.42110079895098179,3,nr,1.623e-13
8.5875000000000004,0.42153558715245409,3,nr,3.169e-13
8.5999999999999996,0.42195578600964823,3,nr,4.532e-13
8.6124999999999989,0.42236172869776073,3,nr,5.272e-13
8.625,0.42275374442374425,3,nr,3.943e-13
8.6374999999999993,0.42313215843459573,3,nr,2.479e-13
8.6500000000000004,0.42349729203352093,3,nr,1.317e-13
8.6624999999999996,0.42384946260089557,3,nr,5.545e-14
8.6749999999999989,0.42418898362148583,3,nr,1.706e-14
8.6875,0.42451616471666814,3,nr,2.360e-15
8.6999999999999993,0.42483131168135829,3,nr,7.640e-16
8.7125000000000004,0.42513472650521367,3,nr,1.714e-10
8.7249999999999996,0.42542670751799,3,nr,5.309e-15
8.7374999999999989,0.4257075492379726,3,nr,2.417e-14
8.75,0.42597754262440368,3,nr,4.990e-14
8.7624999999999993,0.42623697503237684,3,nr,7.744e-14
8.7750000000000004,0.42648613029067461,3,nr,1.044e-13
8.7874999999999996,0.42672528876205318,3,nr,1.247e-13
8.7999999999999989,0.42695472740578433,3,nr,1.371e-13
8.8125,0.42717471984223965,3,nr,1.381e-13
8.8249999999999993,0.42738553641932803,3,nr,1.335e-13
8.8375000000000004,0.42758744428063206,3,nr,8.937e-14
8.8499999999999996,0.42778070743493374,3,nr,6.945e-14
8.8624999999999989,0.42796558682735231,3,nr,4.718e-14
8.875,0.42814234041145294,3,nr,3.516e-14
8.8874999999999993,0.4283112232225853,3,nr,2.123e-14
8.9000000000000004,0.42847248745218774,3,nr,1.494e-14
8.9124999999999996,0.42862638252297208,3,nr,7.410e-15
8.9249999999999989,0.42877315516490089,3,nr,3.270e-15
8.9375,0.42891304949186987,3,nr,2.104e-15
8.9499999999999993,0.42904630707901764,3,nr,8.518e-16
8.9625000000000004,0.42917316704059671,3,nr,9.757e-16
8.9749999999999996,0.42929386610833836,3,nr,2.445e-16
8.9874999999999989,0.42940863871026097,3,nr,4.491e-16
9,0.42951771706370845,3,nr,1.357e-10
9.0124999999999993,0.42962133118058926,3,nr,5.022e-11
9.0250000000000004,0.42971970911636731,3,nr,5.162e-11
9.0374999999999996,0.42981307683978687,3,nr,5.101e-11
9.0499999999999989,0.42990165846194661,3,nr,1.954e-11
9.0625,0.42998567626694967,3,nr,4.720e-13
9.0749999999999993,0.43006535079605934,3,nr,4.203e-11
9.0875000000000004,0.43014090088440132,3,nr,2.475e-10
9.0999999999999996,0.43021254391125474,3,nr,1.120e-15
9.1124999999999989,0.43028049559150711,3,nr,5.814e-16
9.125,0.43034497032406971,3,nr,6.237e-17
9.1374999999999993,0.43040618114610413,3,nr,1.665e-16
9.1500000000000004,0.43046433983922666,3,nr,1.563e-15
9.1624999999999996,0.43051965701119915,3,nr,5.841e-16
9.1749999999999989,0.43057234217771262,3,nr,5.846e-16
9.1875,0.43062260384425666,3,nr,3.845e-15
9.1999999999999993,0.43067064958806867,3,nr,5.207e-15
9.2125000000000004,0.43071668614015696,3,nr,8.580e-15
9.2249999999999996,0.43076091946739209,3,nr,1.138e-14
9.2374999999999989,0.43080355485465754,3,nr,1.864e-14
9.25,0.43084479698705686,3,nr,2.361e-14
9.2624999999999993,0.4308848500321607,3,nr,3.369e-14
9.2750000000000004,0.4309239177222936,3,nr,4.601e-14
9.2874999999999996,0.43096220343683822,3,nr,5.855e-14
9.2999999999999989,0.43099991028454993,3,nr,7.696e-14
9.3125,0.43103724118586179,3,nr,9.780e-14
9.3249999999999993,0.43107439895516009,3,nr,1.231e-13
9.3375000000000004,0.43111158638300839,3,nr,1.555e-13
9.3499999999999996,0.43114900631829195,3,nr,1.903e-13
9.3624999999999989,0.43118686175025112,3,nr,2.319e-13
9.375,0.43122535589036942,3,nr,2.874e-13
9.3874999999999993,0.43126469225407338,3,nr,3.476e-13
9.4000000000000004,0.43130507474219604,3,nr,4.185e-13
9.4124999999999996,0.43134670772215478,3,nr,5.040e-13
9.4249999999999989,0.43138979610877892,3,nr,6.014e-13
9.4375,0.43143454544472121,3,nr,7.129e-13
9.4499999999999993,0.43148116198037634,3,nr,8.490e-13
9.4625000000000004,0.4315298527532237,3,nr,1.001e-12
9.4749999999999996,0.43158082566649447,3,nr,1.177e-12
9.4874999999999989,0.43163428956706296,3,nr,1.383e-12
9.5,0.43169045432244257,3,nr,1.616e-12
9.5124999999999993,0.43174953089675677,3,nr,1.887e-12
9.5250000000000004,0.43181173142554702,3,nr,2.190e-12
9.5374999999999996,0.4318772692892523,3,nr,2.535e-12
9.5499999999999989,0.43194635918519991,3,nr,2.925e-12
9.5625,0.4320192171979092,3,nr,3.359e-12
9.5749999999999993,0.43209606086750701,3,nr,3.844e-12
9.5875000000000004,0.43217710925603192,3,nr,4.371e-12
9.5999999999999996,0.43226258301137455,3,nr,4.950e-12
9.6125000000000007,0.43235270442859947,3,nr,5.570e-12
9.625,0.43244769750834694,3,nr,6.228e-12
9.6374999999999993,0.4325477880134439,3,nr,7.105e-12
9.6500000000000004,0.43265320351487124,3,nr,7.183e-12
9.6624999999999996,0.43276417344776524,3,nr,7.157e-12
9.6750000000000007,0.43288092914931264,3,nr,7.010e-12
9.6875,0.43300370389868442,3,nr,6.733e-12
9.6999999999999993,0.43313273295041815,3,nr,6.323e-12
9.7125000000000004,0.43326825356209575,3,nr,5.773e-12
9.7249999999999996,0.43341050501579115,3,nr,5.104e-12
9.7375000000000007,0.43355972863272152,3,nr,4.333e-12
9.75,0.4337161677805022,3,nr,3.496e-12
9.7624999999999993,0.4338800678723595,3,nr,2.638e-12
9.7750000000000004,0.43405167635762082,3,nr,1.818e-12
9.7874999999999996,0.4342312427027496,3,nr,1.096e-12
9.8000000000000007,0.43441901836216118,3,nr,5.327e-13
9.8125,0.43461525673799534,3,nr,1.747e-13
9.8249999999999993,0.43482021312799002,3,nr,2.036e-14
9.8375000000000004,0.43503414466054324,3,nr,1.555e-16
9.8499999999999996,0.43525731021601977,3,nr,5.577e-15
9.8625000000000007,0.43548997033330294,3,nr,4.630e-14
9.875,0.43573238710051293,3,nr,1.984e-13
9.8874999999999993,0.43598482402883454,3,nr,5.593e-13
9.9000000000000004,0.43624754590831283,3,nr,1.211e-12
9.9124999999999996,0.43652081864443937,3,nr,2.214e-12
9.9250000000000007,0.43680490907431957,3,nr,3.558e-12
9.9375,0.43710008476117695,3,nr,5.145e-12
9.9499999999999993,0.43740661376591816,3,nr,6.783e-12
9.9625000000000004,0.43772476439631314,3,nr,7.084e-12
9.9749999999999996,0.43805480492139132,3,nr,5.949e-12
9.9875000000000007,0.43839700327733877,3,nr,4.356e-12
10,0.43875162672717033,3,nr,2.632e-12
3.5500000000000003,14.989298820473044,4,nr,2.562e-15
3.5625000000000004,14.897302262870342,4,nr,1.442e-11
3.5750000000000002,14.805984676880014,4,nr,1.045e-11
3.5875000000000004,14.715348946720622,4,nr,1.882e-12
3.6000000000000005,14.625397305141117,4,nr,2.551e-12
3.6125000000000003,14.536131381809311,4,nr,1.560e-11
3.6250000000000004,14.447552248491656,4,nr,1.016e-15
3.6375000000000002,14.359660461217437,4,nr,4.264e-15
3.6500000000000004,14.27245609917663,4,nr,7.676e-12
3.6625000000000005,14.185938801213821,4,nr,1.504e-11
3.6750000000000003,14.100107799462657,4,nr,3.012e-13
3.6875000000000004,14.01496195104794,4,nr,4.389e-12
3.7000000000000002,13.93049976719759,4,nr,6.152e-12
3.7125000000000004,13.846719440497369,4,nr,1.052e-11
3.7250000000000005,13.76361887040567,4,nr,2.531e-16
3.7375000000000003,13.681195686668579,4,nr,2.435e-11
3.7500000000000004,13.599447271569499,4,nr,2.403e-15
3.7625000000000002,13.51837078013441,4,nr,7.270e-15
3.7750000000000004,13.437963159454798,4,nr,6.108e-16
3.7875000000000005,13.35822116635576,4,nr,1.055e-15
3.8000000000000003,13.279141383986925,4,nr,4.255e-15
3.8125000000000004,13.200720237276908,4,nr,1.748e-11
3.8250000000000002,13.122954007251362,4,nr,5.310e-15
3.8375000000000004,13.045838844610193,4,nr,2.422e-11
3.8500000000000005,12.969370781990765,4,nr,1.187e-15
3.8625000000000003,12.893545745890849,4,nr,9.195e-16
3.8750000000000004,12.81835956733045,4,nr,1.944e-15
3.8875000000000002,12.743807992083388,4,nr,2.610e-15
3.9000000000000004,12.669886690123516,4,nr,2.012e-11
3.9125000000000005,12.596591264364383,4,nr,1.038e-15
3.9250000000000003,12.523917259025275,4,nr,1.520e-15
3.9375000000000004,12.451860167148835,4,nr,4.300e-15
3.9500000000000002,12.380415437829157,4,nr,9.442e-12
3.9625000000000004,12.30957848283064,4,nr,2.465e-15
3.9750000000000005,12.239344682869268,4,nr,6.563e-15
3.9875000000000003,12.169709393344537,4,nr,3.519e-15
4,12.100667949792566,4,nr,2.371e-11
4.0125000000000002,12.032215672842565,4,nr,7.903e-16
4.0250000000000004,11.964347873069192,4,nr,3.971e-16
4.0375000000000005,11.897059855219045,4,nr,5.487e-16
4.0500000000000007,11.830346922375046,4,nr,7.795e-12
4.0625,11.764204379722214,4,nr,6.595e-15
4.0750000000000002,11.698627538141341,4,nr,2.276e-15
4.0875000000000004,11.633611717464662,4,nr,3.657e-15
4.1000000000000005,11.569152249577282,4,nr,4.488e-15
4.1125000000000007,11.50524448128102,4,nr,4.165e-12
4.125,11.441883776951434,4,nr,9.715e-15
4.1375000000000002,11.379065521046808,4,nr,1.754e-15
4.1500000000000004,11.3167851203971,4,nr,9.321e-16
4.1625000000000005,11.255038006368537,4,nr,1.088e-13
4.1750000000000007,11.193819636863722,4,nr,9.488e-15
4.1875,11.133125498185265,4,nr,4.707e-16
4.2000000000000002,11.072951106767949,4,nr,5.246e-17
4.2125000000000004,11.013292010790231,4,nr,4.683e-15
4.2250000000000005,10.954143791672195,4,nr,8.337e-15
4.2375000000000007,10.895502065475563,4,nr,1.436e-11
4.25,10.837362484160341,4,nr,7.929e-15
4.2625000000000002,10.779720736863178,4,nr,6.141e-15
4.2750000000000004,10.72257255094001,4,nr,8.766e-15
4.2875000000000005,10.665913693060826,4,nr,3.507e-11
4.3000000000000007,10.609739970093045,4,nr,2.793e-11
4.3125,10.554047230107711,4,nr,5.388e-15
4.3250000000000002,10.498831363177668,4,nr,9.667e-16
4.3375000000000004,10.444088302103332,4,nr,1.003e-14
4.3500000000000005,10.3898140231786,4,nr,2.229e-11
4.3625000000000007,10.336004546920783,4,nr,2.895e-11
4.375,10.282655938520028,4,nr,6.347e-15
4.3875000000000002,10.229764308669154,4,nr,2.076e-11
4.4000000000000004,10.177325813944943,4,nr,4.879e-11
4.4125000000000005,10.125336657424832,4,nr,2.730e-12
4.4250000000000007,10.073793089017581,4,nr,8.675e-16
4.4375,10.022691406118868,4,nr,3.906e-15
4.4500000000000002,9.9720279539355765,4,nr,2.483e-11
4.4625000000000004,9.9217991258754186,4,nr,1.556e-11
4.4750000000000005,9.8720013640227808,4,nr,1.023e-11
4.4875000000000007,9.8226311594451037,4,nr,9.010e-13
4.5,9.7736850525890109,4,nr,1.256e-13
4.5125000000000002,9.725159633601713,4,nr,4.481e-13
4.5250000000000004,9.6770515426742794,4,nr,3.515e-11
4.5375000000000005,9.6293574704474736,4,nr,4.649e-12
4.5500000000000007,9.5820741581847333,4,nr,2.869e-15
4.5625,9.5351983982415831,4,nr,7.256e-12
4.5750000000000002,9.4887270342972876,4,nr,3.016e-11
4.5875000000000004,9.4426569618068878,4,nr,4.393e-11
4.6000000000000005,9.3969851280562242,4,nr,1.487e-16
4.6125000000000007,9.3517085328504752,4,nr,2.984e-15
4.625,9.3068242285768701,4,nr,5.664e-16
4.6375000000000002,9.2623293206654846,4,nr,2.774e-15
4.6500000000000004,9.2182209679328224,4,nr,1.670e-11
4.6625000000000005,9.1744963829046782,4,nr,1.501e-11
4.6750000000000007,9.131152832309029,4,nr,7.773e-16
4.6875,9.088187637327886,4,nr,5.752e-15
4.7000000000000002,9.0455981741190552,4,nr,1.896e-15
4.7125000000000004,9.0033818742076939,4,nr,1.119e-15
4.7250000000000005,8.9615362249475101,4,nr,6.805e-15
4.7375000000000007,8.9200587700012086,4,nr,7.592e-12
4.75,8.878947109837684,4,nr,2.920e-11
4.7625000000000002,8.8381989022267486,4,nr,1.425e-15
4.7750000000000004,8.7978118628945037,4,nr,5.788e-16
4.7875000000000005,8.7577837659905242,4,nr,7.031e-15
4.8000000000000007,8.718112444768483,4,nr,3.505e-15
4.8125000000000009,8.6787957922225463,4,nr,3.442e-15
4.8250000000000002,8.6398317617709122,4,nr,3.724e-12
4.8375000000000004,8.6012183679871779,4,nr,5.180e-15
4.8500000000000005,8.5629536873446828,4,nr,6.194e-16
4.8625000000000007,8.525035859040031,4,nr,5.924e-12
4.8750000000000009,8.4874630858166853,4,nr,3.586e-15
4.8875000000000002,8.4502336348869402,4,nr,8.266e-15
4.9000000000000004,8.4133458388430924,4,nr,6.454e-15
4.9125000000000005,8.3767980966608349,4,nr,6.832e-15
4.9250000000000007,8.3405888747375325,4,nr,5.694e-15
4.9375000000000009,8.304716707981548,4,nr,1.219e-11
4.9500000000000002,8.2691802010035467,4,nr,1.913e-11
4.9625000000000004,8.2339780292194771,4,nr,1.133e-14
4.9750000000000005,8.1991089402794977,4,nr,4.434e-12
4.9875000000000007,8.164571755253224,4,nr,2.722e-11
5.0000000000000009,8.1303653701754488,4,nr,5.189e-15
5.0125000000000002,8.0964887573457656,4,nr,1.656e-15
5.0250000000000004,8.0629409670175836,4,nr,4.213e-15
5.0375000000000005,8.0297211289334562,4,nr,1.245e-11
5.0500000000000007,7.9968284540598669,4,nr,2.777e-15
5.0625000000000009,7.9642622363005442,4,nr,2.293e-11
5.0750000000000002,7.9320218543467407,4,nr,6.057e-15
5.0875000000000004,7.9001067736950503,4,nr,9.407e-17
5.1000000000000005,7.8685165485445756,4,nr,1.776e-15
5.1125000000000007,7.8372508239567429,4,nr,1.858e-15
5.1250000000000009,7.8063093380298634,4,nr,1.846e-16
5.1375000000000002,7.7756919241753373,4,nr,3.300e-15
5.1500000000000004,7.7453985134846413,4,nr,3.642e-15
5.1625000000000005,7.7154291371879724,4,nr,1.175e-15
5.1750000000000007,7.6857839292051917,4,nr,2.693e-15
5.1875000000000009,7.6564631287891096,4,nr,3.654e-15
5.2000000000000002,7.6274670832607478,4,nr,3.803e-15
5.2125000000000004,7.5987962508355036,4,nr,4.653e-15
5.2250000000000005,7.5704512035384512,4,nr,3.484e-16
5.2375000000000007,7.5424326302061084,4,nr,1.729e-16
5.2500000000000009,7.5147413395655214,4,nr,8.814e-12
5.2625000000000002,7.4873782634246533,4,nr,1.276e-15
5.2750000000000004,7.4603444598516191,4,nr,3.374e-15
5.2875000000000005,7.4336411165290679,4,nr,3.011e-15
5.3000000000000007,7.4072695540803801,4,nr,1.907e-15
5.3125000000000009,7.3812312294726956,4,nr,1.644e-16
5.3250000000000002,7.3555277394442484,4,nr,2.362e-15
5.3375000000000004,7.3301608239453824,4,nr,2.987e-15
5.3500000000000005,7.3051323695738946,4,nr,2.560e-15
5.3625000000000007,7.280444412982213,4,nr,2.377e-16
5.3750000000000009,7.2560991442299292,4,nr,9.419e-16
5.3875000000000002,7.2320989100510147,4,nr,2.643e-15
5.4000000000000004,7.2084462170001098,4,nr,9.238e-16
5.4125000000000005,7.1851437344368989,4,nr,1.829e-15
5.4250000000000007,7.1621942973012942,4,nr,3.698e-15
5.4375000000000009,7.1396009086161394,4,nr,1.168e-11
5.4500000000000002,7.1173667417205211,4,nr,1.700e-15
5.4625000000000004,7.0954951419684091,4,nr,3.657e-15
5.4750000000000005,7.0739896281466459,4,nr,1.093e-11
5.4875000000000007,7.0528538931325615,4,nr,2.864e-16
5.5000000000000009,7.0320918040764289,4,nr,3.683e-15
5.5125000000000002,7.0117074016072571,4,nr,7.705e-16
5.5250000000000004,6.9917048982627703,4,nr,2.771e-16
5.5375000000000005,6.9720886758056517,4,nr,5.479e-16
5.5500000000000007,6.9528632813281268,4,nr,2.031e-16
5.5625000000000009,6.9340334219761335,4,nr,2.170e-11
5.5750000000000002,6.9156039579463782,4,nr,9.262e-16
5.5875000000000004,6.8975798939740987,4,nr,1.961e-15
5.6000000000000005,6.8799663683358361,4,nr,4.226e-14
5.6125000000000007,6.8627686398323311,4,nr,1.915e-16
5.6250000000000009,6.8459920720201239,4,nr,6.308e-16
5.6375000000000002,6.8296421145198281,4,nr,3.552e-12
5.6500000000000004,6.8137242810850163,4,nr,1.783e-11
5.6625000000000005,6.7982441238557998,4,nr,8.186e-12
5.6750000000000007,6.783207203910318,4,nr,9.534e-12
5.6875000000000009,6.768619057012871,4,nr,1.885e-11
5.7000000000000002,6.7544851546583509,4,nr,4.460e-12
5.7125000000000004,6.7408108599806891,4,nr,6.945e-16
5.7250000000000005,6.7276013775353123,4,nr,1.218e-11
5.7375000000000007,6.7148616972045483,4,nr,2.829e-13
5.7500000000000009,6.7025965315647795,4,nr,1.550e-11
5.7625000000000002,6.6908102458939096,4,nr,2.864e-15
5.7750000000000004,6.6795067814172855,4,nr,2.209e-12
5.7875000000000005,6.6686895704771771,4,nr,9.261e-12
5.8000000000000007,6.6583614443194987,4,nr,1.061e-11
5.8125000000000009,6.6485245329336697,4,nr,8.291e-12
5.8250000000000002,6.639180157329382,4,nr,3.140e-12
5.8375000000000004,6.6303287144709229,4,nr,6.662e-16
5.8500000000000005,6.6219695554789419,4,nr,1.571e-15
5.8625000000000007,6.6141008579098379,4,nr,2.286e-12
5.8750000000000009,6.606719493303415,4,nr,7.432e-16
5.8875000000000002,6.5998208914815519,4,nr,8.798e-14
5.9000000000000004,6.59339890363617,4,nr,2.816e-12
5.9125000000000005,6.5874456664733545,4,nr,5.762e-16
5.9250000000000007,6.5819514702018163,4,nr,4.993e-16
5.9375000000000009,6.5769046337574535,4,nr,5.889e-16
5.9500000000000002,6.5722913907746019,4,nr,2.101e-16
5.9625000000000004,6.5680957904527233,4,nr,6.698e-13
5.9750000000000005,6.5642996176352622,4,nr,9.062e-14
5.9875000000000007,6.5608823366008782,4,nr,8.437e-16
6.0000000000000009,6.5578210631567586,4,nr,1.739e-13
6.0125000000000002,6.5550905693881161,4,nr,2.511e-12
6.0250000000000004,6.5526633250710855,4,nr,5.232e-13
6.0375000000000005,6.5505095792263042,4,nr,1.314e-15
6.0500000000000007,6.5485974841996919,4,nr,4.542e-13
6.0625000000000009,6.5468932638064565,4,nr,3.204e-16
6.0750000000000002,6.545361425539765,4,nr,1.102e-11
6.0875000000000004,6.5439650155383449,4,nr,2.927e-13
6.1000000000000005,6.5426659127853446,4,nr,6.085e-13
6.1125000000000007,6.5414251585904495,4,nr,7.209e-16
6.1250000000000009,6.5402033142425111,4,nr,7.862e-13
6.1375000000000002,6.5389608395454433,4,nr,1.256e-13
6.1500000000000004,6.537658483272522,4,nr,1.464e-13
6.1625000000000005,6.536257675847235,4,nr,4.072e-15
6.1750000000000007,6.534720914339375,4,nr,1.813e-13
6.1875000000000009,6.5330121299005128,4,nr,4.954e-13
6.2000000000000002,6.5310970284014482,4,nr,2.260e-13
6.2125000000000004,6.5289433961020293,4,nr,8.647e-16
6.2250000000000005,6.5265213635020132,4,nr,5.499e-13
6.2375000000000007,6.5238036223255786,4,nr,3.641e-16
6.2500000000000009,6.5207655923050476,4,nr,2.609e-13
6.2625000000000002,6.5173855364372963,4,nr,1.016e-12
6.2750000000000004,6.5136446251107323,4,nr,2.797e-16
6.2875000000000005,6.5095269511950775,4,nr,7.056e-17
6.3000000000000007,6.5050194996394159,4,nr,6.887e-16
6.3125000000000009,6.5001120761432336,4,nr,3.982e-15
6.3250000000000002,6.4947972003707815,4,nr,9.264e-12
6.3375000000000004,6.4890699694796687,4,nr,7.352e-16
6.3500000000000005,6.4829278983703897,4,nr,1.760e-15
6.3625000000000007,6.4763707420903129,4,nr,6.521e-13
6.3750000000000009,6.4694003066225694,4,nr,3.551e-16
6.3875000000000002,6.4620202529685224,4,nr,2.509e-12
6.4000000000000004,6.4542358992046651,4,nr,5.718e-16
6.4125000000000005,6.4460540246008762,4,nr,2.278e-12
6.4250000000000007,6.437482678941544,4,nr,6.655e-12
6.4375000000000009,6.4285309998378972,4,nr,1.026e-15
6.4500000000000002,6.41920904004738,4,nr,0.000e+00
6.4625000000000004,6.4095276060563062,4,nr,2.327e-15
6.4750000000000005,6.3994981091099561,4,nr,4.490e-16
6.4875000000000007,6.3891324290110676,4,nr,1.194e-15
6.5000000000000009,6.3784427908760755,4,nr,6.913e-16
6.5125000000000002,6.3674416546509214,4,nr,1.772e-11
6.5250000000000004,6.3561416171458411,4,nr,1.492e-11
6.5375000000000005,6.3445553254709202,4,nr,1.078e-15
6.5500000000000007,6.3326954022399855,4,nr,3.217e-15
6.5625000000000009,6.3205743804768408,4,nr,7.546e-12
6.5750000000000002,6.3082046483611309,4,nr,3.114e-16
6.5875000000000004,6.2955984026574576,4,nr,1.042e-11
6.6000000000000005,6.2827676097929039,4,nr,1.661e-15
6.6125000000000007,6.26972397424516,4,nr,3.881e-15
6.6250000000000009,6.2564789129539111,4,nr,1.441e-15
6.6375000000000002,6.2430435354401563,4,nr,2.122e-15
6.6500000000000004,6.2294286287381988,4,nr,1.879e-15
6.6625000000000005,6.2156446466087631,4,nr,2.286e-11
6.6750000000000007,6.2017017023228584,4,nr,3.300e-15
6.6875000000000009,6.1876095648995255,4,nr,9.045e-16
6.7000000000000002,6.1733776576719404,4,nr,9.151e-16
6.7125000000000004,6.1590150594304491,4,nr,1.139e-15
6.7250000000000005,6.1445305073769605,4,nr,1.513e-15
6.7375000000000007,6.1299324017126686,4,nr,2.075e-11
6.7500000000000009,6.1152288114552213,4,nr,6.450e-12
6.7625000000000002,6.1004274815286141,4,nr,2.239e-11
6.7750000000000004,6.0855358404032991,4,nr,3.621e-11
6.7875000000000005,6.0705610085854023,4,nr,3.512e-11
6.8000000000000007,6.0555098077943326,4,nr,3.840e-11
6.8125000000000009,6.0403887697604137,4,nr,2.526e-11
6.8250000000000002,6.0252041462586652,4,nr,8.058e-12
6.8375000000000004,6.0099619185141213,4,nr,2.223e-11
6.8500000000000005,5.9946678070194759,4,nr,2.641e-15
6.8625000000000007,5.9793272811018197,4,nr,1.454e-15
6.8750000000000009,5.9639455686739513,4,nr,4.649e-15
6.8875000000000002,5.9485276656454182,4,nr,1.070e-15
6.9000000000000004,5.9330783452478286,4,nr,2.576e-15
6.9125000000000005,5.9176021671464172,4,nr,3.018e-15
6.9250000000000007,5.9021034863262001,4,nr,7.697e-15
6.9375000000000009,5.8865864617339501,4,nr,3.413e-16
6.9500000000000002,5.8710550646619053,4,nr,5.593e-15
6.9625000000000004,5.8555130868538097,4,nr,2.035e-11
6.9750000000000005,5.8399641483829692,4,nr,2.655e-11
6.9875000000000007,5.8244117051812809,4,nr,4.939e-15
7.0000000000000009,5.8088590562977158,4,nr,4.533e-15
7.0125000000000002,5.7933093509839715,4,nr,1.344e-15
7.0250000000000004,5.777765595376688,4,nr,1.444e-15
7.0375000000000005,5.7622306589755548,4,nr,6.002e-15
7.0500000000000007,5.7467072808447179,4,nr,6.870e-15
7.0625000000000009,5.731198075556251,4,nr,2.398e-15
7.0750000000000002,5.7157055388827702,4,nr,2.415e-15
7.0875000000000004,5.7002320532581887,4,nr,2.858e-11
7.1000000000000005,5.6847798929333297,4,nr,8.474e-16
7.1125000000000007,5.6693512290779271,4,nr,1.801e-15
7.1250000000000009,5.6539481344314488,4,nr,2.575e-15
7.1375000000000002,5.6385725879168529,4,nr,2.495e-15
7.1500000000000004,5.623226478982021,4,nr,4.634e-15
7.1625000000000005,5.6079116117582677,4,nr,9.809e-15
7.1750000000000007,5.5926297090324315,4,nr,1.377e-14
7.1875000000000009,5.5773824160404537,4,nr,1.601e-14
7.2000000000000002,5.5621713040903185,4,nr,9.186e-15
7.2125000000000004,5.5469978740217023,4,nr,1.564e-14
7.2250000000000005,5.531863559509973,4,nr,5.789e-15
7.2375000000000007,5.5167697302214247,4,nr,6.120e-15
7.2500000000000009,5.5017176948267315,4,nr,1.119e-14
7.2625000000000002,5.4867087038792457,4,nr,9.117e-15
7.2750000000000004,5.4717439525644913,4,nr,5.750e-15
7.2875000000000005,5.4568245833270463,4,nr,1.089e-14
7.3000000000000007,5.4419516883806782,4,nr,1.155e-14
7.3125000000000009,5.4271263121073847,4,nr,8.765e-16
7.3250000000000002,5.4123494533507577,4,nr,1.004e-14
7.3375000000000004,5.3976220676088937,4,nr,1.169e-14
7.3500000000000005,5.3829450691316998,4,nr,4.695e-15
7.3625000000000007,5.3683193329275189,4,nr,8.588e-15
7.3750000000000009,5.3537456966833714,4,nr,0.000e+00
7.3875000000000002,5.3392249626033284,4,nr,2.637e-15
7.4000000000000004,5.3247578991690148,4,nr,5.079e-15
7.4125000000000005,5.3103452428500431,4,nr,7.967e-11
7.4250000000000007,5.2959876996015636,4,nr,8.571e-15
7.4375000000000009,5.2816859466520558,4,nr,6.941e-15
7.4500000000000002,5.2674406337522459,4,nr,3.748e-16
7.4625000000000004,5.2532523847209118,4,nr,2.791e-15
7.4750000000000005,5.2391217987911736,4,nr,1.171e-14
7.4875000000000007,5.2250494519271911,4,nr,1.600e-12
7.5000000000000009,5.211035898087065,4,nr,3.893e-15
7.5125000000000002,5.1970816704442928,4,nr,1.544e-15
7.5250000000000004,5.1831872825542566,4,nr,4.452e-15
7.5375000000000005,5.1693532294842859,4,nr,3.699e-15
7.5500000000000007,5.1555799888899614,4,nr,3.596e-11
7.5625000000000009,5.1418680221129067,4,nr,3.384e-15
7.5750000000000002,5.1282177750924678,4,nr,6.341e-15
7.5875000000000004,5.1146296794420314,4,nr,5.584e-15
7.6000000000000005,5.1011041533432131,4,nr,3.700e-15
7.6125000000000007,5.0876416024689837,4,nr,8.917e-15
7.6250000000000009,5.0742424208677717,4,nr,3.667e-15
7.6375000000000002,5.0609069918160907,4,nr,1.533e-11
7.6500000000000004,5.0476356886700877,4,nr,2.682e-15
7.6625000000000005,5.0344288756312103,4,nr,1.975e-15
7.6750000000000007,5.0212869085689356,4,nr,9.438e-12
7.6875000000000009,5.0082101357755562,4,nr,9.714e-16
7.7000000000000002,4.9951988986888054,4,nr,2.535e-12
7.7125000000000004,4.9822535326254229,4,nr,4.740e-11
7.7250000000000005,4.9693743675393502,4,nr,2.086e-11
7.7375000000000007,4.9565617286064665,4,nr,1.674e-11
7.7500000000000009,4.943815936997134,4,nr,4.225e-12
7.7625000000000002,4.9311373104584311,4,nr,8.451e-11
7.7750000000000004,4.9185261641358746,4,nr,8.206e-11
7.7875000000000005,4.9059828108548542,4,nr,7.055e-15
7.8000000000000007,4.8935075621938227,4,nr,4.058e-15
7.8125000000000009,4.8811007287751744,4,nr,3.890e-15
7.8250000000000002,4.8687626210034587,4,nr,9.614e-17
7.8375000000000004,4.8564935496447674,4,nr,9.330e-16
7.8500000000000005,4.8442938264354618,4,nr,5.659e-11
7.8625000000000007,4.8321637645960696,4,nr,2.409e-15
7.8750000000000009,4.8201036795715915,4,nr,3.760e-11
7.8875000000000002,4.8081138894125806,4,nr,1.611e-15
7.9000000000000004,4.7961947155218931,4,nr,1.853e-15
7.9125000000000005,4.7843464831130946,4,nr,1.714e-15
7.9250000000000007,4.7725695218289772,4,nr,1.304e-15
7.9375000000000009,4.7608641662995863,4,nr,9.269e-15
7.9500000000000002,4.749230756709296,4,nr,1.488e-15
7.9625000000000004,4.7376696393637143,4,nr,1.430e-15
7.9750000000000005,4.726181167257125,4,nr,1.104e-14
7.9875000000000007,4.7147657006298624,4,nr,4.189e-11
8,4.7034236075943383,4,nr,1.050e-14
8.0124999999999993,4.6921552645959652,4,nr,1.502e-14
8.0250000000000004,4.680961057100097,4,nr,2.984e-15
8.0374999999999996,4.6698413801085925,4,nr,2.312e-11
8.0499999999999989,4.6587966387847102,4,nr,6.940e-15
8.0625,4.6478272489773182,4,nr,9.401e-15
8.0749999999999993,4.6369336378748018,4,nr,1.000e-14
8.0875000000000004,4.6261162445703006,4,nr,2.991e-15
8.0999999999999996,4.6153755206698284,4,nr,4.130e-15
8.1124999999999989,4.6047119308764026,4,nr,8.452e-11
8.125,4.5941259537211057,4,nr,5.450e-15
8.1374999999999993,4.583618081947936,4,nr,1.442e-14
8.1500000000000004,4.5731888233748368,4,nr,9.733e-15
8.1624999999999996,4.5628387014088005,4,nr,1.698e-14
8.1749999999999989,4.5525682557083442,4,nr,2.303e-14
8.1875,4.5423780428288874,4,nr,1.978e-14
8.1999999999999993,4.5322686368744654,4,nr,1.175e-14
8.2125000000000004,4.5222406301553235,4,nr,1.829e-14
8.2249999999999996,4.512294633851373,4,nr,7.424e-15
8.2374999999999989,4.5024312786807865,4,nr,1.463e-14
8.25,4.4926512155733613,4,nr,2.111e-14
8.2624999999999993,4.4829551163477559,4,nr,1.028e-14
8.2750000000000004,4.4733436743919892,4,nr,1.780e-14
8.2874999999999996,4.4638176053458851,4,nr,6.458e-15
8.2999999999999989,4.4543776477844723,4,nr,2.044e-15
8.3125,4.4450245639071486,4,nr,2.041e-11
8.3249999999999993,4.4357591401864047,4,nr,2.984e-15
8.3375000000000004,4.4265821881080782,4,nr,9.474e-15
8.3499999999999996,4.4174945447777709,4,nr,2.997e-14
8.3624999999999989,4.4084970736140594,4,nr,1.665e-14
8.375,4.3995906649919823,4,nr,1.504e-15
8.3874999999999993,4.3907762368779562,4,nr,6.166e-15
8.4000000000000004,4.382054735446312,4,nr,2.302e-14
8.4124999999999996,4.3734271356734666,4,nr,1.974e-14
8.4249999999999989,4.3648944419009776,4,nr,1.157e-11
8.4375,4.3564576883905852,4,nr,3.368e-15
8.4499999999999993,4.3481179397818819,4,nr,2.107e-14
8.4625000000000004,4.3398762915801523,4,nr,1.476e-11
8.4749999999999996,4.3317338705653725,4,nr,1.266e-14
8.4874999999999989,4.3236918350875735,4,nr,1.160e-14
8.5,4.3157513753959718,4,nr,1.143e-15
8.5124999999999993,4.3079137138129884,4,nr,2.173e-14
8.5250000000000004,4.3001801048526094,4,nr,2.339e-15
8.5374999999999996,4.2925518352353782,4,nr,2.348e-14
8.5499999999999989,4.2850302238046529,4,nr,3.168e-11
8.5625,4.2776166212447757,4,nr,1.643e-14
8.5749999999999993,4.2703124098440881,4,nr,1.597e-15
8.5875000000000004,4.2631190028563717,4,nr,1.667e-14
8.5999999999999996,4.2560378438730986,4,nr,2.895e-15
8.6124999999999989,4.2490704059292943,4,nr,5.168e-15
8.625,4.2422181904078791,4,nr,1.408e-14
8.6374999999999993,4.2354827257079748,4,nr,2.905e-15
8.6500000000000004,4.22886556565253,4,nr,4.722e-15
8.6624999999999996,4.2223682876094628,4,nr,1.389e-14
8.6749999999999989,4.2159924902981167,4,nr,1.652e-15
8.6875,4.2097397912366965,4,nr,3.169e-11
8.6999999999999993,4.2036118239002134,4,nr,2.011e-15
8.7125000000000004,4.1976102342516279,4,nr,1.365e-14
8.7249999999999996,4.1917366771164506,4,nr,1.140e-15
8.7374999999999989,4.1859928118578704,4,nr,7.533e-17
8.75,4.180380297616737,4,nr,3.584e-15
8.7624999999999993,4.1749007879733631,4,nr,3.525e-12
8.7750000000000004,4.16955592503699,4,nr,4.058e-11
8.7874999999999996,4.1643473327386022,4,nr,1.962e-15
8.7999999999999989,4.1592766097808838,4,nr,2.017e-15
8.8125,4.1543453214162467,4,nr,4.996e-16
8.8249999999999993,4.1495549907486149,4,nr,4.413e-11
8.8375000000000004,4.1449070892386759,4,nr,2.075e-12
8.8499999999999996,4.140403026024214,4,nr,1.597e-15
8.8624999999999989,4.1360441368180538,4,nr,2.409e-15
8.875,4.131831671552205,4,nr,3.819e-15
8.8874999999999993,4.1277667812093908,4,nr,2.095e-15
8.9000000000000004,4.1238505036817745,4,nr,7.367e-16
8.9124999999999996,4.1200837486664703,4,nr,7.965e-16
8.9249999999999989,4.1164672816038435,4,nr,4.276e-15
8.9375,4.1130017066772471,4,nr,7.173e-16
8.9499999999999993,4.1096874489020525,4,nr,9.987e-12
8.9625000000000004,4.1065247354017904,4,nr,4.485e-16
8.9749999999999996,4.1035135758096342,4,nr,4.002e-15
8.9874999999999989,4.1006537421171778,4,nr,1.197e-15
9,4.0979447478678637,4,nr,1.874e-15
9.0124999999999993,4.0953858269806931,4,nr,1.735e-15
9.0250000000000004,4.0929759123400888,4,nr,3.381e-16
9.0374999999999996,4.0907136143709799,4,nr,5.489e-16
9.0499999999999989,4.0885971998610273,4,nr,2.200e-11
9.0625,4.0866245711970492,4,nr,1.021e-15
9.0749999999999993,4.0847932466642707,4,nr,1.335e-12
9.0875000000000004,4.0831003416178389,4,nr,2.578e-11
9.0999999999999996,4.0815425513036159,4,nr,1.765e-16
9.1124999999999989,4.0801161358313474,4,nr,6.936e-12
9.125,4.0788169071371829,4,nr,1.332e-11
9.1374999999999993,4.0776402190013581,4,nr,2.007e-11
9.1500000000000004,4.0765809602175791,4,nr,1.665e-15
9.1624999999999996,4.0756335513220048,4,nr,1.142e-16
9.1749999999999989,4.0747919455771999,4,nr,2.111e-13
9.1875,4.0740496342094392,4,nr,1.987e-12
9.1999999999999993,4.073399656504221,4,nr,2.042e-12
9.2125000000000004,4.0728346149107697,4,nr,5.819e-13
9.2249999999999996,4.0723466953847831,4,nr,2.097e-16
9.2374999999999989,4.0719276930695969,4,nr,5.715e-16
9.25,4.0715690433095872,4,nr,6.396e-16
9.2624999999999993,4.0712618578944832,4,nr,6.452e-16
9.2750000000000004,4.0709969663068533,4,nr,3.463e-16
9.2874999999999996,4.070764961620994,4,nr,1.843e-15
9.2999999999999989,4.0705562505817499,4,nr,1.113e-15
9.3125,4.0703611072980541,4,nr,2.656e-11
9.3249999999999993,4.0701697296981418,4,nr,3.723e-12
9.3375000000000004,4.0699722984217752,4,nr,5.323e-16
9.3499999999999996,4.069759036550602,4,nr,5.063e-14
9.3624999999999989,4.0695202699611883,4,nr,6.676e-14
9.375,4.0692464869944223,4,nr,1.040e-12
9.3874999999999993,4.0689283965900644,4,nr,2.116e-11
9.4000000000000004,4.0685569840899278,4,nr,5.584e-17
9.4124999999999996,4.0681235635106461,4,nr,3.221e-16
9.4249999999999989,4.0676198261191585,4,nr,4.062e-15
9.4375,4.0670378840253028,4,nr,4.242e-12
9.4499999999999993,4.0663703086373548,4,nr,3.123e-12
9.4625000000000004,4.0656101633773192,4,nr,9.287e-13
9.4749999999999996,4.0647510304736025,4,nr,1.149e-11
9.4874999999999989,4.0637870315703397,4,nr,8.929e-16
9.5,4.0627128423462739,4,nr,5.795e-17
9.5124999999999993,4.0615237009343828,4,nr,1.353e-12
9.5250000000000004,4.0602154107039139,4,nr,6.016e-15
9.5374999999999996,4.0587843375132087,4,nr,6.206e-16
9.5499999999999989,4.0572274019508363,4,nr,5.993e-12
9.5625,4.0555420669638016,4,nr,1.566e-12
9.5749999999999993,4.0537263215021202,4,nr,9.971e-16
9.5875000000000004,4.0517786606025359,4,nr,1.798e-11
9.5999999999999996,4.0496980625004841,4,nr,1.013e-15
9.6125000000000007,4.0474839635180562,4,nr,3.629e-11
9.625,4.0451362310044843,4,nr,5.240e-13
9.6374999999999993,4.0426551347686672,4,nr,5.038e-16
9.6500000000000004,4.0400413180929302,4,nr,7.420e-14
9.6624999999999996,4.0372957679699928,4,nr,2.564e-16
9.6750000000000007,4.0344197854783896,4,nr,2.134e-15
9.6875,4.0314149564530606,4,nr,5.197e-12
9.6999999999999993,4.0282831227973883,4,nr,4.610e-16
9.7125000000000004,4.0250263546154486,4,nr,6.714e-14
9.7249999999999996,4.0216469234777277,4,nr,2.147e-15
9.7375000000000007,4.0181472768679383,4,nr,8.127e-16
9.75,4.0145300139957225,4,nr,4.512e-15
9.7624999999999993,4.0107978630290324,4,nr,1.621e-11
9.7750000000000004,4.006953659862357,4,nr,1.533e-15
9.7874999999999996,4.0030003282598789,4,nr,4.219e-16
9.8000000000000007,3.998940861683864,4,nr,9.938e-16
9.8125,3.9947783064799998,4,nr,7.165e-17
9.8249999999999993,3.9905157465507539,4,nr,3.948e-11
9.8375000000000004,3.9861562895432017,4,nr,2.920e-15
9.8499999999999996,3.9817030540930745,4,nr,4.569e-15
9.8625000000000007,3.9771591587411139,4,nr,9.222e-15
9.875,3.9725277117693873,4,nr,1.103e-14
9.8874999999999993,3.967811802292458,4,nr,9.696e-15
9.9000000000000004,3.963014492391681,4,nr,4.663e-15
9.9124999999999996,3.9581388102359907,4,nr,3.779e-15
9.9250000000000007,3.9531877441143783,4,nr,8.172e-15
9.9375,3.9481642373067718,4,nr,1.013e-14
9.9499999999999993,3.9430711837225241,4,nr,9.426e-15
9.9625000000000004,3.9379114242387456,4,nr,1.294e-14
9.9749999999999996,3.9326877436739607,4,nr,2.047e-14
9.9875000000000007,3.9274028683362485,4,nr,2.276e-14
10,3.9220594640888278,4,nr,2.819e-14
4.4500000000000002,14.956078250000743,5,nr,1.014e-11
4.4625000000000004,14.877965379423747,5,nr,4.622e-11
4.4750000000000005,14.800517290919451,5,nr,5.129e-13
4.4875000000000007,14.723727934559934,5,nr,2.309e-13
4.5,14.647591346407102,5,nr,6.794e-12
4.5125000000000002,14.572101648535345,5,nr,4.177e-11
4.5250000000000004,14.497253048769535,5,nr,1.333e-15
4.5375000000000005,14.423039840792182,5,nr,2.964e-11
4.5500000000000007,14.349456403902485,5,nr,5.572e-12
4.5625,14.276497202906427,5,nr,3.047e-15
4.5750000000000002,14.204156788127904,5,nr,1.796e-11
4.5875000000000004,14.132429795350102,5,nr,9.031e-15
4.6000000000000005,14.061310945694034,5,nr,1.418e-15
4.6125000000000007,13.990795045684402,5,nr,1.376e-15
4.625,13.920876987210734,5,nr,6.466e-15
4.6375000000000002,13.85155174756259,5,nr,4.628e-15
4.6500000000000004,13.782814389483075,5,nr,3.492e-15
4.6625000000000005,13.714660061247422,5,nr,7.932e-12
4.6750000000000007,13.647083996794606,5,nr,8.565e-16
4.6875,13.580081515842439,5,nr,1.067e-11
4.7000000000000002,13.513648024087072,5,nr,1.128e-11
4.7125000000000004,13.447779013428297,5,nr,1.285e-14
4.7250000000000005,13.382470062237031,5,nr,4.246e-15
4.7375000000000007,13.317716835631808,5,nr,8.999e-16
4.75,13.253515085849353,5,nr,1.027e-14
4.7625000000000002,13.189860652636057,5,nr,2.301e-12
4.7750000000000004,13.126749463702051,5,nr,4.200e-16
4.7875000000000005,13.064177535232567,5,nr,4.169e-11
4.8000000000000007,13.00214097236011,5,nr,7.304e-16
4.8125000000000009,12.940635969973883,5,nr,2.964e-15
4.8250000000000002,12.879658813200114,5,nr,1.520e-11
4.8375000000000004,12.819205878301348,5,nr,3.540e-11
4.8500000000000005,12.759273633339227,5,nr,4.289e-11
4.8625000000000007,12.699858639203045,5,nr,3.065e-12
4.8750000000000009,12.640957550586782,5,nr,5.614e-16
4.8875000000000002,12.582567116910894,5,nr,1.525e-16
4.9000000000000004,12.524684183551329,5,nr,1.510e-11
4.9125000000000005,12.4673056930742,5,nr,6.851e-15
4.9250000000000007,12.41042868648343,5,nr,8.876e-15
4.9375000000000009,12.35405030471397,5,nr,9.582e-15
4.9500000000000002,12.298167790118555,5,nr,5.711e-15
4.9625000000000004,12.242778488108351,5,nr,2.668e-15
4.9750000000000005,12.187879848901643,5,nr,1.671e-15
4.9875000000000007,12.133469429393484,5,nr,2.347e-15
5.0000000000000009,12.079544895136204,5,nr,3.201e-11
5.0125000000000002,12.026104022553227,5,nr,4.980e-15
5.0250000000000004,11.973144701044614,5,nr,2.788e-15
5.0375000000000005,11.920664935572326,5,nr,8.602e-16
5.0500000000000007,11.868662849151763,5,nr,3.325e-15
5.0625000000000009,11.817136685606103,5,nr,7.080e-15
5.0750000000000002,11.766084812475412,5,nr,1.970e-15
5.0875000000000004,11.715505724105739,5,nr,3.727e-16
5.1000000000000005,11.665398044927345,5,nr,3.332e-15
5.1125000000000007,11.615760532931279,5,nr,0.000e+00
5.1250000000000009,11.566592083354315,5,nr,5.385e-15
5.1375000000000002,11.517891732582306,5,nr,1.178e-15
5.1500000000000004,11.469658662272314,5,nr,1.768e-11
5.1625000000000005,11.421892203777029,5,nr,4.285e-15
5.1750000000000007,11.374591842650842,5,nr,2.379e-11
5.1875000000000009,11.327757223712236,5,nr,3.252e-15
5.2000000000000002,11.281388156011277,5,nr,1.046e-15
5.2125000000000004,11.235484618432917,5,nr,3.545e-15
5.2250000000000005,11.19004676538913,5,nr,2.186e-11
5.2375000000000007,11.145074932812019,5,nr,2.194e-11
5.2500000000000009,11.100569644750935,5,nr,4.550e-15
5.2625000000000002,11.056531619817669,5,nr,3.842e-15
5.2750000000000004,11.012961778472741,5,nr,1.076e-15
5.2875000000000005,10.969861250376816,5,nr,2.479e-12
5.3000000000000007,10.927231382224472,5,nr,1.787e-15
5.3125000000000009,10.885073745908771,5,nr,1.915e-11
5.3250000000000002,10.843390147194564,5,nr,3.186e-16
5.3375000000000004,10.802182634564012,5,nr,1.104e-15
5.3500000000000005,10.761453508750694,5,nr,1.795e-15
5.3625000000000007,10.721205332479036,5,nr,7.414e-15
5.3750000000000009,10.681440940696117,5,nr,1.528e-15
5.3875000000000002,10.64216345119735,5,nr,4.082e-15
5.4000000000000004,10.603376275651822,5,nr,2.991e-16
5.4125000000000005,10.565083131009899,5,nr,4.638e-12
5.4250000000000007,10.527288051299415,5,nr,2.120e-15
5.4375000000000009,10.489995399702391,5,nr,3.685e-15
5.4500000000000002,10.453209881007524,5,nr,7.855e-15
5.4625000000000004,10.41693655425599,5,nr,2.046e-15
5.4750000000000005,10.381180845597894,5,nr,6.970e-17
5.4875000000000007,10.345948561253843,5,nr,8.950e-16
5.5000000000000009,10.311245900488435,5,nr,1.496e-15
5.5125000000000002,10.277079468476316,5,nr,2.215e-15
5.5250000000000004,10.243456288916233,5,nr,2.451e-15
5.5375000000000005,10.210383816218679,5,nr,1.177e-15
5.5500000000000007,10.177869947058241,5,nr,2.323e-15
5.5625000000000009,10.145923031042113,5,nr,1.146e-15
5.5750000000000002,10.114551880192352,5,nr,7.078e-12
5.5875000000000004,10.083765776960709,5,nr,1.024e-11
5.6000000000000005,10.053574480130683,5,nr,5.282e-12
5.6125000000000007,10.023988228626644,5,nr,2.017e-11
5.6250000000000009,9.9950177419627249,5,nr,1.349e-12
5.6375000000000002,9.9666742175355179,5,nr,4.677e-15
5.6500000000000004,9.93896932311306,5,nr,1.746e-11
5.6625000000000005,9.911915184570816,5,nr,2.951e-15
5.6750000000000007,9.8855243670222794,5,nr,1.062e-15
5.6875000000000009,9.8598098491588502,5,nr,6.583e-13
5.7000000000000002,9.8347849887679306,5,nr,7.524e-13
5.7125000000000004,9.8104634785002744,5,nr,1.601e-16
5.7250000000000005,9.7868592901960696,5,nr,8.408e-16
5.7375000000000007,9.7639866060840532,5,nr,8.370e-12
5.7500000000000009,9.7418597350708271,5,nr,1.222e-15
5.7625000000000002,9.7204930118600323,5,nr,1.303e-15
5.7750000000000004,9.6999006772267631,5,nr,8.669e-14
5.7875000000000005,9.6800967367491833,5,nr,1.202e-11
5.8000000000000007,9.6610947961532787,5,nr,3.346e-16
5.8125000000000009,9.6429078704809825,5,nr,8.705e-12
5.8250000000000002,9.6255481658187065,5,nr,1.899e-15
5.8375000000000004,9.6090268306085882,5,nr,2.645e-12
5.8500000000000005,9.5933536760781184,5,nr,4.436e-12
5.8625000000000007,9.5785368640839472,5,nr,3.258e-12
5.8750000000000009,9.5645825626364793,5,nr,3.670e-13
5.8875000000000002,9.5514945699041789,5,nr,6.009e-16
5.9000000000000004,9.5392739089905607,5,nr,6.270e-13
5.9125000000000005,9.5279183973492216,5,nr,1.867e-12
5.9250000000000007,9.5174221967863559,5,nr,7.610e-16
5.9375000000000009,9.5077753521479451,5,nr,1.051e-12
5.9500000000000002,9.4989633294994409,5,nr,3.140e-13
5.9625000000000004,9.4909665669925154,5,nr,1.168e-15
5.9750000000000005,9.4837600546394984,5,nr,1.055e-13
5.9875000000000007,9.4773129614934248,5,nr,9.680e-16
6.0000000000000009,9.4715883309498921,5,nr,8.816e-16
6.0125000000000002,9.4665428662617224,5,nr,4.747e-16
6.0250000000000004,9.4621268287012104,5,nr,2.241e-15
6.0375000000000005,9.4582840698518051,5,nr,3.343e-13
6.0500000000000007,9.4549522169172207,5,nr,1.393e-16
6.0625000000000009,9.4520630256129383,5,nr,6.280e-16
6.0750000000000002,9.4495429089993213,5,nr,4.419e-14
6.0875000000000004,9.4473136428977824,5,nr,1.604e-16
6.1000000000000005,9.4452932394549745,5,nr,1.933e-12
6.1125000000000007,9.4433969707146748,5,nr,1.841e-13
6.1250000000000009,9.4415385146469575,5,nr,7.925e-12
6.1375000000000002,9.4396311874249541,5,nr,6.095e-15
6.1500000000000004,9.4375892188050567,5,nr,4.102e-13
6.1625000000000005,9.4353290245235222,5,nr,7.049e-15
6.1750000000000007,9.4327704271806194,5,nr,1.852e-17
6.1875000000000009,9.4298377809164382,5,nr,5.087e-13
6.2000000000000002,9.4264609600181597,5,nr,2.839e-13
6.2125000000000004,9.4225761799896262,5,nr,1.249e-15
6.2250000000000005,9.4181266295631971,5,nr,5.537e-16
6.2375000000000007,9.4130629028543087,5,nr,6.364e-16
6.2500000000000009,9.4073432315022689,5,nr,6.086e-13
6.2625000000000002,9.4009335262621647,5,nr,2.197e-13
6.2750000000000004,9.3938072453919954,5,nr,7.388e-16
6.2875000000000005,9.3859451131097416,5,nr,1.567e-13
6.3000000000000007,9.3773347149478763,5,nr,2.451e-13
6.3125000000000009,9.3679699983826481,5,nr,8.944e-16
6.3250000000000002,9.3578507067557215,5,nr,8.443e-17
6.3375000000000004,9.3469817726822289,5,nr,6.952e-13
6.3500000000000005,9.3353726942321185,5,nr,9.961e-14
6.3625000000000007,9.3230369137204558,5,nr,9.725e-16
6.3750000000000009,9.309991215070486,5,nr,6.997e-14
6.3875000000000002,9.2962551520684347,5,nr,2.135e-12
6.4000000000000004,9.2818505162307225,5,nr,4.292e-12
6.4125000000000005,9.2668008499960219,5,nr,5.361e-12
6.4250000000000007,9.2511310082230356,5,nr,3.881e-12
6.4375000000000009,9.2348667688899404,5,nr,1.462e-15
6.4500000000000002,9.218034492192583,5,nr,9.911e-16
6.4625000000000004,9.2006608259702443,5,nr,3.020e-12
6.4750000000000005,9.182772454610312,5,nr,1.332e-15
6.4875000000000007,9.1643958880035026,5,nr,3.644e-16
6.5000000000000009,9.145557286693176,5,nr,3.729e-12
6.5125000000000002,9.1262823195336811,5,nr,1.612e-11
6.5250000000000004,9.1065960499267185,5,nr,1.420e-11
6.5375000000000005,9.0865228474434758,5,nr,1.325e-11
6.5500000000000007,9.0660863206216682,5,nr,1.960e-11
6.5625000000000009,9.0453092686110708,5,nr,2.601e-12
6.5750000000000002,9.0242136488463345,5,nr,1.164e-16
6.5875000000000004,9.0028205574087021,5,nr,2.955e-16
6.6000000000000005,8.9811502207588312,5,nr,1.195e-11
6.6125000000000007,8.9592219964834854,5,nr,3.654e-15
6.6250000000000009,8.9370543812094354,5,nr,8.653e-16
6.6375000000000002,8.914665024663373,5,nr,1.568e-15
6.6500000000000004,8.8920707481766073,5,nr,5.726e-15
6.6625000000000005,8.8692875668376026,5,nr,2.645e-15
6.6750000000000007,8.846330714305541,5,nr,6.543e-17
6.6875000000000009,8.8232146695459051,5,nr,7.628e-15
6.7000000000000002,8.7999531848446875,5,nr,2.167e-11
6.7125000000000004,8.7765593147121148,5,nr,1.158e-15
6.7250000000000005,8.7530454448745623,5,nr,3.382e-15
6.7375000000000007,8.7294233216452248,5,nr,4.894e-16
6.7500000000000009,8.7057040807565276,5,nr,1.476e-11
6.7625000000000002,8.6818982758943068,5,nr,4.015e-15
6.7750000000000004,8.6580159064082398,5,nr,2.830e-15
6.7875000000000005,8.6340664444735804,5,nr,4.774e-15
6.8000000000000007,8.6100588612255908,5,nr,6.568e-13
6.8125000000000009,8.5860016520276581,5,nr,2.556e-15
6.8250000000000002,8.5619028607615757,5,nr,2.281e-15
6.8375000000000004,8.5377701031101125,5,nr,7.305e-15
6.8500000000000005,8.5136105888368281,5,nr,2.255e-15
6.8625000000000007,8.4894311430555796,5,nr,2.122e-15
6.8750000000000009,8.4652382265123745,5,nr,1.483e-11
6.8875000000000002,8.4410379548376095,5,nr,2.809e-15
6.9000000000000004,8.4168361169733892,5,nr,3.648e-15
6.9125000000000005,8.3926381925036484,5,nr,1.326e-14
6.9250000000000007,8.368449368219439,5,nr,5.292e-15
6.9375000000000009,8.3442745537727578,5,nr,5.426e-15
6.9500000000000002,8.3201183965167598,5,nr,5.349e-12
6.9625000000000004,8.2959852955405466,5,nr,5.103e-16
6.9750000000000005,8.2718794149916643,5,nr,1.356e-14
6.9875000000000007,8.247804696626881,5,nr,1.065e-14
7.0000000000000009,8.2237648717215723,5,nr,5.327e-15
7.0125000000000002,8.1997634723153627,5,nr,1.761e-16
7.0250000000000004,8.1758038418461609,5,nr,8.080e-15
7.0375000000000005,8.1518891452027269,5,nr,4.297e-15
7.0500000000000007,8.1280223782266923,5,nr,1.110e-14
7.0625000000000009,8.1042063766941563,5,nr,7.456e-15
7.0750000000000002,8.080443824797543,5,nr,1.920e-11
7.0875000000000004,8.0567372632114918,5,nr,8.215e-15
7.1000000000000005,8.0330890965993085,5,nr,7.995e-15
7.1125000000000007,8.0095016008675994,5,nr,4.307e-15
7.1250000000000009,7.9859769299098113,5,nr,5.279e-15
7.1375000000000002,7.9625171220305759,5,nr,2.088e-14
7.1500000000000004,7.9391241060154849,5,nr,1.529e-15
7.1625000000000005,7.9157997068744796,5,nr,5.769e-15
7.1750000000000007,7.8925456512774161,5,nr,1.606e-14
7.1875000000000009,7.8693635726998359,5,nr,5.402e-15
7.2000000000000002,7.8462550162958067,5,nr,8.225e-15
7.2125000000000004,7.8232214435133809,5,nr,5.663e-15
7.2250000000000005,7.8002642364858232,5,nr,5.100e-11
7.2375000000000007,7.7773847020869562,5,nr,4.581e-15
7.2500000000000009,7.7545840760407296,5,nr,4.755e-15
7.2625000000000002,7.7318635264693283,5,nr,1.836e-14
7.2750000000000004,7.7092241575198326,5,nr,4.146e-15
7.2875000000000005,7.6866670127034107,5,nr,1.697e-14
7.3000000000000007,7.6641930780832812,5,nr,1.291e-14
7.3125000000000009,7.6418032853031228,5,nr,2.584e-14
7.3250000000000002,7.6194985144652998,5,nr,3.760e-15
7.3375000000000004,7.597279596867426,5,nr,5.948e-15
7.3500000000000005,7.5751473176112238,5,nr,1.768e-11
7.3625000000000007,7.5531024180522595,5,nr,8.969e-15
7.3750000000000009,7.5311455982145503,5,nr,1.241e-14
7.3875000000000002,7.5092775189826027,5,nr,6.515e-15
7.4000000000000004,7.4874988042714481,5,nr,4.692e-15
7.4125000000000005,7.4658100430643675,5,nr,6.401e-15
7.4250000000000007,7.4442117913627568,5,nr,2.017e-15
7.4375000000000009,7.4227045740480113,5,nr,2.556e-15
7.4500000000000002,7.4012888866605939,5,nr,3.738e-16
7.4625000000000004,7.3799651970968636,5,nr,1.419e-11
7.4750000000000005,7.358733947257134,5,nr,5.235e-15
7.4875000000000007,7.3375955545627383,5,nr,1.184e-15
7.5000000000000009,7.3165504134902877,5,nr,1.319e-14
7.5125000000000002,7.2955988969828738,5,nr,5.652e-15
7.5250000000000004,7.2747413578282556,5,nr,5.638e-15
7.5375000000000005,7.2539781299787665,5,nr,1.086e-16
7.5500000000000007,7.2333095298202181,5,nr,4.326e-15
7.5625000000000009,7.2127358573929676,5,nr,1.088e-14
7.5750000000000002,7.1922573975680759,5,nr,4.041e-15
7.5875000000000004,7.1718744211813332,5,nr,6.043e-15
7.6000000000000005,7.151587186127883,5,nr,6.640e-15
7.6125000000000007,7.1313959384198791,5,nr,5.757e-16
7.6250000000000009,7.1113009132096865,5,nr,1.116e-14
7.6375000000000002,7.091302335780882,5,nr,3.544e-15
7.6500000000000004,7.0714004225092539,5,nr,4.564e-15
7.6625000000000005,7.0515953817959627,5,nr,1.246e-14
7.6750000000000007,7.0318874149748014,5,nr,2.182e-15
7.6875000000000009,7.0122767171955775,5,nr,3.746e-15
7.7000000000000002,6.9927634782854025,5,nr,3.833e-15
7.7125000000000004,6.9733478836017238,5,nr,4.548e-11
7.7250000000000005,6.9540301147907568,5,nr,1.544e-11
7.7375000000000007,6.934810350733529,5,nr,4.736e-13
7.7500000000000009,6.9156887681835562,5,nr,3.274e-11
7.7625000000000002,6.8966655426023902,5,nr,2.052e-15
7.7750000000000004,6.8777408489763721,5,nr,1.404e-15
7.7875000000000005,6.8589148625061211,5,nr,6.491e-11
7.8000000000000007,6.8401877593185363,5,nr,3.715e-11
7.8125000000000009,6.8215597173159619,5,nr,3.778e-15
7.8250000000000002,6.803030916833487,5,nr,3.005e-15
7.8375000000000004,6.7846015413386809,5,nr,4.884e-11
7.8500000000000005,6.7662717782479893,5,nr,1.123e-15
7.8625000000000007,6.7480418195075513,5,nr,8.204e-16
7.8750000000000009,6.7299118624369862,5,nr,3.815e-12
7.8875000000000002,6.7118821103874735,5,nr,3.871e-15
7.9000000000000004,6.693952773462688,5,nr,2.776e-15
7.9125000000000005,6.6761240692494441,5,nr,4.564e-15
7.9250000000000007,6.6583962235369683,5,nr,2.576e-15
7.9375000000000009,6.6407694710471121,5,nr,1.269e-14
7.9500000000000002,6.6232440561696873,5,nr,3.941e-15
7.9625000000000004,6.6058202337051197,5,nr,7.756e-15
7.9750000000000005,6.5884982696157284,5,nr,8.327e-16
7.9875000000000007,6.571278441786772,5,nr,6.216e-15
8,6.5541610407985313,5,nr,5.237e-15
8.0124999999999993,6.5371463707106701,5,nr,5.701e-15
8.0250000000000004,6.5202347498600828,5,nr,1.806e-15
8.0374999999999996,6.5034265116735268,5,nr,6.672e-15
8.0499999999999989,6.4867220054962491,5,nr,9.553e-15
8.0625,6.4701215974379211,5,nr,7.364e-15
8.0749999999999993,6.4536256712371118,5,nr,1.410e-14
8.0875000000000004,6.4372346291455909,5,nr,1.243e-14
8.0999999999999996,6.4209488928338621,5,nr,1.145e-15
8.1124999999999989,6.4047689043018075,5,nr,6.105e-11
8.125,6.3886951269162964,5,nr,1.574e-14
8.1374999999999993,6.3727280462160678,5,nr,1.069e-14
8.1500000000000004,6.3568681710866155,5,nr,8.340e-15
8.1624999999999996,6.3411160347050934,5,nr,9.679e-15
8.1749999999999989,6.3254721956171771,5,nr,3.803e-15
8.1875,6.3099372388256514,5,nr,5.136e-12
8.1999999999999993,6.2945117769195509,5,nr,4.570e-15
8.2125000000000004,6.2791964512134966,5,nr,8.245e-15
8.2249999999999996,6.2639919329512903,5,nr,1.128e-14
8.2374999999999989,6.2488989245220949,5,nr,6.181e-15
8.25,6.2339181607220553,5,nr,1.987e-14
8.2624999999999993,6.2190504100518877,5,nr,7.239e-15
8.2750000000000004,6.2042964760528942,5,nr,6.419e-15
8.2874999999999996,6.1896571986893916,5,nr,2.231e-11
8.2999999999999989,6.1751334557290596,5,nr,8.170e-15
8.3125,6.1607261642696045,5,nr,5.350e-15
8.3249999999999993,6.1464362821660465,5,nr,2.373e-15
8.3375000000000004,6.1322648096050605,5,nr,2.387e-14
8.3499999999999996,6.1182127906788484,5,nr,2.990e-14
8.3624999999999989,6.1042813150073512,5,nr,5.306e-15
8.375,6.0904715194017154,5,nr,2.219e-15
8.3874999999999993,6.0767845895676471,5,nr,1.735e-14
8.4000000000000004,6.0632217618478021,5,nr,2.735e-14
8.4124999999999996,6.0497843249838725,5,nr,4.918e-11
8.4249999999999989,6.0364736220180628,5,nr,1.051e-14
8.4375,6.0232910519657166,5,nr,2.497e-14
8.4499999999999993,6.0102380718641326,5,nr,4.336e-15
8.4625000000000004,5.9973161985848824,5,nr,2.933e-14
8.4749999999999996,5.9845270107691588,5,nr,2.352e-15
8.4874999999999989,5.9718721507582462,5,nr,4.839e-15
8.5,5.9593533265292704,5,nr,2.828e-15
8.5124999999999993,5.9469723136269828,5,nr,1.292e-14
8.5250000000000004,5.9347309570584352,5,nr,5.801e-11
8.5374999999999996,5.9226311733012302,5,nr,2.130e-14
8.5499999999999989,5.9106749519227888,5,nr,4.140e-16
8.5625,5.8988643576095061,5,nr,1.289e-14
8.5749999999999993,5.8872015317723791,5,nr,1.765e-14
8.5875000000000004,5.8756886941974313,5,nr,7.172e-15
8.5999999999999996,5.8643281445535367,5,nr,4.231e-15
8.6124999999999989,5.8531222637542033,5,nr,1.321e-14
8.625,5.8420735151420269,5,nr,1.692e-14
8.6374999999999993,5.8311844454612514,5,nr,1.551e-16
8.6500000000000004,5.8204576855786865,5,nr,2.611e-15
8.6624999999999996,5.8098959509064096,5,nr,5.737e-12
8.6749999999999989,5.7995020414956295,5,nr,2.484e-15
8.6875,5.7892788416881507,5,nr,1.490e-16
8.6999999999999993,5.779229319360522,5,nr,4.055e-15
8.7125000000000004,5.769356524594925,5,nr,3.137e-15
8.7249999999999996,5.7596635877369922,5,nr,4.087e-11
8.7374999999999989,5.7501537168888763,5,nr,5.857e-15
8.75,5.7408301942909503,5,nr,1.413e-15
8.7624999999999993,5.7316963722510881,5,nr,5.870e-15
8.7750000000000004,5.7227556677491469,5,nr,7.949e-15
8.7874999999999996,5.7140115560520535,5,nr,4.990e-15
8.7999999999999989,5.7054675630561231,5,nr,2.704e-16
8.8125,5.6971272562369748,5,nr,5.948e-15
8.8249999999999993,5.6889942340559587,5,nr,3.833e-15
8.8375000000000004,5.681072113662343,5,nr,4.377e-15
8.8499999999999996,5.6733645167220708,5,nr,3.488e-15
8.8624999999999989,5.6658750531960118,5,nr,1.468e-15
8.875,5.6586073028853523,5,nr,1.262e-15
8.8874999999999993,5.6515647945578111,5,nr,3.182e-15
8.9000000000000004,5.6447509824627575,5,nr,7.768e-12
8.9124999999999996,5.6381692200909512,5,nr,4.206e-15
8.9249999999999989,5.63182273088771,5,nr,3.615e-15
8.9375,5.6257145759530003,5,nr,5.956e-17
8.9499999999999993,5.6198476183935373,5,nr,1.992e-12
8.9625000000000004,5.6142244843669165,5,nr,2.798e-11
8.9749999999999996,5.6088475205243213,5,nr,4.840e-12
8.9874999999999989,5.6037187483337112,5,nr,2.492e-12
9,5.5988398145742817,5,nr,1.470e-11
9.0124999999999993,5.594211938733257,5,nr,2.142e-11
9.0250000000000004,5.5898358574936875,5,nr,1.063e-12
9.0374999999999996,5.5857117659586093,5,nr,1.961e-15
9.0499999999999989,5.5818392570781796,5,nr,1.024e-15
9.0625,5.5782172590062871,5,nr,1.940e-11
9.0749999999999993,5.5748439714262137,5,nr,4.923e-13
9.0875000000000004,5.571716801995108,5,nr,1.569e-16
9.0999999999999996,5.5688323033154514,5,nr,1.120e-11
9.1124999999999989,5.5661861123906027,5,nr,1.360e-15
9.125,5.5637728933144928,5,nr,7.040e-12
9.1374999999999993,5.5615862853144389,5,nr,1.161e-15
9.1500000000000004,5.5596188572552192,5,nr,4.860e-13
9.1624999999999996,5.5578620708590378,5,nr,3.220e-12
9.1749999999999989,5.5563062541416821,5,nr,7.152e-16
9.1875,5.5549405869848947,5,nr,4.533e-15
9.1999999999999993,5.5537531006363761,5,nr,1.135e-12
9.2125000000000004,5.552730692614416,5,nr,3.077e-12
9.2249999999999996,5.5518591584383135,5,nr,7.952e-16
9.2374999999999989,5.5511232412165947,5,nr,1.128e-15
9.25,5.5505066996385741,5,nr,9.799e-16
9.2624999999999993,5.5499923945999763,5,nr,2.871e-15
9.2750000000000004,5.5495623939882375,5,nr,4.466e-13
9.2874999999999996,5.5491980946495678,5,nr,1.160e-12
9.2999999999999989,5.5488803599352847,5,nr,1.668e-12
9.3125,5.5485896706348425,5,nr,1.822e-12
9.3249999999999993,5.5483062865613064,5,nr,1.594e-12
9.3375000000000004,5.5480104155957246,5,nr,1.022e-12
9.3499999999999996,5.5476823866436558,5,nr,1.771e-13
9.3624999999999989,5.5473028227393062,5,nr,7.775e-13
9.375,5.5468528104653174,5,nr,1.529e-12
9.3874999999999993,5.5463140619466795,5,nr,1.623e-12
9.4000000000000004,5.5456690659218744,5,nr,7.729e-13
9.4124999999999996,5.5449012247773997,5,nr,2.182e-12
9.4249999999999989,5.5439949749603548,5,nr,1.603e-15
9.4375,5.5429358886989863,5,nr,6.595e-16
9.4499999999999993,5.5417107557421232,5,nr,4.690e-12
9.4625000000000004,5.5403076443712269,5,nr,3.102e-13
9.4749999999999996,5.5387159415733471,5,nr,4.989e-17
9.4874999999999989,5.5369263730741292,5,nr,4.392e-12
9.5,5.5349310041664053,5,nr,7.201e-12
9.5124999999999993,5.5327232229005423,5,nr,1.126e-15
9.5250000000000004,5.5302977074648929,5,nr,6.042e-15
9.5374999999999996,5.5276503799418268,5,nr,6.517e-16
9.5499999999999989,5.5247783484924611,5,nr,7.899e-16
9.5625,5.521679840354099,5,nr,8.110e-12
9.5749999999999993,5.5183541277595101,5,nr,2.204e-15
9.5875000000000004,5.5148014490429169,5,nr,5.978e-16
9.5999999999999996,5.5110229266158299,5,nr,1.209e-11
9.6125000000000007,5.5070204837208401,5,nr,2.478e-11
9.625,5.5027967616917062,5,nr,1.124e-15
9.6374999999999993,5.4983550382505904,5,nr,8.527e-16
9.6500000000000004,5.4936991490003892,5,nr,3.221e-15
9.6624999999999996,5.4888334119942064,5,nr,6.401e-16
9.6750000000000007,5.483762556534054,5,nr,1.590e-15
9.6875,5.4784916564919586,5,nr,8.937e-16
9.6999999999999993,5.4730260684627803,5,nr,2.412e-16
9.7125000000000004,5.4673713748966071,5,nr,2.319e-15
9.7249999999999996,5.4615333322410713,5,nr,1.791e-15
9.7375000000000007,5.4555178240468116,5,nr,2.886e-11
9.75,5.4493308187600427,5,nr,6.956e-16
9.7624999999999993,5.4429783324043468,5,nr,8.319e-16
9.7750000000000004,5.4364663952382504,5,nr,3.497e-15
9.7874999999999996,5.4298010227878359,5,nr,9.173e-16
9.8000000000000007,5.4229881905627053,5,nr,4.773e-15
9.8125,5.416033812292449,5,nr,1.274e-15
9.8249999999999993,5.4089437213666134,5,nr,1.357e-16
9.8375000000000004,5.401723655185843,5,nr,7.001e-15
9.8499999999999996,5.3943792421417225,5,nr,6.248e-16
9.8625000000000007,5.3869159909557993,5,nr,1.032e-14
9.875,5.3793392821239427,5,nr,9.939e-16
9.8874999999999993,5.3716543612284777,5,nr,9.044e-15
9.9000000000000004,5.3638663338986676,5,nr,6.531e-16
9.9124999999999996,5.3559801622171328,5,nr,2.934e-16
9.9250000000000007,5.3480006623879639,5,nr,1.127e-14
9.9375,5.3399325034986722,5,nr,2.098e-15
9.9499999999999993,5.3317802072248917,5,nr,2.166e-14
9.9625000000000004,5.3235481483416383,5,nr,7.421e-15
9.9749999999999996,5.315240555937935,5,nr,4.352e-11
9.9875000000000007,5.3068615150979719,5,nr,2.958e-14
10,5.2984149693387268,5,nr,7.883e-15
5.3375000000000004,14.96414487467163,6,nr,6.117e-12
5.3500000000000005,14.904314668759856,6,nr,2.472e-11
5.3625000000000007,14.845120063011981,6,nr,3.573e-15
5.3750000000000009,14.786563944165078,6,nr,9.771e-16
5.3875000000000002,14.728649597706866,6,nr,8.916e-16
5.4000000000000004,14.671380727408883,6,nr,3.084e-15
5.4125000000000005,14.614761475909111,6,nr,4.725e-12
5.4250000000000007,14.558796446549739,6,nr,4.730e-15
5.4375000000000009,14.503490726412073,6,nr,2.265e-15
5.4500000000000002,14.448849910731559,6,nr,3.424e-15
5.4625000000000004,14.394880128585937,6,nr,1.011e-12
5.4750000000000005,14.341588069975394,6,nr,5.650e-15
5.4875000000000007,14.288981014270004,6,nr,7.575e-12
5.5000000000000009,14.237066860011385,6,nr,4.372e-15
5.5125000000000002,14.18585415617531,6,nr,2.156e-15
5.5250000000000004,14.135352134614704,6,nr,8.373e-16
5.5375000000000005,14.085570743867889,6,nr,2.539e-16
5.5500000000000007,14.036520684071512,6,nr,6.944e-15
5.5625000000000009,13.988213442879877,6,nr,3.020e-15
5.5750000000000002,13.940661332178326,6,nr,9.711e-16
5.5875000000000004,13.893877525333476,6,nr,1.274e-11
5.6000000000000005,13.847876094518309,6,nr,7.648e-16
5.6125000000000007,13.802672047984625,6,nr,5.211e-16
5.6250000000000009,13.758281366170863,6,nr,6.063e-13
5.6375000000000002,13.714721036466086,6,nr,1.842e-12
5.6500000000000004,13.672009085457688,6,nr,1.873e-15
5.6625000000000005,13.63016460760756,6,nr,7.043e-16
5.6750000000000007,13.589207789125549,6,nr,8.860e-12
5.6875000000000009,13.549159925418595,6,nr,8.780e-12
5.7000000000000002,13.510043430079088,6,nr,5.206e-12
5.7125000000000004,13.471881833222637,6,nr,5.050e-17
5.7250000000000005,13.434699766641264,6,nr,1.027e-12
5.7375000000000007,13.398522932064152,6,nr,1.241e-11
5.7500000000000009,13.363378049351773,6,nr,1.216e-11
5.7625000000000002,13.329292779755605,6,nr,3.286e-12
5.7750000000000004,13.29629561958277,6,nr,8.748e-16
5.7875000000000005,13.264415758455668,6,nr,1.806e-12
5.8000000000000007,13.23368289563447,6,nr,5.521e-12
5.8125000000000009,13.204127007358535,6,nr,2.618e-12
5.8250000000000002,13.17577805733664,6,nr,4.266e-17
5.8375000000000004,13.148665642196677,6,nr,3.481e-12
5.8500000000000005,13.122818563178424,6,nr,4.608e-12
5.8625000000000007,13.098264315350937,6,nr,3.249e-12
5.8750000000000009,13.075028486341262,6,nr,6.120e-13
5.8875000000000002,13.053134057403554,6,nr,2.292e-12
5.9000000000000004,13.032600601860761,6,nr,2.071e-12
5.9125000000000005,13.013443378554751,6,nr,1.189e-12
5.9250000000000007,12.995672322769929,6,nr,5.144e-16
5.9375000000000009,12.979290942424464,6,nr,2.111e-13
5.9500000000000002,12.964295134961558,6,nr,1.440e-13
5.9625000000000004,12.950671949289278,6,nr,3.844e-16
5.9750000000000005,12.938398327749084,6,nr,1.497e-13
5.9875000000000007,12.927439874609849,6,nr,1.187e-16
6.0000000000000009,12.917749709507621,6,nr,6.292e-14
6.0125000000000002,12.909267475397789,6,nr,3.634e-14
6.0250000000000004,12.901918579381032,6,nr,2.776e-16
6.0375000000000005,12.895613749554142,6,nr,1.083e-15
6.0500000000000007,12.890248989844302,6,nr,3.936e-12
6.0625000000000009,12.885706005756797,6,nr,1.089e-15
6.0750000000000002,12.881853156599954,6,nr,0.000e+00
6.0875000000000004,12.878546961968084,6,nr,1.377e-13
6.1000000000000005,12.875634156429669,6,nr,4.365e-12
6.1125000000000007,12.872954245044324,6,nr,1.087e-13
6.1250000000000009,12.870342471546858,6,nr,1.598e-13
6.1375000000000002,12.867633071910332,6,nr,2.488e-15
6.1500000000000004,12.864662658020455,6,nr,1.323e-13
6.1625000000000005,12.861273559243809,6,nr,7.047e-14
6.1750000000000007,12.857316950188558,6,nr,1.785e-13
6.1875000000000009,12.852655609194931,6,nr,2.332e-16
6.2000000000000002,12.847166182741718,6,nr,2.744e-13
6.2125000000000004,12.840740871784675,6,nr,8.153e-14
6.2250000000000005,12.833288501442206,6,nr,1.164e-16
6.2375000000000007,12.824734980051854,6,nr,7.018e-12
6.2500000000000009,12.815023192513644,6,nr,1.710e-16
6.2625000000000002,12.80411240179577,6,nr,1.025e-15
6.2750000000000004,12.791977252706522,6,nr,1.503e-13
6.2875000000000005,12.778606478464207,6,nr,3.233e-16
6.3000000000000007,12.764001410827811,6,nr,2.925e-16
6.3125000000000009,12.748174385588355,6,nr,8.565e-16
6.3250000000000002,12.73114712239326,6,nr,4.100e-13
6.3375000000000004,12.712949142492816,6,nr,1.315e-15
6.3500000000000005,12.69361627218254,6,nr,1.971e-16
6.3625000000000007,12.673189264777314,6,nr,1.287e-15
6.3750000000000009,12.65171256100977,6,nr,2.724e-12
6.3875000000000002,12.62923319689482,6,nr,8.365e-17
6.4000000000000004,12.605799859969673,6,nr,1.601e-12
6.4125000000000005,12.581462088332952,6,nr,4.743e-12
6.4250000000000007,12.556269603251058,6,nr,4.905e-12
6.4375000000000009,12.530271763234788,6,nr,4.392e-13
6.4500000000000002,12.50351712638769,6,nr,1.893e-15
6.4625000000000004,12.47605310746777,6,nr,6.649e-12
6.4750000000000005,12.447925716573845,6,nr,1.680e-15
6.4875000000000007,12.419179367266693,6,nr,5.382e-16
6.5000000000000009,12.389856742500621,6,nr,1.147e-15
6.5125000000000002,12.35999870871059,6,nr,4.979e-15
6.5250000000000004,12.329644268971359,6,nr,2.122e-15
6.5375000000000005,12.2988305476624,6,nr,1.845e-15
6.5500000000000007,12.26759280009207,6,nr,1.073e-16
6.5625000000000009,12.235964441584427,6,nr,1.921e-11
6.5750000000000002,12.203977091239762,6,nr,2.780e-16
6.5875000000000004,12.171660627065407,6,nr,2.262e-16
6.6000000000000005,12.139043248477474,6,nr,2.646e-15
6.6125000000000007,12.106151544486337,6,nr,4.678e-12
6.6250000000000009,12.073010565035307,6,nr,2.022e-15
6.6375000000000002,12.039643893926304,6,nr,1.631e-15
6.6500000000000004,12.006073722209049,6,nr,3.560e-15
6.6625000000000005,11.972320920858829,6,nr,4.365e-16
6.6750000000000007,11.938405112096383,6,nr,6.331e-16
6.6875000000000009,11.904344738750813,6,nr,3.792e-15
6.7000000000000002,11.870157131266614,6,nr,2.416e-12
6.7125000000000004,11.835858572058733,6,nr,8.121e-13
6.7250000000000005,11.801464357085093,6,nr,2.484e-15
6.7375000000000007,11.766988854446556,6,nr,4.697e-15
6.7500000000000009,11.732445560074112,6,nr,4.003e-15
6.7625000000000002,11.697847150443385,6,nr,4.756e-15
6.7750000000000004,11.663205532391112,6,nr,4.253e-15
6.7875000000000005,11.628531890099346,6,nr,2.513e-15
6.8000000000000007,11.593836729340026,6,nr,8.435e-15
6.8125000000000009,11.559129919086024,6,nr,0.000e+00
6.8250000000000002,11.524420730603563,6,nr,4.025e-15
6.8375000000000004,11.489717874146217,6,nr,2.263e-15
6.8500000000000005,11.455029533373319,6,nr,2.276e-13
6.8625000000000007,11.420363397634048,6,nr,3.188e-11
6.8750000000000009,11.385726692104882,6,nr,3.435e-15
6.8875000000000002,11.351126206303503,6,nr,2.605e-15
6.9000000000000004,11.316568320416119,6,nr,7.262e-15
6.9125000000000005,11.282059030228256,6,nr,6.855e-15
6.9250000000000007,11.247603970355868,6,nr,9.698e-15
6.9375000000000009,11.213208436013607,6,nr,4.939e-15
6.9500000000000002,11.178877403396088,6,nr,2.494e-16
6.9625000000000004,11.14461554876199,6,nr,4.030e-15
6.9750000000000005,11.110427266291019,6,nr,3.026e-11
6.9875000000000007,11.076316684898904,6,nr,5.133e-16
7.0000000000000009,11.042287683768901,6,nr,1.148e-14
7.0125000000000002,11.008343907197684,6,nr,1.141e-14
7.0250000000000004,10.974488778293582,6,nr,3.515e-16
7.0375000000000005,10.940725511905502,6,nr,7.356e-15
7.0500000000000007,10.907057126734111,6,nr,1.430e-14
7.0625000000000009,10.873486456694144,6,nr,2.072e-15
7.0750000000000002,10.840016161577784,6,nr,1.619e-13
7.0875000000000004,10.806648737065355,6,nr,1.135e-14
7.1000000000000005,10.773386524128028,6,nr,2.951e-15
7.1125000000000007,10.740231717874462,6,nr,3.402e-11
7.1250000000000009,10.707186375784909,6,nr,2.012e-14
7.1375000000000002,10.674252425656208,6,nr,5.467e-15
7.1500000000000004,10.641431672807608,6,nr,9.775e-15
7.1625000000000005,10.608725807061175,6,nr,1.720e-15
7.1750000000000007,10.576136409234895,6,nr,1.087e-14
7.1875000000000009,10.543664957271739,6,nr,2.904e-16
7.2000000000000002,10.511312832015259,6,nr,1.169e-15
7.2125000000000004,10.479081322654745,6,nr,2.351e-15
7.2250000000000005,10.446971631861137,6,nr,1.547e-14
7.2375000000000007,10.414984880631661,6,nr,5.804e-12
7.2500000000000009,10.383122112875718,6,nr,1.565e-14
7.2625000000000002,10.35138429971688,6,nr,1.974e-14
7.2750000000000004,10.319772343598043,6,nr,2.166e-15
7.2875000000000005,10.288287082133605,6,nr,7.593e-16
7.3000000000000007,10.25692929176553,6,nr,7.833e-15
7.3125000000000009,10.225699691222053,6,nr,5.315e-15
7.3250000000000002,10.194598944793229,6,nr,4.005e-15
7.3375000000000004,10.1636276654349,6,nr,2.527e-15
7.3500000000000005,10.132786417711676,6,nr,1.114e-14
7.3625000000000007,10.102075720588866,6,nr,1.352e-14
7.3750000000000009,10.071496050082855,6,nr,1.499e-14
7.3875000000000002,10.041047841778518,6,nr,4.613e-15
7.4000000000000004,10.010731493221963,6,nr,4.787e-15
7.4125000000000005,9.9805473661963173,6,nr,7.603e-15
7.4250000000000007,9.9504957888876326,6,nr,6.781e-15
7.4375000000000009,9.9205770579478063,6,nr,8.504e-15
7.4500000000000002,9.8907914404607826,6,nr,1.653e-15
7.4625000000000004,9.8611391758180513,6,nr,4.759e-15
7.4750000000000005,9.8316204775090128,6,nr,7.185e-15
7.4875000000000007,9.8022355348315084,6,nr,5.081e-15
7.5000000000000009,9.7729845145274883,6,nr,4.689e-15
7.5125000000000002,9.7438675623485,6,nr,7.780e-15
7.5250000000000004,9.7148848045756626,6,nr,7.225e-11
7.5375000000000005,9.6860363493564652,6,nr,9.117e-15
7.5500000000000007,9.6573222882879382,6,nr,8.809e-15
7.5625000000000009,9.6287426975405204,6,nr,9.805e-16
7.5750000000000002,9.6002976392468984,6,nr,4.128e-11
7.5875000000000004,9.5719871626542776,6,nr,2.569e-15
7.6000000000000005,9.543811305422901,6,nr,5.610e-16
7.6125000000000007,9.5157700946550374,6,nr,8.288e-12
7.6250000000000009,9.487863548069301,6,nr,4.417e-15
7.6375000000000002,9.460091675038873,6,nr,2.435e-12
7.6500000000000004,9.4324544776493333,6,nr,7.860e-15
7.6625000000000005,9.404951951701884,6,nr,2.801e-12
7.6750000000000007,9.3775840876936893,6,nr,3.034e-15
7.6875000000000009,9.3503508717723154,6,nr,1.161e-11
7.7000000000000002,9.3232522866595318,6,nr,4.879e-15
7.7125000000000004,9.2962883125983105,6,nr,3.284e-11
7.7250000000000005,9.2694589281707369,6,nr,4.421e-12
7.7375000000000007,9.2427641112734147,6,nr,2.947e-11
7.7500000000000009,9.2162038398907953,6,nr,9.299e-11
7.7625000000000002,9.1897780930411983,6,nr,2.480e-12
7.7750000000000004,9.1634868514381953,6,nr,1.302e-11
7.7875000000000005,9.1373300984998114,6,nr,8.320e-16
7.8000000000000007,9.1113078210933285,6,nr,6.486e-15
7.8125000000000009,9.0854200103347331,6,nr,4.847e-15
7.8250000000000002,9.0596666624058155,6,nr,3.300e-11
7.8375000000000004,9.0340477793992857,6,nr,6.577e-16
7.8500000000000005,9.0085633700367183,6,nr,6.199e-15
7.8625000000000007,8.9832134505598642,6,nr,9.920e-15
7.8750000000000009,8.9579980454946586,6,nr,5.812e-15
7.8875000000000002,8.9329171884710021,6,nr,5.067e-15
7.9000000000000004,8.9079709230394144,6,nr,5.438e-15
7.9125000000000005,8.8831593034949634,6,nr,1.384e-15
7.9250000000000007,8.8584823957100411,6,nr,1.121e-14
7.9375000000000009,8.8339402779777263,6,nr,9.917e-15
7.9500000000000002,8.8095330418756035,6,nr,3.075e-11
7.9625000000000004,8.7852607930944711,6,nr,4.034e-16
7.9750000000000005,8.7611236524056242,6,nr,5.901e-15
7.9875000000000007,8.7371217564819403,6,nr,1.246e-14
8,8.7132552588612135,6,nr,9.228e-15
8.0124999999999993,8.6895243308815342,6,nr,1.914e-15
8.0250000000000004,8.6659291626481743,6,nr,1.097e-14
8.0374999999999996,8.6424699640255493,6,nr,1.342e-14
8.0499999999999989,8.6191469656563999,6,nr,7.371e-16
8.0625,8.5959604200102309,6,nr,4.984e-15
8.0749999999999993,8.5729106024632582,6,nr,2.284e-14
8.0875000000000004,8.5499978124119025,6,nr,7.550e-15
8.0999999999999996,8.5272223744223652,6,nr,1.006e-14
8.1124999999999989,8.5045846394184039,6,nr,2.737e-15
8.125,8.4820849859099283,6,nr,1.039e-14
8.1374999999999993,8.4597238212881898,6,nr,8.065e-11
8.1500000000000004,8.4375015830275224,6,nr,2.956e-14
8.1624999999999996,8.4154187402839238,6,nr,1.116e-15
8.1749999999999989,8.3934757950810113,6,nr,1.272e-14
8.1875,8.3716732838982679,6,nr,8.386e-15
8.1999999999999993,8.3500117791790966,6,nr,4.791e-12
8.2125000000000004,8.3284918909137051,6,nr,1.277e-14
8.2249999999999996,8.3071142683073713,6,nr,2.219e-14
8.2374999999999989,8.2858796014869771,6,nr,6.585e-15
8.25,8.2647886232812997,6,nr,5.804e-11
8.2624999999999993,8.2438421111750273,6,nr,7.529e-15
8.2750000000000004,8.2230408890709246,6,nr,3.389e-14
8.2874999999999996,8.202385829494089,6,nr,3.493e-14
8.2999999999999989,8.1818778556105869,6,nr,2.060e-14
8.3125,8.1615179434428828,6,nr,1.393e-14
8.3249999999999993,8.1413071241601322,6,nr,1.618e-14
8.3375000000000004,8.1212464864648819,6,nr,1.776e-15
8.3499999999999996,8.1013371790803319,6,nr,1.392e-15
8.3624999999999989,8.0815804133419942,6,nr,1.354e-14
8.375,8.0619774658976855,6,nr,2.488e-14
8.3874999999999993,8.0425296815196408,6,nr,3.759e-14
8.4000000000000004,8.0232384760322688,6,nr,2.306e-14
8.4124999999999996,8.0041053393594925,6,nr,1.967e-15
8.4249999999999989,7.9851318386943566,6,nr,7.982e-16
8.4375,7.9663196217942449,6,nr,2.991e-15
8.4499999999999993,7.9476704204041813,6,nr,4.179e-14
8.4625000000000004,7.9291860538100245,6,nr,3.374e-15
8.4749999999999996,7.9108684325234639,6,nr,3.087e-15
8.4874999999999989,7.8927195620987955,6,nr,3.375e-14
8.5,7.874741547058127,6,nr,5.836e-11
8.5124999999999993,7.8569365950886469,6,nr,1.920e-14
8.5250000000000004,7.8393070210136608,6,nr,4.797e-15
8.5374999999999996,7.821855251358798,6,nr,1.016e-14
8.5499999999999989,7.8045838286818174,6,nr,2.191e-15
8.5625,7.7874954161526118,6,nr,2.210e-14
8.5749999999999993,7.7705928022076378,6,nr,7.955e-16
8.5875000000000004,7.7538789052883264,6,nr,4.961e-15
8.5999999999999996,7.7373567786457658,6,nr,1.722e-14
8.6124999999999989,7.7210296151904769,6,nr,4.627e-16
8.625,7.7049007523576218,6,nr,6.018e-12
8.6374999999999993,7.6889736769767634,6,nr,6.718e-15
8.6500000000000004,7.6732520300465339,6,nr,1.418e-14
8.6624999999999996,7.6577396114712419,6,nr,2.008e-14
8.6749999999999989,7.6424403846037752,6,nr,1.562e-14
8.6875,7.6273584805931955,6,nr,1.364e-14
8.6999999999999993,7.6124982024426862,6,nr,1.540e-14
8.7125000000000004,7.5978640286951586,6,nr,1.438e-14
8.7249999999999996,7.5834606166467982,6,nr,5.083e-15
8.7374999999999989,7.5692928049730712,6,nr,6.741e-15
8.75,7.5553656156346918,6,nr,1.291e-15
8.7624999999999993,7.5416842549111429,6,nr,5.301e-15
8.7750000000000004,7.5282541133876348,6,nr,7.752e-15
8.7874999999999996,7.5150807646972257,6,nr,9.158e-16
8.7999999999999989,7.502169962793336,6,nr,1.937e-16
8.8125,7.4895276375191022,6,nr,3.043e-11
8.8249999999999993,7.4771598880439525,6,nr,8.177e-15
8.8375000000000004,7.4650729742801927,6,nr,1.055e-15
8.8499999999999996,7.4532733052029787,6,nr,3.062e-16
8.8624999999999989,7.4417674244006147,6,nr,2.175e-15
8.875,7.4305619919895411,6,nr,2.980e-16
8.8874999999999993,7.4196637625544843,6,nr,1.348e-11
8.9000000000000004,7.4090795586555602,6,nr,3.479e-16
8.9124999999999996,7.3988162391299017,6,nr,1.144e-16
8.9249999999999989,7.3888806619775389,6,nr,1.748e-15
8.9375,7.3792796408710997,6,nr,2.334e-11
8.9499999999999993,7.3700198947467186,6,nr,3.826e-12
8.9625000000000004,7.361107990176385,6,nr,3.785e-16
8.9749999999999996,7.3525502752721392,6,nr,0.000e+00
8.9874999999999989,7.3443528051187803,6,nr,1.699e-11
9,7.3365212580243977,6,nr,5.187e-16
9.0124999999999993,7.3290608418692136,6,nr,2.331e-11
9.0250000000000004,7.3219761910239658,6,nr,5.047e-16
9.0374999999999996,7.3152712526634964,6,nr,9.959e-16
9.0499999999999989,7.3089491637968704,6,nr,1.680e-11
9.0625,7.303012118670801,6,nr,1.505e-11
9.0749999999999993,7.2974612273904391,6,nr,2.873e-16
9.0875000000000004,7.2922963678801249,6,nr,9.456e-17
9.0999999999999996,7.287516031726752,6,nr,1.615e-11
9.1124999999999989,7.283117167381258,6,nr,1.086e-11
9.125,7.2790950228864482,6,nr,3.171e-12
9.1374999999999993,7.2754429923343791,6,nr,7.220e-16
9.1500000000000004,7.2721524700151781,6,nr,1.496e-15
9.1624999999999996,7.2692127172288741,6,nr,5.003e-13
9.1749999999999989,7.2666107471875625,6,nr,1.029e-15
9.1875,7.2643312338086199,6,nr,2.428e-13
9.1999999999999993,7.2623564503992553,6,nr,9.469e-16
9.2125000000000004,7.2606662441438896,6,nr,6.408e-16
9.2249999999999996,7.2592380519390245,6,nr,8.750e-13
9.2374999999999989,7.2580469623803916,6,nr,3.198e-12
9.25,7.2570658275729754,6,nr,1.427e-15
9.2624999999999993,7.2562654270110105,6,nr,3.238e-16
9.2750000000000004,7.2556146837645183,6,nr,2.082e-16
9.2874999999999996,7.2550809313772469,6,nr,9.613e-13
9.2999999999999989,7.2546302273900194,6,nr,1.735e-13
9.3125,7.2542277073044046,6,nr,4.644e-13
9.3249999999999993,7.2538379705689042,6,nr,5.282e-13
9.3375000000000004,7.253425488472975,6,nr,2.359e-13
9.3499999999999996,7.2529550223987798,6,nr,7.008e-12
9.3624999999999989,7.2523920402516628,6,nr,1.186e-12
9.375,7.2517031185011378,6,nr,1.563e-12
9.3874999999999993,7.2508563184212846,6,nr,8.540e-13
9.4000000000000004,7.2498215256314582,6,nr,5.369e-12
9.4124999999999996,7.2485707444527234,6,nr,1.255e-15
9.4249999999999989,7.2470783402497014,6,nr,3.981e-12
9.4375,7.2453212259097297,6,nr,2.578e-13
9.4499999999999993,7.2432789903749386,6,nr,2.833e-16
9.4625000000000004,7.2409339702349769,6,nr,1.602e-12
9.4749999999999996,7.2382712669115561,6,nr,8.888e-17
9.4874999999999989,7.2352787140032628,6,nr,1.344e-13
9.5,7.2319468006487204,6,nr,1.669e-12
9.5124999999999993,7.2282685575297974,6,nr,1.838e-16
9.5250000000000004,7.22423941264306,6,nr,1.604e-15
9.5374999999999996,7.2198570240621649,6,nr,8.474e-16
9.5499999999999989,7.2151210965160812,6,nr,7.448e-14
9.5625,7.2100331881936661,6,nr,7.585e-15
9.5749999999999993,7.2045965134284007,6,nr,1.860e-15
9.5875000000000004,7.1988157461252413,6,nr,9.430e-16
9.5999999999999996,7.1926968279498338,6,nr,1.107e-15
9.6125000000000007,7.1862467844822948,6,nr,2.205e-11
9.625,7.1794735515741328,6,nr,6.727e-16
9.6374999999999993,7.1723858140522694,6,nr,1.890e-15
9.6500000000000004,7.1649928570469354,6,nr,3.911e-13
9.6624999999999996,7.1573044312452225,6,nr,2.268e-15
9.6750000000000007,7.1493306316868495,6,nr,2.849e-15
9.6875,7.1410817900132946,6,nr,4.055e-12
9.6999999999999993,7.1325683796458916,6,nr,1.466e-15
9.7125000000000004,7.123800933127761,6,nr,4.003e-16
9.7249999999999996,7.1147899709195226,6,nr,2.320e-15
9.7375000000000007,7.1055459406523394,6,nr,3.235e-11
9.75,7.0960791658059037,6,nr,1.492e-15
9.7624999999999993,7.0863998033582298,6,nr,4.841e-16
9.7750000000000004,7.0765178086515581,6,nr,3.006e-15
9.7874999999999996,7.0664429074462731,6,nr,5.038e-15
9.8000000000000007,7.0561845738338977,6,nr,1.702e-15
9.8125,7.0457520134162062,6,nr,4.538e-15
9.8249999999999993,7.0351541510313336,6,nr,6.881e-12
9.8375000000000004,7.0243996223627976,6,nr,1.050e-15
9.8499999999999996,7.0134967689481753,6,nr,6.316e-15
9.8625000000000007,7.0024536359300811,6,nr,1.105e-14
9.875,6.9912779722437266,6,nr,5.048e-15
9.8874999999999993,6.9799772327447114,6,nr,1.680e-11
9.9000000000000004,6.968558582019754,6,nr,7.692e-16
9.9124999999999996,6.9570288993835012,6,nr,1.437e-14
9.9250000000000007,6.9453947851023683,6,nr,1.707e-11
9.9375,6.9336625673635153,6,nr,2.175e-16
9.9499999999999993,6.9218383098055885,6,nr,2.428e-14
9.9625000000000004,6.9099278196764038,6,nr,5.416e-15
9.9749999999999996,6.8979366561912503,6,nr,1.703e-14
9.9875000000000007,6.8858701391498727,6,nr,6.222e-15
10,6.8737333576537152,6,nr,6.598e-15
6.4500000000000002,-9.3493758634448927,7,nr,1.610e-16
6.4625000000000004,-8.6385323660654283,7,nr,3.461e-16
6.4750000000000005,-8.0009494535507351,7,nr,4.512e-13
6.4875000000000007,-7.4269136128005684,7,nr,3.198e-17
6.5000000000000009,-6.9082696755403141,7,nr,5.945e-16
6.5125000000000002,-6.4381301961943898,7,nr,1.124e-15
6.5250000000000004,-6.0106461484612961,7,nr,7.011e-13
6.5375000000000005,-5.6208245889201267,7,nr,2.869e-13
6.5500000000000007,-5.2643826073850395,7,nr,5.378e-16
6.5625000000000009,-4.937629539076636,7,nr,3.699e-15
6.5750000000000002,-4.6373713580480578,7,nr,7.545e-17
6.5875000000000004,-4.3608326029836277,7,nr,1.751e-16
6.6000000000000005,-4.1055922553551349,7,nr,5.243e-13
6.6125000000000007,-3.8695307915713784,7,nr,1.162e-15
6.6250000000000009,-3.6507862378156526,7,nr,3.308e-17
6.6375000000000002,-3.4477175201285615,7,nr,1.483e-14
6.6500000000000004,-3.2588737575551954,7,nr,9.175e-15
6.6625000000000005,-3.0829684221692699,7,nr,2.170e-14
6.6750000000000007,-2.9188575039553286,7,nr,1.417e-14
6.6875000000000009,-2.765520986607358,7,nr,1.278e-16
6.7000000000000002,-2.6220470727029253,7,nr,0.000e+00
6.7125000000000004,-2.4876187016153768,7,nr,5.365e-14
6.7250000000000005,-2.3615019871122729,7,nr,8.572e-17
6.7375000000000007,-2.2430362684948033,7,nr,7.231e-14
6.7500000000000009,-2.1316255230112287,7,nr,4.223e-16
6.7625000000000002,-2.0267309307425867,7,nr,4.233e-17
6.7750000000000004,-1.9278644185652021,7,nr,1.332e-13
6.7875000000000005,-1.8345830385535746,7,nr,1.559e-14
6.8000000000000007,-1.7464840597927016,7,nr,3.886e-17
6.8125000000000009,-1.6632006719943928,7,nr,2.025e-13
6.8250000000000002,-1.5843982152605558,7,nr,5.092e-14
6.8375000000000004,-1.5097708635996747,7,nr,1.036e-14
6.8500000000000005,-1.4390387008547485,7,nr,1.545e-13
6.8625000000000007,-1.3719451368148909,7,nr,1.206e-16
6.8750000000000009,-1.3082546189906727,7,nr,4.614e-13
6.8875000000000002,-1.2477506020164115,7,nr,6.457e-13
6.9000000000000004,-1.1902337419698847,7,nr,1.208e-16
6.9125000000000005,-1.1355202875694292,7,nr,1.210e-16
6.9250000000000007,-1.0834406440664788,7,nr,7.886e-13
6.9375000000000009,-1.0338380888852601,7,nr,6.388e-13
6.9500000000000002,-0.98656762089709515,7,nr,1.029e-16
6.9625000000000004,-0.94149492764963616,7,nr,1.182e-16
6.9750000000000005,-0.89849545684524235,7,nr,1.422e-12
6.9875000000000007,-0.85745358015720174,7,nr,9.361e-17
7.0000000000000009,-0.81826183888566373,7,nr,2.251e-12
7.0125000000000002,-0.78082026253585735,7,nr,3.110e-16
7.0250000000000004,-0.74503575200647199,7,nr,9.407e-13
7.0375000000000005,-0.71082152068504423,7,nr,6.904e-17
7.0500000000000007,-0.67809658702662501,7,nr,4.482e-12
7.0625000000000009,-0.64678531329743016,7,nr,2.798e-16
7.0750000000000002,-0.61681698546349617,7,nr,6.172e-17
7.0875000000000004,-0.58812543030235476,7,nr,6.982e-12
7.1000000000000005,-0.56064866568463667,7,nr,4.378e-17
7.1125000000000007,-0.53432858058036081,7,nr,2.328e-12
7.1250000000000009,-0.50911064231686953,7,nr,4.289e-12
7.1375000000000002,-0.48494362786229916,7,nr,2.931e-14
7.1500000000000004,-0.46177937711074013,7,nr,7.167e-17
7.1625000000000005,-0.43957256609586765,7,nr,1.941e-12
7.1750000000000007,-0.41828049813849472,7,nr,1.083e-11
7.1875000000000009,-0.39786291122958994,7,nr,5.056e-12
7.2000000000000002,-0.37828180058214361,7,nr,6.570e-12
7.2125000000000004,-0.3595012543911873,7,nr,4.775e-12
7.2250000000000005,-0.34148730233127139,7,nr,2.256e-16
7.2375000000000007,-0.3242077751184575,7,nr,1.446e-11
7.2500000000000009,-0.30763217492800909,7,nr,4.187e-16
7.2625000000000002,-0.29173155502431725,7,nr,6.192e-16
7.2750000000000004,-0.27647840879151386,7,nr,3.480e-16
7.2875000000000005,-0.26184656678187151,7,nr,8.158e-16
7.3000000000000007,-0.24781110164241971,7,nr,1.915e-15
7.3125000000000009,-0.23434824030275905,7,nr,1.921e-11
7.3250000000000002,-0.22143528285477862,7,nr,6.545e-16
7.3375000000000004,-0.20905052814997607,7,nr,7.987e-16
7.3500000000000005,-0.19717320503520558,7,nr,3.281e-15
7.3625000000000007,-0.18578340960291989,7,nr,1.804e-16
7.3750000000000009,-0.17486204770934172,7,nr,3.674e-12
7.3875000000000002,-0.16439078262582665,7,nr,9.697e-16
7.4000000000000004,-0.15435198744722736,7,nr,1.365e-15
7.4125000000000005,-0.14472870206716093,7,nr,2.271e-11
7.4250000000000007,-0.13550459444849314,7,nr,8.480e-17
7.4375000000000009,-0.12666392561286033,7,nr,1.017e-14
7.4500000000000002,-0.11819151864474503,7,nr,2.986e-14
7.4625000000000004,-0.11007273082540718,7,nr,3.054e-17
7.4750000000000005,-0.10229342896956978,7,nr,5.325e-14
7.4875000000000007,-0.094839967540320855,7,nr,2.389e-11
7.5000000000000009,-0.087699169368840341,7,nr,1.059e-13
7.5125000000000002,-0.0808583084000042,7,nr,5.386e-15
7.5250000000000004,-0.074305094674391892,7,nr,1.993e-14
7.5375000000000005,-0.068027660785390701,7,nr,2.042e-13
7.5500000000000007,-0.062014549848346867,7,nr,1.813e-13
7.5625000000000009,-0.056254704641611343,7,nr,5.515e-14
7.5750000000000002,-0.050737457703336097,7,nr,1.100e-14
7.5875000000000004,-0.045452522183487887,7,nr,2.305e-15
7.6000000000000005,-0.040389983261666138,7,nr,1.633e-15
7.6125000000000007,-0.035540289969455519,7,nr,7.150e-15
7.6250000000000009,-0.030894247276524227,7,nr,5.782e-14
7.6375000000000002,-0.026443008322394167,7,nr,3.721e-13
7.6500000000000004,-0.022178066697687633,7,nr,1.532e-12
7.6625000000000005,-0.018091248701567027,7,nr,2.203e-12
7.6750000000000007,-0.014174705507323374,7,nr,5.486e-13
7.6875000000000009,-0.010420905225021579,7,nr,1.111e-14
7.7000000000000002,-0.006822624800544793,7,nr,2.323e-12
7.7500000000000009,0.0061494159819667294,7,nr,4.140e-12
7.7625000000000002,0.0090682189604231432,7,nr,7.350e-13
7.7750000000000004,0.011868826418491235,7,nr,1.424e-11
7.7875000000000005,0.014556537827105621,7,nr,7.004e-14
7.8000000000000007,0.017136412979236727,7,nr,2.384e-11
7.8125000000000009,0.019613280902352932,7,nr,6.043e-14
7.8250000000000002,0.021991748584155091,7,nr,3.225e-11
7.8375000000000004,0.024276209769208464,7,nr,9.134e-13
7.8500000000000005,0.026470853464495913,7,nr,2.964e-11
7.8625000000000007,0.028579672496890515,7,nr,1.332e-11
7.8750000000000009,0.030606471712450591,7,nr,5.551e-12
7.8875000000000002,0.032554876192483997,7,nr,8.185e-11
7.9000000000000004,0.034428339044345779,7,nr,8.877e-13
7.9125000000000005,0.036230149251767332,7,nr,4.754e-11
7.9250000000000007,0.037963439059847774,7,nr,8.538e-11
7.9375000000000009,0.039631191145485474,7,nr,2.694e-13
7.9500000000000002,0.041236245783812055,7,nr,7.507e-11
7.9625000000000004,0.042781307508245978,7,nr,1.640e-10
7.9750000000000005,0.044268951467080542,7,nr,5.431e-12
7.9875000000000007,0.045701629963250487,7,nr,3.061e-11
8,0.047081678222678613,7,nr,1.267e-10
8.0124999999999993,0.048411320148320121,7,nr,1.137e-10
8.0250000000000004,0.049692673921288011,7,nr,3.564e-13
8.0374999999999996,0.050927757205820663,7,nr,1.008e-10
8.0499999999999989,0.052118492170615066,7,nr,6.345e-16
8.0625,0.053266710242009067,7,nr,2.419e-10
8.0749999999999993,0.054374156640963039,7,nr,8.650e-12
8.0875000000000004,0.055442494912512144,7,nr,2.380e-11
8.0999999999999996,0.05647331085292652,7,nr,6.615e-11
8.1124999999999989,0.057468116502633733,7,nr,1.337e-15
8.125,0.058428353924915834,7,nr,2.546e-10
8.1374999999999993,0.059355398795037664,7,nr,1.683e-11
8.1500000000000004,0.060250563572832636,7,nr,8.007e-12
8.1624999999999996,0.061115100949297008,7,nr,1.763e-10
8.1749999999999989,0.061950206677249396,7,nr,2.062e-15
8.1875,0.06275702262633745,7,nr,3.335e-14
8.1999999999999993,0.063536639347924945,7,nr,2.150e-10
8.2125000000000004,0.064290098814864277,7,nr,4.284e-11
8.2249999999999996,0.06501839666302818,7,nr,2.630e-10
8.2374999999999989,0.06572248477816714,7,nr,2.597e-10
8.25,0.066403273287253678,7,nr,2.371e-15
8.2624999999999993,0.067061632679430244,7,nr,5.434e-15
8.2750000000000004,0.067698395861551408,7,nr,7.249e-14
8.2874999999999996,0.068314359955513132,7,nr,2.415e-14
8.2999999999999989,0.068910288106110787,7,nr,3.367e-10
8.3125,0.069486911055396408,7,nr,2.469e-11
8.3249999999999993,0.070044928928419625,7,nr,1.421e-13
8.3375000000000004,0.070585012531305169,7,nr,2.483e-10
8.3499999999999996,0.07110780493443139,7,nr,2.694e-15
8.3624999999999989,0.071613922666478216,7,nr,6.704e-15
8.375,0.072103957133037203,7,nr,1.417e-14
8.3874999999999993,0.072578475756834709,7,nr,1.862e-14
8.4000000000000004,0.073038023139751426,7,nr,8.226e-14
8.4124999999999996,0.073483122150801689,7,nr,2.979e-14
8.4249999999999989,0.073914274937319641,7,nr,4.086e-10
8.4375,0.074331964009544504,7,nr,1.178e-10
8.4499999999999993,0.074736652937880316,7,nr,3.778e-12
8.4625000000000004,0.075128787490406912,7,nr,4.768e-12
8.4749999999999996,0.075508796300931449,7,nr,2.516e-10
8.4874999999999989,0.075877091764480153,7,nr,2.506e-11
8.5,0.07623407066571701,7,nr,5.362e-15
8.5124999999999993,0.07658011501791348,7,nr,1.228e-14
8.5250000000000004,0.076915592672194152,7,nr,2.144e-14
8.5374999999999996,0.077240857978622721,7,nr,3.037e-14
8.5499999999999989,0.077556252396928288,7,nr,3.736e-14
8.5625,0.077862105078032845,7,nr,1.322e-13
8.5749999999999993,0.078158733416939213,7,nr,8.050e-14
8.5875000000000004,0.078446443578480685,7,nr,4.179e-14
8.5999999999999996,0.078725530997508605,7,nr,1.686e-14
8.6124999999999989,0.078996280832636781,7,nr,5.829e-10
8.625,0.079258968540241129,7,nr,2.657e-10
8.6374999999999993,0.079513860036231246,7,nr,5.955e-11
8.6500000000000004,0.079761212417766125,7,nr,4.148e-12
8.6624999999999996,0.08000127416560672,7,nr,7.078e-12
8.6749999999999989,0.080234285566810171,7,nr,2.173e-11
8.6875,0.080460479071290697,7,nr,1.488e-10
8.6999999999999993,0.080680079630737395,7,nr,4.301e-10
8.7125000000000004,0.080893305073884605,7,nr,5.981e-10
8.7249999999999996,0.081100366214847022,7,nr,4.508e-11
8.7374999999999989,0.081301467467752797,7,nr,7.210e-15
8.75,0.081496806871243943,7,nr,5.895e-15
8.7624999999999993,0.081686576459663915,7,nr,8.249e-15
8.7750000000000004,0.081870962508087952,7,nr,1.216e-14
8.7874999999999996,0.082050145777450581,7,nr,1.392e-14
8.7999999999999989,0.0822243017506053,7,nr,1.366e-14
8.8125,0.082393600858362226,7,nr,1.397e-14
8.8249999999999993,0.082558208696037347,7,nr,2.364e-14
8.8375000000000004,0.082718286231020344,7,nr,1.732e-14
8.8499999999999996,0.082873990001834305,7,nr,1.160e-14
8.8624999999999989,0.083025472309150375,7,nr,1.048e-14
8.875,0.083172881399181359,7,nr,6.516e-15
8.8874999999999993,0.083316361630232177,7,nr,3.294e-10
8.9000000000000004,0.083456053670812894,7,nr,6.699e-10
8.9124999999999996,0.083592094685762661,7,nr,7.807e-10
8.9249999999999989,0.083724618298879547,7,nr,5.576e-10
8.9375,0.08385375504576234,7,nr,3.824e-10
8.9499999999999993,0.083979632319440209,7,nr,2.501e-10
8.9625000000000004,0.084102374560860699,7,nr,1.546e-10
8.9749999999999996,0.084222103394523518,7,nr,8.920e-11
8.9874999999999989,0.084338937759539739,7,nr,4.712e-11
9,0.084452994036378182,7,nr,2.215e-11
9.0124999999999993,0.084564386169557207,7,nr,8.837e-12
9.0250000000000004,0.08467322578651959,7,nr,2.743e-12
9.0374999999999996,0.084779622312930972,7,nr,5.501e-13
9.0499999999999989,0.084883683084622061,7,nr,3.875e-14
9.0625,0.084985513437408289,7,nr,7.175e-10
9.0749999999999993,0.085085216907889588,7,nr,4.441e-14
9.0875000000000004,0.085182895146739726,7,nr,2.928e-13
9.0999999999999996,0.085278648209184821,7,nr,5.989e-13
9.1124999999999989,0.085372574558353856,7,nr,6.073e-13
9.125,0.085464771180376001,7,nr,8.570e-14
9.1374999999999993,0.085555333678511231,7,nr,7.536e-13
9.1500000000000004,0.085644356365472241,7,nr,8.913e-13
9.1624999999999996,0.085731932354112778,7,nr,1.657e-12
9.1749999999999989,0.08581815364668724,7,nr,8.296e-12
9.1875,0.085903111222724024,7,nr,2.132e-11
9.1999999999999993,0.085986895125787055,7,nr,4.393e-11
9.2125000000000004,0.086069594549251047,7,nr,8.015e-11
9.2249999999999996,0.086151297921240128,7,nr,1.348e-10
9.2374999999999989,0.086232092988889647,7,nr,2.138e-10
9.25,0.08631206690208669,7,nr,3.235e-10
9.2624999999999993,0.08639130629684405,7,nr,4.716e-10
9.2750000000000004,0.08646989737846289,7,nr,6.662e-10
9.2874999999999996,0.0865479260046393,7,nr,9.163e-10
9.2999999999999989,0.086625477818672247,7,nr,7.631e-10
9.3125,0.086702638132930707,7,nr,3.736e-10
9.3249999999999993,0.086779492315278248,7,nr,4.955e-15
9.3375000000000004,0.086856125677693838,7,nr,6.773e-15
9.3499999999999996,0.086932623586466459,7,nr,1.262e-14
9.3624999999999989,0.087009071576020461,7,nr,2.065e-14
9.375,0.087085555426770128,7,nr,2.793e-14
9.3874999999999993,0.087162161253608275,7,nr,4.264e-14
9.4000000000000004,0.087238975595847049,7,nr,5.870e-14
9.4124999999999996,0.087316085508800476,7,nr,8.062e-14
9.4249999999999989,0.087393578657203319,7,nr,1.047e-13
9.4375,0.087471543410670122,7,nr,1.294e-13
9.4499999999999993,0.08755006894140388,7,nr,1.474e-13
9.4625000000000004,0.087629245324374092,7,nr,1.640e-13
9.4749999999999996,0.087709163640190768,7,nr,1.773e-13
9.4874999999999989,0.08778991608091416,7,nr,1.907e-13
9.5,0.087871596059047791,7,nr,2.005e-13
9.5124999999999993,0.087954298319976462,7,nr,2.082e-13
9.5250000000000004,0.088038119058121145,7,nr,2.138e-13
9.5374999999999996,0.088123156037098624,7,nr,2.137e-13
9.5499999999999989,0.088209508714186632,7,nr,2.089e-13
9.5625,0.088297278369411647,7,nr,1.996e-13
9.5749999999999993,0.088386568239593372,7,nr,1.882e-13
9.5875000000000004,0.088477483657696435,7,nr,1.699e-13
9.5999999999999996,0.088570132197863652,7,nr,1.512e-13
9.6125000000000007,0.088664623826518282,7,nr,1.280e-13
9.625,0.088761071059951832,7,nr,1.080e-13
9.6374999999999993,0.088859589128833349,7,nr,8.392e-14
9.6500000000000004,0.088960296150103146,7,nr,6.298e-14
9.6624999999999996,0.089063313306737918,7,nr,4.409e-14
9.6750000000000007,0.089168765035906108,7,nr,2.955e-14
9.6875,0.089276779226058312,7,nr,1.680e-14
9.6999999999999993,0.089387487423533252,7,nr,8.316e-15
9.7125000000000004,0.089501025049290334,7,nr,3.236e-15
9.7249999999999996,0.089617531604183329,7,nr,7.600e-10
9.7375000000000007,0.089737151028971507,7,nr,3.344e-10
9.75,0.08986003168538044,7,nr,5.466e-11
9.7624999999999993,0.089986326933162358,7,nr,5.460e-14
9.7750000000000004,0.090116195214248726,7,nr,2.314e-12
9.7874999999999996,0.090249800399503186,7,nr,4.549e-11
9.8000000000000007,0.090387312093782063,7,nr,2.407e-10
9.8125,0.090528905958941044,7,nr,7.618e-10
9.8249999999999993,0.090674764114664796,7,nr,3.499e-14
9.8375000000000004,0.09082507532644303,7,nr,1.063e-13
9.8499999999999996,0.090980035590164807,7,nr,2.566e-13
9.8625000000000007,0.091139848420187949,7,nr,5.437e-13
9.875,0.09130472529629334,7,nr,1.029e-12
9.8874999999999993,0.091474886109846262,7,nr,1.788e-12
9.9000000000000004,0.091650559634544757,7,nr,2.879e-12
9.9124999999999996,0.091831984023124369,7,nr,4.333e-12
9.9250000000000007,0.092019407331429715,7,nr,6.144e-12
9.9375,0.092213088071304031,7,nr,8.226e-12
9.9499999999999993,0.092413295793461442,7,nr,1.751e-12
9.9625000000000004,0.092620311703682109,7,nr,1.600e-12
9.9749999999999996,0.092834429309493802,7,nr,1.354e-12
9.9875000000000007,0.093055955104349983,7,nr,1.050e-12
10,0.093285209286885662,7,nr,7.304e-13
6.8125000000000009,14.958873712641925,8,nr,1.234e-15
6.8250000000000002,14.911911612376223,8,nr,5.808e-15
6.8375000000000004,14.865010088433158,8,nr,3.253e-14
6.8500000000000005,14.818177889323399,8,nr,3.165e-15
6.8625000000000007,14.771423183110292,8,nr,3.738e-15
6.8750000000000009,14.72475359615084,8,nr,1.158e-15
6.8875000000000002,14.678176249049498,8,nr,2.654e-15
6.9000000000000004,14.631697790034149,8,nr,6.395e-15
6.9125000000000005,14.585324425968087,8,nr,3.348e-11
6.9250000000000007,14.539061951045456,8,nr,1.130e-15
6.9375000000000009,14.492915773735014,8,nr,7.177e-15
6.9500000000000002,14.446890941463204,8,nr,1.689e-14
6.9625000000000004,14.400992163842034,8,nr,4.162e-15
6.9750000000000005,14.355223834185974,8,nr,2.148e-11
6.9875000000000007,14.309590049495919,8,nr,2.801e-15
7.0000000000000009,14.264094629230708,8,nr,3.085e-15
7.0125000000000002,14.218741132589383,8,nr,6.832e-15
7.0250000000000004,14.173532874778909,8,nr,4.887e-15
7.0375000000000005,14.128472942126972,8,nr,1.145e-15
7.0500000000000007,14.083564206196327,8,nr,3.641e-15
7.0625000000000009,14.038809336964148,8,nr,4.209e-15
7.0750000000000002,13.994210815134894,8,nr,5.779e-15
7.0875000000000004,13.949770943649762,8,nr,3.095e-15
7.1000000000000005,13.905491858450953,8,nr,7.156e-15
7.1125000000000007,13.861375538554427,8,nr,1.479e-15
7.1250000000000009,13.817423815480742,8,nr,1.472e-14
7.1375000000000002,13.77363838208966,8,nr,2.815e-15
7.1500000000000004,13.730020800860785,8,nr,3.336e-13
7.1625000000000005,13.686572511658623,8,nr,1.142e-14
7.1750000000000007,13.643294839020447,8,nr,6.418e-15
7.1875000000000009,13.600188999006191,8,nr,2.749e-11
7.2000000000000002,13.557256105574263,8,nr,1.223e-14
7.2125000000000004,13.51449717672344,8,nr,3.515e-15
7.2250000000000005,13.471913140070658,8,nr,1.346e-14
7.2375000000000007,13.42950483824675,8,nr,9.782e-15
7.2500000000000009,13.38727303391792,8,nr,1.833e-14
7.2625000000000002,13.345218414539493,8,nr,3.972e-11
7.2750000000000004,13.303341596755649,8,nr,1.316e-14
7.2875000000000005,13.261643130749064,8,nr,1.262e-15
7.3000000000000007,13.220123504085755,8,nr,1.349e-11
7.3125000000000009,13.178783145515347,8,nr,1.275e-15
7.3250000000000002,13.13762242854942,8,nr,1.737e-14
7.3375000000000004,13.096641674770723,8,nr,1.338e-14
7.3500000000000005,13.055841157028128,8,nr,1.230e-14
7.3625000000000007,13.01522110244837,8,nr,4.154e-11
7.3750000000000009,12.974781695216077,8,nr,1.095e-15
7.3875000000000002,12.934523079400071,8,nr,0.000e+00
7.4000000000000004,12.894445361381518,8,nr,2.154e-15
7.4125000000000005,12.854548612346809,8,nr,1.054e-16
7.4250000000000007,12.814832870581077,8,nr,1.640e-15
7.4375000000000009,12.775298143680974,8,nr,6.796e-11
7.4500000000000002,12.73594441054053,8,nr,1.198e-14
7.4625000000000004,12.69677162353841,8,nr,1.763e-15
7.4750000000000005,12.657779710230463,8,nr,1.106e-14
7.4875000000000007,12.618968575256005,8,nr,2.820e-15
7.5000000000000009,12.580338102063301,8,nr,7.454e-11
7.5125000000000002,12.541888154451481,8,nr,5.669e-16
7.5250000000000004,12.503618578359097,8,nr,3.626e-15
7.5375000000000005,12.4655292031533,8,nr,3.140e-11
7.5500000000000007,12.427619843227275,8,nr,2.527e-15
7.5625000000000009,12.389890299261539,8,nr,7.072e-11
7.5750000000000002,12.352340359744565,8,nr,9.872e-15
7.5875000000000004,12.31496980201795,8,nr,4.141e-12
7.6000000000000005,12.277778393724217,8,nr,1.108e-15
7.6125000000000007,12.240765893891197,8,nr,6.409e-12
7.6250000000000009,12.203932054126192,8,nr,3.126e-15
7.6375000000000002,12.167276619710544,8,nr,1.784e-16
7.6500000000000004,12.130799330685177,8,nr,6.070e-11
7.6625000000000005,12.094499922974935,8,nr,6.668e-15
7.6750000000000007,12.058378129251111,8,nr,7.628e-15
7.6875000000000009,12.022433680090606,8,nr,7.969e-15
7.7000000000000002,11.986666304850223,8,nr,6.696e-11
7.7125000000000004,11.951075732727217,8,nr,1.540e-11
7.7250000000000005,11.915661693493117,8,nr,6.273e-12
7.7375000000000007,11.880423918637131,8,nr,6.317e-12
7.7500000000000009,11.845362142118869,8,nr,2.040e-11
7.7625000000000002,11.810476101320452,8,nr,7.249e-11
7.7750000000000004,11.77576553785441,8,nr,6.466e-15
7.7875000000000005,11.741230198580023,8,nr,1.533e-14
7.8000000000000007,11.70686983630185,8,nr,2.336e-15
7.8125000000000009,11.672684210718415,8,nr,3.418e-15
7.8250000000000002,11.638673089259715,8,nr,9.640e-15
7.8375000000000004,11.604836247940451,8,nr,1.041e-11
7.8500000000000005,11.57117347223101,8,nr,1.833e-15
7.8625000000000007,11.537684557890829,8,nr,1.685e-14
7.8750000000000009,11.504369311863229,8,nr,6.383e-12
7.8875000000000002,11.471227553126512,8,nr,4.057e-15
7.9000000000000004,11.438259113595658,8,nr,3.669e-15
7.9125000000000005,11.405463838999006,8,nr,1.627e-16
7.9250000000000007,11.372841589793186,8,nr,7.848e-16
7.9375000000000009,11.340392242083285,8,nr,8.938e-15
7.9500000000000002,11.308115688562005,8,nr,1.231e-14
7.9625000000000004,11.276011839468294,8,nr,2.794e-15
7.9750000000000005,11.244080623567767,8,nr,3.992e-15
7.9875000000000007,11.212321989156992,8,nr,6.680e-15
8,11.180735905094211,8,nr,4.582e-15
8.0124999999999993,11.149322361858729,8,nr,2.815e-15
8.0250000000000004,11.118081372641635,8,nr,1.038e-14
8.0374999999999996,11.087012974470349,8,nr,4.537e-15
8.0499999999999989,11.056117229369773,8,nr,5.414e-15
8.0625,11.025394225562811,8,nr,9.898e-15
8.0749999999999993,10.994844078704951,8,nr,2.970e-11
8.0875000000000004,10.964466933214039,8,nr,2.858e-15
8.0999999999999996,10.934262963524137,8,nr,2.794e-15
8.1124999999999989,10.90423237555739,8,nr,9.017e-15
8.125,10.874375408126804,8,nr,4.257e-15
8.1374999999999993,10.844692334463819,8,nr,5.446e-11
8.1500000000000004,10.815183463705914,8,nr,3.456e-15
8.1624999999999996,10.785849142687846,8,nr,7.838e-15
8.1749999999999989,10.756689757488822,8,nr,7.396e-15
8.1875,10.727705735292016,8,nr,2.533e-14
8.1999999999999993,10.698897546229906,8,nr,1.026e-14
8.2125000000000004,10.670265705330905,8,nr,8.070e-15
8.2249999999999996,10.641810774556509,8,nr,7.482e-15
8.2374999999999989,10.613533364934582,8,nr,2.785e-14
8.25,10.585434138794378,8,nr,1.459e-15
8.2624999999999993,10.557513812109571,8,nr,3.027e-14
8.2750000000000004,10.529773156933469,8,nr,6.764e-11
8.2874999999999996,10.502213004085625,8,nr,2.472e-14
8.2999999999999989,10.474834245628404,8,nr,3.636e-11
8.3125,10.44763783798459,8,nr,4.342e-14
8.3249999999999993,10.42062480469302,8,nr,8.885e-15
8.3375000000000004,10.393796239684185,8,nr,2.210e-14
8.3499999999999996,10.367153310513926,8,nr,3.079e-14
8.3624999999999989,10.340697261837025,8,nr,4.666e-15
8.375,10.314429419045574,8,nr,8.171e-16
8.3874999999999993,10.288351192094128,8,nr,3.558e-14
8.4000000000000004,10.262464079520907,8,nr,3.744e-14
8.4124999999999996,10.236769672675791,8,nr,2.145e-14
8.4249999999999989,10.211269660164794,8,nr,2.549e-15
8.4375,10.185965832522516,8,nr,5.228e-16
8.4499999999999993,10.160860087123055,8,nr,1.728e-16
8.4625000000000004,10.135954433340526,8,nr,5.993e-15
8.4749999999999996,10.111250997970574,8,nr,9.417e-15
8.4874999999999989,10.086752030923854,8,nr,1.278e-14
8.5,10.062459911202675,8,nr,3.463e-14
8.5124999999999993,10.038377153171604,8,nr,2.152e-14
8.5250000000000004,10.014506413132045,8,nr,5.878e-15
8.5374999999999996,9.9908504962111078,8,nr,1.051e-15
8.5499999999999989,9.9674123635726151,8,nr,3.408e-14
8.5625,9.9441951399584401,8,nr,1.979e-15
8.5749999999999993,9.9212021215653774,8,nr,3.368e-15
8.5875000000000004,9.8984367842617758,8,nr,1.333e-14
8.5999999999999996,9.8759027921444762,8,nr,1.303e-15
8.6124999999999989,9.8536040064342174,8,nr,5.152e-15
8.625,9.8315444947028556,8,nr,1.049e-14
8.6374999999999993,9.8097285404011618,8,nr,3.957e-11
8.6500000000000004,9.7881606528120546,8,nr,1.734e-14
8.6624999999999996,9.7668455769774631,8,nr,1.005e-14
8.6749999999999989,9.7457883042782782,8,nr,2.142e-16
8.6875,9.7249940829107384,8,nr,2.397e-14
8.6999999999999993,9.7044684286315004,8,nr,1.532e-15
8.7125000000000004,9.6842171355575672,8,nr,3.230e-15
8.7249999999999996,9.6642462869542225,8,nr,1.357e-15
8.7374999999999989,9.6445622659161447,8,nr,2.245e-11
8.75,9.6251717657124125,8,nr,5.283e-16
8.7624999999999993,9.606081799928349,8,nr,7.165e-16
8.7750000000000004,9.5872997117239205,8,nr,7.773e-15
8.7874999999999996,9.5688331824673796,8,nr,2.280e-15
8.7999999999999989,9.5506902391782944,8,nr,3.809e-15
8.8125,9.5328792605554753,8,nr,5.908e-15
8.8249999999999993,9.5154089811965559,8,nr,9.096e-16
8.8375000000000004,9.4982884935658092,8,nr,1.135e-15
8.8499999999999996,9.4815272471937728,8,nr,1.059e-15
8.8624999999999989,9.4651350445107081,8,nr,2.318e-16
8.875,9.4491220326248495,8,nr,1.769e-15
8.8874999999999993,9.433498690256366,8,nr,1.012e-15
8.9000000000000004,9.4182758089285556,8,nr,3.098e-15
8.9124999999999996,9.4034644674006049,8,nr,7.623e-16
8.9249999999999989,9.3890759982029834,8,nr,8.961e-13
8.9375,9.3751219450016485,8,nr,6.856e-16
8.9499999999999993,9.3616140094125964,8,nr,9.860e-16
8.9625000000000004,9.348563985717055,8,nr,4.085e-16
8.9749999999999996,9.335983681875673,8,nr,2.110e-15
8.9874999999999989,9.32388482511295,8,nr,9.358e-12
9,9.3122789502283414,8,nr,1.362e-15
9.0124999999999993,9.3011772690662013,8,nr,9.569e-17
9.0250000000000004,9.2905905190600784,8,nr,3.766e-16
9.0374999999999996,9.2805287896413198,8,nr,5.559e-16
9.0499999999999989,9.2710013249898822,8,nr,1.869e-15
9.0625,9.2620163023046267,8,nr,1.301e-15
9.0749999999999993,9.253580585251072,8,nr,1.463e-11
9.0875000000000004,9.2456994532000731,8,nr,0.000e+00
9.0999999999999996,9.2383763073074547,8,nr,1.060e-11
9.1124999999999989,9.231612356987128,8,nr,2.957e-16
9.125,9.2254062900042904,8,nr,1.249e-16
9.1374999999999993,9.219753933141126,8,nr,1.836e-13
9.1500000000000004,9.2146479106869723,8,nr,2.234e-13
9.1624999999999996,9.2100773110901386,8,nr,8.024e-12
9.1749999999999989,9.2060273736169016,8,nr,1.008e-15
9.1875,9.2024792092674694,8,nr,1.192e-15
9.1999999999999993,9.199409570988756,8,nr,2.548e-13
9.2125000000000004,9.1967906901465533,8,nr,1.878e-15
9.2249999999999996,9.1945901956390159,8,nr,2.131e-13
9.2374999999999989,9.1927711314890121,8,nr,2.461e-12
9.25,9.1912920865107495,8,nr,2.097e-15
9.2624999999999993,9.1901074462556274,8,nr,2.575e-12
9.2750000000000004,9.1891677723662202,8,nr,6.759e-13
9.2874999999999996,9.188420308914754,8,nr,1.394e-12
9.2999999999999989,9.1878096080014142,8,nr,1.418e-12
9.3125,9.1872782602201344,8,nr,1.031e-15
9.3249999999999993,9.1867677084985715,8,nr,1.140e-11
9.3375000000000004,9.186219117869177,8,nr,3.210e-14
9.3499999999999996,9.1855742700920011,8,nr,1.013e-13
9.3624999999999989,9.1847764484857475,8,nr,1.378e-12
9.375,9.1837712800850131,8,nr,7.462e-16
9.3874999999999993,9.182507503414385,8,nr,4.411e-16
9.4000000000000004,9.1809376355782959,8,nr,9.607e-13
9.4124999999999996,9.1790185183342956,8,nr,2.669e-16
9.4249999999999989,9.1767117302629604,8,nr,2.539e-12
9.4375,9.1739838598656593,8,nr,1.536e-15
9.4499999999999993,9.1708066414881646,8,nr,9.016e-13
9.4625000000000004,9.1671569627051408,8,nr,2.637e-12
9.4749999999999996,9.1630167564857636,8,nr,6.042e-17
9.4874999999999989,9.1583727952262102,8,nr,4.082e-16
9.5,9.1532164057272372,8,nr,1.573e-15
9.5124999999999993,9.1475431245635725,8,nr,2.939e-16
9.5250000000000004,9.1413523128496266,8,nr,2.606e-12
9.5374999999999996,9.134646747706654,8,nr,1.082e-15
9.5499999999999989,9.1274322057185167,8,nr,1.046e-11
9.5625,9.1197170508274752,8,nr,9.376e-16
9.5749999999999993,9.1115118371994086,8,nr,1.417e-11
9.5875000000000004,9.1028289339186408,8,nr,6.456e-16
9.5999999999999996,9.0936821776795913,8,nr,7.970e-16
9.6125000000000007,9.0840865557975263,8,nr,1.907e-16
9.625,9.0740579218499384,8,nr,4.846e-17
9.6374999999999993,9.0636127437922394,8,nr,1.478e-15
9.6500000000000004,9.0527678838828329,8,nr,5.511e-16
9.6624999999999996,9.0415404088613176,8,nr,2.445e-15
9.6750000000000007,9.0299474283115089,8,nr,2.527e-11
9.6875,9.018005959029713,8,nr,2.212e-15
9.6999999999999993,9.0057328123673894,8,nr,1.971e-11
9.7125000000000004,8.9931445030006767,8,nr,9.793e-16
9.7249999999999996,8.9802571754359661,8,nr,7.208e-12
9.7375000000000007,8.9670865470002461,8,nr,4.102e-15
9.75,8.9536478644664097,8,nr,3.026e-15
9.7624999999999993,8.9399558725250561,8,nr,3.238e-11
9.7750000000000004,8.9260247922140756,8,nr,1.826e-15
9.7874999999999996,8.9118683081064951,8,nr,4.964e-15
9.8000000000000007,8.8974995620130013,8,nr,4.979e-15
9.8125,8.8829311528166492,8,nr,2.219e-15
9.8249999999999993,8.8681751408424674,8,nr,6.506e-15
9.8375000000000004,8.8532430560074857,8,nr,1.269e-16
9.8499999999999996,8.8381459089332708,8,nr,8.307e-15
9.8625000000000007,8.8228942043477243,8,nr,8.751e-15
9.875,8.8074979562086053,8,nr,1.139e-14
9.8874999999999993,8.7919667040732179,8,nr,1.987e-14
9.9000000000000004,8.776309530318839,8,nr,8.438e-15
9.9124999999999996,8.7605350778877291,8,nr,9.655e-16
9.9250000000000007,8.744651568289445,8,nr,4.052e-15
9.9375,8.7286668196438715,8,nr,3.397e-15
9.9499999999999993,8.7125882645910924,8,nr,3.153e-14
9.9625000000000004,8.6964229679303493,8,nr,1.531e-14
9.9749999999999996,8.6801776438932006,8,nr,2.599e-11
9.9875000000000007,8.6638586728837303,8,nr,1.115e-15
10,8.6474721178792961,8,nr,4.115e-14
7.7000000000000002,14.983006024965693,9,nr,1.078e-14
7.7125000000000004,14.93771060206601,9,nr,6.505e-11
7.7250000000000005,14.892638855218186,9,nr,1.779e-11
7.7375000000000007,14.847790228536136,9,nr,5.283e-11
7.7500000000000009,14.803164171437027,9,nr,8.338e-11
7.7625000000000002,14.758760139194608,9,nr,9.003e-11
7.7750000000000004,14.714577594114736,9,nr,2.149e-11
7.7875000000000005,14.670616006400245,9,nr,3.045e-15
7.8000000000000007,14.626874854870154,9,nr,4.423e-15
7.8125000000000009,14.583353627997427,9,nr,1.221e-15
7.8250000000000002,14.540051824743406,9,nr,7.038e-12
7.8375000000000004,14.496968955439781,9,nr,1.369e-17
7.8500000000000005,14.454104542696003,9,nr,7.302e-15
7.8625000000000007,14.411458122275288,9,nr,1.092e-16
7.8750000000000009,14.369029244006001,9,nr,7.689e-15
7.8875000000000002,14.326817472691808,9,nr,3.348e-15
7.9000000000000004,14.284822389030206,9,nr,2.120e-11
7.9125000000000005,14.243043590578976,9,nr,2.033e-15
7.9250000000000007,14.201480692655299,9,nr,4.003e-15
7.9375000000000009,14.16013332936542,9,nr,1.760e-12
7.9500000000000002,14.11900115457459,9,nr,1.831e-15
7.9625000000000004,14.078083842927459,9,nr,1.732e-14
7.9750000000000005,14.037381090898815,9,nr,1.170e-14
7.9875000000000007,13.996892617866495,9,nr,9.344e-15
8,13.956618167218972,9,nr,7.133e-15
8.0124999999999993,13.916557507497387,9,nr,3.237e-15
8.0250000000000004,13.876710433575392,9,nr,9.413e-15
8.0374999999999996,13.837076767879967,9,nr,1.307e-14
8.0499999999999989,13.797656361656475,9,nr,2.783e-14
8.0625,13.758449096281334,9,nr,8.997e-15
8.0749999999999993,13.719454884626138,9,nr,8.649e-15
8.0875000000000004,13.680673672476646,9,nr,3.217e-15
8.0999999999999996,13.642105440010972,9,nr,1.111e-14
8.1124999999999989,13.60375020334096,9,nr,6.636e-15
8.125,13.565608016121235,9,nr,1.234e-14
8.1374999999999993,13.527678971230726,9,nr,2.064e-14
8.1500000000000004,13.489963202530724,9,nr,1.959e-12
8.1624999999999996,13.45246088670917,9,nr,2.886e-14
8.1749999999999989,13.415172245204213,9,nr,2.962e-15
8.1875,13.378097546233231,9,nr,3.266e-14
8.1999999999999993,13.341237106913495,9,nr,1.738e-15
8.2125000000000004,13.304591295492985,9,nr,8.888e-16
8.2249999999999996,13.268160533694333,9,nr,2.739e-14
8.2374999999999989,13.231945299179991,9,nr,1.234e-14
8.25,13.195946128146575,9,nr,3.879e-15
8.2624999999999993,13.160163618056474,9,nr,7.710e-15
8.2750000000000004,13.124598430515949,9,nr,1.360e-14
8.2874999999999996,13.089251294309063,9,nr,3.614e-15
8.2999999999999989,13.054123008597351,9,nr,1.776e-14
8.3125,13.019214446296141,9,nr,1.435e-14
8.3249999999999993,12.984526557638755,9,nr,5.587e-15
8.3375000000000004,12.950060373940561,9,nr,3.328e-15
8.3499999999999996,12.915817011575818,9,nr,1.651e-15
8.3624999999999989,12.881797676180783,9,nr,1.839e-14
8.375,12.848003667097558,9,nr,3.910e-14
8.3874999999999993,12.814436382073788,9,nr,4.210e-15
8.4000000000000004,12.781097322234729,9,nr,7.729e-15
8.4124999999999996,12.747988097344317,9,nr,3.356e-14
8.4249999999999989,12.715110431373679,9,nr,8.470e-15
8.4375,12.682466168396232,9,nr,4.760e-14
8.4499999999999993,12.650057278829205,9,nr,1.801e-15
8.4625000000000004,12.617885866042887,9,nr,3.424e-14
8.4749999999999996,12.58595417336009,9,nr,2.104e-15
8.4874999999999989,12.55426459146886,9,nr,2.001e-15
8.5,12.522819666272689,9,nr,2.691e-14
8.5124999999999993,12.491622107203773,9,nr,1.553e-14
8.5250000000000004,12.460674796025554,9,nr,3.316e-15
8.5374999999999996,12.429980796151044,9,nr,3.237e-13
8.5499999999999989,12.399543362506162,9,nr,1.979e-15
8.5625,12.369365951962873,9,nr,3.994e-15
8.5749999999999993,12.339452234375797,9,nr,4.182e-15
8.5875000000000004,12.309806104232932,9,nr,2.558e-11
8.5999999999999996,12.280431693038475,9,nr,3.935e-15
8.6124999999999989,12.251333382192485,9,nr,8.825e-15
8.625,12.222515816827391,9,nr,2.320e-14
8.6374999999999993,12.193983920189135,9,nr,9.781e-15
8.6500000000000004,12.165742908842969,9,nr,1.442e-16
8.6624999999999996,12.137798308631135,9,nr,2.406e-14
8.6749999999999989,12.110155971402939,9,nr,9.132e-16
8.6875,12.082822092517679,9,nr,1.359e-14
8.6999999999999993,12.055803229109637,9,nr,2.736e-15
8.7125000000000004,12.029106319092801,9,nr,7.421e-16
8.7249999999999996,12.002738700865704,9,nr,1.610e-14
8.7374999999999989,11.976708133657727,9,nr,1.115e-15
8.75,11.951022818433522,9,nr,1.164e-15
8.7624999999999993,11.925691419242179,9,nr,2.102e-15
8.7750000000000004,11.900723084862019,9,nr,3.703e-15
8.7874999999999996,11.87612747054772,9,nr,6.182e-16
8.7999999999999989,11.851914759634019,9,nr,3.043e-15
8.8125,11.828095684687181,9,nr,6.831e-15
8.8249999999999993,11.804681547806048,9,nr,1.786e-11
8.8375000000000004,11.781684239698853,9,nr,7.312e-15
8.8499999999999996,11.759116256660086,9,nr,1.256e-15
8.8624999999999989,11.736990715241291,9,nr,1.011e-15
8.875,11.71532136327456,9,nr,9.937e-16
8.8874999999999993,11.694122586532862,9,nr,2.876e-15
8.9000000000000004,11.673409409722773,9,nr,3.201e-16
8.9124999999999996,11.65319749039852,9,nr,3.250e-15
8.9249999999999989,11.633503104123447,9,nr,1.545e-16
8.9375,11.614343118951027,9,nr,2.224e-11
8.9499999999999993,11.595734956802193,9,nr,6.956e-16
8.9625000000000004,11.577696539645638,9,nr,1.122e-15
8.9749999999999996,11.560246216714006,9,nr,1.485e-15
8.9874999999999989,11.543402670281649,9,nr,1.881e-15
9,11.527184795852051,9,nr,5.541e-16
9.0124999999999993,11.511611552936976,9,nr,1.360e-16
9.0250000000000004,11.496701782151169,9,nr,1.379e-15
9.0374999999999996,11.482473984199435,9,nr,1.223e-15
9.0499999999999989,11.468946056293994,9,nr,1.330e-11
9.0625,11.456134981892552,9,nr,4.210e-16
9.0749999999999993,11.444056469585652,9,nr,7.504e-12
9.0875000000000004,11.432724539047344,9,nr,1.518e-11
9.0999999999999996,11.422151051446711,9,nr,9.972e-16
9.1124999999999989,11.412345186109558,9,nr,5.096e-16
9.125,11.403312865105796,9,nr,5.569e-12
9.1374999999999993,11.395056133456269,9,nr,4.908e-12
9.1500000000000004,11.387572504732042,9,nr,3.114e-12
9.1624999999999996,11.380854288348356,9,nr,5.143e-16
9.1749999999999989,11.374887918715773,9,nr,4.146e-15
9.1875,11.369653313677675,9,nr,1.389e-14
9.1999999999999993,11.365123294009003,9,nr,9.781e-12
9.2125000000000004,11.361263100992046,9,nr,7.663e-16
9.2249999999999996,11.358030052618245,9,nr,1.468e-12
9.2374999999999989,11.3553733786515,9,nr,2.559e-16
9.25,11.3532342739804,9,nr,1.473e-12
9.2624999999999993,11.351546202123531,9,nr,7.644e-16
9.2750000000000004,11.350235471354642,9,nr,6.145e-12
9.2874999999999996,11.349222090976744,9,nr,3.493e-13
9.2999999999999989,11.348420898575228,9,nr,7.167e-13
9.3125,11.347742928843237,9,nr,5.983e-13
9.3249999999999993,11.347096976655315,9,nr,5.087e-12
9.3375000000000004,11.346391289478079,9,nr,1.123e-13
9.3499999999999996,11.345535312855679,9,nr,8.575e-14
9.3624999999999989,11.344441406053161,9,nr,9.237e-12
9.375,11.343026447276777,9,nr,1.036e-15
9.3874999999999993,11.341213255033226,9,nr,9.012e-13
9.4000000000000004,11.338931768238098,9,nr,4.625e-16
9.4124999999999996,11.336119944682558,9,nr,1.027e-12
9.4249999999999989,11.332724359418702,9,nr,4.552e-16
9.4375,11.328700503955597,9,nr,1.152e-15
9.4499999999999993,11.324012805275089,9,nr,4.672e-16
9.4625000000000004,11.318634397263184,9,nr,2.370e-16
9.4749999999999996,11.312546686528686,9,nr,2.425e-15
9.4874999999999989,11.305738759110088,9,nr,6.934e-14
9.5,11.298206675040307,9,nr,1.224e-15
9.5124999999999993,11.289952694882714,9,nr,3.648e-12
9.5250000000000004,11.280984477236519,9,nr,2.285e-12
9.5374999999999996,11.271314279521579,9,nr,5.136e-12
9.5499999999999989,11.260958187764361,9,nr,4.632e-12
9.5625,11.249935393795695,9,nr,1.264e-11
9.5749999999999993,11.238267532593376,9,nr,7.672e-16
9.5875000000000004,11.225978086472001,9,nr,1.084e-11
9.5999999999999996,11.213091859654673,9,nr,1.461e-15
9.6125000000000007,11.199634522330745,9,nr,1.353e-16
9.625,11.18563222126371,9,nr,1.018e-11
9.6374999999999993,11.17111125274285,9,nr,1.210e-11
9.6500000000000004,11.156097792460436,9,nr,8.448e-12
9.6624999999999996,11.140617675808532,9,nr,1.679e-11
9.6750000000000007,11.124696223128742,9,nr,3.022e-15
9.6875,11.108358103976625,9,nr,3.633e-15
9.6999999999999993,11.091627234253856,9,nr,8.222e-16
9.7125000000000004,11.07452670183909,9,nr,0.000e+00
9.7249999999999996,11.05707871568141,9,nr,1.278e-15
9.7375000000000007,11.039304574421305,9,nr,1.464e-15
9.75,11.021224650959931,9,nr,1.048e-15
9.7624999999999993,11.002858389900585,9,nr,4.097e-15
9.7750000000000004,10.984224315232639,9,nr,1.712e-15
9.7874999999999996,10.965340046048993,9,nr,2.286e-11
9.8000000000000007,10.9462223183065,9,nr,5.428e-15
9.8125,10.926887011438794,9,nr,2.818e-15
9.8249999999999993,10.907349177930604,9,nr,9.016e-15
9.8375000000000004,10.88762307541058,9,nr,1.058e-14
9.8499999999999996,10.867722200046272,9,nr,1.200e-14
9.8625000000000007,10.847659320678632,9,nr,1.397e-14
9.875,10.827446513134886,9,nr,1.554e-14
9.8874999999999993,10.80709519429354,9,nr,1.262e-14
9.9000000000000004,10.786616155571936,9,nr,2.227e-14
9.9124999999999996,10.766019595587437,9,nr,6.153e-15
9.9250000000000007,10.745315151788756,9,nr,3.572e-11
9.9375,10.724511931060858,9,nr,5.352e-15
9.9499999999999993,10.703618538814055,9,nr,5.565e-15
9.9625000000000004,10.682643107172915,9,nr,3.326e-14
9.9749999999999996,10.661593321570006,9,nr,2.125e-14
9.9875000000000007,10.640476446141415,9,nr,6.296e-15
10,10.619299347801729,9,nr,5.189e-15
8.5875000000000004,14.988260255612049,10,nr,1.358e-14
8.5999999999999996,14.951231557755669,10,nr,2.924e-15
8.6124999999999989,14.914521117852654,10,nr,2.963e-16
8.625,14.878134017248462,10,nr,1.507e-14
8.6374999999999993,14.842075671400673,10,nr,1.914e-14
8.6500000000000004,14.806351850283049,10,nr,2.566e-15
8.6624999999999996,14.770968700088675,10,nr,1.758e-15
8.6749999999999989,14.735932766296344,10,nr,5.968e-15
8.6875,14.701251018161029,10,nr,3.011e-15
8.6999999999999993,14.66693087468499,10,nr,6.951e-15
8.7125000000000004,14.632980232118962,10,nr,1.463e-14
8.7249999999999996,14.599407493032833,10,nr,3.868e-15
8.7374999999999989,14.566221596981563,10,nr,1.808e-15
8.75,14.533432052773041,10,nr,3.689e-15
8.7624999999999993,14.501048972321032,10,nr,3.382e-15
8.7750000000000004,14.469083106034107,10,nr,9.741e-15
8.7874999999999996,14.43754587965145,10,nr,1.171e-14
8.7999999999999989,14.406449432385402,10,nr,8.595e-15
8.8125,14.375806656166315,10,nr,1.937e-15
8.8249999999999993,14.34563123570523,10,nr,4.675e-15
8.8375000000000004,14.315937688991102,10,nr,1.929e-15
8.8499999999999996,14.286741407717074,10,nr,5.965e-15
8.8624999999999989,14.258058696981168,10,nr,6.956e-15
8.875,14.229906813424011,10,nr,1.099e-12
8.8874999999999993,14.202304000755204,10,nr,1.320e-15
8.9000000000000004,14.175269521325989,10,nr,9.331e-16
8.9124999999999996,14.148823682149507,10,nr,3.866e-15
8.9249999999999989,14.122987853322289,10,nr,1.447e-15
8.9375,14.097784476419362,10,nr,1.175e-15
8.9499999999999993,14.073237059893165,10,nr,1.440e-15
8.9625000000000004,14.049370157903475,10,nr,1.691e-11
8.9749999999999996,14.026209328498178,10,nr,6.917e-16
8.9874999999999989,14.003781065735538,10,nr,2.230e-12
9,13.982112700651935,10,nr,6.641e-16
9.0124999999999993,13.961232263731867,10,nr,2.255e-15
9.0250000000000004,13.941168301629437,10,nr,5.523e-16
9.0374999999999996,13.921949639639069,10,nr,5.826e-16
9.0499999999999989,13.903605080653614,10,nr,1.282e-11
9.0625,13.88616303066542,10,nr,2.635e-15
9.0749999999999993,13.869651041182811,10,nr,1.258e-12
9.0875000000000004,13.854095258070783,10,nr,5.208e-12
9.0999999999999996,13.839519768826325,10,nr,1.401e-12
9.1124999999999989,13.825945841076893,10,nr,3.201e-15
9.125,13.813391049349981,10,nr,5.016e-12
9.1374999999999993,13.801868291705823,10,nr,1.486e-15
9.1500000000000004,13.791384704773302,10,nr,5.905e-16
9.1624999999999996,13.781940495225845,10,nr,1.364e-16
9.1749999999999989,13.773527716116629,10,nr,6.153e-13
9.1875,13.766129029985606,10,nr,1.649e-15
9.1999999999999993,13.759716514308481,10,nr,1.775e-14
9.2125000000000004,13.754250578913327,10,nr,2.137e-13
9.2249999999999996,13.749679076941643,10,nr,6.347e-14
9.2374999999999989,13.745936699055623,10,nr,6.245e-16
9.25,13.742944742045957,10,nr,1.159e-12
9.2624999999999993,13.74061133561251,10,nr,4.596e-17
9.2750000000000004,13.738832193097711,10,nr,5.403e-13
9.2874999999999996,13.737491922505436,10,nr,1.271e-15
9.2999999999999989,13.736465895200899,10,nr,3.431e-16
9.3125,13.735622623592567,10,nr,2.912e-12
9.3249999999999993,13.734826551981776,10,nr,3.672e-17
9.3375000000000004,13.733941122669361,10,nr,1.745e-12
9.3499999999999996,13.732831948325574,10,nr,1.781e-16
9.3624999999999989,13.731369908076045,10,nr,4.916e-13
9.375,13.729433989920482,10,nr,2.305e-16
9.3874999999999993,13.726913726037028,10,nr,1.123e-12
9.4000000000000004,13.723711106965469,10,nr,3.137e-17
9.4124999999999996,13.719741908483687,10,nr,3.894e-12
9.4249999999999989,13.714936415355375,10,nr,1.308e-12
9.4375,13.709239571862639,10,nr,4.414e-16
9.4499999999999993,13.702610624879826,10,nr,4.984e-17
9.4625000000000004,13.695022350353653,10,nr,2.113e-15
9.4749999999999996,13.686459965111343,10,nr,1.394e-13
9.4874999999999989,13.676919827136167,10,nr,1.106e-12
9.5,13.666408019427799,10,nr,1.723e-12
9.5124999999999993,13.654938899115521,10,nr,5.685e-12
9.5250000000000004,13.642533677218349,10,nr,5.211e-16
9.5374999999999996,13.62921907719292,10,nr,3.420e-16
9.5499999999999989,13.61502610539835,10,nr,5.975e-15
9.5625,13.599988952060089,10,nr,3.541e-13
9.5749999999999993,13.584144031007138,10,nr,8.093e-17
9.5875000000000004,13.567529157734009,10,nr,2.315e-15
9.5999999999999996,13.550182859544261,10,nr,6.970e-13
9.6125000000000007,13.532143807632012,10,nr,4.010e-15
9.625,13.513450358852538,10,nr,3.170e-15
9.6374999999999993,13.49414019396014,10,nr,3.147e-16
9.6500000000000004,13.474250039177583,10,nr,1.514e-15
9.6624999999999996,13.453815458522493,10,nr,4.403e-15
9.6750000000000007,13.432870705337669,10,nr,3.346e-15
9.6875,13.411448622652809,10,nr,3.901e-15
9.6999999999999993,13.389580583264481,10,nr,2.786e-15
9.7125000000000004,13.367296461662914,10,nr,4.565e-16
9.7249999999999996,13.344624631104828,10,nr,2.585e-16
9.7375000000000007,13.321591980200022,10,nr,6.166e-15
9.75,13.298223944331459,10,nr,4.080e-15
9.7624999999999993,13.274544548060144,10,nr,9.843e-16
9.7750000000000004,13.25057645537629,10,nr,7.851e-12
9.7874999999999996,13.226341025317922,10,nr,2.607e-15
9.8000000000000007,13.201858370808848,10,nr,1.079e-14
9.8125,13.177147419356043,10,nr,5.633e-15
9.8249999999999993,13.152225974145079,10,nr,7.818e-15
9.8375000000000004,13.127110774722851,10,nr,1.875e-14
9.8499999999999996,13.101817556509546,10,nr,1.579e-14
9.8625000000000007,13.076361108622622,10,nr,1.285e-14
9.875,13.050755329640612,10,nr,8.338e-15
9.8874999999999993,13.025013281054532,10,nr,9.353e-14
9.9000000000000004,12.999147238249302,10,nr,1.641e-15
9.9124999999999996,12.973168738932863,10,nr,1.412e-14
9.9250000000000007,12.947088628984439,10,nr,2.771e-14
9.9375,12.920917105741125,10,nr,6.786e-15
9.9499999999999993,12.894663758770205,10,nr,3.892e-15
9.9625000000000004,12.868337608201088,10,nr,1.543e-14
9.9749999999999996,12.841947140705765,10,nr,3.764e-14
9.9875000000000007,12.815500343228711,10,nr,5.789e-15
10,12.789004734573345,10,nr,2.932e-16
9.6374999999999993,-9.5070407022689096,11,nr,1.908e-17
9.6500000000000004,-8.7594906845099505,11,nr,6.422e-17
9.6624999999999996,-8.0916186553212928,11,nr,2.061e-17
9.6750000000000007,-7.4925065225717411,11,nr,6.207e-16
9.6875,-6.9530446754809327,11,nr,8.662e-16
9.6999999999999993,-6.4655840882109405,11,nr,4.503e-13
9.7125000000000004,-6.0236640698227788,11,nr,1.006e-15
9.7249999999999996,-5.6217974304906768,11,nr,1.595e-16
9.7375000000000007,-5.2552996306650819,11,nr,2.435e-13
9.75,-4.9201519157790949,11,nr,7.952e-14
9.7624999999999993,-4.6128909242495828,11,nr,4.402e-15
9.7750000000000004,-4.3305190742989925,11,nr,1.012e-12
9.7874999999999996,-4.0704313773445184,11,nr,1.085e-12
9.8000000000000007,-3.8303553241783019,11,nr,9.012e-13
9.8125,-3.6083012427763164,11,nr,9.870e-15
9.8249999999999993,-3.4025210928403693,11,nr,1.547e-14
9.8375000000000004,-3.2114740978120855,11,nr,8.455e-17
9.8499999999999996,-3.0337979478134431,11,nr,1.300e-14
9.8625000000000007,-2.868284564765196,11,nr,2.429e-14
9.875,-2.7138596220654598,11,nr,1.856e-14
9.8874999999999993,-2.5695651684909726,11,nr,4.549e-15
9.9000000000000004,-2.4345448300276122,11,nr,6.368e-15
9.9124999999999996,-2.3080311616312219,11,nr,6.236e-14
9.9250000000000007,-2.1893347992343699,11,nr,1.760e-14
9.9375,-2.0778351250125389,11,nr,9.703e-14
9.9499999999999993,-1.9729722094106907,11,nr,1.131e-13
9.9625000000000004,-1.8742398341752644,11,nr,3.907e-14
9.9749999999999996,-1.7811794338021902,11,nr,2.529e-16
9.9875000000000007,-1.6933748197957599,11,nr,1.635e-13
10,-1.6104475742569451,11,nr,1.204e-16
0.037500000000000006,-2.0033766947792926,1,sr,2.467e-11
0.0625,-2.0093880734581626,1,sr,8.274e-09
0.074999999999999997,-2.0135271040070917,1,sr,2.270e-11
0.087500000000000008,-2.0184252021443339,1,sr,1.390e-12
0.10000000000000001,-2.0240856199089818,1,sr,8.449e-09
0.1125,-2.0305121044821264,1,sr,6.871e-09
0.125,-2.0377088957786338,1,sr,4.522e-10
0.13750000000000001,-2.0456807234487306,1,sr,9.688e-13
0.15000000000000002,-2.0544328031549473,1,sr,2.401e-13
0.16250000000000003,-2.0639708323080064,1,sr,3.443e-13
0.17500000000000002,-2.0743009849146081,1,sr,7.805e-10
0.18750000000000003,-2.0854299055671399,1,sr,5.212e-11
0.20000000000000001,-2.0973647022491386,1,sr,2.293e-11
0.21250000000000002,-2.11011293812542,1,sr,6.506e-11
0.22500000000000003,-2.1236826218408589,1,sr,1.207e-11
0.23750000000000002,-2.1380821963123497,1,sr,2.116e-12
0.25,-2.153320525803557,1,sr,9.881e-13
0.26250000000000001,-2.1694068810115184,1,sr,7.101e-14
0.27500000000000002,-2.1863509219607788,1,sr,1.720e-13
0.28750000000000003,-2.204162678423053,1,sr,1.844e-14
0.30000000000000004,-2.222852527572873,1,sr,2.347e-14
0.31250000000000006,-2.2424311685582845,1,sr,1.402e-14
0.32500000000000001,-2.262909593637338,1,sr,1.251e-14
0.33750000000000002,-2.2842990554996883,1,sr,1.038e-14
0.35000000000000003,-2.3066110303598579,1,sr,1.459e-14
0.36250000000000004,-2.3298571763762328,1,sr,1.657e-11
0.37500000000000006,-2.3540492868985505,1,sr,1.127e-14
0.38750000000000001,-2.3791992380623608,1,sr,7.029e-15
0.40000000000000002,-2.4053189301044426,1,sr,3.264e-15
0.41250000000000003,-2.4324202218665327,1,sr,7.869e-15
0.42500000000000004,-2.4605148578094158,1,sr,2.666e-15
0.43750000000000006,-2.489614386860346,1,sr,6.051e-11
0.45000000000000001,-2.519730072463549,1,sr,2.427e-11
0.46250000000000002,-2.5508727928476094,1,sr,5.298e-15
0.47500000000000003,-2.5830529310661152,1,sr,7.716e-15
0.48750000000000004,-2.6162802537448804,1,sr,3.189e-15
0.5,-2.6505637777776059,1,sr,9.329e-15
0.51249999999999996,-2.6859116241574679,1,sr,4.123e-15
0.52500000000000002,-2.7223308580722385,1,sr,2.054e-15
0.53749999999999998,-2.7598273144353778,1,sr,1.773e-12
0.54999999999999993,-2.7984054080735112,1,sr,3.887e-11
0.5625,-2.8380679276799556,1,sr,3.510e-11
0.57499999999999996,-2.8788158131377091,1,sr,2.504e-11
0.58750000000000002,-2.9206479154232561,1,sr,2.904e-15
0.59999999999999998,-2.9635607383413731,1,sr,1.964e-11
0.61250000000000004,-3.0075481626595773,1,sr,2.317e-11
0.625,-3.0526011516058551,1,sr,1.808e-11
0.63749999999999996,-3.0987074385489608,1,sr,8.280e-12
0.65000000000000002,-3.1458511971081693,1,sr,4.538e-16
0.66249999999999998,-3.1940126946052771,1,sr,3.532e-12
0.67500000000000004,-3.2431679301784242,1,sr,6.068e-12
0.6875,-3.2932882592499455,1,sr,4.546e-12
0.69999999999999996,-3.3443400067769167,1,sr,9.341e-13
0.71250000000000002,-3.3962840722101744,1,sr,1.749e-15
0.72499999999999998,-3.4490755298171214,1,sr,1.053e-12
0.73750000000000004,-3.5026632287287063,1,sr,2.335e-12
0.75,-3.5569893979078198,1,sr,3.975e-16
0.76249999999999996,-3.6119892620109009,1,sr,1.063e-15
0.77500000000000002,-3.6675906750587117,1,sr,1.272e-12
0.78749999999999998,-3.7237137795226585,1,sr,6.116e-13
0.80000000000000004,-3.7802706993623785,1,sr,6.540e-12
0.8125,-3.8371652761925348,1,sr,8.669e-16
0.82499999999999996,-3.8942928587391181,1,sr,1.405e-13
0.83750000000000002,-3.9515401554826499,1,sr,5.781e-16
0.84999999999999998,-4.0087851617222965,1,sr,2.257e-13
0.86250000000000004,-4.0658971715763723,1,sr,2.010e-16
0.875,-4.1227368856232331,1,sr,2.940e-13
0.88749999999999996,-4.1791566243286926,1,sr,8.018e-14
0.90000000000000002,-4.2350006564831713,1,sr,2.232e-16
0.91249999999999998,-4.2901056507173774,1,sr,4.745e-13
0.92500000000000004,-4.3443012564412182,1,sr,3.728e-14
0.9375,-4.3974108186014176,1,sr,4.694e-16
0.94999999999999996,-4.4492522281106766,1,sr,3.149e-14
0.96250000000000002,-4.4996389071638481,1,sr,7.973e-15
0.97499999999999998,-4.5483809254743521,1,sr,7.295e-14
0.98750000000000004,-4.5952862402594326,1,sr,2.151e-12
1,-4.640162049273675,1,sr,6.620e-13
1.0125,-4.6828162430827529,1,sr,6.545e-14
1.0249999999999999,-4.723058938914944,1,sr,5.252e-14
1.0375000000000001,-4.7607040759518968,1,sr,2.262e-16
1.05,-4.7955710488412251,1,sr,1.930e-12
1.0625,-4.8274863542141953,1,sr,6.114e-16
1.075,-4.8562852230553961,1,sr,1.261e-16
1.0874999999999999,-4.8818132115399759,1,sr,2.123e-16
1.1000000000000001,-4.9039277219339912,1,sr,1.616e-14
1.1125,-4.9224994264757234,1,sr,3.232e-14
1.125,-4.9374135682272966,1,sr,3.879e-16
1.1375,-4.9485711151544542,1,sr,1.800e-14
1.1499999999999999,-4.9558897465450134,1,sr,2.566e-16
1.1625000000000001,-4.9593046543142174,1,sr,6.147e-15
1.175,-4.958769145689887,1,sr,1.387e-14
1.1875,-4.9542550380184069,1,sr,6.796e-15
1.2,-4.9457528408980957,1,sr,4.321e-16
1.2125000000000001,-4.9332717253381597,1,sr,1.776e-14
1.2250000000000001,-4.9168392840295327,1,sr,2.269e-16
1.2375,-4.8965010909530369,1,sr,2.555e-16
1.25,-4.8723200723376854,1,sr,5.234e-16
1.2625,-4.8443757042811963,1,sr,3.143e-15
1.2750000000000001,-4.8127630551236011,1,sr,1.976e-14
1.2875000000000001,-4.7775916928348821,1,sr,2.011e-14
1.3,-4.7389844792311253,1,sr,7.648e-15
1.3125,-4.6970762737677738,1,sr,5.428e-16
1.325,-4.6520125699845956,1,sr,7.749e-16
1.3375000000000001,-4.6039480874426992,1,sr,9.185e-15
1.3500000000000001,-4.5530453412515532,1,sr,1.878e-14
1.3625,-4.4994732100986381,1,sr,3.001e-15
1.375,-4.443405522141429,1,sr,1.696e-14
1.3875,-4.3850196762852223,1,sr,5.145e-15
1.4000000000000001,-4.3244953143081863,1,sr,2.965e-15
1.4125000000000001,-4.2620130571261559,1,sr,1.124e-16
1.425,-4.1977533162258434,1,sr,2.502e-14
1.4375,-4.1318951890658759,1,sr,6.862e-16
1.45,-4.0646154450434473,1,sr,1.713e-15
1.4625000000000001,-3.9960876065605535,1,sr,1.002e-15
1.4750000000000001,-3.9264811277677953,1,sr,2.201e-16
1.4875,-3.8559606718114656,1,sr,5.028e-16
1.5,-3.7846854858263352,1,sr,1.697e-15
1.5125,-3.7128088715460983,1,sr,3.412e-14
1.5250000000000001,-3.6404777482234572,1,sr,1.691e-12
1.5375000000000001,-3.5678323036984896,1,sr,3.759e-14
1.55,-3.4950057283005029,1,sr,9.388e-16
1.5625,-3.4221240264747834,1,sr,6.812e-16
1.575,-3.3493058996369736,1,sr,1.166e-14
1.5875000000000001,-3.2766626942892541,1,sr,1.905e-16
1.6000000000000001,-3.2042984089323152,1,sr,1.279e-14
1.6125,-3.1323097534258233,1,sr,1.953e-16
1.625,-3.0607862545385496,1,sr,7.018e-16
1.6375,-2.9898104016326013,1,sr,1.310e-15
1.6500000000000001,-2.9194578266779305,1,sr,1.043e-14
1.6625000000000001,-2.8497975131132676,1,sr,1.359e-15
1.675,-2.7808920284171008,1,sr,2.326e-16
1.6875,-2.7127977756340145,1,sr,8.982e-14
1.7,-2.6455652594951991,1,sr,4.177e-16
1.7125000000000001,-2.5792393631575368,1,sr,2.888e-14
1.7250000000000001,-2.5138596320157376,1,sr,5.799e-14
1.7375,-2.4494605613870819,1,sr,1.909e-14
1.75,-2.3860718852777993,1,sr,1.282e-16
1.7625,-2.323718863784848,1,sr,8.809e-14
1.7750000000000001,-2.2624225670242337,1,sr,3.733e-16
1.7875000000000001,-2.2022001537838025,1,sr,2.092e-16
1.8,-2.1430651434147063,1,sr,1.740e-13
1.8125,-2.0850276797137726,1,sr,5.525e-14
1.825,-2.0280947857909242,1,sr,2.044e-13
1.8375000000000001,-1.9722706091875715,1,sr,2.521e-16
1.8500000000000001,-1.9175566565997608,1,sr,2.717e-13
1.8625,-1.8639520178714126,1,sr,1.302e-13
1.875,-1.8114535789287292,1,sr,3.269e-16
1.8875,-1.7600562235891524,1,sr,3.271e-13
1.9000000000000001,-1.709753024191123,1,sr,1.323e-14
1.9125000000000001,-1.6605354211675287,1,sr,3.284e-16
1.925,-1.6123933916810231,1,sr,2.688e-16
1.9375,-1.5653156076050692,1,sr,2.935e-14
1.95,-1.5192895831083766,1,sr,1.287e-13
1.9625000000000001,-1.4743018121880966,1,sr,1.361e-13
1.9750000000000001,-1.4303378965146607,1,sr,4.626e-16
1.9875,-1.3873826639841045,1,sr,1.110e-16
2,-1.3454202783920806,1,sr,3.622e-16
2.0125000000000002,-1.3044343406434695,1,sr,1.334e-13
2.0250000000000004,-1.2644079819362495,1,sr,1.566e-13
2.0375000000000001,-1.2253239493403396,1,sr,4.533e-16
2.0500000000000003,-1.1871646842036723,1,sr,1.069e-16
2.0625000000000004,-1.149912393808338,1,sr,5.333e-15
2.0750000000000002,-1.1135491166772828,1,sr,8.540e-13
2.0875000000000004,-1.0780567819535356,1,sr,1.234e-12
2.1000000000000001,-1.0434172632053471,1,sr,1.112e-12
2.1125000000000003,-1.0096124270657774,1,sr,1.315e-13
2.1250000000000004,-0.97662417703800408,1,sr,3.265e-16
2.1375000000000002,-0.94443449283787728,1,sr,3.050e-13
2.1500000000000004,-0.91302546556041997,1,sr,1.879e-12
2.1625000000000001,-0.88237932902711536,1,sr,2.389e-16
2.1750000000000003,-0.85247848752318145,1,sr,2.819e-16
2.1875000000000004,-0.82330554033671655,1,sr,2.100e-12
2.2000000000000002,-0.7948433032440001,1,sr,4.155e-14
2.2125000000000004,-0.76707482717710918,1,sr,3.092e-16
2.2250000000000001,-0.73998341444207005,1,sr,7.695e-16
2.2375000000000003,-0.71355263253148271,1,sr,2.420e-12
2.2500000000000004,-0.68776632586121667,1,sr,3.780e-12
2.2625000000000002,-0.66260862552343269,1,sr,4.161e-12
2.2750000000000004,-0.63806395730085763,1,sr,4.057e-12
2.2875000000000001,-0.61411704807428347,1,sr,1.641e-12
2.3000000000000003,-0.5907529307553494,1,sr,4.686e-17
2.3125000000000004,-0.56795694792196449,1,sr,5.273e-12
2.3250000000000002,-0.54571475431000527,1,sr,3.048e-16
2.3375000000000004,-0.52401231807766324,1,sr,2.625e-12
2.3500000000000001,-0.50283592133165966,1,sr,6.786e-12
2.3625000000000003,-0.48217215964624804,1,sr,1.466e-16
2.3750000000000004,-0.46200794079201873,1,sr,8.243e-17
2.3875000000000002,-0.44233048293772542,1,sr,5.142e-17
2.4000000000000004,-0.42312731208938814,1,sr,8.226e-12
2.4125000000000005,-0.40438625913769105,1,sr,1.860e-12
2.4250000000000003,-0.38609545625210961,1,sr,1.712e-17
2.4375000000000004,-0.36824333306954421,1,sr,9.593e-12
2.4500000000000002,-0.35081861247947199,1,sr,2.752e-16
2.4625000000000004,-0.33381030592219002,1,sr,6.953e-12
2.4750000000000005,-0.31720770877283705,1,sr,4.588e-18
2.4875000000000003,-0.30100039515159777,1,sr,1.873e-16
2.5000000000000004,-0.28517821283354244,1,sr,2.379e-16
2.5125000000000002,-0.26973127785342632,1,sr,7.122e-13
2.5250000000000004,-0.25464996905832038,1,sr,1.246e-12
2.5375000000000005,-0.23992492255932463,1,sr,6.860e-14
2.5500000000000003,-0.22554702611643695,1,sr,2.234e-17
2.5625000000000004,-0.2115074134996012,1,sr,2.510e-17
2.5750000000000002,-0.19779745883675151,1,sr,2.044e-11
2.5875000000000004,-0.1844087708208404,1,sr,4.388e-12
2.6000000000000005,-0.17133318731033181,1,sr,1.441e-16
2.6125000000000003,-0.15856276939314046,1,sr,1.919e-11
2.6250000000000004,-0.14608979606451247,1,sr,1.290e-16
2.6375000000000002,-0.13390675841480937,1,sr,1.505e-11
2.6500000000000004,-0.12200635443726136,1,sr,1.972e-16
2.6625000000000005,-0.11038148335523465,1,sr,1.892e-17
2.6750000000000003,-0.099025240445492338,1,sr,1.514e-11
2.6875000000000004,-0.087930911790550167,1,sr,1.390e-11
2.7000000000000002,-0.077091968910352596,1,sr,2.077e-17
2.7125000000000004,-0.066502063963527105,1,sr,5.807e-17
2.7250000000000005,-0.056155024556845921,1,sr,1.112e-16
2.7375000000000003,-0.046044848940032676,1,sr,1.751e-17
2.7500000000000004,-0.03616570120636995,1,sr,5.137e-17
2.7625000000000002,-0.026511906608579588,1,sr,6.336e-17
2.7750000000000004,-0.017077946978025602,1,sr,1.218e-16
2.7875000000000005,-0.0078584562482252179,1,sr,1.011e-13
2.8125000000000004,0.0099578483871121982,1,sr,6.001e-12
2.8250000000000002,0.018564672747383975,1,sr,5.246e-17
2.8375000000000004,0.026977057313484439,1,sr,2.141e-16
2.8500000000000005,0.035199671132720912,1,sr,1.911e-12
2.8625000000000003,0.043237055805492072,1,sr,1.414e-16
2.8750000000000004,0.051093629234980315,1,sr,2.719e-11
2.8875000000000002,0.058773689360956581,1,sr,1.543e-17
2.9000000000000004,0.066281417511933199,1,sr,1.405e-11
2.9125000000000005,0.073620882102592961,1,sr,1.187e-16
2.9250000000000003,0.080796041816549619,1,sr,3.115e-11
2.9375000000000004,0.087810748882803047,1,sr,3.662e-16
2.9500000000000002,0.094668752407936124,1,sr,5.083e-17
2.9625000000000004,0.10137370125713917,1,sr,1.486e-16
2.9750000000000005,0.1079291471514174,1,sr,2.421e-16
2.9875000000000003,0.11433854755227084,1,sr,2.372e-17
3.0000000000000004,0.12060526849820233,1,sr,2.561e-11
3.0125000000000002,0.12673258726478107,1,sr,3.895e-16
3.0250000000000004,0.1327236951779798,1,sr,5.418e-16
3.0375000000000005,0.13858170003651082,1,sr,4.455e-17
3.0500000000000003,0.14430962869137415,1,sr,1.194e-16
3.0625000000000004,0.14991042943440652,1,sr,3.983e-11
3.0750000000000002,0.15538697447204075,1,sr,1.466e-11
3.0875000000000004,0.16074206191919929,1,sr,4.378e-11
3.1000000000000005,0.16597841842891625,1,sr,1.583e-11
3.1125000000000003,0.1710987009487801,1,sr,2.102e-16
3.1250000000000004,0.17610549901843567,1,sr,4.175e-17
3.1375000000000002,0.18100133673989657,1,sr,8.227e-12
3.1500000000000004,0.18578867471735683,1,sr,3.546e-11
3.1625000000000005,0.19046991202176608,1,sr,2.681e-11
3.1750000000000003,0.19504738782383849,1,sr,3.350e-13
3.1875000000000004,0.19952338346561754,1,sr,1.629e-16
3.2000000000000002,0.20390012396824483,1,sr,1.647e-16
3.2125000000000004,0.20817977978716862,1,sr,2.831e-16
3.2250000000000005,0.21236446841989751,1,sr,5.754e-16
3.2375000000000003,0.216456255975955,1,sr,3.620e-16
3.2500000000000004,0.2204571587126023,1,sr,3.161e-11
3.2625000000000002,0.22436914443767372,1,sr,2.404e-16
3.2750000000000004,0.22819413408088679,1,sr,3.200e-16
3.2875000000000005,0.23193400293514779,1,sr,7.190e-16
3.3000000000000003,0.23559058209276842,1,sr,5.526e-11
3.3125000000000004,0.23916565961233388,1,sr,3.189e-16
3.3250000000000002,0.24266098201446296,1,sr,4.780e-16
3.3375000000000004,0.24607825526515831,1,sr,4.905e-16
3.3500000000000005,0.24941914607625024,1,sr,1.592e-16
3.3625000000000003,0.25268528302714821,1,sr,3.184e-16
3.3750000000000004,0.25587825767311723,1,sr,4.061e-12
3.3875000000000002,0.25899962562879814,1,sr,4.777e-16
3.4000000000000004,0.26205090759425087,1,sr,7.963e-16
3.4125000000000005,0.2650335903810459,1,sr,2.673e-13
3.4250000000000003,0.2679491278823527,1,sr,4.783e-16
3.4375000000000004,0.2707989420161836,1,sr,2.093e-11
3.4500000000000002,0.27358442368258845,1,sr,4.790e-16
3.4625000000000004,0.27630693357688818,1,sr,1.368e-16
3.4750000000000005,0.27896780313112396,1,sr,7.998e-17
3.4875000000000003,0.28156833531191239,1,sr,8.006e-17
3.5000000000000004,0.28410980543951825,1,sr,4.008e-16
3.5125000000000002,0.28659346197428764,1,sr,8.025e-17
3.5250000000000004,0.28902052727907418,1,sr,1.370e-16
3.5375000000000005,0.29139219835843505,1,sr,1.110e-16
3.5500000000000003,0.29370964757536716,1,sr,3.223e-16
3.5625000000000004,0.29597402334631728,1,sr,3.228e-16
3.5750000000000002,0.29818645081518697,1,sr,3.232e-16
3.5875000000000004,0.30034803251562342,1,sr,2.632e-11
3.6000000000000005,0.3024598489621006,1,sr,3.243e-16
3.6125000000000003,0.30452295935095552,1,sr,4.060e-16
3.6250000000000004,0.30653840207116517,1,sr,4.880e-16
3.6375000000000002,0.30850719532633186,1,sr,1.377e-16
3.6500000000000004,0.31043033769882067,1,sr,3.497e-11
3.6625000000000005,0.3123088086407812,1,sr,1.379e-16
3.6750000000000003,0.31414356911208485,1,sr,7.453e-16
3.6875000000000004,0.31593556197189809,1,sr,4.545e-11
3.7000000000000002,0.31768571260052664,1,sr,2.466e-16
3.7125000000000004,0.31939492923599438,1,sr,7.493e-16
3.7250000000000005,0.32106410356795945,1,sr,4.734e-11
3.7375000000000003,0.32269411119586583,1,sr,3.305e-16
3.7500000000000004,0.32428581194802436,1,sr,4.967e-16
3.7625000000000002,0.32584005046981485,1,sr,6.108e-11
3.7750000000000004,0.32735765648667842,1,sr,3.323e-16
3.7875000000000005,0.3288394454007289,1,sr,2.497e-16
3.8000000000000003,0.33028621851417056,1,sr,3.900e-12
3.8125000000000004,0.33169876352022254,1,sr,8.303e-11
3.8250000000000002,0.33307785477804475,1,sr,7.498e-11
3.8375000000000004,0.33442425379071816,1,sr,1.296e-11
3.8500000000000005,0.33573870955881618,1,sr,5.774e-12
3.8625000000000003,0.33702195880371472,1,sr,1.510e-11
3.8750000000000004,0.33827472641922235,1,sr,2.189e-11
3.8875000000000002,0.33949772576631604,1,sr,1.671e-12
3.9000000000000004,0.34069165899380771,1,sr,7.499e-11
3.9125000000000005,0.34185721728813029,1,sr,8.470e-17
3.9250000000000003,0.34299508135425844,1,sr,8.484e-17
3.9375000000000004,0.34410592149986674,1,sr,8.161e-11
3.9500000000000002,0.34519039813711577,1,sr,3.062e-11
3.9625000000000004,0.34624916179879223,1,sr,1.705e-16
3.9750000000000005,0.34728285370293749,1,sr,1.708e-16
3.9875000000000003,0.34829210584149389,1,sr,3.420e-16
4,0.3492775413223711,1,sr,6.829e-11
4.0125000000000002,0.3502397745193207,1,sr,6.933e-11
4.0250000000000004,0.35117941158085697,1,sr,3.006e-16
4.0375000000000005,0.35209705033859123,1,sr,8.599e-17
4.0500000000000007,0.35299328080663833,1,sr,6.888e-16
4.0625,0.35386868531810811,1,sr,1.293e-16
4.0750000000000002,0.35472383876620545,1,sr,4.313e-11
4.0875000000000004,0.35555930888586867,1,sr,2.593e-16
4.1000000000000005,0.35637565637621577,1,sr,4.326e-16
4.1125000000000007,0.35717343522572342,1,sr,1.823e-15
4.125,0.35795319287860339,1,sr,3.772e-15
4.1375000000000002,0.35871547045958657,1,sr,1.476e-15
4.1500000000000004,0.35946080298498179,1,sr,1.738e-16
4.1625000000000005,0.36018971957047796,1,sr,2.609e-16
4.1750000000000007,0.36090274363588604,1,sr,1.001e-15
4.1875,0.36160039310697584,1,sr,2.352e-15
4.2000000000000002,0.36228318061456344,1,sr,6.452e-15
4.2125000000000004,0.36295161369100809,1,sr,8.900e-15
4.2250000000000005,0.36360619496423463,1,sr,6.462e-15
4.2375000000000007,0.36424742234949115,1,sr,6.116e-16
4.25,0.36487578923364122,1,sr,2.330e-11
4.2625000000000002,0.3654917846889168,1,sr,3.061e-16
4.2750000000000004,0.3660958936060279,1,sr,2.406e-15
4.2875000000000005,0.36668859693042477,1,sr,5.690e-15
4.3000000000000007,0.36727037181814604,1,sr,1.662e-14
4.3125,0.36784169182157989,1,sr,2.056e-14
4.3250000000000002,0.36840302706843314,1,sr,1.500e-14
4.3375000000000004,0.36895484443939924,1,sr,7.470e-15
4.3500000000000005,0.36949760774442697,1,sr,1.095e-15
4.3625000000000007,0.37003177790515174,1,sr,3.348e-11
4.375,0.3705578130920128,1,sr,6.573e-16
4.3875000000000002,0.37107616897063944,1,sr,3.735e-15
4.4000000000000004,0.3715872988000376,1,sr,1.288e-14
4.4125000000000005,0.37209165364014901,1,sr,3.064e-14
4.4250000000000007,0.37258968251432839,1,sr,5.124e-14
4.4375,0.37308183257813743,1,sr,4.541e-14
4.4500000000000002,0.37356854928744176,1,sr,3.061e-14
4.4625000000000004,0.37405027656540857,1,sr,1.340e-14
4.4750000000000005,0.3745274569686895,1,sr,2.168e-15
4.4875000000000007,0.37500053185267229,1,sr,1.504e-14
4.5,0.3754699415357628,1,sr,4.774e-16
4.5125000000000002,0.37593612546273353,1,sr,4.656e-15
4.5250000000000004,0.37639952236696006,1,sr,1.862e-14
4.5375000000000005,0.37686057043159005,1,sr,4.488e-14
4.5500000000000007,0.37731970744948939,1,sr,8.203e-14
4.5625,0.37777737098193054,1,sr,9.791e-14
4.5750000000000002,0.37823399851560752,1,sr,8.017e-14
4.5875000000000004,0.37869002761853199,1,sr,5.137e-14
4.6000000000000005,0.37914589609374116,1,sr,2.065e-14
4.6125000000000007,0.37960204213127469,1,sr,3.415e-15
4.625,0.38005890445795842,1,sr,3.454e-16
4.6375000000000002,0.38051692248478802,1,sr,4.526e-16
4.6500000000000004,0.38097653645165741,1,sr,8.866e-15
4.6625000000000005,0.38143818756910502,1,sr,3.371e-14
4.6750000000000007,0.38190231815676023,1,sr,7.911e-14
4.6875,0.3823693717781132,1,sr,1.396e-13
4.7000000000000002,0.38283979337128093,1,sr,1.547e-13
4.7125000000000004,0.38331402937485332,1,sr,1.166e-13
4.7250000000000005,0.38379252784948364,1,sr,6.537e-14
4.7375000000000007,0.38427573859319125,1,sr,2.056e-14
4.75,0.38476411325231652,1,sr,6.474e-12
4.7625000000000002,0.38525810541700145,1,sr,9.301e-16
4.7750000000000004,0.3857581707308182,1,sr,5.146e-15
4.7875000000000005,0.38626476696340939,1,sr,2.869e-14
4.8000000000000007,0.38677835409571937,1,sr,8.456e-14
4.8125000000000009,0.38729939438672584,1,sr,1.644e-13
4.8250000000000002,0.38782835243091013,1,sr,1.896e-13
4.8375000000000004,0.3883656952034335,1,sr,1.362e-13
4.8500000000000005,0.38891189209341703,1,sr,6.222e-14
4.8625000000000007,0.38946741492227366,1,sr,1.155e-14
4.8750000000000009,0.39003273792395998,1,sr,1.008e-10
4.8875000000000002,0.39060833784820864,1,sr,2.962e-15
4.9000000000000004,0.39119469369682736,1,sr,2.591e-14
4.9125000000000005,0.39179228690593104,1,sr,9.020e-14
4.9250000000000007,0.39240160115819545,1,sr,1.892e-13
4.9375000000000009,0.39302312231220432,1,sr,1.780e-13
4.9500000000000002,0.39365733828362265,1,sr,9.676e-14
4.9625000000000004,0.39430473890130174,1,sr,2.056e-14
4.9750000000000005,0.39496581573316947,1,sr,4.411e-12
4.9875000000000007,0.39564106188890952,1,sr,2.640e-15
5.0000000000000009,0.3963309717745172,1,sr,3.404e-14
5.0125000000000002,0.39703604083377758,1,sr,1.173e-13
5.0250000000000004,0.39775676523740805,1,sr,1.787e-13
5.0375000000000005,0.39849364153926481,1,sr,1.064e-13
5.0500000000000007,0.39924716629132301,1,sr,2.204e-14
5.0625000000000009,0.40001783562271004,1,sr,3.365e-11
5.0750000000000002,0.40080614472248255,1,sr,4.822e-15
5.0875000000000004,0.4016125874009146,1,sr,5.095e-14
5.1000000000000005,0.40243765543095811,1,sr,1.456e-13
5.1125000000000007,0.4032818379635395,1,sr,1.091e-13
5.1250000000000009,0.40414562083627276,1,sr,2.598e-14
5.1375000000000002,0.40502948585615706,1,sr,8.464e-11
5.1500000000000004,0.40593390988855088,1,sr,6.132e-15
5.1625000000000005,0.40685936421773605,1,sr,6.080e-14
5.1750000000000007,0.40780631340048862,1,sr,1.124e-13
5.1875000000000009,0.40877521438712622,1,sr,4.514e-14
5.2000000000000002,0.40976651546376336,1,sr,7.229e-11
5.2125000000000004,0.41078065503113842,1,sr,2.807e-15
5.2250000000000005,0.41181806061145404,1,sr,4.204e-14
5.2375000000000007,0.41287914739444032,1,sr,8.110e-14
5.2500000000000009,0.41396431701131259,1,sr,2.357e-14
5.2625000000000002,0.41507395612545434,1,sr,1.158e-15
5.2750000000000004,0.41620843497821802,1,sr,9.144e-15
5.2875000000000005,0.41736810587342599,1,sr,5.701e-14
5.3000000000000007,0.41855330160355159,1,sr,3.291e-14
5.3125000000000009,0.41976433380048572,1,sr,7.139e-11
5.3250000000000002,0.42100149136264065,1,sr,2.610e-15
5.3375000000000004,0.42226503852520852,1,sr,3.800e-14
5.3500000000000005,0.42355521331159623,1,sr,2.294e-14
5.3625000000000007,0.42487222563790711,1,sr,1.698e-11
5.3750000000000009,0.42621625555416864,1,sr,4.416e-15
5.3875000000000002,0.42758745137806037,1,sr,3.025e-14
5.4000000000000004,0.42898592793293322,1,sr,6.890e-15
5.4125000000000005,0.4304117647229142,1,sr,8.890e-16
5.4250000000000007,0.43186500416566415,1,sr,1.026e-14
5.4375000000000009,0.43334564986135082,1,sr,1.322e-14
5.4500000000000002,0.43485366491358846,1,sr,1.300e-11
5.4625000000000004,0.43638897034730217,1,sr,3.188e-15
5.4750000000000005,0.43795144355267396,1,sr,1.135e-14
5.4875000000000007,0.43954091693899017,1,sr,6.736e-11
5.5000000000000009,0.44115717651705327,1,sr,1.045e-15
5.5125000000000002,0.44279996097456309,1,sr,6.885e-15
5.5250000000000004,0.44446896048709972,1,sr,6.617e-11
5.5375000000000005,0.44616381589890219,1,sr,5.260e-16
5.5500000000000007,0.44788411829033353,1,sr,4.603e-15
5.5625000000000009,0.4496294083200712,1,sr,3.266e-11
5.5750000000000002,0.45139917618037551,1,sr,5.062e-16
5.5875000000000004,0.45319286148377158,1,sr,3.148e-15
5.6000000000000005,0.45500985363280055,1,sr,1.743e-12
5.6125000000000007,0.45684949226803423,1,sr,4.363e-16
5.6250000000000009,0.45871106804500711,1,sr,3.102e-16
5.6375000000000002,0.46059382364521084,1,sr,2.469e-16
5.6500000000000004,0.46249695505403671,1,sr,6.145e-16
5.6625000000000005,0.46441961308012497,1,sr,3.126e-11
5.6750000000000007,0.4663609051926525,1,sr,6.089e-17
5.6875000000000009,0.4683198974442494,1,sr,2.020e-11
5.7000000000000002,0.47029561680430976,1,sr,0.000e+00
5.7125000000000004,0.47228705365461887,1,sr,1.202e-16
5.7250000000000005,0.47429316440238967,1,sr,2.639e-11
5.7375000000000007,0.47631287443241499,1,sr,7.750e-16
5.7500000000000009,0.47834508106355172,1,sr,6.549e-11
5.7625000000000002,0.48038865670326752,1,sr,3.550e-16
5.7750000000000004,0.48244245233307265,1,sr,7.663e-16
5.7875000000000005,0.48450530067070852,1,sr,8.999e-12
5.8000000000000007,0.48657601976402359,1,sr,0.000e+00
5.8125000000000009,0.48865341642353527,1,sr,3.680e-11
5.8250000000000002,0.49073628983900025,1,sr,4.784e-16
5.8375000000000004,0.49282343492006681,1,sr,4.708e-11
5.8500000000000005,0.4949136459887668,1,sr,1.888e-13
5.8625000000000007,0.4970057199537331,1,sr,5.766e-17
5.8750000000000009,0.49909845981665041,1,sr,1.031e-11
5.8875000000000002,0.50119067782870319,1,sr,9.530e-16
5.9000000000000004,0.50328119856295594,1,sr,1.342e-11
5.9125000000000005,0.50536886193257458,1,sr,3.644e-12
5.9250000000000007,0.50745252591523204,1,sr,7.921e-14
5.9375000000000009,0.50953106924394731,1,sr,3.056e-12
5.9500000000000002,0.51160339382515263,1,sr,1.216e-11
5.9625000000000004,0.51366842697213388,1,sr,4.534e-16
5.9750000000000005,0.51572512351971167,1,sr,8.896e-12
5.9875000000000007,0.5177724676175286,1,sr,5.369e-16
6.0000000000000009,0.51980947443284631,1,sr,1.971e-11
6.0125000000000002,0.5218351916255447,1,sr,6.582e-11
6.0250000000000004,0.52384870043198495,1,sr,2.253e-16
6.0375000000000005,0.5258491170293883,1,sr,3.314e-11
6.0500000000000007,0.52783559307744543,1,sr,9.841e-17
6.0625000000000009,0.52980731661401748,1,sr,6.124e-11
6.0750000000000002,0.53176351251943677,1,sr,1.403e-11
6.0875000000000004,0.53370344272036641,1,sr,1.474e-16
6.1000000000000005,0.5356264065270262,1,sr,3.724e-11
6.1125000000000007,0.53753174053652975,1,sr,8.893e-16
6.1250000000000009,0.53941881864048946,1,sr,1.964e-16
6.1375000000000002,0.54128705165934332,1,sr,2.823e-16
6.1500000000000004,0.5431358870430858,1,sr,3.509e-17
6.1625000000000005,0.5449648083872991,1,sr,5.302e-12
6.1750000000000007,0.54677333487560498,1,sr,6.250e-16
6.1875000000000009,0.54856102060973433,1,sr,5.621e-16
6.2000000000000002,0.55032745390570392,1,sr,2.288e-11
6.2125000000000004,0.55207225645322711,1,sr,2.955e-16
6.2250000000000005,0.55379508253916632,1,sr,1.267e-16
6.2375000000000007,0.55549561809236447,1,sr,5.958e-11
6.2500000000000009,0.55717357968639902,1,sr,1.580e-15
6.2625000000000002,0.55882871374830834,1,sr,1.146e-16
6.2750000000000004,0.56046079539297478,1,sr,6.235e-11
6.2875000000000005,0.56206962740617816,1,sr,1.336e-15
6.3000000000000007,0.56365503939204264,1,sr,2.552e-16
6.3125000000000009,0.56521688655326141,1,sr,1.787e-11
6.3250000000000002,0.56675504872702787,1,sr,1.937e-15
6.3375000000000004,0.56826942939006508,1,sr,6.550e-16
6.3500000000000005,0.56975995458277506,1,sr,1.712e-16
6.3625000000000007,0.57122657192594228,1,sr,9.429e-16
6.3750000000000009,0.57266924961980747,1,sr,1.002e-15
6.3875000000000002,0.57408797546614443,1,sr,3.154e-16
6.4000000000000004,0.5754827558913278,1,sr,6.657e-11
6.4125000000000005,0.5768536151058643,1,sr,3.569e-15
6.4250000000000007,0.5782005940018744,1,sr,1.327e-15
6.4375000000000009,0.57952374945705309,1,sr,1.104e-15
6.4500000000000002,0.5808231533791689,1,sr,1.158e-16
6.4625000000000004,0.58209889189221686,1,sr,3.250e-15
6.4750000000000005,0.58335106453150243,1,sr,2.210e-15
6.4875000000000007,0.58457978346711703,1,sr,4.080e-16
6.5000000000000009,0.58578517275611586,1,sr,1.052e-15
6.5125000000000002,0.58696736762343038,1,sr,4.217e-15
6.5250000000000004,0.5881265137715016,1,sr,2.347e-15
6.5375000000000005,0.58926276671840427,1,sr,5.882e-17
6.5500000000000007,0.59037629114016255,1,sr,9.234e-11
6.5625000000000009,0.59146726038510822,1,sr,3.133e-15
6.5750000000000002,0.59253585565491107,1,sr,4.503e-15
6.5875000000000004,0.59358226569323047,1,sr,1.188e-15
6.6000000000000005,0.59460668613987278,1,sr,3.572e-16
6.6125000000000007,0.59560931905465098,1,sr,1.492e-15
6.6250000000000009,0.59659037244198199,1,sr,3.052e-15
6.6375000000000002,0.59755005979949971,1,sr,5.399e-15
6.6500000000000004,0.59848859968991841,1,sr,1.985e-15
6.6625000000000005,0.59940621533539928,1,sr,3.618e-16
6.6750000000000007,0.60030313425282578,1,sr,7.985e-11
6.6875000000000009,0.60117958779452862,1,sr,1.636e-15
6.7000000000000002,0.60203581099775949,1,sr,4.194e-15
6.7125000000000004,0.602872042068612,1,sr,3.960e-15
6.7250000000000005,0.6036885221731052,1,sr,6.810e-16
6.7375000000000007,0.60448549513059091,1,sr,6.124e-17
6.7500000000000009,0.60526320715817417,1,sr,6.424e-11
6.7625000000000002,0.60602190654255961,1,sr,1.236e-15
6.7750000000000004,0.60676184354952256,1,sr,3.520e-15
6.7875000000000005,0.60748327005205083,1,sr,5.136e-15
6.8000000000000007,0.60818643939471828,1,sr,2.916e-15
6.8125000000000009,0.60887160618266256,1,sr,3.303e-16
6.8250000000000002,0.60953902609819843,1,sr,0.000e+00
6.8375000000000004,0.61018895573697407,1,sr,3.365e-11
6.8500000000000005,0.61082165241142306,1,sr,1.066e-15
6.8625000000000007,0.61143737407594945,1,sr,2.326e-15
6.8750000000000009,0.61203637911490427,1,sr,2.899e-15
6.8875000000000002,0.61261892625119718,1,sr,3.032e-15
6.9000000000000004,0.61318527441999993,1,sr,3.800e-16
6.9125000000000005,0.61373568265873901,1,sr,4.445e-16
6.9250000000000007,0.61427041000549254,1,sr,2.209e-16
6.9375000000000009,0.61478971540537142,1,sr,1.692e-16
6.9500000000000002,0.61529385763815103,1,sr,6.629e-11
6.9625000000000004,0.61578309517073793,1,sr,5.772e-16
6.9750000000000005,0.61625768622211152,1,sr,1.162e-15
6.9875000000000007,0.61671788856031384,1,sr,1.933e-15
7.0000000000000009,0.61716395951118197,1,sr,1.744e-15
7.0125000000000002,0.61759615589046157,1,sr,6.475e-16
7.0250000000000004,0.61801473395497764,1,sr,1.303e-15
7.0375000000000005,0.61841994935885936,1,sr,5.855e-16
7.0500000000000007,0.61881205711451193,1,sr,4.564e-16
7.0625000000000009,0.61919131155807028,1,sr,4.574e-16
7.0750000000000002,0.61955796631907267,1,sr,8.515e-16
7.0875000000000004,0.6199122742911255,1,sr,1.535e-11
7.1000000000000005,0.62025448762782498,1,sr,1.878e-11
7.1125000000000007,0.62058485769109528,1,sr,8.014e-11
7.1250000000000009,0.62090363500346701,1,sr,1.098e-10
7.1375000000000002,0.62121106943339255,1,sr,5.206e-11
7.1500000000000004,0.62150740988841846,1,sr,1.890e-11
7.1625000000000005,0.621792904507662,1,sr,1.480e-11
7.1750000000000007,0.62206780060692402,1,sr,3.859e-11
7.1875000000000009,0.62233234467628229,1,sr,8.526e-11
7.2000000000000002,0.62258678242111076,1,sr,7.348e-11
7.2125000000000004,0.62283135860711181,1,sr,4.443e-11
7.2250000000000005,0.62306631728322948,1,sr,1.507e-11
7.2375000000000007,0.62329190166115822,1,sr,7.510e-11
7.2500000000000009,0.62350835414417893,1,sr,1.216e-10
7.2625000000000002,0.62371591638777979,1,sr,1.237e-10
7.2750000000000004,0.62391482911222629,1,sr,1.145e-10
7.2875000000000005,0.62410533241501565,1,sr,1.235e-10
7.3000000000000007,0.6242876655346602,1,sr,1.297e-10
7.3125000000000009,0.62446206711570407,1,sr,9.546e-11
7.3250000000000002,0.62462877492487245,1,sr,5.715e-11
7.3375000000000004,0.62478802606827455,1,sr,2.293e-11
7.3500000000000005,0.62494005695956178,1,sr,2.217e-12
7.3625000000000007,0.62508510334515166,1,sr,2.961e-11
7.3750000000000009,0.62522340029027357,1,sr,5.948e-11
7.3875000000000002,0.6253551822980713,1,sr,3.426e-16
7.4000000000000004,0.6254806831755535,1,sr,9.606e-16
7.4125000000000005,0.62560013618687638,1,sr,2.233e-15
7.4250000000000007,0.62571377401790851,1,sr,3.942e-16
7.4375000000000009,0.62582182880945769,1,sr,5.282e-16
7.4500000000000002,0.62592453218038946,1,sr,2.347e-16
7.4625000000000004,0.62602211525107287,1,sr,6.556e-16
7.4750000000000005,0.62611480866709268,1,sr,2.072e-16
7.4875000000000007,0.62620284262315751,1,sr,4.149e-16
7.5000000000000009,0.62628644688714896,1,sr,2.595e-15
7.5125000000000002,0.62636585082424467,1,sr,3.463e-15
7.5250000000000004,0.6264412834210511,1,sr,3.016e-15
7.5375000000000005,0.62651297330968492,1,sr,6.070e-15
7.5500000000000007,0.62658114879173588,1,sr,6.839e-15
7.5625000000000009,0.6266460378620442,1,sr,6.166e-15
7.5750000000000002,0.62670786823222668,1,sr,8.134e-15
7.5875000000000004,0.62676686735388043,1,sr,1.165e-14
7.6000000000000005,0.62682326244139197,1,sr,1.228e-14
7.6125000000000007,0.62687728049427927,1,sr,1.488e-14
7.6250000000000009,0.62692914831898949,1,sr,1.795e-14
7.6375000000000002,0.62697909255007278,1,sr,2.010e-14
7.6500000000000004,0.62702733967065094,1,sr,2.423e-14
7.6625000000000005,0.62707411603209406,1,sr,2.700e-14
7.6750000000000007,0.62711964787281671,1,sr,3.095e-14
7.6875000000000009,0.62716416133610142,1,sr,3.503e-14
7.7000000000000002,0.62720788248684956,1,sr,3.820e-14
7.7125000000000004,0.62725103732716303,1,sr,4.439e-14
7.7250000000000005,0.62729385181064579,1,sr,4.936e-14
7.7375000000000007,0.62733655185531856,1,sr,5.569e-14
7.7500000000000009,0.62737936335502742,1,sr,6.145e-14
7.7625000000000002,0.6274225121892284,1,sr,6.661e-14
7.7750000000000004,0.62746622423101883,1,sr,7.260e-14
7.7875000000000005,0.62751072535331243,1,sr,8.456e-14
7.8000000000000007,0.62755624143285427,1,sr,8.852e-14
7.8125000000000009,0.62760299835233702,1,sr,9.145e-14
7.8250000000000002,0.62765122199993428,1,sr,9.751e-14
7.8375000000000004,0.62770113826648477,1,sr,9.964e-14
7.8500000000000005,0.62775297304001387,1,sr,1.027e-13
7.8625000000000007,0.62780695219744054,1,sr,1.058e-13
7.8750000000000009,0.62786330159329184,1,sr,1.067e-13
7.8875000000000002,0.6279222470452448,1,sr,1.075e-13
7.9000000000000004,0.62798401431629602,1,sr,1.091e-13
7.9125000000000005,0.62804882909336246,1,sr,1.111e-13
7.9250000000000007,0.62811691696210592,1,sr,1.078e-13
7.9375000000000009,0.62818850337776777,1,sr,1.058e-13
7.9500000000000002,0.62826381363178718,1,sr,1.023e-13
7.9625000000000004,0.62834307281398127,1,sr,9.764e-14
7.9750000000000005,0.62842650577004566,1,sr,9.257e-14
7.9875000000000007,0.62851433705413695,1,sr,8.348e-14
8,0.62860679087628779,1,sr,7.616e-14
8.0124999999999993,0.6287040910443995,1,sr,6.902e-14
8.0250000000000004,0.62880646090055359,1,sr,5.912e-14
8.0374999999999996,0.62891412325137952,1,sr,5.014e-14
8.0499999999999989,0.62902730029220622,1,sr,3.837e-14
8.0625,0.62914621352473299,1,sr,2.800e-14
8.0749999999999993,0.62927108366793649,1,sr,1.875e-14
8.0875000000000004,0.62940213056194805,1,sr,1.089e-14
8.0999999999999996,0.62953957306461994,1,sr,7.340e-15
8.1124999999999989,0.62968362894050756,1,sr,9.499e-16
8.125,0.62983451476629426,1,sr,1.367e-10
8.1374999999999993,0.62999244568226875,1,sr,3.179e-13
8.1500000000000004,0.63015763550017123,1,sr,1.755e-15
8.1624999999999996,0.63033029631567539,1,sr,1.010e-15
8.1749999999999989,0.63051063847752786,1,sr,1.950e-15
8.1875,0.63069887040096906,1,sr,2.214e-15
8.1999999999999993,0.6308951983964558,1,sr,7.500e-15
8.2125000000000004,0.63109982648880625,1,sr,1.744e-14
8.2249999999999996,0.63131295622663941,1,sr,2.807e-14
8.2374999999999989,0.63153478648195815,1,sr,4.578e-14
8.25,0.63176551323974806,1,sr,6.871e-14
8.2624999999999993,0.63200532937749432,1,sr,9.479e-14
8.2750000000000004,0.63225442443455349,1,sr,1.230e-13
8.2874999999999996,0.63251298437141146,1,sr,1.531e-13
8.2999999999999989,0.63278119131850752,1,sr,1.427e-13
8.3125,0.63305922331551912,1,sr,1.223e-13
8.3249999999999993,0.63334725404012449,1,sr,9.433e-14
8.3375000000000004,0.6336454525272166,1,sr,6.517e-14
8.3499999999999996,0.63395398287847549,1,sr,3.674e-14
8.3624999999999989,0.63427300396263964,1,sr,1.384e-14
8.375,0.6346026691068305,1,sr,1.361e-15
8.3874999999999993,0.63494312577695289,1,sr,1.247e-11
8.4000000000000004,0.6352945152644871,1,sr,7.091e-16
8.4124999999999996,0.63565697232981666,1,sr,1.800e-15
8.4249999999999989,0.63603062488681505,1,sr,8.336e-15
8.4375,0.63641559364537637,1,sr,2.174e-14
8.4499999999999993,0.63681199176317016,1,sr,4.330e-14
8.4625000000000004,0.6372199244907375,1,sr,6.938e-14
8.4749999999999996,0.63763948881338151,1,sr,8.397e-14
8.4874999999999989,0.63807077309076554,1,sr,6.824e-14
8.5,0.63851385669594951,1,sr,4.339e-14
8.5124999999999993,0.63896880965448788,1,sr,2.019e-14
8.5250000000000004,0.63943569228548414,1,sr,4.328e-15
8.5374999999999996,0.63991455484208137,1,sr,1.881e-11
8.5499999999999989,0.64040543717973486,1,sr,1.252e-15
8.5625,0.64090836837371112,1,sr,2.736e-15
8.5749999999999993,0.64142336642123732,1,sr,1.190e-14
8.5875000000000004,0.64195043789642281,1,sr,2.763e-14
8.5999999999999996,0.64248957764002412,1,sr,4.266e-14
8.6124999999999989,0.6430407684592645,1,sr,3.479e-14
8.625,0.64360398084336723,1,sr,1.796e-14
8.6374999999999993,0.64417917269708891,1,sr,4.402e-15
8.6500000000000004,0.64476628907471922,1,sr,9.080e-11
8.6624999999999996,0.64536526205086464,1,sr,1.215e-16
8.6749999999999989,0.64597601032784302,1,sr,1.519e-15
8.6875,0.64659843925175486,1,sr,7.494e-15
8.6999999999999993,0.6472324405690546,1,sr,1.621e-14
8.7125000000000004,0.64787789232752935,1,sr,1.743e-14
8.7249999999999996,0.64853465878936956,1,sr,9.409e-15
8.7374999999999989,0.64920259037727768,1,sr,3.167e-15
8.75,0.64988152365137097,1,sr,1.651e-11
8.7624999999999993,0.65057128134348063,1,sr,5.944e-16
8.7750000000000004,0.65127167237480132,1,sr,2.490e-15
8.7874999999999996,0.65198249198331704,1,sr,4.848e-15
8.7999999999999989,0.65270352183648972,1,sr,8.846e-15
8.8125,0.65343453020505105,1,sr,5.177e-15
8.8249999999999993,0.65417527217330773,1,sr,2.230e-15
8.8375000000000004,0.6549254898886413,1,sr,4.524e-12
8.8499999999999996,0.65568491285721109,1,sr,1.110e-16
8.8624999999999989,0.65645325826449441,1,sr,1.747e-16
8.875,0.6572302313551458,1,sr,2.327e-15
8.8874999999999993,0.65801552583629463,1,sr,2.611e-15
8.9000000000000004,0.65880882432421384,1,sr,1.797e-15
8.9124999999999996,0.65960979880908555,1,sr,7.563e-11
8.9249999999999989,0.66041811125583749,1,sr,4.739e-16
8.9375,0.66123341398345048,1,sr,1.724e-16
8.9499999999999993,0.66205535041365016,1,sr,2.008e-15
8.9625000000000004,0.66288355559373591,1,sr,2.004e-15
8.9749999999999996,0.66371765684685402,1,sr,9.142e-16
8.9874999999999989,0.66455727441483325,1,sr,6.064e-11
9,0.6654020222033985,1,sr,6.360e-16
9.0124999999999993,0.6662515083397611,1,sr,2.273e-16
9.0250000000000004,0.66710533601804867,1,sr,1.475e-15
9.0374999999999996,0.66796310415096616,1,sr,1.190e-15
9.0499999999999989,0.66882440812023047,1,sr,3.812e-11
9.0625,0.66968884046317867,1,sr,1.547e-11
9.0749999999999993,0.67055599171116353,1,sr,1.105e-15
9.0875000000000004,0.67142545100211037,1,sr,5.350e-16
9.0999999999999996,0.67229680688748961,1,sr,7.953e-16
9.1124999999999989,0.67316964805188106,1,sr,1.070e-10
9.125,0.67404356390195186,1,sr,2.316e-11
9.1374999999999993,0.67491814553125673,1,sr,4.566e-14
9.1500000000000004,0.67579298610905092,1,sr,1.216e-12
9.1624999999999996,0.67666768172084513,1,sr,1.298e-11
9.1749999999999989,0.67754183196630346,1,sr,9.993e-11
9.1875,0.67841504050484791,1,sr,1.480e-15
9.1999999999999993,0.67928691585960621,1,sr,6.945e-11
9.2125000000000004,0.68015707170118145,1,sr,2.482e-12
9.2249999999999996,0.68102512767314083,1,sr,1.065e-10
9.2374999999999989,0.6818907096144472,1,sr,4.598e-16
9.25,0.68275345034911561,1,sr,8.635e-16
9.2624999999999993,0.68361298988793706,1,sr,1.023e-15
9.2750000000000004,0.68446897596479206,1,sr,2.645e-16
9.2874999999999996,0.68532106440593921,1,sr,2.887e-11
9.2999999999999989,0.68616891945257097,1,sr,3.479e-16
9.3125,0.68701221414563118,1,sr,6.087e-18
9.3249999999999993,0.68785063055193041,1,sr,1.192e-16
9.3375000000000004,0.68868386005296578,1,sr,6.470e-16
9.3499999999999996,0.68951160356423535,1,sr,1.287e-15
9.3624999999999989,0.69033357174140786,1,sr,5.374e-11
9.375,0.69114948508708907,1,sr,9.120e-16
9.3874999999999993,0.69195907420103742,1,sr,1.003e-15
9.4000000000000004,0.69276207977146576,1,sr,1.412e-15
9.4124999999999996,0.69355825271178839,1,sr,6.970e-17
9.4249999999999989,0.69434735420196292,1,sr,6.555e-16
9.4375,0.6951291557189242,1,sr,1.273e-11
9.4499999999999993,0.69590343902719387,1,sr,2.234e-16
9.4625000000000004,0.69666999618688896,1,sr,3.046e-15
9.4749999999999996,0.69742862948719164,1,sr,4.866e-15
9.4874999999999989,0.69817915139985798,1,sr,2.239e-15
9.5,0.69892138449813934,1,sr,2.549e-15
9.5124999999999993,0.69965516136113159,1,sr,1.682e-16
9.5250000000000004,0.70038032444068765,1,sr,1.059e-10
9.5374999999999996,0.70109672604262496,1,sr,2.258e-16
9.5499999999999989,0.70180422797231523,1,sr,4.528e-15
9.5625,0.70250270159789185,1,sr,8.249e-15
9.5749999999999993,0.70319202758031274,1,sr,3.692e-15
9.5875000000000004,0.70387209572263876,1,sr,2.060e-15
9.5999999999999996,0.70454280478930342,1,sr,5.085e-16
9.6125000000000007,0.70520406232881316,1,sr,5.572e-11
9.625,0.70585578442456542,1,sr,8.008e-16
9.6374999999999993,0.70649789560394427,1,sr,3.687e-15
9.6500000000000004,0.7071303285246695,1,sr,9.145e-15
9.6624999999999996,0.70775302382125571,1,sr,7.850e-15
9.6750000000000007,0.70836592988321978,1,sr,3.874e-15
9.6875,0.70896900264226514,1,sr,3.993e-16
9.6999999999999993,0.7095622053581927,1,sr,2.285e-16
9.7125000000000004,0.71014550841098323,1,sr,3.578e-11
9.7249999999999996,0.71071888905262737,1,sr,7.451e-16
9.7375000000000007,0.71128233126041329,1,sr,4.592e-15
9.75,0.71183582545697888,1,sr,7.878e-15
9.7624999999999993,0.71237936833284465,1,sr,1.250e-14
9.7750000000000004,0.712912962630734,1,sr,7.211e-15
9.7874999999999996,0.71343661693910199,1,sr,4.392e-15
9.8000000000000007,0.71395034548857395,1,sr,2.952e-15
9.8125,0.71445416795152505,1,sr,1.160e-15
9.8249999999999993,0.71494810923655416,1,sr,4.806e-11
9.8375000000000004,0.7154321993382754,1,sr,6.401e-16
9.8499999999999996,0.71590647306202349,1,sr,1.865e-15
9.8625000000000007,0.71637096992471061,1,sr,6.366e-15
9.875,0.71682573393093318,1,sr,1.100e-14
9.8874999999999993,0.71727081340509546,1,sr,1.096e-14
9.9000000000000004,0.717706260819445,1,sr,1.262e-14
9.9124999999999996,0.71813213262668296,1,sr,6.941e-15
9.9250000000000007,0.71854848909727254,1,sr,3.832e-15
9.9375,0.71895539416139531,1,sr,1.063e-15
9.9499999999999993,0.71935291525565481,1,sr,5.915e-16
9.9625000000000004,0.71974112317449834,1,sr,2.018e-15
9.9749999999999996,0.72012009193138082,1,sr,2.986e-11
9.9875000000000007,0.72048989859451196,1,sr,8.327e-16
10,0.72085062320255322,1,sr,1.847e-15
1.0625,14.631966505026506,2,sr,3.522e-13
1.075,14.230706531808901,2,sr,8.577e-14
1.0874999999999999,13.845400825322384,2,sr,2.794e-14
1.1000000000000001,13.475375409149541,2,sr,2.579e-14
1.1125,13.119985888582878,2,sr,1.376e-14
1.125,12.778615500459209,2,sr,8.961e-16
1.1375,12.450673388706861,2,sr,6.588e-14
1.1499999999999999,12.13559308101993,2,sr,5.158e-14
1.1625000000000001,11.832831143365768,2,sr,1.397e-15
1.175,11.541865990419071,2,sr,2.464e-13
1.1875,11.262196831497494,2,sr,2.662e-13
1.2,10.993342733153007,2,sr,1.882e-15
1.2125000000000001,10.734841781167882,2,sr,1.400e-12
1.2250000000000001,10.486250326409349,2,sr,1.500e-13
1.2375,10.247142300542189,2,sr,2.511e-13
1.25,10.017108589481637,2,sr,2.483e-13
1.2625,9.7957564537419888,2,sr,6.804e-14
1.2750000000000001,9.5827089866185862,2,sr,4.999e-16
1.2875000000000001,9.3776046024274322,2,sr,1.661e-16
1.3,9.1800965483925374,2,sr,9.115e-16
1.3125,8.9898524349487268,2,sr,1.235e-12
1.325,8.8065537803358058,2,sr,1.950e-13
1.3375000000000001,8.6298955661831318,2,sr,6.333e-13
1.3500000000000001,8.4595858018802019,2,sr,6.092e-12
1.3625,8.2953450956902746,2,sr,1.679e-14
1.375,8.1369062320802001,2,sr,2.502e-13
1.3875,7.9840137538180054,2,sr,1.645e-16
1.4000000000000001,7.8364235493257359,2,sr,1.940e-13
1.4125000000000001,7.6939024448580078,2,sr,8.229e-17
1.425,7.5562278019310947,2,sr,1.700e-13
1.4375,7.4231871203422397,2,sr,3.296e-16
1.45,7.2945776473346173,2,sr,5.643e-12
1.4625000000000001,7.1702059933154718,2,sr,7.929e-15
1.4750000000000001,7.0498877550792827,2,sr,8.701e-13
1.4875,6.9334471465215133,2,sr,5.905e-16
1.5,6.8207166379238089,2,sr,8.898e-14
1.5125,6.7115366040392646,2,sr,2.791e-13
1.5250000000000001,6.605754981445326,2,sr,1.039e-13
1.5375000000000001,6.5032269355821759,2,sr,5.012e-16
1.55,6.403814537755208,2,sr,5.024e-16
1.5625,6.3073864523587657,2,sr,4.445e-13
1.575,6.2138176344831235,2,sr,2.525e-16
1.5875000000000001,6.1229890380400587,2,sr,1.187e-15
1.6000000000000001,6.0347873344077181,2,sr,3.868e-12
1.6125,5.9491046417013767,2,sr,5.092e-16
1.625,5.8658382643820275,2,sr,1.734e-13
1.6375,5.7848904434530715,2,sr,1.135e-12
1.6500000000000001,5.7061681167854292,2,sr,3.112e-13
1.6625000000000001,5.6295826895371031,2,sr,4.640e-12
1.675,5.555049814444204,2,sr,1.121e-15
1.6875,5.4824891818652075,2,sr,6.980e-13
1.7,5.4118243190183284,2,sr,6.276e-13
1.7125000000000001,5.3429823985217473,2,sr,7.918e-16
1.7250000000000001,5.2758940557065239,2,sr,2.772e-13
1.7375,5.2104932144925291,2,sr,1.054e-13
1.75,5.1467169215499471,2,sr,7.181e-13
1.7625,5.0845051884008097,2,sr,1.419e-16
1.7750000000000001,5.0238008412139799,2,sr,3.547e-16
1.7875000000000001,4.9645493779328334,2,sr,1.780e-15
1.8,4.9066988324926655,2,sr,8.634e-13
1.8125,4.8501996457894938,2,sr,2.663e-14
1.825,4.7950045431574475,2,sr,7.199e-16
1.8375000000000001,4.7410684180101592,2,sr,5.585e-13
1.8500000000000001,4.6883482214207213,2,sr,5.439e-16
1.8625,4.6368028573603226,2,sr,1.159e-12
1.875,4.5863930832932294,2,sr,9.218e-13
1.8875,4.5370814159471937,2,sr,1.415e-12
1.9000000000000001,4.4888320419328389,2,sr,2.760e-16
1.9125000000000001,4.4416107330559109,2,sr,1.253e-12
1.925,4.3953847660020555,2,sr,1.372e-13
1.9375,4.3501228462897652,2,sr,1.609e-14
1.95,4.3057950361652555,2,sr,5.395e-13
1.9625000000000001,4.2623726863207949,2,sr,1.964e-12
1.9750000000000001,4.219828371189517,2,sr,5.364e-12
1.9875,4.1781358277421656,2,sr,2.831e-16
2,4.137269897344626,2,sr,2.215e-12
2.0125000000000002,4.0972064708904101,2,sr,2.288e-12
2.0250000000000004,4.0579224367263436,2,sr,9.537e-17
2.0375000000000001,4.0193956313774413,2,sr,1.148e-15
2.0500000000000003,3.9816047928615115,2,sr,2.022e-12
2.0625000000000004,3.9445295164941774,2,sr,9.636e-17
2.0750000000000002,3.9081502130659502,2,sr,4.834e-16
2.0875000000000004,3.8724480691856606,2,sr,3.004e-12
2.1000000000000001,3.8374050097485486,2,sr,3.116e-12
2.1125000000000003,3.8030036624122179,2,sr,2.246e-16
2.1250000000000004,3.7692273239362386,2,sr,3.918e-16
2.1375000000000002,3.7360599282793925,2,sr,1.551e-12
2.1500000000000004,3.7034860164076968,2,sr,5.051e-16
2.1625000000000001,3.6714907077071657,2,sr,2.617e-12
2.1750000000000003,3.6400596728430563,2,sr,7.734e-15
2.1875000000000004,3.6091791081264923,2,sr,2.984e-16
2.2000000000000002,3.5788357111448543,2,sr,1.795e-15
2.2125000000000004,3.54901665771881,2,sr,2.001e-16
2.2250000000000001,3.5197095800185982,2,sr,1.860e-11
2.2375000000000003,3.4909025459620864,2,sr,1.579e-12
2.2500000000000004,3.4625840393288629,2,sr,1.009e-16
2.2625000000000002,3.4347429413658772,2,sr,1.464e-11
2.2750000000000004,3.4073685130788012,2,sr,4.913e-12
2.2875000000000001,3.380450378302104,2,sr,5.386e-13
2.3000000000000003,3.3539785080280593,2,sr,2.038e-16
2.3125000000000004,3.3279432051789559,2,sr,9.194e-16
2.3250000000000002,3.3023350903330999,2,sr,5.403e-12
2.3375000000000004,3.2771450881027229,2,sr,5.343e-12
2.3500000000000001,3.2523644142620554,2,sr,5.657e-12
2.3625000000000003,3.2279845634546214,2,sr,3.093e-16
2.3750000000000004,3.2039972975799085,2,sr,4.649e-16
2.3875000000000002,3.1803946346885663,2,sr,5.015e-13
2.4000000000000004,3.1571688384932717,2,sr,5.891e-12
2.4125000000000005,3.1343124083376193,2,sr,1.195e-15
2.4250000000000003,3.1118180697503433,2,sr,5.365e-12
2.4375000000000004,3.0896787652949333,2,sr,1.871e-11
2.4500000000000002,3.0678876461469482,2,sr,1.150e-15
2.4625000000000004,3.0464380636562534,2,sr,4.327e-12
2.4750000000000005,3.0253235617495955,2,sr,3.770e-13
2.4875000000000003,3.0045378694651608,2,sr,1.764e-11
2.5000000000000004,2.9840748937748356,2,sr,0.000e+00
2.5125000000000002,2.9639287130389738,2,sr,2.634e-16
2.5250000000000004,2.944093570409779,2,sr,3.957e-16
2.5375000000000005,2.9245638677724695,2,sr,2.528e-11
2.5500000000000003,2.905334160010216,2,sr,4.024e-13
2.5625000000000004,2.8863991491978487,2,sr,4.227e-12
2.5750000000000002,2.867753679510789,2,sr,1.325e-16
2.5875000000000004,2.8493927320831713,2,sr,1.687e-11
2.6000000000000005,2.8313114200763274,2,sr,3.772e-12
2.6125000000000003,2.8135049842075381,2,sr,1.037e-15
2.6250000000000004,2.7959687882064799,2,sr,2.362e-12
2.6375000000000002,2.7786983146209194,2,sr,2.930e-16
2.6500000000000004,2.7616891608019558,2,sr,4.676e-12
2.6625000000000005,2.7449370349930056,2,sr,2.929e-13
2.6750000000000003,2.728437752683484,2,sr,5.472e-16
2.6875000000000004,2.7121872330268904,2,sr,5.172e-12
2.7000000000000002,2.6961814954535468,2,sr,2.591e-12
2.7125000000000004,2.6804166564513419,2,sr,4.303e-13
2.7250000000000005,2.6648889264296884,2,sr,4.957e-13
2.7375000000000003,2.6495946067381588,2,sr,5.232e-12
2.7500000000000004,2.6345300868220072,2,sr,5.797e-12
2.7625000000000002,2.6196918414609285,2,sr,2.140e-12
2.7750000000000004,2.6050764281381946,2,sr,1.075e-14
2.7875000000000005,2.5906804845227036,2,sr,5.892e-13
2.8000000000000003,2.5765007260389541,2,sr,1.691e-12
2.8125000000000004,2.5625339435149099,2,sr,1.806e-11
2.8250000000000002,2.5487770010204596,2,sr,4.752e-12
2.8375000000000004,2.5352268335764374,2,sr,2.408e-14
2.8500000000000005,2.5218804451962913,2,sr,5.327e-13
2.8625000000000003,2.5087349068551119,2,sr,5.524e-14
2.8750000000000004,2.495787354571076,2,sr,1.140e-13
2.8875000000000002,2.4830349875565765,2,sr,7.186e-13
2.9000000000000004,2.4704750664456987,2,sr,6.633e-13
2.9125000000000005,2.4581049115688169,2,sr,1.744e-12
2.9250000000000003,2.4459219013225142,2,sr,6.273e-12
2.9375000000000004,2.4339234705294377,2,sr,1.400e-12
2.9500000000000002,2.4221071089528889,2,sr,2.296e-11
2.9625000000000004,2.4104703598376664,2,sr,5.152e-12
2.9750000000000005,2.3990108183184895,2,sr,2.065e-12
2.9875000000000003,2.3877261302409929,2,sr,6.098e-12
3.0000000000000004,2.376613990706721,2,sr,7.970e-17
3.0125000000000002,2.3656721428037897,2,sr,2.360e-11
3.0250000000000004,2.3548983763022022,2,sr,5.064e-14
3.0375000000000005,2.3442905265949805,2,sr,2.119e-12
3.0500000000000003,2.3338464733594715,2,sr,4.987e-12
3.0625000000000004,2.3235641395066544,2,sr,7.262e-12
3.0750000000000002,2.3134414900619822,2,sr,8.642e-12
3.0875000000000004,2.3034765310985579,2,sr,9.056e-12
3.1000000000000005,2.2936673087017296,2,sr,8.227e-12
3.1125000000000003,2.2840119079635475,2,sr,5.736e-12
3.1250000000000004,2.2745084520054135,2,sr,1.889e-12
3.1375000000000002,2.2651551010308619,2,sr,5.276e-12
3.1500000000000004,2.2559500513878787,2,sr,3.139e-16
3.1625000000000005,2.2468915347069149,2,sr,5.746e-16
3.1750000000000003,2.2379778169723852,2,sr,1.795e-11
3.1875000000000004,2.2292071977497736,2,sr,5.665e-12
3.2000000000000002,2.2205780092421663,2,sr,8.834e-16
3.2125000000000004,2.2120886155656234,2,sr,6.225e-16
3.2250000000000005,2.2037374119228459,2,sr,1.311e-11
3.2375000000000003,2.1955228238663578,2,sr,1.912e-15
3.2500000000000004,2.1874433064506706,2,sr,5.158e-17
3.2625000000000002,2.1794973435788578,2,sr,3.359e-12
3.2750000000000004,2.1716834472388671,2,sr,3.082e-16
3.2875000000000005,2.164000156765431,2,sr,1.140e-11
3.3000000000000003,2.1564460382005297,2,sr,4.603e-16
3.3125000000000004,2.1490196835015767,2,sr,1.184e-11
3.3250000000000002,2.1417197099842227,2,sr,4.074e-16
3.3375000000000004,2.1345447595254843,2,sr,3.452e-12
3.3500000000000005,2.1274934980040392,2,sr,4.055e-16
3.3625000000000003,2.1205646145795658,2,sr,2.023e-16
3.3750000000000004,2.113756821063522,2,sr,1.933e-11
3.3875000000000002,2.1070688513323956,2,sr,1.158e-15
3.4000000000000004,2.1004994605577259,2,sr,1.105e-15
3.4125000000000005,2.0940474246982252,2,sr,1.415e-11
3.4250000000000003,2.0877115398751394,2,sr,3.347e-11
3.4375000000000004,2.0814906215420921,2,sr,6.976e-16
3.4500000000000002,2.0753835041918638,2,sr,8.946e-16
3.4625000000000004,2.0693890404417696,2,sr,7.431e-12
3.4750000000000005,2.0635061005399562,2,sr,2.914e-11
3.4875000000000003,2.0577335717851142,2,sr,2.949e-11
3.5000000000000004,2.0520703576410266,2,sr,9.834e-17
3.5125000000000002,2.046515377488503,2,sr,3.923e-16
3.5250000000000004,2.0410675656844952,2,sr,7.824e-16
3.5375000000000005,2.0357258710437405,2,sr,6.827e-16
3.5500000000000003,2.0304892561699424,2,sr,1.070e-15
3.5625000000000004,2.0253566968007668,2,sr,0.000e+00
3.5750000000000002,2.0203271811450398,2,sr,4.835e-16
3.5875000000000004,2.0153997092112359,2,sr,3.857e-16
3.6000000000000005,2.0105732921263177,2,sr,7.691e-16
3.6125000000000003,2.0058469514440209,2,sr,1.917e-16
3.6250000000000004,2.00121971844167,2,sr,1.912e-16
3.6375000000000002,1.9966906334046151,2,sr,7.623e-16
3.6500000000000004,1.9922587448973994,2,sr,5.701e-16
3.6625000000000005,1.9879231090370697,2,sr,2.276e-11
3.6750000000000003,1.9836827886321668,2,sr,3.008e-11
3.6875000000000004,1.9795368526755779,2,sr,5.638e-12
3.7000000000000002,1.9754843751956641,2,sr,1.877e-16
3.7125000000000004,1.9715244347049483,2,sr,8.423e-16
3.7250000000000005,1.9676561133036587,2,sr,1.843e-11
3.7375000000000003,1.9638784957514324,2,sr,2.457e-11
3.7500000000000004,1.9601906688290212,2,sr,3.736e-13
3.7625000000000002,1.9565917201431717,2,sr,1.110e-16
3.7750000000000004,1.9530807374800139,2,sr,2.268e-11
3.7875000000000005,1.9496568076933274,2,sr,3.301e-12
3.8000000000000003,1.9463190159508632,2,sr,1.557e-15
3.8125000000000004,1.9430664445909185,2,sr,2.210e-11
3.8250000000000002,1.9398981721558526,2,sr,3.178e-13
3.8375000000000004,1.9368132725137368,2,sr,5.446e-16
3.8500000000000005,1.9338108136400225,2,sr,2.624e-11
3.8625000000000003,1.9308898567415798,2,sr,1.804e-16
3.8750000000000004,1.9280494549814449,2,sr,2.190e-11
3.8875000000000002,1.9252886524928325,2,sr,9.865e-16
3.9000000000000004,1.9226064833391523,2,sr,1.760e-11
3.9125000000000005,1.9200019701646329,2,sr,6.686e-15
3.9250000000000003,1.9174741232525514,2,sr,8.888e-17
3.9375000000000004,1.9150219392041967,2,sr,1.048e-12
3.9500000000000002,1.9126443998280136,2,sr,1.878e-11
3.9625000000000004,1.910340470862447,2,sr,2.115e-15
3.9750000000000005,1.9081091009196345,2,sr,2.454e-11
3.9875000000000003,1.9059492200332779,2,sr,0.000e+00
4,1.9038597386779519,2,sr,2.201e-11
4.0125000000000002,1.901839546426501,2,sr,7.842e-16
4.0250000000000004,1.8998875106512536,2,sr,3.322e-13
4.0375000000000005,1.8980024754798286,2,sr,2.484e-11
4.0500000000000007,1.8961832604047575,2,sr,3.025e-16
4.0625,1.8944286593021127,2,sr,6.680e-12
4.0750000000000002,1.8927374391122289,2,sr,2.380e-11
4.0875000000000004,1.8911083386485001,2,sr,1.716e-16
4.1000000000000005,1.8895400677059666,2,sr,4.283e-12
4.1125000000000007,1.8880313058174631,2,sr,2.831e-11
4.125,1.8865807011835862,2,sr,4.258e-17
4.1375000000000002,1.8851868699455465,2,sr,3.174e-16
4.1500000000000004,1.8838483950228178,2,sr,1.763e-11
4.1625000000000005,1.8825638254878183,2,sr,2.768e-11
4.1750000000000007,1.8813316755346796,2,sr,1.266e-16
4.1875,1.8801504241611808,2,sr,2.048e-11
4.2000000000000002,1.8790185143789171,2,sr,1.253e-11
4.2125000000000004,1.8779343527395558,2,sr,2.884e-11
4.2250000000000005,1.8768963091509665,2,sr,4.188e-17
4.2375000000000007,1.8759027164448783,2,sr,2.090e-16
4.25,1.8749518704990908,2,sr,3.986e-14
4.2625000000000002,1.8740420301903769,2,sr,1.031e-11
4.2750000000000004,1.8731714176672833,2,sr,2.239e-11
4.2875000000000005,1.8723382187501019,2,sr,2.077e-17
4.3000000000000007,1.8715405833985237,2,sr,1.452e-16
4.3125,1.8707766266059833,2,sr,7.132e-16
4.3250000000000002,1.8700444292622218,2,sr,2.823e-12
4.3375000000000004,1.8693420392998419,2,sr,4.470e-12
4.3500000000000005,1.868667473075166,2,sr,1.257e-11
4.3625000000000007,1.8680187169050733,2,sr,1.806e-11
4.375,1.867393728861811,2,sr,3.286e-16
4.3875000000000002,1.8667904406991267,2,sr,1.288e-15
4.4000000000000004,1.866206760166464,2,sr,7.516e-16
4.4125000000000005,1.865640573374941,2,sr,7.899e-16
4.4250000000000007,1.8650897474671084,2,sr,8.413e-12
4.4375,1.8645521334409405,2,sr,1.568e-12
4.4500000000000002,1.8640255692899887,2,sr,5.520e-12
4.4625000000000004,1.8635078832023591,2,sr,9.324e-12
4.4750000000000005,1.8629968970492392,2,sr,1.162e-11
4.4875000000000007,1.8624904300232685,2,sr,1.491e-16
4.5,1.8619863023971033,2,sr,3.342e-17
4.5125000000000002,1.8614823395344668,2,sr,5.607e-16
4.5250000000000004,1.8609763759285141,2,sr,3.139e-16
4.5375000000000005,1.8604662594022829,2,sr,5.149e-17
4.5500000000000007,1.8599498553897815,2,sr,1.458e-14
4.5625,1.8594250512837061,2,sr,1.359e-12
4.5750000000000002,1.8588897608303594,2,sr,3.666e-12
4.5875000000000004,1.8583419285399467,2,sr,5.646e-12
4.6000000000000005,1.8577795340887695,2,sr,6.540e-12
4.6125000000000007,1.8572005966934635,2,sr,2.900e-16
4.625,1.8566031793977562,2,sr,7.674e-16
4.6375000000000002,1.8559853933258439,2,sr,1.039e-16
4.6500000000000004,1.8553454017889304,2,sr,2.950e-11
4.6625000000000005,1.8546814241343117,2,sr,2.598e-13
4.6750000000000007,1.8539917397817265,2,sr,1.734e-12
4.6875,1.8532746915927487,2,sr,3.135e-12
4.7000000000000002,1.8525286893816411,2,sr,3.502e-12
4.7125000000000004,1.851752213052039,2,sr,3.359e-16
4.7250000000000005,1.8509438154928715,2,sr,9.678e-16
4.7375000000000007,1.850102125231017,2,sr,7.600e-13
4.75,1.8492258487669091,2,sr,5.880e-13
4.7625000000000002,1.8483137726381611,2,sr,1.470e-12
4.7750000000000004,1.8473647651621243,2,sr,2.124e-16
4.7875000000000005,1.846377777882424,2,sr,2.092e-11
4.8000000000000007,1.8453518466150087,2,sr,8.837e-13
4.8125000000000009,1.8442860923983511,2,sr,1.031e-13
4.8250000000000002,1.843179721822048,2,sr,6.569e-14
4.8375000000000004,1.8420320272670239,2,sr,2.738e-13
4.8500000000000005,1.8408423867515529,2,sr,2.163e-13
4.8625000000000007,1.8396102634906382,2,sr,1.667e-12
4.8750000000000009,1.8383352051940709,2,sr,2.944e-11
4.8875000000000002,1.8370168429421585,2,sr,2.056e-12
4.9000000000000004,1.8356548901386995,2,sr,5.693e-13
4.9125000000000005,1.8342491407637891,2,sr,3.366e-11
4.9250000000000007,1.8327994678469544,2,sr,5.721e-16
4.9375000000000009,1.8313058212539783,2,sr,2.871e-12
4.9500000000000002,1.8297682257613876,2,sr,7.590e-12
4.9625000000000004,1.828186778657281,2,sr,7.113e-16
4.9750000000000005,1.8265616472158299,2,sr,5.501e-12
4.9875000000000007,1.8248930661234775,2,sr,2.842e-12
5.0000000000000009,1.8231813347657617,2,sr,5.391e-16
5.0125000000000002,1.8214268143517105,2,sr,7.160e-12
5.0250000000000004,1.8196299250389614,2,sr,2.707e-11
5.0375000000000005,1.8177911429120093,2,sr,1.181e-15
5.0500000000000007,1.8159109971089651,2,sr,5.273e-12
5.0625000000000009,1.8139900666149946,2,sr,4.574e-16
5.0750000000000002,1.8120289773464586,2,sr,1.697e-11
5.0875000000000004,1.8100283990048789,2,sr,1.032e-14
5.1000000000000005,1.8079890421796043,2,sr,1.850e-16
5.1125000000000007,1.8059116552512717,2,sr,8.476e-12
5.1250000000000009,1.803797021471218,2,sr,1.118e-15
5.1375000000000002,1.801645956121126,2,sr,2.216e-11
5.1500000000000004,1.7994593035611866,2,sr,9.386e-17
5.1625000000000005,1.7972379346470895,2,sr,3.275e-11
5.1750000000000007,1.7949827438096375,2,sr,3.403e-13
5.1875000000000009,1.7926946467159277,2,sr,8.613e-16
5.2000000000000002,1.790374577550774,2,sr,3.176e-12
5.2125000000000004,1.7880234866885589,2,sr,8.603e-16
5.2250000000000005,1.7856423383753059,2,sr,9.550e-12
5.2375000000000007,1.7832321084618969,2,sr,9.628e-17
5.2500000000000009,1.7807937823546645,2,sr,1.552e-11
5.2625000000000002,1.778328352898312,2,sr,9.697e-17
5.2750000000000004,1.7758368185825597,2,sr,1.914e-11
5.2875000000000005,1.7733201815856012,2,sr,6.836e-16
5.3000000000000007,1.7707794462184208,2,sr,1.919e-11
5.3125000000000009,1.7682156171502039,2,sr,8.849e-16
5.3250000000000002,1.765629698056828,2,sr,1.498e-11
5.3375000000000004,1.763022690054026,2,sr,4.950e-16
5.3500000000000005,1.7603955905086863,2,sr,7.271e-12
5.3625000000000007,1.7577493917032472,2,sr,2.990e-16
5.3750000000000009,1.7550850797722766,2,sr,4.209e-13
5.3875000000000002,1.7524036336032385,2,sr,2.193e-13
5.4000000000000004,1.7497060238877966,2,sr,3.019e-16
5.4125000000000005,1.7469932122243836,2,sr,1.606e-12
5.4250000000000007,1.7442661503113381,2,sr,8.100e-16
5.4375000000000009,1.7415257791898748,2,sr,1.902e-11
5.4500000000000002,1.7387730286281187,2,sr,6.112e-16
5.4625000000000004,1.7360088164489258,2,sr,5.325e-11
5.4750000000000005,1.733234047957668,2,sr,3.074e-16
5.4875000000000007,1.7304496156740687,2,sr,1.469e-11
5.5000000000000009,1.7276563986360061,2,sr,1.546e-15
5.5125000000000002,1.7248552622466014,2,sr,5.150e-11
5.5250000000000004,1.7220470577473646,2,sr,6.217e-16
5.5375000000000005,1.7192326222142316,2,sr,1.039e-16
5.5500000000000007,1.7164127780892262,2,sr,6.377e-12
5.5625000000000009,1.7135883331264898,2,sr,1.201e-15
5.5750000000000002,1.7107600802150373,2,sr,4.535e-11
5.5875000000000004,1.7079287971993082,2,sr,5.247e-17
5.6000000000000005,1.7050952469862981,2,sr,9.921e-13
5.6125000000000007,1.7022601773053754,2,sr,5.272e-17
5.6250000000000009,1.6994243207951305,2,sr,7.398e-16
5.6375000000000002,1.6965883949905756,2,sr,0.000e+00
5.6500000000000004,1.6937531023608476,2,sr,0.000e+00
5.6625000000000005,1.6909191303462794,2,sr,5.036e-11
5.6750000000000007,1.6880871515402771,2,sr,3.731e-16
5.6875000000000009,1.6852578235836861,2,sr,7.761e-12
5.7000000000000002,1.6824317894700769,2,sr,6.956e-16
5.7125000000000004,1.6796096776040641,2,sr,1.072e-16
5.7250000000000005,1.6767921019347316,2,sr,5.371e-17
5.7375000000000007,1.6739796621279797,2,sr,1.507e-15
5.7500000000000009,1.6711729437252145,2,sr,1.563e-11
5.7625000000000002,1.6683725183516884,2,sr,7.558e-16
5.7750000000000004,1.6655789438563271,2,sr,3.658e-11
5.7875000000000005,1.662792764496712,2,sr,5.416e-16
5.8000000000000007,1.6600145112503548,2,sr,2.831e-14
5.8125000000000009,1.6572447018868872,2,sr,1.086e-16
5.8250000000000002,1.654483841250137,2,sr,2.611e-15
5.8375000000000004,1.6517324214596281,2,sr,2.015e-15
5.8500000000000005,1.6489909221295573,2,sr,5.453e-16
5.8625000000000007,1.6462598105865534,2,sr,1.005e-11
5.8750000000000009,1.6435395421115691,2,sr,1.612e-15
5.8875000000000002,1.6408305601514888,2,sr,6.584e-11
5.9000000000000004,1.6381332964616431,2,sr,1.369e-16
5.9125000000000005,1.6354481715606572,2,sr,2.197e-11
5.9250000000000007,1.632775594680109,2,sr,2.743e-16
5.9375000000000009,1.6301159641888596,2,sr,1.612e-12
5.9500000000000002,1.6274696677106466,2,sr,1.786e-15
5.9625000000000004,1.6248370823790756,2,sr,3.538e-11
5.9750000000000005,1.6222185751068348,2,sr,1.706e-15
5.9875000000000007,1.6196145026819349,2,sr,3.855e-16
6.0000000000000009,1.6170252121080699,2,sr,1.198e-15
6.0125000000000002,1.6144510407555357,2,sr,8.545e-16
6.0250000000000004,1.6118923165842984,2,sr,1.269e-15
6.0375000000000005,1.609349358351567,2,sr,1.035e-15
6.0500000000000007,1.6068224758132328,2,sr,8.536e-12
6.0625000000000009,1.6043119699395043,2,sr,1.974e-15
6.0750000000000002,1.6018181330751895,2,sr,2.352e-11
6.0875000000000004,1.5993412492027754,2,sr,1.346e-15
6.1000000000000005,1.5968815940259675,2,sr,3.575e-11
6.1125000000000007,1.5944394353115741,2,sr,3.701e-11
6.1250000000000009,1.5920150328332752,2,sr,4.714e-11
6.1375000000000002,1.5896086388683006,2,sr,4.104e-11
6.1500000000000004,1.5872204980774991,2,sr,6.012e-11
6.1625000000000005,1.584850847869322,2,sr,4.284e-12
6.1750000000000007,1.5824999184428745,2,sr,7.413e-11
6.1875000000000009,1.5801679329603531,2,sr,5.562e-13
6.2000000000000002,1.5778551078913401,2,sr,4.413e-11
6.2125000000000004,1.5755616528633722,2,sr,2.182e-12
6.2250000000000005,1.5732877710676807,2,sr,2.166e-11
6.2375000000000007,1.5710336592768099,2,sr,1.838e-12
6.2500000000000009,1.5687995079829313,2,sr,2.587e-12
6.2625000000000002,1.5665855015834491,2,sr,1.711e-13
6.2750000000000004,1.5643918184904506,2,sr,3.596e-13
6.2875000000000005,1.5622186312681909,2,sr,4.590e-11
6.3000000000000007,1.5600661066868158,2,sr,3.395e-13
6.3125000000000009,1.5579344059690416,2,sr,5.565e-11
6.3250000000000002,1.5558236848710165,2,sr,7.564e-11
6.3375000000000004,1.5537340935492345,2,sr,4.313e-11
6.3500000000000005,1.5516657771441897,2,sr,2.958e-15
6.3625000000000007,1.5496188754057876,2,sr,7.176e-12
6.3750000000000009,1.5475935230863793,2,sr,2.084e-11
6.3875000000000002,1.5455898498757628,2,sr,1.963e-11
6.4000000000000004,1.5436079806427558,2,sr,6.001e-11
6.4125000000000005,1.5416480352805808,2,sr,7.630e-16
6.4250000000000007,1.539710129073296,2,sr,7.683e-12
6.4375000000000009,1.5377943725516001,2,sr,1.088e-15
6.4500000000000002,1.5359008716398301,2,sr,1.141e-15
6.4625000000000004,1.5340297277491648,2,sr,7.257e-11
6.4750000000000005,1.5321810377098006,2,sr,1.679e-15
6.4875000000000007,1.5303548940587135,2,sr,5.607e-12
6.5000000000000009,1.5285513848681922,2,sr,1.027e-15
6.5125000000000002,1.5267705938901504,2,sr,1.295e-15
6.5250000000000004,1.5250126005927764,2,sr,2.749e-13
6.5375000000000005,1.5232774801883342,2,sr,2.152e-16
6.5500000000000007,1.5215653036683108,2,sr,1.021e-15
6.5625000000000009,1.5198761378293701,2,sr,2.932e-12
6.5750000000000002,1.5182100453014695,2,sr,5.355e-16
6.5875000000000004,1.5165670845566199,2,sr,9.088e-16
6.6000000000000005,1.5149473099314024,2,sr,6.114e-13
6.6125000000000007,1.5133507716317407,2,sr,8.525e-16
6.6250000000000009,1.5117775157354234,2,sr,1.915e-15
6.6375000000000002,1.5102275841926165,2,sr,2.390e-15
6.6500000000000004,1.5087010148184108,2,sr,5.301e-17
6.6625000000000005,1.5071978412814711,2,sr,9.524e-16
6.6750000000000007,1.5057180930873453,2,sr,1.162e-15
6.6875000000000009,1.5042617955702819,2,sr,4.266e-11
6.7000000000000002,1.5028289697976516,2,sr,4.736e-16
6.7125000000000004,1.5014196326744682,2,sr,8.404e-16
6.7250000000000005,1.5000337967703501,2,sr,5.136e-12
6.7375000000000007,1.4986714703365518,2,sr,3.192e-15
6.7500000000000009,1.4973326572601964,2,sr,1.253e-15
6.7625000000000002,1.4960173569936159,2,sr,1.459e-15
6.7750000000000004,1.4947255644958732,2,sr,2.178e-11
6.7875000000000005,1.4934572702011324,2,sr,2.076e-16
6.8000000000000007,1.4922124598771529,2,sr,8.289e-16
6.8125000000000009,1.4909911146192711,2,sr,1.137e-15
6.8250000000000002,1.4897932107284033,2,sr,1.344e-11
6.8375000000000004,1.4886187196519793,2,sr,3.089e-15
6.8500000000000005,1.4874676078462661,2,sr,2.055e-15
6.8625000000000007,1.4863398367206333,2,sr,9.228e-16
6.8750000000000009,1.4852353625102426,2,sr,1.126e-15
6.8875000000000002,1.4841541361692887,2,sr,6.126e-16
6.9000000000000004,1.4830961032540948,2,sr,3.770e-15
6.9125000000000005,1.4820612038004692,2,sr,3.558e-15
6.9250000000000007,1.4810493721953961,2,sr,8.116e-16
6.9375000000000009,1.4800605370520856,2,sr,2.713e-11
6.9500000000000002,1.4790946210253577,2,sr,4.040e-16
6.9625000000000004,1.4781515407568948,2,sr,1.315e-15
6.9750000000000005,1.4772312066346696,2,sr,2.615e-15
6.9875000000000007,1.4763335226825072,2,sr,4.014e-16
7.0000000000000009,1.47545838639042,2,sr,1.102e-15
7.0125000000000002,1.474605688532437,2,sr,4.934e-11
7.0250000000000004,1.4737753130796445,2,sr,2.991e-16
7.0375000000000005,1.4729671368589914,2,sr,3.383e-15
7.0500000000000007,1.4721810295409392,2,sr,2.680e-15
7.0625000000000009,1.4714168533734404,2,sr,7.925e-16
7.0750000000000002,1.4706744630122295,2,sr,7.908e-16
7.0875000000000004,1.4699537053310139,2,sr,7.722e-13
7.1000000000000005,1.4692544192304227,2,sr,1.969e-16
7.1125000000000007,1.468576435440623,2,sr,9.822e-16
7.1250000000000009,1.4679195763273365,2,sr,2.156e-15
7.1375000000000002,1.4672836556925122,2,sr,2.643e-15
7.1500000000000004,1.4666684785758077,2,sr,1.110e-16
7.1625000000000005,1.4660738410555936,2,sr,1.169e-15
7.1750000000000007,1.4654995300504587,2,sr,9.721e-17
7.1875000000000009,1.4649453231215432,2,sr,1.012e-12
7.2000000000000002,1.46441098829612,2,sr,4.884e-11
7.2125000000000004,1.4638962837855702,2,sr,2.229e-16
7.2250000000000005,1.4634009579717115,2,sr,6.269e-16
7.2375000000000007,1.4629247490488329,2,sr,2.697e-15
7.2500000000000009,1.4624673849310019,2,sr,2.354e-15
7.2625000000000002,1.4620285830624986,2,sr,9.110e-16
7.2750000000000004,1.4616080502530044,2,sr,4.786e-16
7.2875000000000005,1.4612054825215259,2,sr,3.822e-16
7.3000000000000007,1.4608205649501951,2,sr,1.907e-15
7.3125000000000009,1.4604529715491652,2,sr,1.428e-16
7.3250000000000002,1.4601023651158156,2,sr,4.994e-11
7.3375000000000004,1.4597683972106992,2,sr,1.436e-11
7.3500000000000005,1.4594507079337111,2,sr,6.818e-11
7.3625000000000007,1.4591489258508987,2,sr,1.371e-15
7.3750000000000009,1.4588626681439658,2,sr,1.322e-15
7.3875000000000002,1.45859154031363,2,sr,8.013e-16
7.4000000000000004,1.4583351362883612,2,sr,8.078e-16
7.4125000000000005,1.4580930384012387,2,sr,1.081e-15
7.4250000000000007,1.457864817414992,2,sr,1.267e-15
7.4375000000000009,1.4576500325718638,2,sr,6.093e-16
7.4500000000000002,1.4574482316696729,2,sr,7.958e-16
7.4625000000000004,1.457258951165455,2,sr,7.480e-16
7.4750000000000005,1.4570817163079619,2,sr,1.074e-15
7.4875000000000007,1.4569160413003217,2,sr,1.912e-15
7.5000000000000009,1.456761429494011,2,sr,1.211e-15
7.5125000000000002,1.4566173736152792,2,sr,2.327e-16
7.5250000000000004,1.4564833560250383,2,sr,1.046e-15
7.5375000000000005,1.4563588490131236,2,sr,1.858e-16
7.5500000000000007,1.4562433151277314,2,sr,5.337e-16
7.5625000000000009,1.4561362075406916,2,sr,7.419e-16
7.5750000000000002,1.4560369704490934,2,sr,4.170e-16
7.5875000000000004,1.4559450395136153,2,sr,4.167e-16
7.6000000000000005,1.4558598423337559,2,sr,1.134e-15
7.6125000000000007,1.4557807989599609,2,sr,9.018e-16
7.6250000000000009,1.4557073224424619,2,sr,1.236e-15
7.6375000000000002,1.4556388194164198,2,sr,6.815e-16
7.6500000000000004,1.4555746907227796,2,sr,2.321e-15
7.6625000000000005,1.4555143320640067,2,sr,7.271e-16
7.6750000000000007,1.455457134693638,2,sr,2.769e-16
7.6875000000000009,1.4554024861383839,2,sr,4.038e-16
7.7000000000000002,1.4553497709512497,2,sr,1.528e-15
7.7125000000000004,1.455298371493946,2,sr,4.743e-16
7.7250000000000005,1.4552476687465996,2,sr,6.369e-16
7.7375000000000007,1.4551970431378236,2,sr,1.251e-11
7.7500000000000009,1.4551458754495727,2,sr,6.228e-11
7.7625000000000002,1.4550935475383893,2,sr,2.433e-11
7.7750000000000004,1.4550394434692719,2,sr,4.097e-12
7.7875000000000005,1.4549829502492577,2,sr,2.870e-14
7.8000000000000007,1.4549234587935116,2,sr,5.284e-13
7.8125000000000009,1.4548603648603939,2,sr,1.639e-12
7.8250000000000002,1.4547930699820628,2,sr,3.334e-12
7.8375000000000004,1.4547209823957199,2,sr,5.583e-12
7.8500000000000005,1.4546435179735644,2,sr,8.365e-12
7.8625000000000007,1.4545601011461804,2,sr,1.163e-11
7.8750000000000009,1.4544701658156043,2,sr,1.530e-11
7.8875000000000002,1.4543731562543833,2,sr,1.931e-11
7.9000000000000004,1.4542685279869312,2,sr,2.352e-11
7.9125000000000005,1.4541557486495342,2,sr,2.780e-11
7.9250000000000007,1.4540342988254782,2,sr,3.195e-11
7.9375000000000009,1.453903672851842,2,sr,3.577e-11
7.9500000000000002,1.4537633795946736,2,sr,3.903e-11
7.9625000000000004,1.4536129431894038,2,sr,4.148e-11
7.9750000000000005,1.4534519037435591,2,sr,4.290e-11
7.9875000000000007,1.45327981799904,2,sr,4.306e-11
8,1.4530962599514496,2,sr,4.181e-11
8.0124999999999993,1.4529008214242345,2,sr,3.907e-11
8.0250000000000004,1.4526931125956399,2,sr,3.485e-11
8.0374999999999996,1.4524727624873759,2,sr,2.261e-15
8.0499999999999989,1.4522394193416126,2,sr,1.641e-11
8.0625,1.4519927511160062,2,sr,5.165e-11
8.0749999999999993,1.4517324456116969,2,sr,1.359e-11
8.0875000000000004,1.4514582109773317,2,sr,3.272e-15
8.0999999999999996,1.4511697757609787,2,sr,6.258e-13
8.1124999999999989,1.4508668891249992,2,sr,2.499e-12
8.125,1.4505493209627014,2,sr,2.156e-12
8.1374999999999993,1.4502168619567897,2,sr,5.697e-13
8.1500000000000004,1.4498693235866007,2,sr,2.030e-12
8.1624999999999996,1.4495065380764813,2,sr,3.681e-11
8.1749999999999989,1.4491283583661563,2,sr,7.165e-12
8.1875,1.4487346578412259,2,sr,0.000e+00
8.1999999999999993,1.4483253302994361,2,sr,5.791e-16
8.2125000000000004,1.4479002896371775,2,sr,8.220e-16
8.2249999999999996,1.4474594695882823,2,sr,5.701e-11
8.2374999999999989,1.4470028234925227,2,sr,5.703e-11
8.25,1.4465303238319975,2,sr,7.160e-11
8.2624999999999993,1.4460419619914329,2,sr,5.087e-11
8.2750000000000004,1.4455377476268028,2,sr,1.853e-11
8.2874999999999996,1.4450177085282965,2,sr,2.714e-14
8.2999999999999989,1.4444818899471195,2,sr,3.044e-15
8.3125,1.4439303541539548,2,sr,6.890e-16
8.3249999999999993,1.4433631799423394,2,sr,2.960e-16
8.3375000000000004,1.4427804620935378,2,sr,4.944e-16
8.3499999999999996,1.4421823108312266,2,sr,1.090e-15
8.3624999999999989,1.4415688512624347,2,sr,5.960e-16
8.375,1.4409402227845718,2,sr,7.166e-11
8.3874999999999993,1.440296578622881,2,sr,1.212e-11
8.4000000000000004,1.4396380849994552,2,sr,5.002e-16
8.4124999999999996,1.4389649208066946,2,sr,8.021e-16
8.4249999999999989,1.438277276863388,2,sr,7.035e-16
8.4375,1.43757535536293,2,sr,1.612e-15
8.4499999999999993,1.4368593692775449,2,sr,3.332e-15
8.4625000000000004,1.4361295417694737,2,sr,3.036e-16
8.4749999999999996,1.4353861056156931,2,sr,2.920e-11
8.4874999999999989,1.4346293025863524,2,sr,5.083e-16
8.5,1.4338593829623099,2,sr,2.853e-15
8.5124999999999993,1.4330766048863626,2,sr,2.247e-15
8.5250000000000004,1.4322812338559967,2,sr,1.030e-15
8.5374999999999996,1.4314735421746845,2,sr,2.052e-16
8.5499999999999989,1.4306538084023199,2,sr,7.493e-11
8.5625,1.429822316955234,2,sr,2.360e-11
8.5749999999999993,1.42897935735424,2,sr,1.033e-15
8.5875000000000004,1.4281252240216538,2,sr,6.210e-16
8.5999999999999996,1.4272602156325676,2,sr,3.630e-15
8.6124999999999989,1.4263846347128282,2,sr,1.559e-15
8.625,1.4254987872112925,2,sr,7.611e-11
8.6374999999999993,1.4246029819673784,2,sr,2.192e-15
8.6500000000000004,1.4236975305123489,2,sr,6.276e-16
8.6624999999999996,1.4227827464626712,2,sr,2.518e-15
8.6749999999999989,1.4218589452472508,2,sr,1.050e-15
8.6875,1.4209264437234601,2,sr,2.105e-16
8.6999999999999993,1.4199855598298674,2,sr,1.341e-12
8.7125000000000004,1.4190366122568696,2,sr,7.923e-16
8.7249999999999996,1.4180799201274843,2,sr,1.591e-15
8.7374999999999989,1.4171158027006885,2,sr,5.302e-17
8.75,1.4161445790844498,2,sr,5.843e-16
8.7624999999999993,1.4151665679691037,2,sr,1.299e-11
8.7750000000000004,1.4141820873545363,2,sr,4.264e-16
8.7874999999999996,1.4131914543423254,2,sr,1.282e-15
8.7999999999999989,1.4121949848739155,2,sr,1.551e-15
8.8125,1.4111929935330139,2,sr,3.054e-15
8.8249999999999993,1.4101857933451032,2,sr,1.748e-11
8.8375000000000004,1.4091736955663452,2,sr,1.290e-15
8.8499999999999996,1.4081570095511835,2,sr,1.023e-15
8.8624999999999989,1.4071360425430379,2,sr,2.372e-15
8.875,1.4061110995428479,2,sr,1.785e-15
8.8874999999999993,1.405082483162859,2,sr,3.779e-12
8.9000000000000004,1.4040504934897304,2,sr,7.581e-16
8.9124999999999996,1.4030154279717038,2,sr,1.518e-15
8.9249999999999989,1.4019775812967259,2,sr,3.366e-15
8.9375,1.4009372452938005,2,sr,2.446e-15
8.9499999999999993,1.3998947088213998,2,sr,6.686e-11
8.9625000000000004,1.3988502577619173,2,sr,4.905e-16
8.9749999999999996,1.397804174782334,2,sr,4.911e-16
8.9874999999999989,1.3967567394248317,2,sr,3.824e-16
9,1.3957082279628472,2,sr,1.914e-15
9.0124999999999993,1.3946589133606602,2,sr,1.314e-15
9.0250000000000004,1.3936090652233355,2,sr,5.480e-17
9.0374999999999996,1.3925589497527668,2,sr,2.194e-15
9.0499999999999989,1.3915088297094864,2,sr,3.568e-15
9.0625,1.3904589644028904,2,sr,9.919e-11
9.0749999999999993,1.3894096095486559,2,sr,3.382e-15
9.0875000000000004,1.3883610174757275,2,sr,3.247e-15
9.0999999999999996,1.3873134368780851,2,sr,3.360e-15
9.1124999999999989,1.3862671129155024,2,sr,8.268e-17
9.125,1.3852222871855184,2,sr,2.301e-11
9.1374999999999993,1.3841791976906803,2,sr,3.587e-15
9.1500000000000004,1.3831380788876171,2,sr,1.270e-15
9.1624999999999996,1.3820991616346521,2,sr,8.564e-16
9.1749999999999989,1.3810626732207638,2,sr,2.764e-16
9.1875,1.3800288373659209,2,sr,3.499e-13
9.1999999999999993,1.3789978742286251,2,sr,1.715e-15
9.2125000000000004,1.377970000416868,2,sr,8.302e-16
9.2249999999999996,1.3769454289995755,2,sr,1.938e-15
9.2374999999999989,1.3759243695200187,2,sr,4.699e-12
9.25,1.374907028013064,2,sr,1.636e-11
9.2624999999999993,1.3738936070300267,2,sr,2.091e-15
9.2750000000000004,1.3728843056315798,2,sr,1.877e-15
9.2874999999999996,1.3718793194382972,2,sr,5.299e-16
9.2999999999999989,1.3708788406152299,2,sr,8.804e-11
9.3125,1.36988305798985,2,sr,1.450e-11
9.3249999999999993,1.3688921568983325,2,sr,5.110e-16
9.3375000000000004,1.3679063193687673,2,sr,1.874e-15
9.3499999999999996,1.3669257240801662,2,sr,5.195e-16
9.3624999999999989,1.3659505464067367,2,sr,7.937e-11
9.375,1.3649809583594847,2,sr,1.643e-13
9.3874999999999993,1.3640171287921445,2,sr,4.953e-11
9.4000000000000004,1.3630592232081757,2,sr,3.430e-11
9.4124999999999996,1.3621074039172856,2,sr,1.073e-10
9.4249999999999989,1.3611618301224573,2,sr,7.292e-12
9.4375,1.3602226577012337,2,sr,1.631e-12
9.4499999999999993,1.359290039471559,2,sr,3.476e-12
9.4625000000000004,1.3583641251076626,2,sr,3.152e-11
9.4749999999999996,1.3574450611483215,2,sr,3.144e-11
9.4874999999999989,1.3565329911219792,2,sr,4.963e-11
9.5,1.3556280553962037,2,sr,4.998e-11
9.5124999999999993,1.354730391349942,2,sr,1.040e-14
9.5250000000000004,1.3538401333374084,2,sr,7.721e-11
9.5374999999999996,1.3529574127419624,2,sr,1.102e-16
9.5499999999999989,1.3520823578732406,2,sr,7.433e-16
9.5625,1.3512150941367069,2,sr,7.703e-16
9.5749999999999993,1.3503557439896439,2,sr,1.027e-10
9.5875000000000004,1.3495044268546668,2,sr,4.500e-11
9.5999999999999996,1.3486612593972298,2,sr,3.293e-16
9.6125000000000007,1.3478263552270513,2,sr,3.839e-16
9.625,1.3469998251124013,2,sr,1.534e-15
9.6374999999999993,1.346181776921163,2,sr,1.752e-15
9.6500000000000004,1.3453723156390642,2,sr,1.695e-15
9.6624999999999996,1.3445715433630823,2,sr,6.662e-11
9.6750000000000007,1.3437795593774382,2,sr,1.474e-15
9.6875,1.3429964600181663,2,sr,8.725e-16
9.6999999999999993,1.3422223388161867,2,sr,4.358e-16
9.7125000000000004,1.341457286428871,2,sr,1.306e-15
9.7249999999999996,1.3407013906540524,2,sr,1.413e-15
9.7375000000000007,1.339954736428183,2,sr,1.233e-12
9.75,1.3392174058244255,2,sr,1.139e-15
9.7624999999999993,1.3384894780452021,2,sr,1.300e-15
9.7750000000000004,1.3377710294182363,2,sr,2.651e-15
9.7874999999999996,1.3370621333869936,2,sr,7.564e-16
9.8000000000000007,1.3363628605009314,2,sr,5.396e-16
9.8125,1.3356732784037135,2,sr,2.695e-16
9.8249999999999993,1.3349934518196231,2,sr,3.724e-14
9.8375000000000004,1.3343234425382033,2,sr,1.236e-15
9.8499999999999996,1.3336633093969343,2,sr,1.503e-15
9.8625000000000007,1.333013108262207,2,sr,1.072e-15
9.875,1.3323728920082987,2,sr,9.100e-16
9.8874999999999993,1.3317427104945021,2,sr,3.956e-15
9.9000000000000004,1.3311226105403384,2,sr,1.068e-16
9.9124999999999996,1.3305126358988473,2,sr,6.396e-16
9.9250000000000007,1.3299128272263154,2,sr,7.731e-12
9.9375,1.3293232220599362,2,sr,1.116e-15
9.9499999999999993,1.3287438547688655,2,sr,7.960e-16
9.9625000000000004,1.3281747565362485,2,sr,4.239e-15
9.9749999999999996,1.3276159553146454,2,sr,8.041e-15
9.9875000000000007,1.3270674757894121,2,sr,2.958e-15
10,1.326529339338546,2,sr,1.266e-15
1.9375,14.865169611925003,3,sr,4.691e-14
1.95,14.687041529108351,3,sr,2.673e-12
1.9625000000000001,14.512345296829341,3,sr,2.973e-12
1.9750000000000001,14.34098953900155,3,sr,1.258e-12
1.9875,14.172886115427517,3,sr,2.811e-15
2,14.007949981298651,3,sr,2.472e-15
2.0125000000000002,13.846099053586983,3,sr,1.672e-12
2.0250000000000004,13.68725408397002,3,sr,3.646e-12
2.0375000000000001,13.531338537965357,3,sr,2.371e-12
2.0500000000000003,13.378278479971787,3,sr,1.981e-15
2.0625000000000004,13.22800246388428,3,sr,1.809e-16
2.0750000000000002,13.080441429014355,3,sr,4.510e-13
2.0875000000000004,12.935528601067706,3,sr,6.452e-13
2.1000000000000001,12.793199397887674,3,sr,2.936e-15
2.1125000000000003,12.653391339735418,3,sr,1.843e-16
2.1250000000000004,12.516043963863194,3,sr,2.199e-12
2.1375000000000002,12.381098743159617,3,sr,2.452e-12
2.1500000000000004,12.248499008682746,3,sr,1.214e-15
2.1625000000000001,12.118189875850193,3,sr,2.814e-16
2.1750000000000003,11.990118174085296,3,sr,5.041e-14
2.1875000000000004,11.864232379793769,3,sr,2.839e-16
2.2000000000000002,11.740482552452958,3,sr,7.418e-13
2.2125000000000004,11.618820273664527,3,sr,2.290e-15
2.2250000000000001,11.499198589036878,3,sr,1.916e-16
2.2375000000000003,11.381571952723949,3,sr,4.940e-12
2.2500000000000004,11.265896174477717,3,sr,2.349e-12
2.2625000000000002,11.15212836918111,3,sr,6.688e-12
2.2750000000000004,11.040226908535365,3,sr,2.143e-13
2.2875000000000001,10.930151375066403,3,sr,9.958e-14
2.3000000000000003,10.821862518042106,3,sr,6.512e-12
2.3125000000000004,10.715322211402817,3,sr,4.395e-13
2.3250000000000002,10.610493413612366,3,sr,9.672e-13
2.3375000000000004,10.507340129136315,3,sr,7.820e-12
2.3500000000000001,10.405827371662193,3,sr,2.419e-12
2.3625000000000003,10.30592112896735,3,sr,2.898e-12
2.3750000000000004,10.207588329165011,3,sr,2.748e-15
2.3875000000000002,10.11079680850772,3,sr,2.352e-12
2.4000000000000004,10.015515280468369,3,sr,1.127e-12
2.4125000000000005,9.9217133061978711,3,sr,6.802e-12
2.4250000000000003,9.8293612661279894,3,sr,1.163e-15
2.4375000000000004,9.7384303328735431,3,sr,3.599e-15
2.4500000000000002,9.6488924451160383,3,sr,3.863e-15
2.4625000000000004,9.5607202826571722,3,sr,2.032e-12
2.4750000000000005,9.4738872424349427,3,sr,1.788e-15
2.4875000000000003,9.3883674155451295,3,sr,2.765e-15
2.5000000000000004,9.304135565144982,3,sr,3.028e-15
2.5125000000000002,9.2211671052709043,3,sr,4.166e-12
2.5250000000000004,9.13943808046273,3,sr,3.882e-12
2.5375000000000005,9.058925146228118,3,sr,1.007e-15
2.5500000000000003,8.9796055502263492,3,sr,2.148e-11
2.5625000000000004,8.9014571142919383,3,sr,5.129e-12
2.5750000000000002,8.8244582168787282,3,sr,2.230e-11
2.5875000000000004,8.7485877764988125,3,sr,2.600e-16
2.6000000000000005,8.6738252357122967,3,sr,5.182e-15
2.6125000000000003,8.6001505455086154,3,sr,8.301e-14
2.6250000000000004,8.5275441505251877,3,sr,7.573e-16
2.6375000000000002,8.4559869747078817,3,sr,2.281e-12
2.6500000000000004,8.3854604075106707,3,sr,5.785e-13
2.6625000000000005,8.3159462906341215,3,sr,1.820e-12
2.6750000000000003,8.247426905213139,3,sr,4.585e-12
2.6875000000000004,8.1798849594913694,3,sr,3.800e-13
2.7000000000000002,8.1133035769863522,3,sr,2.150e-11
2.7125000000000004,8.04766628493228,3,sr,2.192e-11
2.7250000000000005,7.982957003335593,3,sr,2.044e-11
2.7375000000000003,7.9191600344107389,3,sr,3.050e-12
2.7500000000000004,7.8562600520652426,3,sr,5.223e-13
2.7625000000000002,7.7942420922148621,3,sr,2.030e-13
2.7750000000000004,7.7330915431580891,3,sr,1.212e-13
2.7875000000000005,7.6727941363574867,3,sr,9.182e-13
2.8000000000000003,7.6133359375532272,3,sr,1.275e-12
2.8125000000000004,7.5547033381757309,3,sr,1.082e-13
2.8250000000000002,7.4968830470803507,3,sr,3.018e-11
2.8375000000000004,7.4398620824327955,3,sr,4.049e-14
2.8500000000000005,7.3836277642199066,3,sr,3.156e-12
2.8625000000000003,7.3281677065592028,3,sr,5.175e-12
2.8750000000000004,7.2734698106086029,3,sr,4.965e-12
2.8875000000000002,7.219522257589098,3,sr,9.051e-13
2.9000000000000004,7.1663135020591531,3,sr,1.497e-15
2.9125000000000005,7.1138322654354162,3,sr,5.016e-12
2.9250000000000003,7.0620675297354127,3,sr,3.278e-16
2.9375000000000004,7.011008531483685,3,sr,1.781e-15
2.9500000000000002,6.9606447559009865,3,sr,1.294e-12
2.9625000000000004,6.9109659312389837,3,sr,4.783e-15
2.9750000000000005,6.8619620233153675,3,sr,2.793e-15
2.9875000000000003,6.8136232302423796,3,sr,1.041e-11
3.0000000000000004,6.7659399773675482,3,sr,1.613e-15
3.0125000000000002,6.7189029122675166,3,sr,8.694e-12
3.0250000000000004,6.6725029000923666,3,sr,2.008e-11
3.0375000000000005,6.6267310189449011,3,sr,1.812e-16
3.0500000000000003,6.5815785553679937,3,sr,1.188e-15
3.0625000000000004,6.5370370001822318,3,sr,6.188e-16
3.0750000000000002,6.49309804426467,3,sr,2.178e-11
3.0875000000000004,6.4497535746536858,3,sr,8.820e-13
3.1000000000000005,6.406995670532794,3,sr,2.459e-15
3.1125000000000003,6.3648165996683241,3,sr,5.454e-13
3.1250000000000004,6.3232088147261898,3,sr,2.449e-11
3.1375000000000002,6.2821649499088368,3,sr,3.711e-15
3.1500000000000004,6.2416778174309426,3,sr,2.535e-15
3.1625000000000005,6.2017404044782305,3,sr,1.516e-15
3.1750000000000003,6.1623458700044109,3,sr,9.072e-16
3.1875000000000004,6.1234875417317571,3,sr,2.430e-11
3.2000000000000002,6.0851589133715089,3,sr,2.558e-11
3.2125000000000004,6.0473536415530642,3,sr,2.546e-15
3.2250000000000005,6.0100655435221642,3,sr,4.925e-12
3.2375000000000003,5.9732885942212848,3,sr,3.072e-11
3.2500000000000004,5.9370169240678008,3,sr,3.014e-15
3.2625000000000002,5.9012448162576439,3,sr,1.969e-15
3.2750000000000004,5.8659667047063468,3,sr,2.697e-15
3.2875000000000005,5.8311771716982284,3,sr,2.443e-15
3.3000000000000003,5.796870945763394,3,sr,1.070e-15
3.3125000000000004,5.7630428996300997,3,sr,2.529e-11
3.3250000000000002,5.729688048132342,3,sr,2.330e-12
3.3375000000000004,5.6968015464986852,3,sr,2.451e-15
3.3500000000000005,5.6643786882801095,3,sr,8.264e-12
3.3625000000000003,5.6324149037176152,3,sr,1.481e-15
3.3750000000000004,5.6009057579278343,3,sr,6.163e-16
3.3875000000000002,5.569846949309583,3,sr,6.287e-13
3.4000000000000004,5.5392343078991066,3,sr,1.214e-11
3.4125000000000005,5.5090637938543034,3,sr,1.683e-11
3.4250000000000003,5.4793314959171999,3,sr,9.769e-12
3.4375000000000004,5.450033629953654,3,sr,2.338e-12
3.4500000000000002,5.4211665375303975,3,sr,5.522e-16
3.4625000000000004,5.3927266845807749,3,sr,1.465e-11
3.4750000000000005,5.3647106599390577,3,sr,2.171e-12
3.4875000000000003,5.3371151741562564,3,sr,4.528e-16
3.5000000000000004,5.3099370580437117,3,sr,1.135e-13
3.5125000000000002,5.2831732614677875,3,sr,1.923e-11
3.5250000000000004,5.2568208519500672,3,sr,7.121e-16
3.5375000000000005,5.2308770135387741,3,sr,1.416e-15
3.5500000000000003,5.2053390453395156,3,sr,1.847e-15
3.5625000000000004,5.1802043602772265,3,sr,1.574e-15
3.5750000000000002,5.1554704837342751,3,sr,8.688e-16
3.5875000000000004,5.1311350521707064,3,sr,9.497e-16
3.6000000000000005,5.1071958116999996,3,sr,1.973e-15
3.6125000000000003,5.0836506165855422,3,sr,2.619e-11
3.6250000000000004,5.0604974278133774,3,sr,8.467e-17
3.6375000000000002,5.0377343112387916,3,sr,1.345e-11
3.6500000000000004,5.0153594360424556,3,sr,1.754e-15
3.6625000000000005,4.9933710729278866,3,sr,2.224e-11
3.6750000000000003,4.9717675919612025,3,sr,1.236e-15
3.6875000000000004,4.9505474607486777,3,sr,6.546e-16
3.7000000000000002,4.9297092419553818,3,sr,1.777e-12
3.7125000000000004,4.9092515909727901,3,sr,9.400e-12
3.7250000000000005,4.8891732532763683,3,sr,1.079e-11
3.7375000000000003,4.8694730615336539,3,sr,4.909e-12
3.7500000000000004,4.8501499324893178,3,sr,1.578e-16
3.7625000000000002,4.8312028635849096,3,sr,6.265e-16
3.7750000000000004,4.812630929280572,3,sr,1.622e-11
3.7875000000000005,4.7944332769140967,3,sr,4.983e-12
3.8000000000000003,4.7766091224940324,3,sr,8.491e-16
3.8125000000000004,4.759157745656422,3,sr,9.091e-12
3.8250000000000002,4.7420784845970401,3,sr,7.534e-16
3.8375000000000004,4.7253707301950465,3,sr,1.794e-15
3.8500000000000005,4.7090339198471804,3,sr,1.013e-11
3.8625000000000003,4.6930675306753962,3,sr,2.150e-11
3.8750000000000004,4.6774710718647068,3,sr,1.386e-15
3.8875000000000002,4.6622440769231233,3,sr,8.686e-16
3.9000000000000004,4.6473860945739833,3,sr,6.556e-16
3.9125000000000005,4.6328966792958344,3,sr,2.026e-11
3.9250000000000003,4.6187753810214902,3,sr,1.114e-11
3.9375000000000004,4.605021733711971,3,sr,8.699e-13
3.9500000000000002,4.5916352432818082,3,sr,6.947e-16
3.9625000000000004,4.5786153744543752,3,sr,1.130e-11
3.9750000000000005,4.5659615365916917,3,sr,1.093e-15
3.9875000000000003,4.5536730682859075,3,sr,9.652e-12
4,4.5417492211539923,3,sr,1.743e-16
4.0125000000000002,4.5301891420511025,3,sr,4.665e-16
4.0250000000000004,4.518991854386436,3,sr,5.551e-12
4.0375000000000005,4.5081562380080564,3,sr,1.094e-11
4.0500000000000007,4.4976810078367437,3,sr,1.173e-11
4.0625,4.4875646911908067,3,sr,1.110e-11
4.0750000000000002,4.4778056038244678,3,sr,1.009e-11
4.0875000000000004,4.468401824656028,3,sr,7.337e-12
4.1000000000000005,4.4593511692222201,3,sr,1.839e-12
4.1125000000000007,4.4506511619055642,3,sr,3.748e-16
4.125,4.4422990070477528,3,sr,3.719e-16
4.1375000000000002,4.4342915589795187,3,sr,1.695e-12
4.1500000000000004,4.4266252911594668,3,sr,1.038e-15
4.1625000000000005,4.4192962645282643,3,sr,1.416e-12
4.1750000000000007,4.4123000953792184,3,sr,1.637e-16
4.1875,4.4056319228567444,3,sr,6.271e-16
4.2000000000000002,4.3992863765016219,3,sr,1.094e-12
4.2125000000000004,4.3932575440911412,3,sr,3.402e-12
4.2250000000000005,4.3875389402039078,3,sr,3.702e-12
4.2375000000000007,4.3821234759168606,3,sr,7.268e-16
4.25,4.3770034301255256,3,sr,1.445e-16
4.2625000000000002,4.3721704230766827,3,sr,1.723e-16
4.2750000000000004,4.3676153925769556,3,sr,2.247e-12
4.2875000000000005,4.3633285736094267,3,sr,1.546e-12
4.3000000000000007,4.3592994819059054,3,sr,3.888e-13
4.3125,4.3555169022346938,3,sr,8.433e-17
4.3250000000000002,4.3519688820272906,3,sr,8.394e-17
4.3375000000000004,4.3486427310272351,3,sr,5.967e-13
4.3500000000000005,4.3455250276240411,3,sr,5.272e-16
4.3625000000000007,4.3426016324544285,3,sr,5.728e-13
4.375,4.3398577098551492,3,sr,4.836e-15
4.3875000000000002,4.3372777575616093,3,sr,9.616e-17
4.4000000000000004,4.3348456450524786,3,sr,1.370e-15
4.4125000000000005,4.3325446607022444,3,sr,4.807e-14
4.4250000000000007,4.3303575677998687,3,sr,7.339e-12
4.4375,4.3282666693932788,3,sr,9.212e-14
4.4500000000000002,4.326253881354388,3,sr,3.539e-16
4.4625000000000004,4.3243008136245686,3,sr,4.829e-14
4.4750000000000005,4.3223888584275292,3,sr,8.381e-16
4.4875000000000007,4.3204992847925494,3,sr,1.206e-11
4.5,4.3186133383225522,3,sr,1.621e-13
4.5125000000000002,4.3167123444525508,3,sr,2.282e-16
4.5250000000000004,4.3147778145568232,3,sr,7.260e-15
4.5375000000000005,4.3127915525504772,3,sr,1.823e-13
4.5500000000000007,4.3107357608560042,3,sr,4.228e-12
4.5625,4.3085931438737504,3,sr,6.613e-14
4.5750000000000002,4.306347007508232,3,sr,1.125e-12
4.5875000000000004,4.303981352918238,3,sr,1.910e-14
4.6000000000000005,4.3014809633533568,3,sr,4.732e-14
4.6125000000000007,4.2988314825508454,3,sr,5.844e-12
4.625,4.2960194837951606,3,sr,7.871e-14
4.6375000000000002,4.2930325285019295,3,sr,3.661e-16
4.6500000000000004,4.2898592140664542,3,sr,6.499e-13
4.6625000000000005,4.2864892102429888,3,sr,2.275e-13
4.6750000000000007,4.2829132841166722,3,sr,1.595e-16
4.6875,4.279123313741569,3,sr,3.171e-16
4.7000000000000002,4.2751122907666765,3,sr,3.047e-15
4.7125000000000004,4.2708743126004602,3,sr,1.054e-13
4.7250000000000005,4.266404564829215,3,sr,1.681e-13
4.7375000000000007,4.2616992947415175,3,sr,1.370e-13
4.75,4.2567557769234785,3,sr,3.605e-14
4.7625000000000002,4.2515722719598683,3,sr,9.312e-14
4.7750000000000004,4.2461479793158681,3,sr,1.691e-13
4.7875000000000005,4.2404829854834585,3,sr,7.365e-14
4.8000000000000007,4.2345782084579957,3,sr,5.554e-16
4.8125000000000009,4.2284353395661975,3,sr,1.245e-15
4.8250000000000002,4.2220567836113583,3,sr,1.654e-12
4.8375000000000004,4.2154455982051875,3,sr,2.453e-13
4.8500000000000005,4.208605433130062,3,sr,3.195e-16
4.8625000000000007,4.2015404703689203,3,sr,2.634e-12
4.8750000000000009,4.1942553654569306,3,sr,1.952e-16
4.8875000000000002,4.186755190710242,3,sr,4.431e-12
4.9000000000000004,4.1790453806045411,3,sr,1.060e-15
4.9125000000000005,4.1711316798761064,3,sr,3.685e-12
4.9250000000000007,4.1630200943017588,3,sr,1.282e-15
4.9375000000000009,4.1547168446435041,3,sr,8.175e-16
4.9500000000000002,4.1462283236030091,3,sr,6.462e-12
4.9625000000000004,4.1375610559797531,3,sr,6.247e-16
4.9750000000000005,4.1287216620888909,3,sr,8.480e-16
4.9875000000000007,4.1197168241762387,3,sr,9.192e-16
5.0000000000000009,4.110553256006849,3,sr,3.039e-12
5.0125000000000002,4.1012376753625848,3,sr,1.223e-11
5.0250000000000004,4.0917767793740891,3,sr,2.069e-11
5.0375000000000005,4.0821772225207251,3,sr,2.527e-11
5.0500000000000007,4.0724455974021803,3,sr,2.245e-11
5.0625000000000009,4.0625884174102218,3,sr,1.419e-15
5.0750000000000002,4.0526121020222572,3,sr,5.276e-16
5.0875000000000004,4.0425229640972162,3,sr,1.597e-15
5.1000000000000005,4.0323271989005747,3,sr,1.309e-11
5.1125000000000007,4.0220308750236953,3,sr,1.310e-11
5.1250000000000009,4.0116399267446115,3,sr,1.842e-11
5.1375000000000002,4.0011601480015502,3,sr,2.943e-11
5.1500000000000004,3.9905971873501151,3,sr,1.110e-11
5.1625000000000005,3.9799565445974179,3,sr,8.220e-12
5.1750000000000007,3.9692435679964779,3,sr,1.212e-15
5.1875000000000009,3.9584634525386866,3,sr,1.059e-15
5.2000000000000002,3.9476212391744818,3,sr,5.747e-16
5.2125000000000004,3.936721814635427,3,sr,3.311e-16
5.2250000000000005,3.9257699119611762,3,sr,2.642e-11
5.2375000000000007,3.9147701114631386,3,sr,2.102e-15
5.2500000000000009,3.9037268424533047,3,sr,1.191e-15
5.2625000000000002,3.8926443850096644,3,sr,5.123e-16
5.2750000000000004,3.8815268723779015,3,sr,1.634e-15
5.2875000000000005,3.8703782935644582,3,sr,1.037e-11
5.3000000000000007,3.8592024961561813,3,sr,1.310e-15
5.3125000000000009,3.8480031894454716,3,sr,1.583e-15
5.3250000000000002,3.8367839475844709,3,sr,4.428e-16
5.3375000000000004,3.8255482129852512,3,sr,2.511e-11
5.3500000000000005,3.8142992996856719,3,sr,1.796e-16
5.3625000000000007,3.8030403970219906,3,sr,2.079e-15
5.3750000000000009,3.7917745730418351,3,sr,2.548e-15
5.3875000000000002,3.7805047781868262,3,sr,2.625e-11
5.4000000000000004,3.7692338488001762,3,sr,3.687e-16
5.4125000000000005,3.7579645108651127,3,sr,2.782e-16
5.4250000000000007,3.7466993834204962,3,sr,3.453e-15
5.4375000000000009,3.7354409821793895,3,sr,2.431e-11
5.4500000000000002,3.7241917229344494,3,sr,9.444e-17
5.4625000000000004,3.7129539251206714,3,sr,3.422e-15
5.4750000000000005,3.7017298150566313,3,sr,4.203e-15
5.4875000000000007,3.690521529334386,3,sr,3.782e-11
5.5000000000000009,3.6793311179449852,3,sr,1.545e-15
5.5125000000000002,3.6681605476298915,3,sr,1.845e-15
5.5250000000000004,3.6570117047713073,3,sr,5.174e-15
5.5375000000000005,3.6458863984903211,3,sr,1.079e-15
5.5500000000000007,3.6347863635487458,3,sr,1.188e-15
5.5625000000000009,3.6237132631880087,3,sr,1.387e-15
5.5750000000000002,3.6126686918854767,3,sr,6.076e-16
5.5875000000000004,3.6016541780282463,3,sr,5.001e-16
5.6000000000000005,3.5906711864882586,3,sr,3.670e-11
5.6125000000000007,3.5797211212153854,3,sr,1.514e-16
5.6250000000000009,3.5688053275015448,3,sr,5.574e-16
5.6375000000000002,3.5579250944969893,3,sr,5.089e-16
5.6500000000000004,3.5470816574001911,3,sr,0.000e+00
5.6625000000000005,3.536276199670882,3,sr,4.360e-15
5.6750000000000007,3.5255098551730786,3,sr,5.013e-11
5.6875000000000009,3.514783710118206,3,sr,1.034e-15
5.7000000000000002,3.5040988052549253,3,sr,2.594e-16
5.7125000000000004,3.4934561375663384,3,sr,1.926e-15
5.7250000000000005,3.4828566622177513,3,sr,1.776e-15
5.7375000000000007,3.4723012943122513,3,sr,1.887e-15
5.7500000000000009,3.4617909106043352,3,sr,6.834e-16
5.7625000000000002,3.4513263511524035,3,sr,5.906e-15
5.7750000000000004,3.4409084209121303,3,sr,8.462e-16
5.7875000000000005,3.4305378912945037,3,sr,5.627e-11
5.8000000000000007,3.4202155015415414,3,sr,1.024e-11
5.8125000000000009,3.4099419603464542,3,sr,1.649e-11
5.8250000000000002,3.3997179470824577,3,sr,2.566e-15
5.8375000000000004,3.3895441131363633,3,sr,2.626e-15
5.8500000000000005,3.3794210832485652,3,sr,2.041e-15
5.8625000000000007,3.3693494567107516,3,sr,1.507e-15
5.8750000000000009,3.3593298085611627,3,sr,1.780e-15
5.8875000000000002,3.3493626907310401,3,sr,1.432e-15
5.9000000000000004,3.3394486331501652,3,sr,5.685e-16
5.9125000000000005,3.3295881448131275,3,sr,7.865e-16
5.9250000000000007,3.3197817148136619,3,sr,1.627e-11
5.9375000000000009,3.3100298133077515,3,sr,1.647e-13
5.9500000000000002,3.3003328925352315,3,sr,1.724e-11
5.9625000000000004,3.2906913876770085,3,sr,6.121e-11
5.9750000000000005,3.28110571772203,3,sr,1.900e-11
5.9875000000000007,3.271576286511054,3,sr,1.367e-16
6.0000000000000009,3.2621034833160172,3,sr,1.287e-15
6.0125000000000002,3.2526876838118657,3,sr,1.850e-15
6.0250000000000004,3.2433292507976503,3,sr,1.124e-15
6.0375000000000005,3.2340285349532074,3,sr,1.139e-15
6.0500000000000007,3.2247858755537306,3,sr,3.050e-11
6.0625000000000009,3.2156016012310209,3,sr,2.371e-11
6.0750000000000002,3.2064760304861601,3,sr,6.123e-11
6.0875000000000004,3.1974094726238906,3,sr,3.112e-11
6.1000000000000005,3.1884022280995197,3,sr,5.638e-16
6.1125000000000007,3.1794545892750845,3,sr,3.515e-11
6.1250000000000009,3.1705668410682946,3,sr,4.156e-12
6.1375000000000002,3.161739261377825,3,sr,1.690e-11
6.1500000000000004,3.1529721217577094,3,sr,4.162e-12
6.1625000000000005,3.1442656879360711,3,sr,1.959e-12
6.1750000000000007,3.1356202203170676,3,sr,1.215e-11
6.1875000000000009,3.1270359744810166,3,sr,2.519e-11
6.2000000000000002,3.1185132017392001,3,sr,4.840e-11
6.2125000000000004,3.1100521495714872,3,sr,6.999e-13
6.2250000000000005,3.1016530620331459,3,sr,2.358e-15
6.2375000000000007,3.093316180335,3,sr,3.577e-11
6.2500000000000009,3.0850417431491421,3,sr,1.116e-12
6.2625000000000002,3.0768299871681268,3,sr,2.542e-15
6.2750000000000004,3.0686811474117279,3,sr,2.371e-11
6.2875000000000005,3.0605954576449239,3,sr,1.064e-15
6.3000000000000007,3.0525731508362126,3,sr,1.307e-15
6.3125000000000009,3.0446144594509423,3,sr,2.182e-11
6.3250000000000002,3.0367196158943988,3,sr,8.689e-16
6.3375000000000004,3.028888852789549,3,sr,2.142e-15
6.3500000000000005,3.0211224033959612,3,sr,9.742e-16
6.3625000000000007,3.0134205019106584,3,sr,1.486e-15
6.3750000000000009,3.0057833838020351,3,sr,1.995e-15
6.3875000000000002,2.9982112861266321,3,sr,4.628e-15
6.4000000000000004,2.9907044478360487,3,sr,3.759e-15
6.4125000000000005,2.9832631100740574,3,sr,1.822e-15
6.4250000000000007,2.9758875164638936,3,sr,8.020e-16
6.4375000000000009,2.9685779133857504,3,sr,3.734e-16
6.4500000000000002,2.9613345502443797,3,sr,5.321e-16
6.4625000000000004,2.9541576797266913,3,sr,2.866e-15
6.4750000000000005,2.947047558049241,3,sr,2.806e-15
6.4875000000000007,2.9400044451954104,3,sr,1.230e-13
6.5000000000000009,2.9330286051417889,3,sr,1.790e-15
6.5125000000000002,2.9261203060743206,3,sr,1.995e-15
6.5250000000000004,2.9192798205924593,3,sr,2.303e-15
6.5375000000000005,2.9125074259023536,3,sr,4.174e-15
6.5500000000000007,2.9058034039977998,3,sr,2.601e-16
6.5625000000000009,2.8991680418287267,3,sr,1.970e-15
6.5750000000000002,2.8926016314566105,3,sr,1.188e-15
6.5875000000000004,2.886104470196226,3,sr,8.239e-16
6.6000000000000005,2.8796768607293211,3,sr,3.931e-11
6.6125000000000007,2.8733191112854435,3,sr,4.295e-15
6.6250000000000009,2.8670315356011375,3,sr,2.445e-15
6.6375000000000002,2.8608144531365776,3,sr,0.000e+00
6.6500000000000004,2.8546681890533736,3,sr,4.293e-11
6.6625000000000005,2.8485930743474515,3,sr,1.561e-15
6.6750000000000007,2.8425894457190721,3,sr,6.421e-15
6.6875000000000009,2.8366576457270285,3,sr,2.898e-15
6.7000000000000002,2.8307980226911762,3,sr,2.289e-15
6.7125000000000004,2.8250109306630589,3,sr,1.523e-12
6.7250000000000005,2.8192967293523838,3,sr,1.579e-15
6.7375000000000007,2.8136557840345953,3,sr,2.262e-15
6.7500000000000009,2.8080884654183236,3,sr,6.553e-15
6.7625000000000002,2.8025951494903127,3,sr,3.797e-15
6.7750000000000004,2.7971762173241435,3,sr,1.260e-15
6.7875000000000005,2.7918320548545221,3,sr,1.447e-15
6.8000000000000007,2.7865630526142966,3,sr,2.305e-15
6.8125000000000009,2.7813696054318582,3,sr,1.057e-15
6.8250000000000002,2.7762521120863619,3,sr,0.000e+00
6.8375000000000004,2.7712109749181186,3,sr,2.744e-15
6.8500000000000005,2.7662465993913439,3,sr,6.684e-16
6.8625000000000007,2.7613593936062957,3,sr,4.814e-16
6.8750000000000009,2.756549767757726,3,sr,1.491e-15
6.8875000000000002,2.7518181335363652,3,sr,4.173e-15
6.9000000000000004,2.7471649034700731,3,sr,5.812e-15
6.9125000000000005,2.7425904902011018,3,sr,5.231e-15
6.9250000000000007,2.7380953056957584,3,sr,1.920e-15
6.9375000000000009,2.7336797603827527,3,sr,2.452e-15
6.9500000000000002,2.7293442622161441,3,sr,7.225e-16
6.9625000000000004,2.7250892156589401,3,sr,8.982e-17
6.9750000000000005,2.7209150205831025,3,sr,0.000e+00
6.9875000000000007,2.7168220710817326,3,sr,3.642e-15
7.0000000000000009,2.7128107541890762,3,sr,4.152e-15
7.0125000000000002,2.7088814485039308,3,sr,3.514e-16
7.0250000000000004,2.7050345227198478,3,sr,1.742e-11
7.0375000000000005,2.7012703340033362,3,sr,1.216e-15
7.0500000000000007,2.6975892263785552,3,sr,5.095e-15
7.0625000000000009,2.6939915288427954,3,sr,3.950e-15
7.0750000000000002,2.6904775534799139,3,sr,4.268e-16
7.0875000000000004,2.6870475934048548,3,sr,2.376e-15
7.1000000000000005,2.6837019205897397,3,sr,3.375e-16
7.1125000000000007,2.6804407835602677,3,sr,1.258e-15
7.1250000000000009,2.67726440495928,3,sr,5.839e-16
7.1375000000000002,2.6741729789747941,3,sr,4.146e-16
7.1500000000000004,2.6711666686303541,3,sr,4.122e-16
7.1625000000000005,2.6682456029361852,3,sr,2.213e-15
7.1750000000000007,2.6654098739003729,3,sr,1.878e-15
7.1875000000000009,2.6626595334001841,3,sr,8.912e-16
7.2000000000000002,2.6599945899145472,3,sr,8.216e-15
7.2125000000000004,2.657415005119995,3,sr,2.803e-15
7.2250000000000005,2.6549206903528457,3,sr,1.065e-12
7.2375000000000007,2.652511502946528,3,sr,3.009e-15
7.2500000000000009,2.6501872424387649,3,sr,2.610e-16
7.2625000000000002,2.6479476466762555,3,sr,3.288e-15
7.2750000000000004,2.6457923878075227,3,sr,1.090e-15
7.2875000000000005,2.6437210681877708,3,sr,1.548e-15
7.3000000000000007,2.6417332162062142,3,sr,1.540e-15
7.3125000000000009,2.6398282820514258,3,sr,3.338e-12
7.3250000000000002,2.6380056334470159,3,sr,1.524e-15
7.3375000000000004,2.636264551340644,3,sr,1.516e-16
7.3500000000000005,2.6346042256285722,3,sr,1.348e-11
7.3625000000000007,2.6330237509324768,3,sr,7.125e-16
7.3750000000000009,2.6315221223360559,3,sr,3.731e-17
7.3875000000000002,2.6300982313608903,3,sr,1.987e-11
7.4000000000000004,2.6287508620408948,3,sr,1.564e-11
7.4125000000000005,2.6274786869865321,3,sr,8.091e-16
7.4250000000000007,2.6262802640318821,3,sr,3.661e-17
7.4375000000000009,2.6251540327826337,3,sr,2.187e-16
7.4500000000000002,2.6240983116640741,3,sr,3.159e-11
7.4625000000000004,2.6231112953816504,3,sr,6.977e-12
7.4750000000000005,2.6221910524845495,3,sr,1.656e-15
7.4875000000000007,2.6213355238446994,3,sr,1.111e-15
7.5000000000000009,2.6205425212741718,3,sr,3.929e-16
7.5125000000000002,2.6198097268911504,3,sr,1.256e-12
7.5250000000000004,2.6191346930541397,3,sr,1.751e-11
7.5375000000000005,2.6185148430038145,3,sr,3.380e-11
7.5500000000000007,2.6179474722237273,3,sr,3.613e-11
7.5625000000000009,2.6174297503063793,3,sr,1.476e-15
7.5750000000000002,2.6169587242416918,3,sr,1.507e-15
7.5875000000000004,2.616531321808528,3,sr,5.245e-17
7.6000000000000005,2.616144356294356,3,sr,8.024e-16
7.6125000000000007,2.6157945319278006,3,sr,1.810e-15
7.6250000000000009,2.6154784502186095,3,sr,1.042e-15
7.6375000000000002,2.6151926171696771,3,sr,1.618e-11
7.6500000000000004,2.6149334514249083,3,sr,4.599e-14
7.6625000000000005,2.6146972931026466,3,sr,7.401e-13
7.6750000000000007,2.6144804136595168,3,sr,1.705e-12
7.6875000000000009,2.6142790263565598,3,sr,2.553e-12
7.7000000000000002,2.6140892974976948,3,sr,3.148e-12
7.7125000000000004,2.6139073582939125,3,sr,3.476e-12
7.7250000000000005,2.613729317281726,3,sr,3.567e-12
7.7375000000000007,2.6135512732034893,3,sr,3.467e-12
7.7500000000000009,2.6133693282478698,3,sr,3.224e-12
7.7625000000000002,2.6131796015407835,3,sr,2.881e-12
7.7750000000000004,2.612978242770688,3,sr,2.466e-12
7.7875000000000005,2.6127614458275406,3,sr,2.002e-12
7.8000000000000007,2.6125254623320671,3,sr,1.513e-12
7.8125000000000009,2.6122666149320839,3,sr,3.820e-16
7.8250000000000002,2.6119813102592206,3,sr,3.038e-11
7.8375000000000004,2.6116660512992209,3,sr,1.716e-12
7.8500000000000005,2.6113174494611187,3,sr,1.654e-13
7.8625000000000007,2.610932235571636,3,sr,2.750e-13
7.8750000000000009,2.6105072703596131,3,sr,1.694e-13
7.8875000000000002,2.610039553962431,3,sr,1.656e-15
7.9000000000000004,2.6095262344783063,3,sr,3.194e-11
7.9125000000000005,2.6089646156365478,3,sr,1.312e-15
7.9250000000000007,2.6083521631096631,3,sr,1.779e-16
7.9375000000000009,2.607686510152508,3,sr,1.178e-15
7.9500000000000002,2.6069654618391955,3,sr,6.678e-12
7.9625000000000004,2.6061869982993868,3,sr,4.769e-12
7.9750000000000005,2.6053492768886493,3,sr,7.537e-13
7.9875000000000007,2.6044506332502539,3,sr,8.350e-16
8,2.6034895813560248,3,sr,7.294e-17
8.0124999999999993,2.6024648125834253,3,sr,1.959e-11
8.0250000000000004,2.6013751937946736,3,sr,1.478e-11
8.0374999999999996,2.6002197646713467,3,sr,7.729e-13
8.0499999999999989,2.5989977341459483,3,sr,2.045e-15
8.0625,2.5977084761160927,3,sr,4.259e-16
8.0749999999999993,2.5963515245774897,3,sr,2.694e-11
8.0875000000000004,2.5949265680539493,3,sr,1.652e-11
8.0999999999999996,2.5934334438256501,3,sr,3.040e-16
8.1124999999999989,2.591872131286872,3,sr,3.502e-11
8.125,2.590242745495082,3,sr,2.517e-12
8.1374999999999993,2.588545529937909,3,sr,1.165e-15
8.1500000000000004,2.586780849571586,3,sr,1.662e-11
8.1624999999999996,2.5849491834596963,3,sr,1.386e-11
8.1749999999999989,2.5830511173969279,3,sr,2.045e-15
8.1875,2.5810873365475997,3,sr,3.894e-11
8.1999999999999993,2.5790586182620836,3,sr,4.777e-16
8.2125000000000004,2.57696582463783,3,sr,1.922e-15
8.2249999999999996,2.5748098956392962,3,sr,1.853e-15
8.2374999999999989,2.5725918420869771,3,sr,1.703e-15
8.25,2.5703127389692155,3,sr,1.170e-11
8.2624999999999993,2.5679737189271519,3,sr,2.462e-16
8.2750000000000004,2.5655759660878914,3,sr,4.217e-11
8.2874999999999996,2.5631207099356428,3,sr,1.579e-15
8.2999999999999989,2.5606092198541623,3,sr,5.483e-11
8.3125,2.558042799390055,3,sr,1.514e-15
8.3249999999999993,2.5554227814803276,3,sr,3.350e-11
8.3375000000000004,2.5527505232838283,3,sr,1.618e-15
8.3499999999999996,2.5500274019071947,3,sr,1.897e-13
8.3624999999999989,2.547254809985585,3,sr,2.241e-15
8.375,2.5444341517923093,3,sr,3.728e-15
8.3874999999999993,2.5415668395403324,3,sr,2.704e-15
8.4000000000000004,2.538654289972301,3,sr,1.930e-15
8.4124999999999996,2.5356979212142705,3,sr,9.709e-16
8.4249999999999989,2.5326991498841624,3,sr,5.682e-15
8.4375,2.5296593884445557,3,sr,1.072e-15
8.4499999999999993,2.5265800427890426,3,sr,3.952e-15
8.4625000000000004,2.5234625100509067,3,sr,9.937e-16
8.4749999999999996,2.5203081766374993,3,sr,4.011e-11
8.4874999999999989,2.5171184163757685,3,sr,3.656e-15
8.5,2.5138945890666822,3,sr,1.929e-15
8.5124999999999993,2.5106380389218454,3,sr,3.233e-15
8.5250000000000004,2.5073500933866035,3,sr,1.040e-14
8.5374999999999996,2.5040320620294896,3,sr,1.027e-15
8.5499999999999989,2.5006852355905487,3,sr,2.065e-15
8.5625,2.4973108851637056,3,sr,6.982e-15
8.5749999999999993,2.4939102615033111,3,sr,1.043e-15
8.5875000000000004,2.4904845944410319,3,sr,1.362e-11
8.5999999999999996,2.4870350924355114,3,sr,9.963e-15
8.6124999999999989,2.4835629421523966,3,sr,1.059e-15
8.625,2.4800693082242455,3,sr,3.762e-12
8.6374999999999993,2.4765553330181187,3,sr,9.526e-15
8.6500000000000004,2.4730221365224119,3,sr,6.934e-15
8.6624999999999996,2.4694708162732746,3,sr,9.811e-16
8.6749999999999989,2.4659024473605675,3,sr,5.914e-15
8.6875,2.4623180824823079,3,sr,1.356e-14
8.6999999999999993,2.4587187520505758,3,sr,2.983e-15
8.7125000000000004,2.4551054643455625,3,sr,1.055e-11
8.7249999999999996,2.4514792056915096,3,sr,4.112e-15
8.7374999999999989,2.4478409407149204,3,sr,1.088e-14
8.75,2.444191612572824,3,sr,5.561e-16
8.7624999999999993,2.4405321432556177,3,sr,4.517e-15
8.7750000000000004,2.436863433895935,3,sr,9.986e-15
8.7874999999999996,2.4331863651021655,3,sr,5.370e-15
8.7999999999999989,2.4295017973104609,3,sr,2.823e-15
8.8125,2.4258105711527014,3,sr,2.473e-15
8.8249999999999993,2.4221135078378131,3,sr,1.261e-14
8.8375000000000004,2.4184114095443303,3,sr,4.306e-15
8.8499999999999996,2.4147050598220492,3,sr,3.643e-16
8.8624999999999989,2.410995224001057,3,sr,4.282e-15
8.875,2.4072826496063069,3,sr,1.399e-14
8.8874999999999993,2.4035680667763346,3,sr,3.888e-15
8.9000000000000004,2.399852188684648,3,sr,2.477e-15
8.9124999999999996,2.3961357119626685,3,sr,6.131e-15
8.9249999999999989,2.3924193171229797,3,sr,1.171e-14
8.9375,2.3887036689819925,3,sr,1.116e-15
8.9499999999999993,2.3849894170805683,3,sr,2.003e-12
8.9625000000000004,2.3812771961053572,3,sr,1.496e-15
8.9749999999999996,2.3775676262996561,3,sr,6.534e-15
8.9874999999999989,2.3738613138805658,3,sr,3.597e-15
9,2.3701588514512082,3,sr,2.749e-11
9.0124999999999993,2.3664608183714293,3,sr,6.470e-16
9.0250000000000004,2.3627677812224945,3,sr,8.051e-15
9.0374999999999996,2.359080294133673,3,sr,2.166e-15
9.0499999999999989,2.3553988991873149,3,sr,6.510e-11
9.0625,2.3517241268701214,3,sr,2.174e-16
9.0749999999999993,2.3480564962948898,3,sr,2.069e-15
9.0875000000000004,2.3443965157225515,3,sr,1.390e-15
9.0999999999999996,2.3407446828477259,3,sr,6.799e-15
9.1124999999999989,2.3371014851696423,3,sr,4.266e-15
9.125,2.3334674003410432,3,sr,7.120e-16
9.1374999999999993,2.3298428965208804,3,sr,4.639e-11
9.1500000000000004,2.3262284326569445,3,sr,0.000e+00
9.1624999999999996,2.3226244589198637,3,sr,1.319e-15
9.1749999999999989,2.3190314169193886,3,sr,2.586e-15
9.1875,2.3154497400474456,3,sr,1.101e-10
9.1999999999999993,2.311879853898823,3,sr,4.176e-15
9.2125000000000004,2.3083221763264898,3,sr,1.958e-15
9.2249999999999996,2.304777118000052,3,sr,7.952e-11
9.2374999999999989,2.3012450824828323,3,sr,2.361e-15
9.25,2.2977264667139883,3,sr,2.722e-15
9.2624999999999993,2.2942216611075774,3,sr,1.596e-15
9.2750000000000004,2.2907310498849305,3,sr,1.106e-10
9.2874999999999996,2.2872550114402697,3,sr,4.875e-16
9.2999999999999989,2.2837939183546432,3,sr,2.376e-15
9.3125,2.2803481378894888,3,sr,8.667e-12
9.3249999999999993,2.2769180320908866,3,sr,4.091e-11
9.3375000000000004,2.2735039580951386,3,sr,8.900e-11
9.3499999999999996,2.2701062683489055,3,sr,4.046e-13
9.3624999999999989,2.2667253107323626,3,sr,3.804e-11
9.375,2.26336142896014,3,sr,2.446e-11
9.3874999999999993,2.2600149626527486,3,sr,5.579e-14
9.4000000000000004,2.256686247592699,3,sr,2.099e-15
9.4124999999999996,2.2533756159386158,3,sr,6.486e-16
9.4249999999999989,2.2500833964049725,3,sr,6.857e-12
9.4375,2.2468099144509157,3,sr,3.211e-15
9.4499999999999993,2.2435554924802217,3,sr,2.258e-15
9.4625000000000004,2.2403204499987828,3,sr,3.432e-11
9.4749999999999996,2.2371051038328176,3,sr,4.068e-15
9.4874999999999989,2.2339097682220683,3,sr,1.565e-15
9.5,2.2307347550562353,3,sr,2.934e-15
9.5124999999999993,2.227580373995234,3,sr,3.561e-16
9.5250000000000004,2.2244469326389518,3,sr,5.099e-11
9.5374999999999996,2.2213347366180867,3,sr,2.868e-15
9.5499999999999989,2.2182440898438105,3,sr,3.300e-15
9.5625,2.2151752945269552,3,sr,2.391e-11
9.5749999999999993,2.2121286513868634,3,sr,2.991e-15
9.5875000000000004,2.2091044597109635,3,sr,1.574e-15
9.5999999999999996,2.2061030175224117,3,sr,3.956e-15
9.6125000000000007,2.2031246216641076,3,sr,5.895e-15
9.625,2.2001695679072624,3,sr,8.637e-16
9.6374999999999993,2.197238151048317,3,sr,6.734e-15
9.6500000000000004,2.1943306649991365,3,sr,2.150e-16
9.6624999999999996,2.1914474028703324,3,sr,2.575e-15
9.6750000000000007,2.1885886570475011,3,sr,6.048e-15
9.6875,2.1857547192601481,3,sr,9.078e-16
9.6999999999999993,2.1829458806430755,3,sr,9.749e-15
9.7125000000000004,2.180162431789932,3,sr,6.997e-16
9.7249999999999996,2.177404662798716,3,sr,1.283e-14
9.7375000000000007,2.1746728633249788,3,sr,7.229e-11
9.75,2.1719673225295004,3,sr,5.695e-15
9.7624999999999993,2.1692883292589724,3,sr,5.785e-16
9.7750000000000004,2.166636171894476,3,sr,8.286e-15
9.7874999999999996,2.1640111384322247,3,sr,5.752e-15
9.8000000000000007,2.1614135164571802,3,sr,4.015e-15
9.8125,2.1588435931221848,3,sr,5.406e-15
9.8249999999999993,2.1563016551158576,3,sr,8.137e-15
9.8375000000000004,2.1537879886189155,3,sr,7.285e-15
9.8499999999999996,2.1513028792482287,3,sr,3.966e-15
9.8625000000000007,2.1488466119882443,3,sr,6.776e-15
9.875,2.1464194711090117,3,sr,6.293e-15
9.8874999999999993,2.1440217400703965,3,sr,7.088e-15
9.9000000000000004,2.1416537014116597,3,sr,8.030e-15
9.9124999999999996,2.1393156366259434,3,sr,4.153e-15
9.9250000000000007,2.1370078260187628,3,sr,1.534e-14
9.9375,2.1347305485707655,3,sr,8.646e-11
9.9499999999999993,2.1324840816585322,3,sr,2.996e-14
9.9625000000000004,2.1302687010686574,3,sr,1.897e-15
9.9749999999999996,2.1280846805777851,3,sr,2.327e-14
9.9875000000000007,2.1259322918242969,3,sr,1.189e-15
10,2.1238118040349452,3,sr,9.575e-15
2.8250000000000002,14.917404932009724,4,sr,3.674e-16
2.8375000000000004,14.795156407410866,4,sr,9.927e-13
2.8500000000000005,14.674554126944342,4,sr,6.814e-13
2.8625000000000003,14.555570951638666,4,sr,2.052e-11
2.8750000000000004,14.438180358055607,4,sr,7.682e-12
2.8875000000000002,14.322356423466314,4,sr,1.387e-15
2.9000000000000004,14.208073811093819,4,sr,1.010e-11
2.9125000000000005,14.095307756266692,4,sr,1.417e-11
2.9250000000000003,13.984034052665319,4,sr,5.181e-12
2.9375000000000004,13.874229039419564,4,sr,3.939e-12
2.9500000000000002,13.765869588259594,4,sr,1.693e-15
2.9625000000000004,13.658933091335136,4,sr,7.665e-12
2.9750000000000005,13.553397449399936,4,sr,1.396e-11
2.9875000000000003,13.449241060358947,4,sr,5.147e-12
3.0000000000000004,13.34644280820034,4,sr,7.686e-15
3.0125000000000002,13.244982052370277,4,sr,4.417e-15
3.0250000000000004,13.144838617468714,4,sr,3.656e-13
3.0375000000000005,13.045992783304193,4,sr,1.544e-15
3.0500000000000003,12.948425275291076,4,sr,1.933e-11
3.0625000000000004,12.852117255276847,4,sr,1.178e-15
3.0750000000000002,12.757050312473428,4,sr,4.088e-15
3.0875000000000004,12.663206454990302,4,sr,2.520e-11
3.1000000000000005,12.570568101576029,4,sr,2.491e-15
3.1125000000000003,12.479118073457609,4,sr,1.077e-11
3.1250000000000004,12.388839586890203,4,sr,1.685e-11
3.1375000000000002,12.299716245663131,4,sr,1.555e-12
3.1500000000000004,12.211732033988678,4,sr,3.768e-15
3.1625000000000005,12.124871309771653,4,sr,3.651e-13
3.1750000000000003,12.039118798027147,4,sr,1.265e-11
3.1875000000000004,11.954459584673007,4,sr,5.724e-12
3.2000000000000002,11.870879110469447,4,sr,3.816e-15
3.2125000000000004,11.788363165322229,4,sr,3.159e-11
3.2250000000000005,11.706897882938014,4,sr,5.164e-15
3.2375000000000003,11.626469735356167,4,sr,1.323e-15
3.2500000000000004,11.547065528246733,4,sr,7.464e-15
3.2625000000000002,11.468672396061121,4,sr,2.676e-11
3.2750000000000004,11.391277797707449,4,sr,4.014e-15
3.2875000000000005,11.314869512126299,4,sr,4.633e-13
3.3000000000000003,11.23943563453299,4,sr,7.337e-12
3.3125000000000004,11.164964572611721,4,sr,3.143e-14
3.3250000000000002,11.091445042996735,4,sr,2.848e-16
3.3375000000000004,11.018866068064895,4,sr,2.331e-11
3.3500000000000005,10.947216972995266,4,sr,2.396e-15
3.3625000000000003,10.876487382813632,4,sr,3.879e-15
3.3750000000000004,10.806667220051624,4,sr,1.116e-15
3.3875000000000002,10.737746702364751,4,sr,1.142e-11
3.4000000000000004,10.669716340442372,4,sr,2.216e-12
3.4125000000000005,10.602566936299276,4,sr,9.468e-12
3.4250000000000003,10.536289581534414,4,sr,4.542e-15
3.4375000000000004,10.470875656130842,4,sr,3.611e-16
3.4500000000000002,10.406316827244908,4,sr,1.884e-15
3.4625000000000004,10.342605048383289,4,sr,8.128e-12
3.4750000000000005,10.279732558722966,4,sr,1.962e-12
3.4875000000000003,10.217691882803885,4,sr,8.107e-12
3.5000000000000004,10.156475830246572,4,sr,6.292e-15
3.5125000000000002,10.096077495961588,4,sr,4.165e-15
3.5250000000000004,10.03649026038223,4,sr,3.446e-15
3.5375000000000005,9.977707790070566,4,sr,7.895e-12
3.5500000000000003,9.9197240384690488,4,sr,1.958e-12
3.5625000000000004,9.8625332470249969,4,sr,7.367e-12
3.5750000000000002,9.8061299463305573,4,sr,6.188e-15
3.5875000000000004,9.7505089577481172,4,sr,2.157e-15
3.6000000000000005,9.695665395049236,4,sr,2.469e-16
3.6125000000000003,9.6415946664002661,4,sr,4.899e-16
3.6250000000000004,9.5882924765358908,4,sr,1.617e-11
3.6375000000000002,9.5357548290485799,4,sr,3.211e-16
3.6500000000000004,9.4839780291057103,4,sr,1.639e-11
3.6625000000000005,9.4329586861381074,4,sr,1.180e-11
3.6750000000000003,9.3826937166252069,4,sr,1.007e-11
3.6875000000000004,9.3331803474165884,4,sr,1.516e-11
3.7000000000000002,9.2844161187513397,4,sr,5.895e-12
3.7125000000000004,9.2363988877454553,4,sr,3.652e-15
3.7250000000000005,9.1891268315861581,4,sr,1.081e-11
3.7375000000000003,9.1425984511822129,4,sr,1.174e-11
3.7500000000000004,9.0968125743637298,4,sr,0.000e+00
3.7625000000000002,9.0517683595425709,4,sr,1.829e-15
3.7750000000000004,9.0074652988090129,4,sr,2.680e-15
3.7875000000000005,8.9639032211264862,4,sr,1.268e-11
3.8000000000000003,8.9210822952885973,4,sr,2.838e-16
3.8125000000000004,8.8790030323195417,4,sr,1.012e-11
3.8250000000000002,8.8376662878650691,4,sr,1.489e-11
3.8375000000000004,8.7970732635076381,4,sr,1.099e-15
3.8500000000000005,8.7572255080667496,4,sr,7.557e-16
3.8625000000000003,8.7181249174751159,4,sr,1.803e-11
3.8750000000000004,8.679773734203863,4,sr,5.771e-13
3.8875000000000002,8.6421745450388414,4,sr,9.853e-16
3.9000000000000004,8.6053302779959804,4,sr,5.948e-16
3.9125000000000005,8.5692441972740276,4,sr,4.326e-12
3.9250000000000003,8.5339198965040328,4,sr,7.101e-12
3.9375000000000004,8.4993612897762176,4,sr,2.887e-12
3.9500000000000002,8.4655726001596232,4,sr,5.682e-16
3.9625000000000004,8.4325583453809294,4,sr,1.277e-11
3.9750000000000005,8.4003233203086562,4,sr,1.450e-15
3.9875000000000003,8.3688725753707782,4,sr,5.421e-12
4,8.338211391198147,4,sr,8.722e-12
4.0125000000000002,8.3083452481053168,4,sr,7.509e-12
4.0250000000000004,8.2792797903409223,4,sr,2.151e-12
4.0375000000000005,8.2510207842739689,4,sr,6.339e-16
4.0500000000000007,8.2235740698817157,4,sr,4.992e-12
4.0625,8.1969455047920547,4,sr,7.189e-16
4.0750000000000002,8.171140899952972,4,sr,1.638e-16
4.0875000000000004,8.146165946452177,4,sr,6.467e-16
4.1000000000000005,8.1220261323163516,4,sr,5.852e-16
4.1125000000000007,8.0987266486504659,4,sr,2.714e-12
4.125,8.0762722842718713,4,sr,4.666e-16
4.1375000000000002,8.0546673079490798,4,sr,2.335e-13
4.1500000000000004,8.033915337738577,4,sr,1.570e-12
4.1625000000000005,8.0140191966375358,4,sr,1.203e-12
4.1750000000000007,7.994980754202464,4,sr,7.390e-16
4.1875,7.9768007539258345,4,sr,1.946e-16
4.2000000000000002,7.9594786264275825,4,sr,2.858e-13
4.2125000000000004,7.9430122888619747,4,sr,1.625e-12
4.2250000000000005,7.9273979314543244,4,sr,3.754e-16
4.2375000000000007,7.9126297924838065,4,sr,1.281e-12
4.25,7.8986999238748039,4,sr,6.410e-13
4.2625000000000002,7.8855979499436737,4,sr,6.801e-17
4.2750000000000004,7.8733108229963022,4,sr,5.812e-13
4.2875000000000005,7.8618225801087709,4,sr,3.773e-16
4.3000000000000007,7.8511141063996508,4,sr,2.637e-16
4.3125,7.8411629111279462,4,sr,3.918e-16
4.3250000000000002,7.8319429237222469,4,sr,1.186e-15
4.3375000000000004,7.8234243177657277,4,sr,1.004e-13
4.3500000000000005,7.815573371576483,4,sr,5.941e-16
4.3625000000000007,7.8083523744488179,4,sr,3.264e-15
4.375,7.80171958773514,4,sr,2.092e-16
4.3875000000000002,7.7956292696172751,4,sr,3.119e-16
4.4000000000000004,7.7900317716388461,4,sr,7.984e-14
4.4125000000000005,7.7848737137237931,4,sr,1.997e-15
4.4250000000000007,7.7800982425093963,4,sr,5.018e-13
4.4375,7.7756453753266728,4,sr,7.000e-16
4.4500000000000002,7.7714524292575478,4,sr,7.188e-16
4.4625000000000004,7.7674545312367202,4,sr,1.265e-15
4.4750000000000005,7.7635852017149949,4,sr,8.995e-14
4.4875000000000007,7.7597770007225755,4,sr,3.238e-15
4.5,7.7559622218954374,4,sr,4.103e-12
4.5125000000000002,7.7520736170562028,4,sr,5.637e-12
4.5250000000000004,7.7480451320769799,4,sr,2.340e-14
4.5375000000000005,7.7438126333027384,4,sr,6.868e-14
4.5500000000000007,7.7393146036025824,4,sr,5.311e-13
4.5625,7.7344927886310852,4,sr,9.802e-13
4.5750000000000002,7.7292927752279921,4,sr,3.855e-12
4.5875000000000004,7.7236644873285272,4,sr,5.463e-16
4.6000000000000005,7.717562587991865,4,sr,9.950e-16
4.6125000000000007,7.710946780802213,4,sr,8.497e-14
4.625,7.7037820073897265,4,sr,6.460e-17
4.6375000000000002,7.6960385424945192,4,sr,1.126e-13
4.6500000000000004,7.6876919913785891,4,sr,2.415e-16
4.6625000000000005,7.6787231975581376,4,sr,3.550e-16
4.6750000000000007,7.6691180712399225,4,sr,6.058e-16
4.6875,7.6588673504413629,4,sr,5.220e-16
4.7000000000000002,7.6479663076647748,4,sr,0.000e+00
4.7125000000000004,7.6364144151633386,4,sr,7.766e-15
4.7250000000000005,7.6242149814230435,4,sr,1.036e-15
4.7375000000000007,7.6113747705985171,4,sr,1.742e-13
4.75,7.5979036154143218,4,sr,1.257e-15
4.7625000000000002,7.5838140326177372,4,sr,1.078e-15
4.7750000000000004,7.5691208485133625,4,sr,2.979e-16
4.7875000000000005,7.5538408406022697,4,sr,1.359e-15
4.8000000000000007,7.5379923998596601,4,sr,3.573e-16
4.8125000000000009,7.5215952168584517,4,sr,1.745e-12
4.8250000000000002,7.5046699937294292,4,sr,2.624e-16
4.8375000000000004,7.4872381830411321,4,sr,3.462e-12
4.8500000000000005,7.4693217535994014,4,sr,2.159e-16
4.8625000000000007,7.4509429829299787,4,sr,1.932e-12
4.8750000000000009,7.4321242751210486,4,sr,5.845e-12
4.8875000000000002,7.4128880029002531,4,sr,1.126e-16
4.9000000000000004,7.3932563722664826,4,sr,1.142e-16
4.9125000000000005,7.3732513077090411,4,sr,1.216e-15
4.9250000000000007,7.3528943564343301,4,sr,3.522e-16
4.9375000000000009,7.3322066095730554,4,sr,1.260e-11
4.9500000000000002,7.3112086384989254,4,sr,7.953e-12
4.9625000000000004,7.2899204448001811,4,sr,1.307e-11
4.9750000000000005,7.2683614219810577,4,sr,1.677e-15
4.9875000000000007,7.2465503272623346,4,sr,1.568e-11
5.0000000000000009,7.2245052625819284,4,sr,1.654e-15
5.0125000000000002,7.2022436631955031,4,sr,1.425e-11
5.0250000000000004,7.1797822925806729,4,sr,2.838e-16
5.0375000000000005,7.1571372428201689,4,sr,1.107e-11
5.0500000000000007,7.1343239398507281,4,sr,2.679e-16
5.0625000000000009,7.1113571520152217,4,sr,2.000e-11
5.0750000000000002,7.0882510021731457,4,sr,6.864e-16
5.0875000000000004,7.0650189817243909,4,sr,1.271e-14
5.1000000000000005,7.0416739670729749,4,sr,6.642e-12
5.1125000000000007,7.0182282372642391,4,sr,2.845e-16
5.1250000000000009,6.9946934927421509,4,sr,2.159e-15
5.1375000000000002,6.9710808749600579,4,sr,2.141e-11
5.1500000000000004,6.947400986493677,4,sr,1.251e-15
5.1625000000000005,6.9236639111425964,4,sr,2.232e-16
5.1750000000000007,6.8998792344834543,4,sr,6.771e-16
5.1875000000000009,6.8760560640029444,4,sr,1.688e-11
5.2000000000000002,6.8522030492031778,4,sr,1.005e-15
5.2125000000000004,6.8283284011312242,4,sr,2.485e-15
5.2250000000000005,6.8044399117721968,4,sr,2.588e-15
5.2375000000000007,6.7805449727519571,4,sr,1.872e-11
5.2500000000000009,6.7566505934998728,4,sr,2.720e-15
5.2625000000000002,6.732763419039328,4,sr,2.345e-15
5.2750000000000004,6.7088897468870341,4,sr,3.996e-15
5.2875000000000005,6.6850355435531386,4,sr,1.263e-13
5.3000000000000007,6.6612064603283407,4,sr,1.246e-15
5.3125000000000009,6.6374078484596772,4,sr,2.515e-16
5.3250000000000002,6.6136447737005772,4,sr,3.552e-15
5.3375000000000004,6.5899220302610244,4,sr,2.324e-11
5.3500000000000005,6.5662441540606409,4,sr,5.936e-15
5.3625000000000007,6.5426154356179422,4,sr,0.000e+00
5.3750000000000009,6.5190399320595622,4,sr,2.624e-15
5.3875000000000002,6.4955214788187572,4,sr,3.337e-11
5.4000000000000004,6.4720637005810389,4,sr,2.932e-15
5.4125000000000005,6.4486700220267545,4,sr,8.953e-17
5.4250000000000007,6.4253436776780424,4,sr,1.778e-11
5.4375000000000009,6.4020877215059055,4,sr,3.453e-15
5.4500000000000002,6.3789050361070139,4,sr,1.831e-16
5.4625000000000004,6.3557983412524166,4,sr,3.951e-12
5.4750000000000005,6.332770202179443,4,sr,4.455e-15
5.4875000000000007,6.3098230373864288,4,sr,1.220e-15
5.5000000000000009,6.286959126095768,4,sr,3.198e-15
5.5125000000000002,6.2641806153177564,4,sr,3.313e-15
5.5250000000000004,6.2414895265780528,4,sr,7.145e-15
5.5375000000000005,6.2188877623106515,4,sr,5.751e-15
5.5500000000000007,6.1963771119347451,4,sr,2.893e-16
5.5625000000000009,6.1739592576313553,4,sr,8.729e-16
5.5750000000000002,6.1516357798346073,4,sr,3.317e-15
5.5875000000000004,6.1294081624521821,4,sr,1.717e-15
5.6000000000000005,6.1072777978287132,4,sr,1.874e-15
5.6125000000000007,6.0852459914719503,4,sr,1.464e-11
5.6250000000000009,6.0633139665075175,4,sr,6.975e-16
5.6375000000000002,6.0414828680145058,4,sr,2.103e-15
5.6500000000000004,6.0197537670195027,4,sr,4.529e-16
5.6625000000000005,5.9981276643936994,4,sr,2.528e-15
5.6750000000000007,5.9766054945231089,4,sr,5.231e-15
5.6875000000000009,5.9551881288124484,4,sr,9.463e-12
5.7000000000000002,5.9338763789972555,4,sr,2.562e-15
5.7125000000000004,5.9126710003572773,4,sr,2.058e-16
5.7250000000000005,5.8915726946991596,4,sr,1.136e-15
5.7375000000000007,5.8705821132384601,4,sr,4.502e-11
5.7500000000000009,5.849699859432314,4,sr,3.591e-15
5.7625000000000002,5.8289264914139833,4,sr,8.880e-16
5.7750000000000004,5.8082625246720641,4,sr,1.940e-15
5.7875000000000005,5.7877084343407832,4,sr,5.154e-15
5.8000000000000007,5.7672646574914825,4,sr,6.912e-15
5.8125000000000009,5.7469315953030851,4,sr,3.123e-15
5.8250000000000002,5.7267096151352854,4,sr,6.370e-16
5.8375000000000004,5.706599052509703,4,sr,2.183e-15
5.8500000000000005,5.6866002130039197,4,sr,9.075e-16
5.8625000000000007,5.6667133740630344,4,sr,4.977e-15
5.8750000000000009,5.6469387867332577,4,sr,7.565e-15
5.8875000000000002,5.6272766773216656,4,sr,4.571e-16
5.9000000000000004,5.6077272489861842,4,sr,5.848e-15
5.9125000000000005,5.588290683259542,4,sr,1.107e-15
5.9250000000000007,5.5689671415108455,4,sr,5.682e-16
5.9375000000000009,5.5497567663481391,4,sr,4.635e-15
5.9500000000000002,5.5306596829892332,4,sr,6.757e-11
5.9625000000000004,5.511676000436017,4,sr,5.983e-16
5.9750000000000005,5.4928058129587249,4,sr,1.444e-15
5.9875000000000007,5.4740492010537594,4,sr,6.546e-16
6.0000000000000009,5.4554062327244175,4,sr,2.158e-11
6.0125000000000002,5.4368769645310584,4,sr,2.419e-15
6.0250000000000004,5.4184614427383897,4,sr,5.842e-15
6.0375000000000005,5.4001597042767457,4,sr,2.617e-12
6.0500000000000007,5.3819717777755969,4,sr,7.359e-15
6.0625000000000009,5.363897684532847,4,sr,3.250e-15
6.0750000000000002,5.3459374394565575,4,sr,4.015e-11
6.0875000000000004,5.3280910519096816,4,sr,7.247e-15
6.1000000000000005,5.310358526727704,4,sr,3.260e-12
6.1125000000000007,5.2927398649536972,4,sr,6.130e-11
6.1250000000000009,5.2752350646468225,4,sr,2.650e-13
6.1375000000000002,5.2578441218753946,4,sr,2.001e-12
6.1500000000000004,5.240567031304856,4,sr,7.692e-12
6.1625000000000005,5.223403787054048,4,sr,3.467e-11
6.1750000000000007,5.2063543835045705,4,sr,3.772e-16
6.1875000000000009,5.1894188158955616,4,sr,1.476e-11
6.2000000000000002,5.1725970811995614,4,sr,3.197e-12
6.2125000000000004,5.15588917871679,4,sr,1.889e-15
6.2250000000000005,5.1392951108290097,4,sr,4.191e-11
6.2375000000000007,5.1228148837191112,4,sr,1.994e-15
6.2500000000000009,5.1064485079175732,4,sr,3.711e-15
6.2625000000000002,5.0901959991245436,4,sr,5.481e-11
6.2750000000000004,5.0740573787202017,4,sr,3.795e-11
6.2875000000000005,5.0580326745484321,4,sr,1.984e-15
6.3000000000000007,5.0421219215059727,4,sr,2.225e-15
6.3125000000000009,5.0263251621472813,4,sr,5.661e-15
6.3250000000000002,5.0106424473649058,4,sr,1.030e-14
6.3375000000000004,4.9950738370155374,4,sr,1.915e-11
6.3500000000000005,4.9796194005056655,4,sr,3.651e-11
6.3625000000000007,4.9642792175541128,4,sr,2.925e-11
6.3750000000000009,4.9490533785844164,4,sr,3.163e-15
6.3875000000000002,4.933941985603286,4,sr,1.230e-15
6.4000000000000004,4.9189451526626726,4,sr,4.481e-15
6.4125000000000005,4.9040630065492827,4,sr,2.128e-16
6.4250000000000007,4.889295687406146,4,sr,3.544e-12
6.4375000000000009,4.8746433493440779,4,sr,4.421e-11
6.4500000000000002,4.8601061611438343,4,sr,6.020e-11
6.4625000000000004,4.8456843068352811,4,sr,7.886e-16
6.4750000000000005,4.8313779862910806,4,sr,2.620e-16
6.4875000000000007,4.8171874160030193,4,sr,3.917e-15
6.5000000000000009,4.8031128296461265,4,sr,3.643e-16
6.5125000000000002,4.7891544787561786,4,sr,2.697e-15
6.5250000000000004,4.7753126333919793,4,sr,1.033e-15
6.5375000000000005,4.7615875828032044,4,sr,4.117e-16
6.5500000000000007,4.7479796361039046,4,sr,7.434e-15
6.5625000000000009,4.7344891229639581,4,sr,3.407e-11
6.5750000000000002,4.7211163942333263,4,sr,3.864e-15
6.5875000000000004,4.707861822754313,4,sr,7.189e-15
6.6000000000000005,4.6947258039235162,4,sr,3.471e-11
6.6125000000000007,4.6817087565170299,4,sr,3.111e-15
6.6250000000000009,4.6688111232580907,4,sr,7.092e-15
6.6375000000000002,4.6560333716534839,4,sr,7.047e-16
6.6500000000000004,4.6433759946441411,4,sr,3.364e-15
6.6625000000000005,4.6308395113340266,4,sr,1.329e-15
6.6750000000000007,4.618424467708067,4,sr,4.358e-15
6.6875000000000009,4.6061314373503635,4,sr,5.845e-15
6.7000000000000002,4.593961022161432,4,sr,1.550e-15
6.7125000000000004,4.5819138530726224,4,sr,3.855e-15
6.7250000000000005,4.5699905907559328,4,sr,4.275e-14
6.7375000000000007,4.5581919263270292,4,sr,8.101e-15
6.7500000000000009,4.5465185820386322,4,sr,8.717e-15
6.7625000000000002,4.5349713119619004,4,sr,4.151e-13
6.7750000000000004,4.5235509026530059,4,sr,5.337e-15
6.7875000000000005,4.5122581737983234,4,sr,6.700e-15
6.8000000000000007,4.5010939788397168,4,sr,3.422e-15
6.8125000000000009,4.4900592055475217,4,sr,5.235e-11
6.8250000000000002,4.4791547766939592,4,sr,1.826e-16
6.8375000000000004,4.4683816503572391,4,sr,6.893e-15
6.8500000000000005,4.4577408206215772,4,sr,1.432e-14
6.8625000000000007,4.447233317894753,4,sr,7.159e-15
6.8750000000000009,4.4368602092982989,4,sr,3.732e-15
6.8875000000000002,4.4266225989673291,4,sr,2.294e-15
6.9000000000000004,4.4165216282727533,4,sr,3.154e-15
6.9125000000000005,4.4065584759553307,4,sr,5.045e-15
6.9250000000000007,4.3967343581601535,4,sr,6.045e-16
6.9375000000000009,4.3870505283589374,4,sr,2.829e-15
6.9500000000000002,4.3775082771464469,4,sr,6.040e-15
6.9625000000000004,4.3681089318958648,4,sr,8.358e-15
6.9750000000000005,4.3588538562568395,4,sr,4.943e-15
6.9875000000000007,4.3497444494685888,4,sr,1.926e-11
7.0000000000000009,4.3407821455359104,4,sr,7.010e-15
7.0125000000000002,4.3319684120453381,4,sr,8.256e-16
7.0250000000000004,4.3233047489347225,4,sr,5.681e-16
7.0375000000000005,4.3147926868496773,4,sr,1.108e-11
7.0500000000000007,4.3064337853029011,4,sr,1.038e-15
7.0625000000000009,4.2982296304179801,4,sr,2.850e-15
7.0750000000000002,4.2901818324412115,4,sr,1.809e-15
7.0875000000000004,4.2822920227844561,4,sr,5.293e-15
7.1000000000000005,4.2745618506666512,4,sr,3.581e-11
7.1125000000000007,4.2669929794186636,4,sr,6.886e-16
7.1250000000000009,4.2595870819747335,4,sr,2.906e-11
7.1375000000000002,4.2523458363401723,4,sr,2.784e-15
7.1500000000000004,4.2452709199243515,4,sr,1.863e-15
7.1625000000000005,4.2383640037166375,4,sr,3.917e-15
7.1750000000000007,4.2316267455224565,4,sr,1.977e-15
7.1875000000000009,4.2250607825681721,4,sr,3.462e-11
7.2000000000000002,4.2186677234619747,4,sr,1.079e-15
7.2125000000000004,4.212449139020074,4,sr,7.129e-17
7.2250000000000005,4.2064065526784971,4,sr,2.685e-15
7.2375000000000007,4.2005414296777257,4,sr,1.787e-16
7.2500000000000009,4.1948551654356967,4,sr,2.168e-12
7.2625000000000002,4.1893490729032319,4,sr,3.274e-11
7.2750000000000004,4.1840243690255514,4,sr,1.201e-11
7.2875000000000005,4.1788821597955206,4,sr,3.186e-12
7.3000000000000007,4.1739234247947019,4,sr,1.035e-11
7.3125000000000009,4.1691490001610054,4,sr,2.989e-11
7.3250000000000002,4.1645595606644639,4,sr,1.106e-11
7.3375000000000004,4.1601556009082099,4,sr,2.608e-16
7.3500000000000005,4.1559374150289301,4,sr,1.939e-16
7.3625000000000007,4.1519050758659324,4,sr,4.001e-16
7.3750000000000009,4.1480584129593554,4,sr,1.271e-16
7.3875000000000002,4.1443969897866193,4,sr,1.204e-11
7.4000000000000004,4.1409200803475752,4,sr,3.124e-15
7.4125000000000005,4.137626645056641,4,sr,5.503e-12
7.4250000000000007,4.1345153064348148,4,sr,5.898e-12
7.4375000000000009,4.1315843246095563,4,sr,4.575e-16
7.4500000000000002,4.1288315728008183,4,sr,1.930e-11
7.4625000000000004,4.12625451347827,4,sr,3.275e-15
7.4750000000000005,4.1238501748876155,4,sr,1.438e-11
7.4875000000000007,4.1216151291434038,4,sr,1.840e-15
7.5000000000000009,4.1195454713830095,4,sr,2.307e-12
7.5125000000000002,4.1176368012386986,4,sr,1.765e-11
7.5250000000000004,4.115884206590275,4,sr,6.680e-16
7.5375000000000005,4.1142822500994773,4,sr,2.942e-12
7.5500000000000007,4.1128249594522943,4,sr,9.381e-12
7.5625000000000009,4.1115058212902236,4,sr,1.428e-16
7.5750000000000002,4.1103177795619521,4,sr,5.233e-16
7.5875000000000004,4.1092532388657395,4,sr,1.059e-12
7.6000000000000005,4.1083040729677061,4,sr,2.138e-12
7.6125000000000007,4.1074616390276999,4,sr,2.804e-17
7.6250000000000009,4.106716797755479,4,sr,8.523e-16
7.6375000000000002,4.106059939745573,4,sr,9.750e-17
7.6500000000000004,4.1054810180308179,4,sr,8.612e-16
7.6625000000000005,4.1049695868645983,4,sr,2.051e-15
7.6750000000000007,4.1045148465570671,4,sr,2.155e-13
7.6875000000000009,4.1041056940652423,4,sr,6.690e-13
7.7000000000000002,4.1037307788925554,4,sr,1.147e-12
7.7125000000000004,4.1033785637100566,4,sr,1.492e-12
7.7250000000000005,4.1030373889755092,4,sr,1.621e-12
7.7375000000000007,4.1026955407048948,4,sr,1.515e-12
7.7500000000000009,4.1023413204449088,4,sr,4.590e-16
7.7625000000000002,4.1019631164229056,4,sr,1.113e-15
7.7750000000000004,4.101549474775851,4,sr,8.114e-12
7.7875000000000005,4.101089169719244,4,sr,2.875e-14
7.8000000000000007,4.1005712717100407,4,sr,8.680e-14
7.8125000000000009,4.0999852122559517,4,sr,5.093e-15
7.8250000000000002,4.0993208447015448,4,sr,2.411e-11
7.8375000000000004,4.0985684997543688,4,sr,2.052e-15
7.8500000000000005,4.0977190355610382,4,sr,1.524e-15
7.8625000000000007,4.0967638808424232,4,sr,1.988e-12
7.8750000000000009,4.0956950714987199,4,sr,5.740e-13
7.8875000000000002,4.0945052798304165,4,sr,1.175e-15
7.9000000000000004,4.0931878364699008,4,sr,1.819e-16
7.9125000000000005,4.0917367449727244,4,sr,1.596e-12
7.9250000000000007,4.0901466892743077,4,sr,1.628e-14
7.9375000000000009,4.0884130342857841,4,sr,2.676e-15
7.9500000000000002,4.0865318201029766,4,sr,5.002e-13
7.9625000000000004,4.0844997502908891,4,sr,2.473e-15
7.9750000000000005,4.0823141748782508,4,sr,3.975e-12
7.9875000000000007,4.0799730686509337,4,sr,1.426e-12
8,4.0774750055216442,4,sr,9.022e-12
8.0124999999999993,4.07481912944312,4,sr,8.302e-16
8.0250000000000004,4.0720051228793359,4,sr,1.484e-11
8.0374999999999996,4.0690331730098528,4,sr,5.003e-16
8.0499999999999989,4.0659039368634025,4,sr,8.977e-12
8.0625,4.0626185052951582,4,sr,1.273e-16
8.0749999999999993,4.0591783669549333,4,sr,2.798e-16
8.0875000000000004,4.0555853721950008,4,sr,7.713e-12
8.0999999999999996,4.0518416975947344,4,sr,2.185e-11
8.1124999999999989,4.0479498115134795,4,sr,1.259e-15
8.125,4.0439124404628704,4,sr,5.994e-16
8.1374999999999993,4.0397325372840136,4,sr,1.345e-16
8.1500000000000004,4.0354132506266076,4,sr,8.789e-12
8.1624999999999996,4.0309578961732804,4,sr,3.329e-11
8.1749999999999989,4.0263699298584505,4,sr,2.074e-15
8.1875,4.0216529224728035,4,sr,2.792e-16
8.1999999999999993,4.0168105366567044,4,sr,4.932e-16
8.2125000000000004,4.0118465053713699,4,sr,1.138e-15
8.2249999999999996,4.0067646123234049,4,sr,7.897e-16
8.2374999999999989,4.0015686741309917,4,sr,5.797e-16
8.25,3.9962625241889356,4,sr,1.975e-15
8.2624999999999993,3.9908499981537231,4,sr,4.829e-12
8.2750000000000004,3.9853349209935578,4,sr,1.796e-11
8.2874999999999996,3.9797210953866786,4,sr,4.512e-15
8.2999999999999989,3.9740122916803053,4,sr,2.808e-15
8.3125,3.9682122388717285,4,sr,1.378e-15
8.3249999999999993,3.9623246169243251,4,sr,6.103e-15
8.3375000000000004,3.9563530500980075,4,sr,3.586e-15
8.3499999999999996,3.950301101289269,4,sr,2.434e-11
8.3624999999999989,3.9441722672008446,4,sr,5.553e-16
8.375,3.9379699745109669,4,sr,2.160e-15
8.3874999999999993,3.9316975765443329,4,sr,5.165e-15
8.4000000000000004,3.9253583508122598,4,sr,4.483e-11
8.4124999999999996,3.9189554969579494,4,sr,4.924e-16
8.4249999999999989,3.912492135557633,4,sr,5.461e-15
8.4375,3.9059713069891924,4,sr,1.669e-15
8.4499999999999993,3.8993959710310766,4,sr,8.410e-16
8.4625000000000004,3.8927690067112426,4,sr,9.155e-15
8.4749999999999996,3.8860932125036638,4,sr,2.819e-15
8.4874999999999989,3.8793713068103508,4,sr,8.610e-16
8.5,3.8726059286907897,4,sr,1.223e-14
8.5124999999999993,3.865799638804615,4,sr,2.535e-15
8.5250000000000004,3.8589549205364873,4,sr,4.403e-16
8.5374999999999996,3.8520741812751478,4,sr,1.641e-14
8.5499999999999989,3.8451597538288587,4,sr,1.898e-11
8.5625,3.8382138979052902,4,sr,4.320e-15
8.5749999999999993,3.8312388017840728,4,sr,8.425e-15
8.5875000000000004,3.8242365839174663,4,sr,2.007e-15
8.5999999999999996,3.8172092946900489,4,sr,2.002e-14
8.6124999999999989,3.8101589181836557,4,sr,2.315e-11
8.625,3.8030873739287143,4,sr,9.581e-15
8.6374999999999993,3.7959965187915623,4,sr,2.059e-15
8.6500000000000004,3.7888881487097463,4,sr,2.072e-15
8.6624999999999996,3.7817640005456221,4,sr,1.772e-14
8.6749999999999989,3.7746257538843273,4,sr,1.430e-15
8.6875,3.7674750328254936,4,sr,2.560e-14
8.6999999999999993,3.7603134077390417,4,sr,5.426e-11
8.7125000000000004,3.753142397098618,4,sr,1.406e-14
8.7249999999999996,3.7459634690343271,4,sr,8.581e-15
8.7374999999999989,3.7387780431933066,4,sr,7.157e-15
8.75,3.7315874923137882,4,sr,1.863e-14
8.7624999999999993,3.724393143866005,4,sr,2.281e-15
8.7750000000000004,3.7171962816396409,4,sr,2.554e-14
8.7874999999999996,3.7099981472939243,4,sr,1.222e-13
8.7999999999999989,3.7027999418693178,4,sr,2.322e-14
8.8125,3.6956028272598815,4,sr,5.100e-15
8.8249999999999993,3.6884079276470456,4,sr,7.659e-15
8.8375000000000004,3.681216330893383,4,sr,8.610e-15
8.8499999999999996,3.6740290898974837,4,sr,1.688e-15
8.8624999999999989,3.6668472239096523,4,sr,1.680e-14
8.875,3.6596717198091246,4,sr,1.186e-15
8.8874999999999993,3.6525035333430784,4,sr,2.714e-14
8.9000000000000004,3.6453435903200821,4,sr,3.162e-11
8.9124999999999996,3.6381927878160489,4,sr,1.070e-14
8.9249999999999989,3.6310519952207803,4,sr,8.064e-15
8.9375,3.6239220554140292,4,sr,4.729e-15
8.9499999999999993,3.6168037857836852,4,sr,9.226e-15
8.9625000000000004,3.609697979260067,4,sr,7.933e-16
8.9749999999999996,3.6026054053094523,4,sr,1.682e-14
8.9874999999999989,3.5955268108961449,4,sr,3.618e-15
9,3.5884629214140094,4,sr,3.522e-15
9.0124999999999993,3.5814144415883842,4,sr,9.793e-15
9.0250000000000004,3.5743820563494326,4,sr,6.546e-15
9.0374999999999996,3.567366431677816,4,sr,8.714e-15
9.0499999999999989,3.560368215411859,4,sr,5.012e-11
9.0625,3.5533880381001923,4,sr,2.243e-15
9.0749999999999993,3.5464265136514643,4,sr,5.822e-15
9.0875000000000004,3.5394842401977549,4,sr,1.520e-15
9.0999999999999996,3.5325618007568078,4,sr,4.949e-15
9.1124999999999989,3.5256597639434859,4,sr,4.386e-15
9.125,3.5187786846481379,4,sr,2.238e-15
9.1374999999999993,3.511919104694595,4,sr,1.558e-15
9.1500000000000004,3.5050815534800623,4,sr,6.304e-12
9.1624999999999996,3.4982665485877309,4,sr,5.126e-15
9.1749999999999989,3.4914745964028571,4,sr,2.745e-15
9.1875,3.4847061926831255,4,sr,2.666e-15
9.1999999999999993,3.477961823133974,4,sr,5.750e-15
9.2125000000000004,3.4712419639596588,4,sr,2.093e-15
9.2249999999999996,3.4645470824007258,4,sr,5.126e-15
9.2374999999999989,3.4578776372571318,4,sr,6.206e-16
9.25,3.451234079397695,4,sr,8.280e-17
9.2624999999999993,3.4446168522564928,4,sr,4.101e-15
9.2750000000000004,3.4380263923167953,4,sr,8.495e-16
9.2874999999999996,3.4314631295831757,4,sr,3.800e-16
9.2999999999999989,3.4249274880416332,4,sr,3.176e-12
9.3125,3.4184198861131283,4,sr,2.590e-15
9.3249999999999993,3.4119407371022819,4,sr,7.249e-11
9.3375000000000004,3.4054904495547311,4,sr,5.147e-12
9.3499999999999996,3.3990694278421891,4,sr,2.183e-11
9.3624999999999989,3.3926780723833811,4,sr,1.678e-15
9.375,3.3863167801849925,4,sr,9.188e-15
9.3874999999999993,3.3799859451692367,4,sr,2.438e-14
9.4000000000000004,3.3736859585872732,4,sr,1.820e-15
9.4124999999999996,3.367417209396034,4,sr,4.409e-15
9.4249999999999989,3.3611800846332045,4,sr,6.333e-16
9.4375,3.3549749697857401,4,sr,3.074e-13
9.4499999999999993,3.3488022491528238,4,sr,2.720e-15
9.4625000000000004,3.3426623062021501,4,sr,1.098e-15
9.4749999999999996,3.3365555239221631,4,sr,7.895e-15
9.4874999999999989,3.3304822851682023,4,sr,1.287e-15
9.5,3.3244429730042029,4,sr,3.389e-15
9.5124999999999993,3.3184379710397263,4,sr,8.187e-16
9.5250000000000004,3.3124676637625998,4,sr,1.607e-15
9.5374999999999996,3.3065324368673497,4,sr,1.822e-15
9.5499999999999989,3.3006326775796131,4,sr,3.529e-16
9.5625,3.2947687749622725,4,sr,6.580e-11
9.5749999999999993,3.2889411203041505,4,sr,5.812e-15
9.5875000000000004,3.283150107289238,4,sr,1.111e-14
9.5999999999999996,3.2773961324500474,4,sr,1.066e-14
9.6125000000000007,3.2716795954016322,4,sr,5.369e-16
9.625,3.266000899158334,4,sr,9.105e-16
9.6374999999999993,3.2603604504326187,4,sr,1.602e-15
9.6500000000000004,3.2547586599088172,4,sr,9.594e-11
9.6624999999999996,3.2491959426418018,4,sr,5.206e-15
9.6750000000000007,3.2436727181302265,4,sr,5.456e-15
9.6875,3.2381894108145333,4,sr,1.706e-14
9.6999999999999993,3.2327464502491488,4,sr,2.174e-14
9.7125000000000004,3.2273442713988305,4,sr,1.742e-14
9.7249999999999996,3.2219833149088397,4,sr,1.820e-14
9.7375000000000007,3.2166640273698488,4,sr,1.809e-14
9.75,3.2113868615774099,4,sr,7.271e-15
9.7624999999999993,3.2061522767853208,4,sr,1.397e-15
9.7750000000000004,3.2009607389524457,4,sr,4.228e-15
9.7874999999999996,3.1958127209823393,4,sr,2.054e-16
9.8000000000000007,3.1907087029550136,4,sr,1.074e-15
9.8125,3.1856491723500913,4,sr,8.153e-16
9.8249999999999993,3.1806346242604717,4,sr,1.370e-15
9.8375000000000004,3.1756655615956246,4,sr,2.428e-15
9.8499999999999996,3.17074249527343,4,sr,1.812e-15
9.8625000000000007,3.1658659443994592,4,sr,2.004e-15
9.875,3.1610364364324481,4,sr,9.177e-15
9.8874999999999993,3.1562545073345953,4,sr,9.036e-15
9.9000000000000004,3.1515207017051905,4,sr,1.107e-14
9.9124999999999996,3.1468355728959665,4,sr,3.197e-14
9.9250000000000007,3.1421996831064112,4,sr,4.190e-14
9.9375,3.1376136034571096,4,sr,5.221e-14
9.9499999999999993,3.133077914038934,4,sr,4.138e-14
9.9625000000000004,3.1285932039361954,4,sr,3.047e-14
9.9749999999999996,3.1241600712208113,4,sr,3.453e-15
9.9875000000000007,3.1197791229402121,4,sr,9.369e-11
10,3.1154509749213126,4,sr,7.593e-16
3.7125000000000004,14.980053595273594,5,sr,7.589e-12
3.7250000000000005,14.895266378616304,5,sr,1.391e-15
3.7375000000000003,14.811657465350029,5,sr,1.958e-15
3.7500000000000004,14.729223698748434,5,sr,8.076e-12
3.7625000000000002,14.647962554305952,5,sr,1.255e-11
3.7750000000000004,14.567872157144297,5,sr,1.228e-11
3.7875000000000005,14.488951300802347,5,sr,1.134e-11
3.8000000000000003,14.411199466918482,5,sr,3.007e-15
3.8125000000000004,14.334616845684232,5,sr,1.882e-12
3.8250000000000002,14.259204357733939,5,sr,6.396e-12
3.8375000000000004,14.184963676687286,5,sr,1.659e-14
3.8500000000000005,14.111897252595224,5,sr,1.759e-15
3.8625000000000003,14.040008336302678,5,sr,1.365e-13
3.8750000000000004,13.969301004352948,5,sr,4.140e-12
3.8875000000000002,13.899780184498498,5,sr,4.762e-13
3.9000000000000004,13.831451681422301,5,sr,2.095e-15
3.9125000000000005,13.764322202640862,5,sr,3.261e-12
3.9250000000000003,13.698399384096819,5,sr,1.053e-11
3.9375000000000004,13.633691815169204,5,sr,7.742e-12
3.9500000000000002,13.570209062515261,5,sr,2.852e-15
3.9625000000000004,13.507961692318093,5,sr,1.046e-11
3.9750000000000005,13.44696129035797,5,sr,6.870e-16
3.9875000000000003,13.387220478555117,5,sr,1.781e-15
4,13.328752927848431,5,sr,4.950e-12
4.0125000000000002,13.271573365580444,5,sr,1.726e-15
4.0250000000000004,13.215697576248143,5,sr,1.062e-16
4.0375000000000005,13.161142394244827,5,sr,1.568e-16
4.0500000000000007,13.107925686399463,5,sr,5.818e-12
4.0625,13.056066322460159,5,sr,2.225e-15
4.0750000000000002,13.005584130691208,5,sr,5.970e-16
4.0875000000000004,12.956499836194464,5,sr,6.360e-16
4.1000000000000005,12.908834978235124,5,sr,2.087e-12
4.1125000000000007,12.862611803186123,5,sr,3.633e-12
4.125,12.81785312880808,5,sr,3.116e-12
4.1375000000000002,12.774582175323518,5,sr,2.695e-13
4.1500000000000004,12.732822358205745,5,sr,2.445e-12
4.1625000000000005,12.692597037317201,5,sr,2.205e-12
4.1750000000000007,12.653929216377231,5,sr,8.726e-13
4.1875,12.616841186932273,5,sr,1.664e-15
4.2000000000000002,12.581354110622426,5,sr,2.516e-16
4.2125000000000004,12.547487533850504,5,sr,1.649e-16
4.2250000000000005,12.515258829467657,5,sr,6.889e-16
4.2375000000000007,12.484682561082325,5,sr,4.745e-14
4.25,12.455769767103769,5,sr,5.878e-16
4.2625000000000002,12.42852716386283,5,sr,3.947e-13
4.2750000000000004,12.40295627021106,5,sr,4.240e-13
4.2875000000000005,12.379052459933613,5,sr,1.322e-13
4.3000000000000007,12.356803953353856,5,sr,4.197e-16
4.3125,12.336190765506641,5,sr,1.160e-15
4.3250000000000002,12.317183635256676,5,sr,4.469e-16
4.3375000000000004,12.299742967523629,5,sr,2.170e-15
4.3500000000000005,12.283817828948733,5,sr,1.399e-14
4.3625000000000007,12.269345045354893,5,sr,1.739e-15
4.375,12.25624845643879,5,sr,3.576e-16
4.3875000000000002,12.244438388311107,5,sr,8.412e-15
4.4000000000000004,12.233811406640289,5,sr,3.429e-14
4.4125000000000005,12.224250411115261,5,sr,1.976e-14
4.4250000000000007,12.215625124672684,5,sr,1.238e-12
4.4375,12.207793017801706,5,sr,7.413e-14
4.4500000000000002,12.200600688849381,5,sr,4.131e-12
4.4625000000000004,12.193885696773911,5,sr,2.984e-14
4.4750000000000005,12.187478814334016,5,sr,3.475e-16
4.4875000000000007,12.181206638747778,5,sr,2.484e-12
4.5,12.174894469361293,5,sr,2.892e-16
4.5125000000000002,12.168369337210223,5,sr,1.458e-15
4.5250000000000004,12.161463055206475,5,sr,1.272e-14
4.5375000000000005,12.154015152622193,5,sr,1.600e-12
4.5500000000000007,12.145875562420597,5,sr,1.821e-14
4.5625,12.136906946578641,5,sr,6.716e-14
4.5750000000000002,12.126986570443705,5,sr,8.436e-14
4.5875000000000004,12.116007668280371,5,sr,4.387e-14
4.6000000000000005,12.103880276775367,5,sr,1.298e-15
4.6125000000000007,12.090531546045995,5,sr,1.720e-14
4.625,12.075905566489777,5,sr,4.097e-14
4.6375000000000002,12.059962772054304,5,sr,9.489e-14
4.6500000000000004,12.042678995177488,5,sr,3.662e-16
4.6625000000000005,12.024044255668477,5,sr,5.952e-16
4.6750000000000007,12.004061366009694,5,sr,7.563e-17
4.6875,11.982744430261329,5,sr,3.846e-17
4.7000000000000002,11.960117304631654,5,sr,1.291e-15
4.7125000000000004,11.936212076381807,5,sr,1.591e-13
4.7250000000000005,11.911067605511944,5,sr,2.043e-13
4.7375000000000007,11.884728161738812,5,sr,3.716e-16
4.75,11.8572421783743,5,sr,8.498e-13
4.7625000000000002,11.828661135320376,5,sr,4.283e-17
4.7750000000000004,11.79903857583103,5,sr,1.876e-15
4.7875000000000005,11.768429255596134,5,sr,2.222e-16
4.8000000000000007,11.736888418569571,5,sr,2.053e-12
4.8125000000000009,11.704471190829466,5,sr,1.337e-15
4.8250000000000002,11.671232082194079,5,sr,1.908e-12
4.8375000000000004,11.637224584090838,5,sr,4.057e-12
4.8500000000000005,11.602500852423564,5,sr,4.955e-12
4.8625000000000007,11.567111464116346,5,sr,5.581e-12
4.8750000000000009,11.53110523681246,5,sr,3.266e-12
4.8875000000000002,11.494529102066958,5,sr,8.222e-16
4.9000000000000004,11.457428023236083,5,sr,9.301e-12
4.9125000000000005,11.419844950175369,5,sr,1.330e-15
4.9250000000000007,11.381820804378378,5,sr,1.059e-11
4.9375000000000009,11.343394487845645,5,sr,2.752e-16
4.9500000000000002,11.304602911685858,5,sr,1.348e-15
4.9625000000000004,11.265481039144619,5,sr,2.199e-12
4.9750000000000005,11.226061940236253,5,sr,9.178e-12
4.9875000000000007,11.186376854574451,5,sr,1.468e-11
5.0000000000000009,11.146455260060346,5,sr,1.745e-11
5.0125000000000002,11.106324945674853,5,sr,1.750e-11
5.0250000000000004,11.066012085724706,5,sr,1.338e-11
5.0375000000000005,11.025541315979849,5,sr,5.305e-12
5.0500000000000007,10.98493580889502,5,sr,1.469e-11
5.0625000000000009,10.944217348257661,5,sr,1.350e-15
5.0750000000000002,10.903406401936188,5,sr,1.435e-15
5.0875000000000004,10.862522192963109,5,sr,3.704e-15
5.1000000000000005,10.821582767925294,5,sr,2.281e-12
5.1125000000000007,10.780605062870695,5,sr,1.133e-11
5.1250000000000009,10.739604966305574,5,sr,2.342e-15
5.1375000000000002,10.698597379558125,5,sr,6.978e-16
5.1500000000000004,10.65759627396239,5,sr,5.654e-16
5.1625000000000005,10.616614745349141,5,sr,1.288e-15
5.1750000000000007,10.575665065630277,5,sr,1.995e-11
5.1875000000000009,10.534758731499473,5,sr,1.173e-15
5.2000000000000002,10.49390651070969,5,sr,9.648e-16
5.2125000000000004,10.453118485374054,5,sr,1.051e-15
5.2250000000000005,10.412404093044428,5,sr,6.151e-15
5.2375000000000007,10.37177216528824,5,sr,7.066e-15
5.2500000000000009,10.331230964006874,5,sr,2.019e-15
5.2625000000000002,10.290788215574286,5,sr,2.157e-11
5.2750000000000004,10.250451143039859,5,sr,1.734e-11
5.2875000000000005,10.210226496066491,5,sr,5.099e-12
5.3000000000000007,10.17012057955054,5,sr,1.604e-12
5.3125000000000009,10.130139280053964,5,sr,2.235e-12
5.3250000000000002,10.090288090850205,5,sr,9.516e-12
5.3375000000000004,10.050572135389372,5,sr,3.496e-11
5.3500000000000005,10.010996189262237,5,sr,2.525e-16
5.3625000000000007,9.9715647010622561,5,sr,2.805e-15
5.3750000000000009,9.9322818116010101,5,sr,5.742e-15
5.3875000000000002,9.8931513722568081,5,sr,2.853e-15
5.4000000000000004,9.8541769620774868,5,sr,1.412e-16
5.4125000000000005,9.815361903878884,5,sr,2.032e-11
5.4250000000000007,9.7767092792957353,5,sr,5.232e-15
5.4375000000000009,9.7382219431026833,5,sr,3.307e-15
5.4500000000000002,9.6999025364368929,5,sr,2.793e-15
5.4625000000000004,9.6617534994031882,5,sr,0.000e+00
5.4750000000000005,9.6237770828567371,5,sr,2.744e-15
5.4875000000000007,9.5859753594962456,5,sr,6.266e-15
5.5000000000000009,9.5483502343002069,5,sr,4.083e-15
5.5125000000000002,9.5109034543479023,5,sr,3.271e-15
5.5250000000000004,9.4736366180642371,5,sr,6.775e-15
5.5375000000000005,9.4365511839249301,5,sr,3.789e-16
5.5500000000000007,9.3996484786562071,5,sr,8.581e-16
5.5625000000000009,9.3629297049608589,5,sr,3.838e-15
5.5750000000000002,9.3263959488005295,5,sr,1.139e-14
5.5875000000000004,9.2900481862623838,5,sr,6.446e-13
5.6000000000000005,9.2538872900340632,5,sr,6.839e-15
5.6125000000000007,9.2179140355176941,5,sr,3.783e-15
5.6250000000000009,9.1821291065950188,5,sr,6.916e-16
5.6375000000000002,9.1465331010756028,5,sr,2.831e-15
5.6500000000000004,9.1111265358415849,5,sr,6.641e-15
5.6625000000000005,9.0759098517097616,5,sr,3.011e-15
5.6750000000000007,9.0408834180280433,5,sr,7.565e-16
5.6875000000000009,9.0060475370226314,5,sr,3.446e-15
5.7000000000000002,8.9714024479110854,5,sr,1.782e-15
5.7125000000000004,8.9369483307955928,5,sr,3.835e-15
5.7250000000000005,8.9026853103498365,5,sr,8.475e-15
5.7375000000000007,8.8686134593118968,5,sr,6.189e-16
5.7500000000000009,8.834732801794992,5,sr,8.441e-15
5.7625000000000002,8.8010433164270498,5,sr,8.006e-15
5.7750000000000004,8.7675449393293157,5,sr,6.784e-16
5.7875000000000005,8.7342375669439196,5,sr,4.138e-15
5.8000000000000007,8.7011210587192043,5,sr,2.102e-15
5.8125000000000009,8.66819523966155,5,sr,4.799e-15
5.8250000000000002,8.6354599027818164,5,sr,5.291e-11
5.8375000000000004,8.6029148113026164,5,sr,2.388e-15
5.8500000000000005,8.5705597010347194,5,sr,6.087e-11
5.8625000000000007,8.5383942823823595,5,sr,3.255e-15
5.8750000000000009,8.5064182422108807,5,sr,2.354e-15
5.8875000000000002,8.4746312459579496,5,sr,5.901e-16
5.9000000000000004,8.4430329393359038,5,sr,8.873e-16
5.9125000000000005,8.4116229500898747,5,sr,4.635e-15
5.9250000000000007,8.3804008896686337,5,sr,3.268e-11
5.9375000000000009,8.3493663547533767,5,sr,6.683e-15
5.9500000000000002,8.3185189288955304,5,sr,4.879e-15
5.9625000000000004,8.2878581838568266,5,sr,6.463e-15
5.9750000000000005,8.2573836810665515,5,sr,4.923e-15
5.9875000000000007,8.227094972953175,5,sr,6.537e-16
6.0000000000000009,8.1969916042361266,5,sr,4.309e-15
6.0125000000000002,8.1670731131693728,5,sr,3.072e-15
6.0250000000000004,8.1373390327400532,5,sr,2.241e-15
6.0375000000000005,8.1077888918252121,5,sr,5.267e-15
6.0500000000000007,8.0784222163095496,5,sr,2.245e-15
6.0625000000000009,8.049238530167063,5,sr,3.918e-15
6.0750000000000002,8.0202373565101706,5,sr,3.009e-12
6.0875000000000004,7.9914182186200957,5,sr,5.419e-11
6.1000000000000005,7.9627806408542572,5,sr,8.021e-15
6.1125000000000007,7.9343241497767973,5,sr,1.459e-11
6.1250000000000009,7.9060482749425809,5,sr,3.643e-12
6.1375000000000002,7.8779525498572776,5,sr,1.355e-11
6.1500000000000004,7.8500365129159464,5,sr,1.000e-13
6.1625000000000005,7.822299708225076,5,sr,1.333e-14
6.1750000000000007,7.7947416865102328,5,sr,3.054e-12
6.1875000000000009,7.7673620059499022,5,sr,1.205e-15
6.2000000000000002,7.7401602330135866,5,sr,1.480e-11
6.2125000000000004,7.7131359432759554,5,sr,9.571e-17
6.2250000000000005,7.6862887222812972,5,sr,5.532e-15
6.2375000000000007,7.6596181663026153,5,sr,1.951e-11
6.2500000000000009,7.6331238832075172,5,sr,4.715e-15
6.2625000000000002,7.6068054931941544,5,sr,7.892e-16
6.2750000000000004,7.5806626296601092,5,sr,3.832e-15
6.2875000000000005,7.5546949399675754,5,sr,1.962e-11
6.3000000000000007,7.5289020862882232,5,sr,4.171e-15
6.3125000000000009,7.5032837463468347,5,sr,5.433e-15
6.3250000000000002,7.4778396143003132,5,sr,3.615e-15
6.3375000000000004,7.4525694015250634,5,sr,3.499e-16
6.3500000000000005,7.4274728374514831,5,sr,2.686e-15
6.3625000000000007,7.4025496704013252,5,sr,2.090e-15
6.3750000000000009,7.3777996684361069,5,sr,1.336e-15
6.3875000000000002,7.3532226202180748,5,sr,4.798e-15
6.4000000000000004,7.3288183358852841,5,sr,3.136e-15
6.4125000000000005,7.3045866479216928,5,sr,6.084e-11
6.4250000000000007,7.2805274121690289,5,sr,3.223e-15
6.4375000000000009,7.2566405085462753,5,sr,2.844e-15
6.4500000000000002,7.2329258422047591,5,sr,1.470e-15
6.4625000000000004,7.209383344395186,5,sr,3.331e-12
6.4750000000000005,7.1860129734761307,5,sr,5.317e-15
6.4875000000000007,7.1628147159444735,5,sr,1.132e-14
6.5000000000000009,7.1397885874624976,5,sr,2.097e-11
6.5125000000000002,7.1169346339755251,5,sr,7.884e-15
6.5250000000000004,7.0942529327422168,5,sr,5.902e-15
6.5375000000000005,7.0717435935461337,5,sr,7.103e-15
6.5500000000000007,7.0494067598304717,5,sr,3.663e-15
6.5625000000000009,7.0272426099127943,5,sr,0.000e+00
6.5750000000000002,7.0052513582299456,5,sr,5.394e-15
6.5875000000000004,6.9834332566221784,5,sr,9.432e-15
6.6000000000000005,6.961788595658291,5,sr,4.343e-15
6.6125000000000007,6.9403177060035404,5,sr,3.576e-15
6.6250000000000009,6.9190209598319603,5,sr,2.026e-15
6.6375000000000002,6.8978987722849139,5,sr,8.847e-15
6.6500000000000004,6.8769516029774449,5,sr,3.275e-15
6.6625000000000005,6.8561799575540903,5,sr,2.479e-15
6.6750000000000007,6.8355843892956232,5,sr,9.666e-17
6.6875000000000009,6.8151655007782752,5,sr,1.730e-15
6.7000000000000002,6.794923945585472,5,sr,3.124e-12
6.7125000000000004,6.7748604300779478,5,sr,1.019e-11
6.7250000000000005,6.7549757152257381,5,sr,3.221e-13
6.7375000000000007,6.7352706184612057,5,sr,2.812e-15
6.7500000000000009,6.7157460156511499,5,sr,1.117e-15
6.7625000000000002,6.6964028430753615,5,sr,1.387e-15
6.7750000000000004,6.6772420994846264,5,sr,1.020e-14
6.7875000000000005,6.6582648482131663,5,sr,3.831e-15
6.8000000000000007,6.639472219348824,5,sr,2.196e-12
6.8125000000000009,6.620865411953373,5,sr,3.686e-15
6.8250000000000002,6.6024456963510412,5,sr,9.547e-15
6.8375000000000004,6.584214416449397,5,sr,3.365e-15
6.8500000000000005,6.5661729921227971,5,sr,5.975e-15
6.8625000000000007,6.5483229216342274,5,sr,3.836e-15
6.8750000000000009,6.5306657840969828,5,sr,2.767e-15
6.8875000000000002,6.5132032419691095,5,sr,2.488e-15
6.9000000000000004,6.4959370435727868,5,sr,8.507e-17
6.9125000000000005,6.478869025629785,5,sr,1.518e-15
6.9250000000000007,6.4620011158019945,5,sr,7.526e-16
6.9375000000000009,6.4453353352244367,5,sr,2.155e-15
6.9500000000000002,6.4288738010158042,5,sr,4.108e-15
6.9625000000000004,6.4126187287491732,5,sr,5.700e-15
6.9750000000000005,6.3965724348628337,5,sr,3.227e-16
6.9875000000000007,6.3807373389879372,5,sr,2.642e-16
7.0000000000000009,6.3651159661662922,5,sr,5.463e-15
7.0125000000000002,6.3497109489153987,5,sr,2.191e-11
7.0250000000000004,6.334525029211969,5,sr,3.534e-11
7.0375000000000005,6.3195610599795273,5,sr,4.279e-11
7.0500000000000007,6.3048220067103715,5,sr,7.564e-12
7.0625000000000009,6.2903109485876438,5,sr,3.768e-16
7.0750000000000002,6.2760310790496465,5,sr,2.685e-15
7.0875000000000004,6.2619857062485353,5,sr,4.429e-15
7.1000000000000005,6.2481782528047871,5,sr,3.652e-16
7.1125000000000007,6.2346122550069492,5,sr,2.512e-11
7.1250000000000009,6.2212913614233072,5,sr,3.217e-15
7.1375000000000002,6.2082193304849662,5,sr,3.677e-15
7.1500000000000004,6.1954000274986623,5,sr,1.119e-15
7.1625000000000005,6.1828374203926675,5,sr,4.011e-15
7.1750000000000007,6.1705355744005539,5,sr,4.103e-16
7.1875000000000009,6.1584986454170751,5,sr,9.530e-16
7.2000000000000002,6.1467308718767546,5,sr,6.617e-15
7.2125000000000004,6.1352365649749387,5,sr,1.718e-15
7.2250000000000005,6.1240200970361345,5,sr,6.531e-17
7.2375000000000007,6.1130858878196941,5,sr,1.936e-16
7.2500000000000009,6.1024383885383271,5,sr,8.931e-16
7.2625000000000002,6.092082063351322,5,sr,1.261e-15
7.2750000000000004,6.0820213680821213,5,sr,3.304e-15
7.2875000000000005,6.0722607258997527,5,sr,2.155e-15
7.3000000000000007,6.0628044996964388,5,sr,2.436e-15
7.3125000000000009,6.0536569608905131,5,sr,6.011e-16
7.3250000000000002,6.0448222543844432,5,sr,1.547e-12
7.3375000000000004,6.036304359427727,5,sr,1.056e-15
7.3500000000000005,6.0281070461110469,5,sr,8.700e-16
7.3625000000000007,6.0202338273253666,5,sr,1.949e-15
7.3750000000000009,6.0126879059575327,5,sr,2.266e-15
7.3875000000000002,6.0054721172272627,5,sr,3.359e-16
7.4000000000000004,5.9985888661198858,5,sr,1.974e-11
7.4125000000000005,5.9920400598000274,5,sr,9.846e-16
7.4250000000000007,5.9858270355849728,5,sr,8.653e-16
7.4375000000000009,5.9799504840111846,5,sr,4.299e-14
7.4500000000000002,5.9744103681446656,5,sr,4.075e-12
7.4625000000000004,5.9692058393176284,5,sr,5.704e-12
7.4750000000000005,5.9643351501820918,5,sr,3.567e-12
7.4875000000000007,5.9597955661312758,5,sr,3.437e-13
7.5000000000000009,5.9555832763340852,5,sr,5.072e-17
7.5125000000000002,5.9516933059012507,5,sr,2.311e-15
7.5250000000000004,5.9481194309206824,5,sr,6.142e-12
7.5375000000000005,5.9448540984771014,5,sr,6.914e-14
7.5500000000000007,5.9418883537367586,5,sr,1.222e-16
7.5625000000000009,5.9392117768403558,5,sr,6.712e-13
7.5750000000000002,5.9368124319530784,5,sr,6.256e-16
7.5875000000000004,5.9346768313191633,5,sr,2.004e-14
7.6000000000000005,5.9327899169982166,5,sr,4.165e-13
7.6125000000000007,5.9311350628418058,5,sr,1.179e-15
7.6250000000000009,5.9296940990990086,5,sr,7.537e-14
7.6375000000000002,5.9284473616145608,5,sr,1.301e-12
7.6500000000000004,5.9273737671182953,5,sr,4.067e-16
7.6625000000000005,5.9264509154801051,5,sr,2.315e-17
7.6750000000000007,5.925655218964395,5,sr,8.384e-16
7.6875000000000009,5.9249620577866029,5,sr,2.027e-15
7.7000000000000002,5.9243459602551978,5,sr,3.623e-13
7.7125000000000004,5.9237808048973761,5,sr,8.186e-13
7.7250000000000005,5.9232400410560864,5,sr,9.933e-13
7.7375000000000007,5.9226969236253542,5,sr,8.228e-13
7.7500000000000009,5.9221247569375928,5,sr,1.460e-11
7.7625000000000002,5.9214971421575884,5,sr,9.745e-15
7.7750000000000004,5.9207882228719049,5,sr,1.233e-13
7.7875000000000005,5.9199729223445363,5,sr,1.308e-14
7.8000000000000007,5.9190271676474433,5,sr,1.490e-15
7.8125000000000009,5.9179280951524333,5,sr,8.890e-16
7.8250000000000002,5.9166542331572529,5,sr,1.606e-12
7.8375000000000004,5.915185658134047,5,sr,4.737e-14
7.8500000000000005,5.9135041220215534,5,sr,5.240e-16
7.8625000000000007,5.9115931491464027,5,sr,2.042e-12
7.8750000000000009,5.9094381022593767,5,sr,7.494e-16
7.8875000000000002,5.907026218195214,5,sr,2.410e-12
7.9000000000000004,5.904346614665406,5,sr,1.082e-15
7.9125000000000005,5.9013902701594034,5,sr,1.156e-12
7.9250000000000007,5.8981499798592285,5,sr,9.017e-16
7.9375000000000009,5.8946202905347418,5,sr,1.088e-15
7.9500000000000002,5.8907974179170468,5,sr,3.538e-13
7.9625000000000004,5.8866791499351923,5,sr,2.240e-12
7.9750000000000005,5.8822647392567982,5,sr,4.705e-12
7.9875000000000007,5.877554788371576,5,sr,1.373e-15
8,5.8725511302519431,5,sr,1.656e-15
8.0124999999999993,5.8672567071817801,5,sr,1.323e-11
8.0250000000000004,5.8616754501408517,5,sr,1.389e-11
8.0374999999999996,5.8558121608219658,5,sr,6.554e-12
8.0499999999999989,5.8496723976814931,5,sr,2.073e-15
8.0625,5.8432623674046642,5,sr,2.665e-15
8.0749999999999993,5.8365888226756839,5,sr,2.229e-11
8.0875000000000004,5.8296589670752326,5,sr,2.385e-15
8.0999999999999996,5.8224803669977172,5,sr,7.061e-16
8.1124999999999989,5.8150608715404752,5,sr,1.541e-13
8.125,5.8074085396108845,5,sr,3.679e-15
8.1374999999999993,5.7995315745533746,5,sr,2.683e-16
8.1500000000000004,5.7914382658840999,5,sr,4.328e-16
8.1624999999999996,5.7831369378167246,5,sr,1.502e-15
8.1749999999999989,5.7746359041753372,5,sr,5.070e-16
8.1875,5.765943429247999,5,sr,1.115e-11
8.1999999999999993,5.7570676941800025,5,sr,1.109e-15
8.2125000000000004,5.7480167682648649,5,sr,1.975e-15
8.2249999999999996,5.7387985849655259,5,sr,3.506e-16
8.2374999999999989,5.7294209219241434,5,sr,4.039e-16
8.25,5.719891384708129,5,sr,3.135e-15
8.2624999999999993,5.7102173938338154,5,sr,7.753e-12
8.2750000000000004,5.7004061746801371,5,sr,2.747e-11
8.2874999999999996,5.6904647499496672,5,sr,3.844e-11
8.2999999999999989,5.680399934397327,5,sr,3.202e-11
8.3125,5.6702183314714771,5,sr,1.124e-11
8.3249999999999993,5.659926331632545,5,sr,2.479e-15
8.3375000000000004,5.6495301120746753,5,sr,2.211e-15
8.3499999999999996,5.639035637698,5,sr,5.365e-15
8.3624999999999989,5.628448663115809,5,sr,2.786e-15
8.375,5.6177747355000358,5,sr,1.050e-14
8.3874999999999993,5.607019198142531,5,sr,7.228e-15
8.4000000000000004,5.5961871945943571,5,sr,9.710e-15
8.4124999999999996,5.5852836732846018,5,sr,3.385e-11
8.4249999999999989,5.5743133924034431,5,sr,7.528e-15
8.4375,5.5632809253090505,5,sr,5.441e-15
8.4499999999999993,5.552190665806032,5,sr,6.947e-15
8.4625000000000004,5.5410468338087204,5,sr,5.872e-15
8.4749999999999996,5.5298534809877076,5,sr,2.798e-15
8.4874999999999989,5.5186144964686816,5,sr,3.322e-16
8.5,5.5073336125275905,5,sr,1.794e-14
8.5124999999999993,5.4960144102492317,5,sr,9.131e-15
8.5250000000000004,5.4846603251217338,5,sr,1.450e-15
8.5374999999999996,5.4732746525446778,5,sr,1.127e-14
8.5499999999999989,5.461860553232305,5,sr,2.741e-14
8.5625,5.4504210584974526,5,sr,4.372e-16
8.5749999999999993,5.4389590754044264,5,sr,4.672e-15
8.5875000000000004,5.4274773917824746,5,sr,2.896e-14
8.5999999999999996,5.415978681093204,5,sr,7.880e-15
8.6124999999999989,5.4044655071474255,5,sr,3.609e-15
8.625,5.3929403286690629,5,sr,2.054e-14
8.6374999999999993,5.3814055037044168,5,sr,1.950e-14
8.6500000000000004,5.3698632938770059,5,sr,4.242e-15
8.6624999999999996,5.3583158684884991,5,sr,1.393e-14
8.6749999999999989,5.3467653084678499,5,sr,3.244e-14
8.6875,5.3352136101890544,5,sr,5.607e-11
8.6999999999999993,5.3236626890324974,5,sr,9.568e-15
8.7125000000000004,5.3121143830771684,5,sr,3.041e-14
8.7249999999999996,5.3005704562879128,5,sr,7.675e-16
8.7374999999999989,5.2890326018408871,5,sr,5.598e-15
8.75,5.2775024452081718,5,sr,4.185e-14
8.7624999999999993,5.2659815471333955,5,sr,1.377e-14
8.7750000000000004,5.2544714064844014,5,sr,1.326e-15
8.7874999999999996,5.2429734629877593,5,sr,2.435e-14
8.7999999999999989,5.231489099849103,5,sr,1.748e-14
8.8125,5.2200196462642428,5,sr,6.367e-13
8.8249999999999993,5.2085663798237452,5,sr,1.906e-14
8.8375000000000004,5.1971305288194287,5,sr,3.327e-14
8.8499999999999996,5.1857132744504844,5,sr,8.055e-15
8.8624999999999989,5.1743157529394779,5,sr,8.093e-15
8.875,5.1629390575587992,5,sr,2.408e-14
8.8874999999999993,5.151584240572384,5,sr,1.078e-14
8.9000000000000004,5.1402523150732442,5,sr,8.831e-11
8.9124999999999996,5.1289442568830976,5,sr,2.589e-15
8.9249999999999989,5.1176610060292909,5,sr,2.652e-14
8.9375,5.1064034686164881,5,sr,1.435e-14
8.9499999999999993,5.0951725182946328,5,sr,4.859e-11
8.9625000000000004,5.0839689977283937,5,sr,1.162e-14
8.9749999999999996,5.0727937201673097,5,sr,1.103e-14
8.9874999999999989,5.0616474707113488,5,sr,2.065e-14
9,5.0505310077060672,5,sr,2.018e-15
9.0124999999999993,5.0394450640111321,5,sr,8.098e-15
9.0250000000000004,5.0283903482312393,5,sr,6.252e-15
9.0374999999999996,5.0173675458993925,5,sr,2.615e-14
9.0499999999999989,5.0063773206150337,5,sr,2.848e-15
9.0625,4.9954203151391425,5,sr,3.286e-15
9.0749999999999993,4.9844971524486716,5,sr,3.321e-15
9.0875000000000004,4.9736084367521913,5,sr,2.165e-15
9.0999999999999996,4.9627547544688753,5,sr,2.957e-15
9.1124999999999989,4.9519366751726368,5,sr,1.470e-14
9.125,4.9411547525033308,5,sr,1.580e-15
9.1374999999999993,4.9304095250347837,5,sr,5.206e-11
9.1500000000000004,4.9197015171845173,5,sr,1.831e-15
9.1624999999999996,4.909031239917458,5,sr,5.228e-15
9.1749999999999989,4.8983991916605865,5,sr,2.906e-15
9.1875,4.8878058590146063,5,sr,1.372e-15
9.1999999999999993,4.8772517175132819,5,sr,3.435e-15
9.2125000000000004,4.8667372323487141,5,sr,5.365e-16
9.2249999999999996,4.8562628590757315,5,sr,3.842e-15
9.2374999999999989,4.845829044296635,5,sr,1.998e-15
9.25,4.8354362263433881,5,sr,7.218e-11
9.2624999999999993,4.8250848358478216,5,sr,2.300e-12
9.2750000000000004,4.8147752965171353,5,sr,6.172e-11
9.2874999999999996,4.8045080256785804,5,sr,5.987e-11
9.2999999999999989,4.7942834347690049,5,sr,5.423e-11
9.3125,4.7841019300981138,5,sr,9.439e-11
9.3249999999999993,4.7739639134488074,5,sr,9.827e-13
9.3375000000000004,4.7638697824081477,5,sr,3.212e-11
9.3499999999999996,4.7538199311320106,5,sr,3.015e-11
9.3624999999999989,4.7438147508577488,5,sr,1.151e-10
9.375,4.7338546304616802,5,sr,4.375e-11
9.3874999999999993,4.7239399567945224,5,sr,2.758e-17
9.4000000000000004,4.7140711155093271,5,sr,4.657e-15
9.4124999999999996,4.7042484913716667,5,sr,2.105e-11
9.4249999999999989,4.6944724688427399,5,sr,9.809e-11
9.4375,4.6847434325085304,5,sr,4.012e-11
9.4499999999999993,4.6750617677974775,5,sr,1.937e-11
9.4625000000000004,4.6654278611839635,5,sr,1.096e-16
9.4749999999999996,4.6558421009159154,5,sr,3.613e-15
9.4874999999999989,4.6463048774038631,5,sr,2.596e-15
9.5,4.6368165837446265,5,sr,8.348e-15
9.5124999999999993,4.6273776162103504,5,sr,6.400e-15
9.5250000000000004,4.6179883747414641,5,sr,5.110e-15
9.5374999999999996,4.6086492634399852,5,sr,7.867e-16
9.5499999999999989,4.5993606910637173,5,sr,1.353e-16
9.5625,4.5901230715218526,5,sr,2.188e-15
9.5749999999999993,4.5809368243725599,5,sr,1.078e-15
9.5875000000000004,4.571802375323017,5,sr,1.290e-14
9.5999999999999996,4.5627201567324267,5,sr,2.353e-14
9.6125000000000007,4.5536906081183783,5,sr,1.005e-14
9.625,4.5447141766845736,5,sr,7.739e-11
9.6374999999999993,4.5357913177485853,5,sr,4.305e-15
9.6500000000000004,4.5269224954347331,5,sr,1.356e-14
9.6624999999999996,4.5181081830249132,5,sr,1.885e-14
9.6750000000000007,4.5093488635751449,5,sr,6.843e-16
9.6875,4.5006450304338488,5,sr,4.669e-15
9.6999999999999993,4.4919971877833742,5,sr,2.394e-14
9.7125000000000004,4.4834058511879356,5,sr,2.276e-14
9.7249999999999996,4.4748715481391015,5,sr,3.764e-11
9.7375000000000007,4.4663948186609046,5,sr,8.785e-15
9.75,4.4579762157895457,5,sr,4.277e-14
9.7624999999999993,4.4496163062359457,5,sr,4.100e-16
9.7750000000000004,4.4413156709232187,5,sr,6.634e-15
9.7874999999999996,4.4330749055834842,5,sr,4.989e-14
9.8000000000000007,4.4248946213459019,5,sr,2.697e-11
9.8125,4.4167754453706189,5,sr,2.658e-14
9.8249999999999993,4.4087180213898733,5,sr,1.759e-14
9.8375000000000004,4.4007230103861348,5,sr,3.141e-15
9.8499999999999996,4.3927910911767558,5,sr,5.859e-14
9.8625000000000007,4.3849229610383249,5,sr,1.456e-11
9.875,4.3771193363503675,5,sr,4.969e-14
9.8874999999999993,4.3693809531857344,5,sr,1.016e-14
9.9000000000000004,4.3617085679761365,5,sr,2.633e-14
9.9124999999999996,4.3541029581222945,5,sr,1.662e-14
9.9250000000000007,4.3465649226241236,5,sr,1.969e-14
9.9375,4.3390952827039335,5,sr,1.986e-14
9.9499999999999993,4.331694882423518,5,sr,3.133e-14
9.9625000000000004,4.3243645892934186,5,sr,3.680e-15
9.9749999999999996,4.3171052948709363,5,sr,4.473e-14
9.9875000000000007,4.3099179153403266,5,sr,1.472e-11
10,4.3028033920999622,5,sr,6.768e-14
4.8250000000000002,-9.6730351396336935,6,sr,3.390e-16
4.8375000000000004,-8.9570817137603438,6,sr,1.003e-17
4.8500000000000005,-8.3130688960647365,6,sr,2.724e-16
4.8625000000000007,-7.7316964788681322,6,sr,1.636e-16
4.8750000000000009,-7.2051197112975576,6,sr,1.562e-14
4.8875000000000002,-6.7266843599920287,6,sr,1.357e-16
4.9000000000000004,-6.2907163668318722,6,sr,6.871e-13
4.9125000000000005,-5.8923536151891138,6,sr,1.137e-16
4.9250000000000007,-5.5274104396215513,6,sr,8.915e-17
4.9375000000000009,-5.1922677945284086,6,sr,3.133e-16
4.9500000000000002,-4.883783674815553,6,sr,2.220e-15
4.9625000000000004,-4.5992196313363367,6,sr,1.081e-15
4.9750000000000005,-4.3361801593298015,6,sr,1.363e-16
4.9875000000000007,-4.0925624459405512,6,sr,8.165e-15
5.0000000000000009,-3.8665145019605642,6,sr,2.140e-16
5.0125000000000002,-3.6564001165674989,6,sr,3.091e-18
5.0250000000000004,-3.4607693934155583,6,sr,8.861e-18
5.0375000000000005,-3.2783338749364215,6,sr,1.530e-14
5.0500000000000007,-3.1079454561715893,6,sr,2.237e-14
5.0625000000000009,-2.9485784425044925,6,sr,1.942e-14
5.0750000000000002,-2.7993142268149609,6,sr,7.913e-15
5.0875000000000004,-2.6593281579813093,6,sr,9.550e-15
5.1000000000000005,-2.5278782497714096,6,sr,5.112e-14
5.1125000000000007,-2.4042954411466955,6,sr,1.512e-14
5.1250000000000009,-2.2879751690504504,6,sr,7.267e-14
5.1375000000000002,-2.1783700553796992,6,sr,7.263e-14
5.1500000000000004,-2.0749835428818435,6,sr,4.415e-17
5.1625000000000005,-1.9773643418158113,6,sr,9.048e-17
5.1750000000000007,-1.8851015714301356,6,sr,6.756e-13
5.1875000000000009,-1.7978204985864255,6,sr,1.866e-13
5.2000000000000002,-1.7151787912039314,6,sr,2.690e-12
5.2125000000000004,-1.6368632163210588,6,sr,1.804e-16
5.2250000000000005,-1.5625867239826259,6,sr,3.219e-13
5.2375000000000007,-1.4920858655801998,6,sr,1.865e-16
5.2500000000000009,-1.4251185040412335,6,sr,2.000e-12
5.2625000000000002,-1.3614617783986329,6,sr,2.259e-16
5.2750000000000004,-1.3009102911703752,6,sr,1.885e-16
5.2875000000000005,-1.2432744907559232,6,sr,5.979e-13
5.3000000000000007,-1.1883792255349133,6,sr,6.584e-13
5.3125000000000009,-1.1360624489024851,6,sr,1.687e-16
5.3250000000000002,-1.0861740575645804,6,sr,2.883e-16
5.3375000000000004,-1.0385748476203649,6,sr,9.107e-13
5.3500000000000005,-0.99313557493617599,6,sr,1.398e-12
5.3625000000000007,-0.94973610805451791,6,sr,7.438e-14
5.3750000000000009,-0.90826466334440925,6,sr,1.781e-12
5.3875000000000002,-0.86861711346784687,6,sr,1.616e-12
5.4000000000000004,-0.8306963610631789,6,sr,4.367e-16
5.4125000000000005,-0.79441177085367332,6,sr,5.868e-13
5.4250000000000007,-0.75967865400382151,6,sr,2.287e-13
5.4375000000000009,-0.72641779922601923,6,sr,1.086e-16
5.4500000000000002,-0.69455504596202788,6,sr,5.588e-13
5.4625000000000004,-0.66402089533770015,6,sr,2.444e-12
5.4750000000000005,-0.6347501551621223,6,sr,2.572e-13
5.4875000000000007,-0.60668161556315314,6,sr,2.376e-16
5.5000000000000009,-0.57975775243204108,6,sr,3.255e-13
5.5125000000000002,-0.55392445586968531,6,sr,5.049e-12
5.5250000000000004,-0.52913078141785919,6,sr,4.227e-12
5.5375000000000005,-0.50532872180420385,6,sr,1.264e-16
5.5500000000000007,-0.48247299747950112,6,sr,1.287e-16
5.5625000000000009,-0.46052086420033239,6,sr,7.933e-17
5.5750000000000002,-0.43943193605486347,6,sr,3.718e-12
5.5875000000000004,-0.41916802270112397,6,sr,8.154e-12
5.6000000000000005,-0.39969297950037713,6,sr,1.627e-12
5.6125000000000007,-0.38097256940643248,6,sr,1.110e-16
5.6250000000000009,-0.36297433579836641,6,sr,3.009e-16
5.6375000000000002,-0.34566748511103484,6,sr,1.452e-16
5.6500000000000004,-0.32902277860737766,6,sr,1.636e-11
5.6625000000000005,-0.31301243236297316,6,sr,6.781e-16
5.6750000000000007,-0.29761002523172175,6,sr,9.535e-16
5.6875000000000009,-0.28279041342182343,6,sr,1.278e-15
5.7000000000000002,-0.2685296518701093,6,sr,6.654e-16
5.7125000000000004,-0.25480492144147715,6,sr,2.522e-12
5.7250000000000005,-0.24159446164803089,6,sr,9.616e-16
5.7375000000000007,-0.22887750837224868,6,sr,7.570e-16
5.7500000000000009,-0.2166342362879024,6,sr,7.456e-16
5.7625000000000002,-0.20484570550993297,6,sr,2.840e-12
5.7750000000000004,-0.19349381220725179,6,sr,2.678e-15
5.7875000000000005,-0.18256124278804073,6,sr,4.939e-15
5.8000000000000007,-0.1720314314608031,6,sr,3.961e-15
5.8125000000000009,-0.16188852080867194,6,sr,4.166e-15
5.8250000000000002,-0.15211732518258439,6,sr,6.594e-15
5.8375000000000004,-0.14270329666400799,6,sr,1.122e-14
5.8500000000000005,-0.13363249338607711,6,sr,7.010e-15
5.8625000000000007,-0.12489155001314554,6,sr,4.367e-12
5.8750000000000009,-0.11646765021750291,6,sr,5.069e-15
5.8875000000000002,-0.10834850092241316,6,sr,1.765e-14
5.9000000000000004,-0.10052230826243666,6,sr,2.298e-16
5.9125000000000005,-0.0929777550140721,6,sr,3.365e-14
5.9250000000000007,-0.085703979429405872,6,sr,8.399e-16
5.9375000000000009,-0.078690555333686962,6,sr,2.549e-14
5.9500000000000002,-0.071927473380236945,6,sr,3.553e-14
5.9625000000000004,-0.065405123365143925,6,sr,2.860e-16
5.9750000000000005,-0.059114277510699469,6,sr,1.896e-14
5.9875000000000007,-0.053046074637590035,6,sr,9.963e-14
6.0000000000000009,-0.047192005151247593,6,sr,1.032e-13
6.0125000000000002,-0.041543896777651863,6,sr,4.606e-14
6.0250000000000004,-0.036093900986694051,6,sr,1.773e-14
6.0375000000000005,-0.030834480052502774,6,sr,8.179e-15
6.0500000000000007,-0.025758394700871295,6,sr,6.808e-15
6.0625000000000009,-0.02085869230188233,6,sr,1.272e-14
6.0750000000000002,-0.016128695569459603,6,sr,3.908e-14
6.0875000000000004,-0.011561991733847983,6,sr,1.332e-13
6.1000000000000005,-0.0071524221567639086,6,sr,3.864e-13
6.1375000000000002,0.0051914620645724264,6,sr,2.754e-15
6.1500000000000004,0.0090293392025047568,6,sr,6.064e-14
6.1625000000000005,0.012737398946355278,6,sr,9.509e-13
6.1750000000000007,0.016320471491271613,6,sr,6.409e-13
6.1875000000000009,0.019783195137536114,6,sr,3.308e-16
6.2000000000000002,0.023130023892887961,6,sr,9.051e-13
6.2125000000000004,0.026365234800427052,6,sr,1.053e-12
6.2250000000000005,0.029492934997380548,6,sr,1.352e-14
6.2375000000000007,0.032517068505102664,6,sr,2.811e-12
6.2500000000000009,0.035441422781241814,6,sr,1.048e-13
6.2625000000000002,0.03826963501335448,6,sr,1.446e-12
6.2750000000000004,0.041005198191174833,6,sr,1.090e-12
6.2875000000000005,0.043651466948216429,6,sr,8.685e-13
6.3000000000000007,0.046211663175181134,6,sr,2.104e-12
6.3125000000000009,0.04868888143585548,6,sr,1.020e-12
6.3250000000000002,0.05108609415862897,6,sr,2.128e-12
6.3375000000000004,0.053406156648454405,6,sr,2.407e-12
6.3500000000000005,0.055651811883451162,6,sr,7.913e-13
6.3625000000000007,0.05782569514856363,6,sr,7.156e-12
6.3750000000000009,0.059930338459955101,6,sr,1.424e-16
6.3875000000000002,0.061968174845422726,6,sr,1.062e-11
6.4000000000000004,0.063941542434431078,6,sr,1.120e-12
6.4125000000000005,0.065852688375966001,6,sr,2.664e-12
6.4250000000000007,0.067703772635506726,6,sr,1.397e-11
6.4375000000000009,0.069496871587916828,6,sr,1.037e-13
6.4500000000000002,0.0712339815189761,6,sr,8.255e-12
6.4625000000000004,0.072917021939290561,6,sr,1.494e-11
6.4750000000000005,0.074547838765056149,6,sr,9.369e-14
6.4875000000000007,0.076128207411016627,6,sr,9.058e-12
6.5000000000000009,0.077659835705398902,6,sr,2.592e-11
6.5125000000000002,0.079144366682415909,6,sr,1.300e-12
6.5250000000000004,0.080583381321727252,6,sr,2.366e-12
6.5375000000000005,0.081978401084224897,6,sr,3.384e-11
6.5500000000000007,0.083330890421702927,6,sr,1.523e-11
6.5625000000000009,0.084642259089441979,6,sr,7.167e-14
6.5750000000000002,0.085913864472758047,6,sr,1.000e-11
6.5875000000000004,0.087147013715082544,6,sr,5.025e-11
6.6000000000000005,0.088342965828893297,6,sr,2.037e-11
6.6125000000000007,0.089502933621982139,6,sr,3.420e-13
6.6250000000000009,0.090628085677143769,6,sr,5.188e-12
6.6375000000000002,0.091719548118430763,6,sr,5.085e-11
6.6500000000000004,0.092778406399871088,6,sr,5.799e-11
6.6625000000000005,0.093805706891537929,6,sr,1.032e-11
6.6750000000000007,0.094802458585381943,6,sr,1.371e-14
6.6875000000000009,0.095769634543259083,6,sr,1.174e-11
6.7000000000000002,0.096708173384060306,6,sr,6.778e-11
6.7125000000000004,0.097618980712470507,6,sr,8.993e-11
6.7250000000000005,0.098502930361176994,6,sr,2.834e-11
6.7375000000000007,0.099360865807180176,6,sr,1.643e-12
6.7500000000000009,0.10019360130533331,6,sr,3.325e-13
6.7625000000000002,0.10100192308481865,6,sr,2.947e-11
6.7750000000000004,0.10178659048069762,6,sr,9.626e-11
6.7875000000000005,0.10254833703487076,6,sr,1.249e-10
6.8000000000000007,0.10328787141839384,6,sr,5.519e-11
6.8125000000000009,0.10400587857432025,6,sr,1.038e-11
6.8250000000000002,0.10470302055706603,6,sr,1.266e-13
6.8375000000000004,0.10537993746063962,6,sr,2.828e-12
6.8500000000000005,0.10603724828679491,6,sr,3.980e-11
6.8625000000000007,0.1066755517791904,6,sr,1.085e-10
6.8750000000000009,0.10729542721772303,6,sr,1.641e-10
6.8875000000000002,0.10789743519733279,6,sr,1.147e-10
6.9000000000000004,0.10848211826157826,6,sr,4.953e-11
6.9125000000000005,0.10905000175705934,6,sr,1.130e-11
6.9250000000000007,0.1096015943958014,6,sr,4.953e-13
6.9375000000000009,0.11013738892492915,6,sr,1.630e-13
6.9500000000000002,0.1106578627437933,6,sr,1.376e-11
6.9625000000000004,0.1111634784958337,6,sr,5.650e-11
6.9750000000000005,0.11165468463689904,6,sr,1.157e-10
6.9875000000000007,0.11213191597782758,6,sr,1.671e-10
7.0000000000000009,0.11259559422820491,6,sr,1.585e-10
7.0125000000000002,0.11304612840040684,6,sr,1.029e-10
7.0250000000000004,0.11348391544073723,6,sr,5.264e-11
7.0375000000000005,0.11390934059036485,6,sr,1.912e-11
7.0500000000000007,0.11432277785328067,6,sr,3.736e-12
7.0625000000000009,0.11472459042264106,6,sr,1.309e-13
7.0750000000000002,0.11511513109068923,6,sr,7.194e-14
7.0875000000000004,0.1154947426425862,6,sr,4.715e-12
7.1000000000000005,0.11586375823498073,6,sr,2.027e-11
7.1125000000000007,0.11622250176043493,6,sr,4.558e-11
7.1250000000000009,0.11657128819747231,6,sr,7.514e-11
7.1375000000000002,0.11691042394747664,6,sr,1.023e-10
7.1500000000000004,0.11724020715909633,6,sr,1.213e-10
7.1625000000000005,0.11756092805358784,6,sr,1.016e-10
7.1750000000000007,0.11787286917260913,6,sr,7.695e-11
7.1875000000000009,0.11817630575046736,6,sr,5.275e-11
7.2000000000000002,0.11847150593852621,6,sr,3.219e-11
7.2125000000000004,0.11875873108878937,6,sr,1.695e-11
7.2250000000000005,0.11903823601427443,6,sr,7.262e-12
7.2375000000000007,0.11931026924037257,6,sr,2.248e-12
7.2500000000000009,0.11957507324761329,6,sr,3.738e-13
7.2625000000000002,0.11983288470623875,6,sr,1.018e-14
7.2750000000000004,0.12008393470297063,6,sr,1.474e-15
7.2875000000000005,0.12032844896032804,6,sr,1.497e-13
7.3000000000000007,0.12056664804884487,6,sr,6.100e-13
7.3125000000000009,0.12079874759257735,6,sr,1.355e-12
7.3250000000000002,0.12102495846821773,6,sr,2.230e-12
7.3375000000000004,0.12124548699813582,6,sr,3.069e-12
7.3500000000000005,0.12146053513765653,6,sr,3.722e-12
7.3625000000000007,0.12167030065686979,6,sr,4.098e-12
7.3750000000000009,0.1218749773172588,6,sr,4.164e-12
7.3875000000000002,0.1220747550434217,6,sr,3.938e-12
7.4000000000000004,0.12226982009015484,6,sr,3.476e-12
7.4125000000000005,0.12246035520515348,6,sr,2.859e-12
7.4250000000000007,0.12264653978767649,6,sr,1.809e-13
7.4375000000000009,0.12282855004281681,6,sr,2.812e-13
7.4500000000000002,0.12300655913321196,6,sr,2.556e-13
7.4625000000000004,0.1231807373261458,6,sr,1.577e-13
7.4750000000000005,0.12335125213809119,6,sr,4.208e-14
7.4875000000000007,0.1235182684761343,6,sr,6.024e-14
7.5000000000000009,0.1236819487766264,6,sr,1.216e-13
7.5125000000000002,0.12384245314127411,6,sr,1.421e-13
7.5250000000000004,0.12399993947087116,6,sr,1.270e-13
7.5375000000000005,0.12415456359687246,6,sr,9.520e-14
7.5500000000000007,0.12430647941100724,6,sr,5.680e-14
7.5625000000000009,0.12445583899312601,6,sr,2.954e-14
7.5750000000000002,0.12460279273747241,6,sr,1.018e-14
7.5875000000000004,0.12474748947757115,6,sr,3.165e-15
7.6000000000000005,0.12489007663235074,6,sr,5.062e-10
7.6125000000000007,0.12503070021666596,6,sr,5.927e-16
7.6250000000000009,0.12516950518747727,6,sr,1.308e-14
7.6375000000000002,0.12530663534074959,6,sr,1.460e-13
7.6500000000000004,0.12544223354438416,6,sr,6.628e-13
7.6625000000000005,0.12557644183629663,6,sr,2.000e-12
7.6750000000000007,0.12570940154485322,6,sr,4.774e-12
7.6875000000000009,0.12584125340942284,6,sr,9.769e-12
7.7000000000000002,0.12597213770123492,6,sr,1.794e-11
7.7125000000000004,0.12610219434473854,6,sr,3.036e-11
7.7250000000000005,0.12623156303965749,6,sr,4.822e-11
7.7375000000000007,0.12636038338394234,6,sr,7.275e-11
7.7500000000000009,0.12648879499782131,6,sr,1.052e-10
7.7625000000000002,0.12661693764915877,6,sr,1.467e-10
7.7750000000000004,0.12674495138033229,6,sr,1.982e-10
7.7875000000000005,0.12687297663684546,6,sr,2.606e-10
7.8000000000000007,0.12700115439789955,6,sr,3.343e-10
7.8125000000000009,0.12712962630915173,6,sr,4.193e-10
7.8250000000000002,0.12725853481789653,6,sr,5.150e-10
7.8375000000000004,0.12738802336091115,6,sr,5.098e-10
7.8500000000000005,0.12751823627718428,6,sr,2.379e-10
7.8625000000000007,0.12764931937129281,6,sr,1.925e-10
7.8750000000000009,0.12778141966999293,6,sr,1.640e-10
7.8875000000000002,0.12791468575836321,6,sr,1.546e-10
7.9000000000000004,0.12804926789919621,6,sr,1.658e-10
7.9125000000000005,0.12818531819239939,6,sr,1.985e-10
7.9250000000000007,0.12832299073900297,6,sr,2.522e-10
7.9375000000000009,0.12846244181009678,6,sr,3.254e-10
7.9500000000000002,0.12860383002102424,6,sr,4.152e-10
7.9625000000000004,0.12874731651118132,6,sr,5.172e-10
7.9750000000000005,0.12889306517977178,6,sr,4.574e-10
7.9875000000000007,0.12904124267789241,6,sr,3.430e-10
8,0.12919201890733106,6,sr,2.358e-10
8.0124999999999993,0.12934556702647487,6,sr,1.433e-10
8.0250000000000004,0.12950206371374065,6,sr,7.192e-11
8.0374999999999996,0.12966168938895567,6,sr,2.559e-11
8.0499999999999989,0.12982462844312823,6,sr,4.030e-12
8.0625,0.12999106946927866,6,sr,1.613e-10
8.0749999999999993,0.13016120554948729,6,sr,2.412e-13
8.0875000000000004,0.13033523443560527,6,sr,4.162e-12
8.0999999999999996,0.13051335889506213,6,sr,2.102e-11
8.1124999999999989,0.13069578695100603,6,sr,6.470e-11
8.125,0.13088273218082719,6,sr,1.517e-10
8.1374999999999993,0.13107441401889722,6,sr,2.987e-10
8.1500000000000004,0.13127105812187104,6,sr,4.563e-10
8.1624999999999996,0.13147289649711816,6,sr,1.421e-10
8.1749999999999989,0.13168016815827527,6,sr,1.682e-14
8.1875,0.13189311925313763,6,sr,2.980e-14
8.1999999999999993,0.13211200349329577,6,sr,4.408e-14
8.2125000000000004,0.1323370825540367,6,sr,6.343e-14
8.2249999999999996,0.13256862646952911,6,sr,8.476e-15
8.2374999999999989,0.13280691405192441,6,sr,8.164e-15
8.25,0.13305223332749314,6,sr,6.439e-15
8.2624999999999993,0.13330488199035945,6,sr,3.904e-15
8.2750000000000004,0.13356516787422801,6,sr,2.798e-15
8.2874999999999996,0.13383340944250907,6,sr,1.451e-15
8.2999999999999989,0.13410993627956375,6,sr,2.993e-10
8.3125,0.13439508971854419,6,sr,2.035e-10
8.3249999999999993,0.13468922315361939,6,sr,3.216e-11
8.3375000000000004,0.13499270288763729,6,sr,9.147e-11
8.3499999999999996,0.13530590855486704,6,sr,2.658e-12
8.3624999999999989,0.1356292337252136,6,sr,3.892e-11
8.375,0.13596308657844194,6,sr,1.715e-10
8.3874999999999993,0.13630789056431633,6,sr,3.095e-10
8.4000000000000004,0.13666408487486781,6,sr,1.778e-14
8.4124999999999996,0.13703212541158724,6,sr,3.782e-14
8.4249999999999989,0.13741248521130803,6,sr,6.336e-14
8.4375,0.13780565524755709,6,sr,3.498e-15
8.4499999999999993,0.13821214510652011,6,sr,2.557e-15
8.4625000000000004,0.13863248368584227,6,sr,1.070e-15
8.4749999999999996,0.13906721987103537,6,sr,2.808e-10
8.4874999999999989,0.13951692333355781,6,sr,7.036e-11
8.5,0.13998218499892076,6,sr,3.223e-10
8.5124999999999993,0.14046361783684649,6,sr,6.711e-12
8.5250000000000004,0.14096185757121624,6,sr,8.963e-11
8.5374999999999996,0.14147756311776946,6,sr,2.738e-10
8.5499999999999989,0.14201141705662407,6,sr,1.627e-14
8.5625,0.14256412636267271,6,sr,1.557e-15
8.5749999999999993,0.1431364225323076,6,sr,7.189e-16
8.5875000000000004,0.14372906197121715,6,sr,1.475e-10
8.5999999999999996,0.14434282620688216,6,sr,8.260e-11
8.6124999999999989,0.14497852176511447,6,sr,2.653e-10
8.625,0.14563698010039544,6,sr,9.962e-12
8.6374999999999993,0.1463190573449937,6,sr,1.151e-10
8.6500000000000004,0.14702563359568288,6,sr,1.415e-10
8.6624999999999996,0.14775761201214127,6,sr,3.786e-16
8.6749999999999989,0.14851591786552321,6,sr,2.133e-10
8.6875,0.14930149696356576,6,sr,4.548e-11
8.6999999999999993,0.15011531360006689,6,sr,6.474e-15
8.7125000000000004,0.15095834847940967,6,sr,1.835e-11
8.7249999999999996,0.15183159573796934,6,sr,1.290e-10
8.7374999999999989,0.15273605966162154,6,sr,1.990e-10
8.75,0.15367275072969774,6,sr,9.645e-11
8.7624999999999993,0.15464268086394953,6,sr,3.229e-12
8.7750000000000004,0.15564685840454431,6,sr,2.001e-12
8.7874999999999996,0.15668628185386155,6,sr,4.467e-11
8.7999999999999989,0.15776193316737513,6,sr,9.792e-11
8.8125,0.15887476998824768,6,sr,2.849e-11
8.8249999999999993,0.16002571733535856,6,sr,6.391e-16
8.8375000000000004,0.16121565816592257,6,sr,7.011e-12
8.8499999999999996,0.16244542326140993,6,sr,4.212e-11
8.8624999999999989,0.16371578032235276,6,sr,1.549e-11
8.875,0.16502742224113889,6,sr,0.000e+00
8.8874999999999993,0.16638095488716209,6,sr,3.971e-12
8.9000000000000004,0.16777688426095574,6,sr,1.473e-11
8.9124999999999996,0.16921560335275118,6,sr,1.738e-12
8.9249999999999989,0.17069737888416806,6,sr,1.429e-13
8.9375,0.17222233809305165,6,sr,4.456e-12
8.9499999999999993,0.17379045592033748,6,sr,1.568e-12
8.9625000000000004,0.17540154283898285,6,sr,5.171e-15
8.9749999999999996,0.1770552336916644,6,sr,9.387e-13
8.9874999999999989,0.17875097784089108,6,sr,3.379e-13
9,0.18048803099393088,6,sr,8.636e-16
9.0124999999999993,0.18226544902949637,6,sr,1.608e-15
9.0250000000000004,0.18408208412607255,6,sr,6.490e-17
9.0374999999999996,0.18593658346196765,6,sr,1.428e-14
9.0499999999999989,0.18782739069324494,6,sr,1.841e-15
9.0625,0.18975275033325387,6,sr,7.848e-11
9.0749999999999993,0.19171071520467897,6,sr,9.555e-14
9.0875000000000004,0.19369915659609216,6,sr,1.910e-15
9.0999999999999996,0.19571577756483385,6,sr,3.144e-15
9.1124999999999989,0.1977581286101405,6,sr,2.091e-15
9.125,0.19982362577618762,6,sr,7.925e-11
9.1374999999999993,0.20190957058258413,6,sr,3.164e-14
9.1500000000000004,0.20401317173207739,6,sr,2.366e-16
9.1624999999999996,0.2061315675270308,6,sr,1.998e-15
9.1749999999999989,0.20826184910794232,6,sr,4.803e-16
9.1875,0.21040108366529692,6,sr,1.945e-16
9.1999999999999993,0.21254633727532993,6,sr,5.924e-16
9.2125000000000004,0.2146946969179232,6,sr,4.107e-11
9.2249999999999996,0.21684329122818888,6,sr,3.725e-16
9.2374999999999989,0.21898930985270176,6,sr,9.503e-12
9.25,0.22113002083454503,6,sr,7.978e-11
9.2624999999999993,0.22326278608077441,6,sr,1.988e-16
9.2750000000000004,0.22538507488932355,6,sr,4.561e-11
9.2874999999999996,0.22749447506788131,6,sr,3.893e-17
9.2999999999999989,0.22958870200596546,6,sr,4.632e-16
9.3125,0.23166560575078796,6,sr,6.079e-16
9.3249999999999993,0.23372317595395642,6,sr,5.938e-16
9.3375000000000004,0.2357595450159527,6,sr,5.144e-12
9.3499999999999996,0.23777298950594572,6,sr,3.245e-15
9.3624999999999989,0.23976193006233004,6,sr,7.088e-17
9.375,0.24172492991613356,6,sr,1.578e-14
9.3874999999999993,0.24366069225889059,6,sr,6.261e-15
9.4000000000000004,0.2455680566116018,6,sr,3.939e-15
9.4124999999999996,0.24744599437512543,6,sr,8.141e-14
9.4249999999999989,0.24929360372286644,6,sr,2.411e-15
9.4375,0.25111010398487371,6,sr,5.044e-14
9.4499999999999993,0.25289482965924337,6,sr,1.397e-13
9.4625000000000004,0.25464722417046753,6,sr,3.193e-16
9.4749999999999996,0.25636683348178796,6,sr,1.665e-13
9.4874999999999989,0.25805329965181523,6,sr,2.284e-13
9.5,0.25970635441332102,6,sr,3.145e-16
9.5124999999999993,0.26132581284040862,6,sr,2.861e-13
9.5250000000000004,0.26291156715528985,6,sr,4.860e-13
9.5374999999999996,0.26446358071767501,6,sr,5.648e-15
9.5499999999999989,0.26598188223242397,6,sr,2.502e-13
9.5625,0.2674665601959435,6,sr,1.189e-12
9.5749999999999993,0.26891775760364228,6,sr,1.226e-13
9.5875000000000004,0.27033566692498157,6,sr,2.325e-14
9.5999999999999996,0.27172052535899277,6,sr,1.307e-12
9.6125000000000007,0.2730726103669196,6,sr,1.100e-12
9.625,0.27439223547958169,6,sr,2.568e-14
9.6374999999999993,0.27567974638426923,6,sr,2.572e-13
9.6500000000000004,0.27693551727125154,6,sr,2.462e-12
9.6624999999999996,0.27815994744399392,6,sr,1.537e-12
9.6750000000000007,0.27935345817011853,6,sr,5.243e-14
9.6875,0.2805164897803718,6,sr,1.893e-13
9.6999999999999993,0.28164949898352726,6,sr,2.965e-12
9.7125000000000004,0.28275295640393738,6,sr,3.789e-12
9.7249999999999996,0.2838273443109654,6,sr,6.228e-13
9.7375000000000007,0.28487315455490153,6,sr,7.372e-16
9.75,0.28589088666594686,6,sr,1.184e-12
9.7624999999999993,0.28688104612970594,6,sr,5.501e-12
9.7750000000000004,0.28784414281930132,6,sr,5.222e-12
9.7874999999999996,0.28878068956130876,6,sr,1.069e-12
9.8000000000000007,0.28969120085874883,6,sr,7.824e-15
9.8125,0.29057619171783206,6,sr,5.647e-13
9.8249999999999993,0.29143617660243376,6,sr,5.101e-12
9.8375000000000004,0.29227166849464065,6,sr,1.007e-11
9.8499999999999996,0.29308317805427547,6,sr,5.847e-12
9.8625000000000007,0.29387121285896556,6,sr,1.239e-12
9.875,0.29463627675326215,6,sr,2.140e-14
9.8874999999999993,0.29537886924844248,6,sr,2.543e-13
9.9000000000000004,0.29609948500712296,6,sr,4.107e-12
9.9124999999999996,0.29679861339057745,6,sr,1.091e-11
9.9250000000000007,0.29747673806449176,6,sr,1.527e-11
9.9375,0.29813433666059341,6,sr,7.836e-12
9.9499999999999993,0.29877188047532804,6,sr,2.342e-12
9.9625000000000004,0.29938983424283572,6,sr,2.127e-13
9.9749999999999996,0.29998865590432339,6,sr,1.263e-10
9.9875000000000007,0.30056879650987406,6,sr,1.048e-12
10,0.30113069995466868,6,sr,5.914e-12
5.1750000000000007,14.992377927778817,7,sr,3.472e-15
5.1875000000000009,14.930587405818361,7,sr,1.797e-11
5.2000000000000002,14.868976074143976,7,sr,1.600e-15
5.2125000000000004,14.807554686997047,7,sr,6.920e-15
5.2250000000000005,14.746333189848666,7,sr,5.590e-15
5.2375000000000007,14.685320774825433,7,sr,7.960e-12
5.2500000000000009,14.624525932007799,7,sr,2.594e-15
5.2625000000000002,14.563956497156406,7,sr,4.631e-16
5.2750000000000004,14.503619695890768,7,sr,8.586e-16
5.2875000000000005,14.443522184810895,7,sr,1.578e-15
5.3000000000000007,14.383670089658377,7,sr,2.154e-15
5.3125000000000009,14.324069040783522,7,sr,2.822e-15
5.3250000000000002,14.264724206114922,7,sr,3.910e-15
5.3375000000000004,14.205640321799716,7,sr,2.807e-11
5.3500000000000005,14.146821720823864,7,sr,4.155e-15
5.3625000000000007,14.088272359364316,7,sr,1.930e-15
5.3750000000000009,14.029995841700568,7,sr,1.858e-13
5.3875000000000002,13.971995443142575,7,sr,8.549e-16
5.4000000000000004,13.914274131505929,7,sr,3.451e-15
5.4125000000000005,13.856834587118412,7,sr,5.135e-15
5.4250000000000007,13.79967922147978,7,sr,5.004e-15
5.4375000000000009,13.742810194675794,7,sr,2.567e-15
5.4500000000000002,13.686229431636512,7,sr,3.124e-15
5.4625000000000004,13.629938637347038,7,sr,4.325e-11
5.4750000000000005,13.573939310917364,7,sr,5.624e-15
5.4875000000000007,13.518232759094921,7,sr,1.097e-15
5.5000000000000009,13.462820108431798,7,sr,4.789e-15
5.5125000000000002,13.40770231702148,7,sr,5.844e-15
5.5250000000000004,13.352880185348798,7,sr,1.018e-14
5.5375000000000005,13.298354366476005,7,sr,1.882e-15
5.5500000000000007,13.244125375588444,7,sr,4.737e-15
5.5625000000000009,13.19019359894914,7,sr,9.688e-12
5.5750000000000002,13.136559302269925,7,sr,3.745e-15
5.5875000000000004,13.083222638637391,7,sr,5.843e-15
5.6000000000000005,13.030183655866367,7,sr,9.337e-12
5.6125000000000007,12.977442303449754,7,sr,1.369e-15
5.6250000000000009,12.924998439127041,7,sr,1.455e-14
5.6375000000000002,12.872851834979411,7,sr,2.274e-15
5.6500000000000004,12.821002183226096,7,sr,2.784e-15
5.6625000000000005,12.769449101654523,7,sr,1.499e-15
5.6750000000000007,12.718192138736839,7,sr,2.059e-15
5.6875000000000009,12.667230778449817,7,sr,7.976e-15
5.7000000000000002,12.616564444817284,7,sr,1.060e-14
5.7125000000000004,12.566192506193268,7,sr,3.975e-15
5.7250000000000005,12.516114279302689,7,sr,9.727e-16
5.7375000000000007,12.466329033055278,7,sr,7.199e-15
5.7500000000000009,12.416835992147243,7,sr,6.558e-15
5.7625000000000002,12.367634340464507,7,sr,4.563e-15
5.7750000000000004,12.318723224299946,7,sr,5.257e-15
5.7875000000000005,12.27010175539815,7,sr,3.233e-12
5.8000000000000007,12.221769013829491,7,sr,1.148e-14
5.8125000000000009,12.173724050730931,7,sr,7.314e-15
5.8250000000000002,12.125965890878508,7,sr,6.336e-16
5.8375000000000004,12.078493535145229,7,sr,7.415e-15
5.8500000000000005,12.031305962826165,7,sr,3.666e-15
5.8625000000000007,11.984402133847565,7,sr,8.365e-15
5.8750000000000009,11.937780990866244,7,sr,9.163e-15
5.8875000000000002,11.891441461266323,7,sr,6.402e-15
5.9000000000000004,11.845382459072082,7,sr,3.381e-11
5.9125000000000005,11.79960288669719,7,sr,5.329e-15
5.9250000000000007,11.754101636794475,7,sr,9.171e-16
5.9375000000000009,11.708877593780993,7,sr,1.027e-15
5.9500000000000002,11.663929635474432,7,sr,3.548e-15
5.9625000000000004,11.619256634587217,7,sr,1.492e-15
5.9750000000000005,11.574857460153705,7,sr,4.418e-11
5.9875000000000007,11.530730978966098,7,sr,7.116e-11
6.0000000000000009,11.486876056871695,7,sr,3.570e-15
6.0125000000000002,11.443291559956357,7,sr,5.880e-15
6.0250000000000004,11.399976355944347,7,sr,6.118e-13
6.0375000000000005,11.356929315276114,7,sr,1.261e-14
6.0500000000000007,11.314149312275759,7,sr,2.914e-15
6.0625000000000009,11.271635226248065,7,sr,3.695e-11
6.0750000000000002,11.229385942630325,7,sr,4.950e-11
6.0875000000000004,11.187400353806851,7,sr,5.425e-11
6.1000000000000005,11.145677360510131,7,sr,7.366e-12
6.1125000000000007,11.104215872378662,7,sr,1.228e-11
6.1250000000000009,11.063014809249028,7,sr,5.310e-12
6.1375000000000002,11.022073101925017,7,sr,2.303e-11
6.1500000000000004,10.981389693137851,7,sr,5.370e-11
6.1625000000000005,10.940963538576096,7,sr,2.187e-11
6.1750000000000007,10.900793607577025,7,sr,1.288e-14
6.1875000000000009,10.860878884157135,7,sr,2.601e-16
6.2000000000000002,10.821218367866523,7,sr,1.097e-14
6.2125000000000004,10.781811074642697,7,sr,7.515e-15
6.2250000000000005,10.742656037686045,7,sr,6.702e-15
6.2375000000000007,10.703752308325853,7,sr,4.049e-15
6.2500000000000009,10.665098956892285,7,sr,1.774e-11
6.2625000000000002,10.626695073555092,7,sr,4.160e-15
6.2750000000000004,10.588539769255062,7,sr,1.466e-15
6.2875000000000005,10.550632176523804,7,sr,4.878e-15
6.3000000000000007,10.512971450400475,7,sr,2.705e-15
6.3125000000000009,10.475556769323674,7,sr,1.158e-14
6.3250000000000002,10.438387336041924,7,sr,9.430e-15
6.3375000000000004,10.401462378539026,7,sr,5.054e-15
6.3500000000000005,10.364781150971105,7,sr,1.580e-11
6.3625000000000007,10.328342934654902,7,sr,6.179e-15
6.3750000000000009,10.292147038997689,7,sr,4.348e-15
6.3875000000000002,10.256192802557562,7,sr,5.587e-15
6.4000000000000004,10.22047959405006,7,sr,7.957e-15
6.4125000000000005,10.185006813415507,7,sr,3.910e-13
6.4250000000000007,10.149773892903927,7,sr,2.169e-11
6.4375000000000009,10.114780298233125,7,sr,2.119e-11
6.4500000000000002,10.08002552971479,7,sr,6.794e-12
6.4625000000000004,10.045509123446944,7,sr,4.956e-15
6.4750000000000005,10.011230652617556,7,sr,5.976e-15
6.4875000000000007,9.9771897287407167,7,sr,9.939e-15
6.5000000000000009,9.9433860030127406,7,sr,3.763e-15
6.5125000000000002,9.9098191676917278,7,sr,1.675e-11
6.5250000000000004,9.8764889575699026,7,sr,3.936e-15
6.5375000000000005,9.8433951514136986,7,sr,7.684e-15
6.5500000000000007,9.8105375735850213,7,sr,5.420e-15
6.5625000000000009,9.7779160956375915,7,sr,2.016e-16
6.5750000000000002,9.7455306380179749,7,sr,1.209e-14
6.5875000000000004,9.7133811718334915,7,sr,2.076e-14
6.6000000000000005,9.681467720696908,7,sr,3.972e-16
6.6125000000000007,9.6497903626434116,7,sr,2.398e-11
6.6250000000000009,9.6183492321878337,7,sr,1.817e-15
6.6375000000000002,9.5871445223356488,7,sr,1.074e-15
6.6500000000000004,9.5561764868714274,7,sr,1.359e-15
6.6625000000000005,9.5254454426108435,7,sr,1.008e-14
6.6750000000000007,9.4949517718122962,7,sr,1.333e-12
6.6875000000000009,9.464695924674178,7,sr,4.783e-11
6.7000000000000002,9.4346784220347679,7,sr,5.268e-11
6.7125000000000004,9.4048998580423415,7,sr,5.539e-12
6.7250000000000005,9.3753609030226581,7,sr,5.606e-16
6.7375000000000007,9.3460623065896495,7,sr,6.959e-15
6.7500000000000009,9.3170049007354052,7,sr,1.023e-14
6.7625000000000002,9.2881896031421434,7,sr,1.857e-14
6.7750000000000004,9.2596174206601773,7,sr,4.715e-11
6.7875000000000005,9.2312894528196701,7,sr,3.604e-16
6.8000000000000007,9.2032068958178588,7,sr,1.225e-14
6.8125000000000009,9.1753710462665801,7,sr,4.879e-15
6.8250000000000002,9.1477833054283995,7,sr,1.170e-14
6.8375000000000004,9.120445183514299,7,sr,2.007e-15
6.8500000000000005,9.0933583041936465,7,sr,7.529e-15
6.8625000000000007,9.0665244093011452,7,sr,4.290e-16
6.8750000000000009,9.0399453637456961,7,sr,1.303e-12
6.8875000000000002,9.013623160629967,7,sr,3.550e-16
6.9000000000000004,8.9875599265712545,7,sr,1.069e-14
6.9125000000000005,8.9617579272487085,7,sr,2.317e-15
6.9250000000000007,8.9362195731562846,7,sr,2.213e-15
6.9375000000000009,8.9109474255747578,7,sr,2.841e-15
6.9500000000000002,8.8859442027567717,7,sr,8.039e-15
6.9625000000000004,8.8612127863214685,7,sr,6.528e-15
6.9750000000000005,8.8367562278521934,7,sr,7.170e-15
6.9875000000000007,8.8125777556874478,7,sr,7.252e-15
7.0000000000000009,8.7886807818915447,7,sr,6.481e-15
7.0125000000000002,8.7650689093871641,7,sr,3.053e-16
7.0250000000000004,8.7417459392264032,7,sr,3.171e-15
7.0375000000000005,8.7187158779711904,7,sr,6.721e-16
7.0500000000000007,8.6959829451465005,7,sr,3.618e-15
7.0625000000000009,8.6735515807216181,7,sr,3.214e-15
7.0750000000000002,8.6514264525648485,7,sr,5.267e-15
7.0875000000000004,8.6296124637877032,7,sr,2.717e-11
7.1000000000000005,8.6081147600277355,7,sr,2.043e-15
7.1125000000000007,8.586938736192387,7,sr,1.879e-15
7.1250000000000009,8.5660900431929381,7,sr,2.681e-15
7.1375000000000002,8.5455745938978911,7,sr,5.431e-16
7.1500000000000004,8.5253985685369944,7,sr,4.290e-15
7.1625000000000005,8.505568419249169,7,sr,1.919e-15
7.1750000000000007,8.4860908735853062,7,sr,3.527e-15
7.1875000000000009,8.4669729367258313,7,sr,7.735e-16
7.2000000000000002,8.4482218921363188,7,sr,2.290e-15
7.2125000000000004,8.4298453003415599,7,sr,2.385e-12
7.2250000000000005,8.4118509954692069,7,sr,2.723e-15
7.2375000000000007,8.3942470791241011,7,sr,1.901e-11
7.2500000000000009,8.3770419110770113,7,sr,1.926e-15
7.2625000000000002,8.360244096526749,7,sr,2.552e-15
7.2750000000000004,8.3438624687902117,7,sr,6.437e-16
7.2875000000000005,8.3279060673431236,7,sr,6.346e-16
7.3000000000000007,8.3123841101254925,7,sr,1.365e-15
7.3125000000000009,8.2973059594290302,7,sr,4.315e-15
7.3250000000000002,8.2826810804756406,7,sr,1.105e-15
7.3375000000000004,8.2685189917459603,7,sr,8.375e-13
7.3500000000000005,8.2548292060466846,7,sr,9.852e-13
7.3625000000000007,8.2416211612902472,7,sr,2.008e-15
7.3750000000000009,8.2289041398689466,7,sr,2.069e-11
7.3875000000000002,8.2166871754250987,7,sr,1.591e-15
7.4000000000000004,8.204978946411666,7,sr,1.006e-14
7.4125000000000005,8.19378765457461,7,sr,1.583e-11
7.4250000000000007,8.1831208885059308,7,sr,1.486e-11
7.4375000000000009,8.1729854704982294,7,sr,1.613e-11
7.4500000000000002,8.1633872874269002,7,sr,1.392e-11
7.4625000000000004,8.1543311047582065,7,sr,3.280e-12
7.4750000000000005,8.1458203640819935,7,sr,1.206e-15
7.4875000000000007,8.137856965990558,7,sr,9.830e-12
7.5000000000000009,8.1304410393339221,7,sr,3.161e-15
7.5125000000000002,8.1235706995343087,7,sr,4.268e-12
7.5250000000000004,8.1172418000936819,7,sr,1.892e-15
7.5375000000000005,8.1114476813210477,7,sr,8.550e-16
7.5500000000000007,8.1061789227405061,7,sr,4.297e-16
7.5625000000000009,8.1014231059339519,7,sr,1.699e-15
7.5750000000000002,8.0971645962477776,7,sr,3.573e-16
7.5875000000000004,8.0933843526215892,7,sr,2.006e-14
7.6000000000000005,8.0900597756586947,7,sr,2.098e-12
7.6125000000000007,8.0871646044700682,7,sr,1.022e-16
7.6250000000000009,8.0846688729043699,7,sr,7.138e-14
7.6375000000000002,8.0825389349383503,7,sr,1.344e-12
7.6500000000000004,8.0807375679522249,7,sr,6.004e-16
7.6625000000000005,8.0792241604142241,7,sr,3.945e-13
7.6750000000000007,8.0779549876833538,7,sr,1.277e-12
7.6875000000000009,8.0768835763429401,7,sr,4.445e-17
7.7000000000000002,8.0759611534138838,7,sr,1.120e-16
7.7125000000000004,8.0751371725543777,7,sr,6.918e-13
7.7250000000000005,8.0743599052514146,7,sr,1.203e-13
7.7375000000000007,8.0735770810755287,7,sr,2.171e-13
7.7500000000000009,8.0727365579023953,7,sr,2.428e-14
7.7625000000000002,8.0717870009212724,7,sr,2.456e-13
7.7750000000000004,8.0706785482306458,7,sr,1.346e-13
7.7875000000000005,8.0693634412868036,7,sr,1.201e-11
7.8000000000000007,8.0677965999968873,7,sr,4.067e-16
7.8125000000000009,8.0659361258210147,7,sr,5.390e-13
7.8250000000000002,8.0637437187545178,7,sr,1.384e-15
7.8375000000000004,8.0611850001600764,7,sr,9.516e-13
7.8500000000000005,8.0582297368098939,7,sr,4.350e-16
7.8625000000000007,8.0548519665742795,7,sr,8.136e-12
7.8750000000000009,8.0510300303678086,7,sr,7.539e-13
7.8875000000000002,8.0467465178297495,7,sr,1.243e-12
7.9000000000000004,8.0419881377006046,7,sr,9.957e-13
7.9125000000000005,8.0367455244715647,7,sr,3.898e-13
7.9250000000000007,8.0310129945260744,7,sr,1.517e-13
7.9375000000000009,8.0247882646150615,7,sr,1.394e-15
7.9500000000000002,8.0180721450390209,7,sr,5.471e-16
7.9625000000000004,8.0108682188084206,7,sr,1.493e-12
7.9750000000000005,8.0031825166629975,7,sr,1.360e-15
7.9875000000000007,7.9950231963026805,7,sr,2.284e-15
8,7.986400232462052,7,sr,7.821e-12
8.0124999999999993,7.9773251229793631,7,sr,1.530e-11
8.0250000000000004,7.9678106145746641,7,sr,1.543e-15
8.0374999999999996,7.9578704507999971,7,sr,5.052e-16
8.0499999999999989,7.947519143129516,7,sr,1.488e-15
8.0625,7.9367717660563724,7,sr,1.346e-11
8.0749999999999993,7.9256437756579388,7,sr,8.577e-12
8.0875000000000004,7.9141508505165614,7,sr,6.980e-16
8.0999999999999996,7.9023087544847286,7,sr,5.451e-17
8.1124999999999989,7.890133218920476,7,sr,7.415e-13
8.125,7.877639843403121,7,sr,2.247e-15
8.1374999999999993,7.8648440129209067,7,sr,1.255e-15
8.1500000000000004,7.85176082987127,7,sr,2.200e-15
8.1624999999999996,7.8384050592218513,7,sr,3.466e-15
8.1749999999999989,7.8247910852287097,7,sr,1.252e-15
8.1875,7.8109328782307346,7,sr,3.052e-12
8.1999999999999993,7.7968439701706078,7,sr,3.681e-15
8.2125000000000004,7.7825374375448995,7,sr,1.498e-15
8.2249999999999996,7.7680258907539148,7,sr,1.451e-15
8.2374999999999989,7.7533214687629224,7,sr,7.678e-16
8.25,7.7384358382456648,7,sr,1.038e-15
8.2624999999999993,7.7233801964168673,7,sr,1.315e-15
8.2750000000000004,7.7081652768802451,7,sr,3.133e-15
8.2874999999999996,7.6928013579064691,7,sr,5.266e-15
8.2999999999999989,7.6772982726367296,7,sr,3.556e-15
8.3125,7.6616654207805501,7,sr,5.265e-15
8.3249999999999993,7.645911781440585,7,sr,2.104e-16
8.3375000000000004,7.6300459267545193,7,sr,6.555e-13
8.3499999999999996,7.6140760360905588,7,sr,2.875e-16
8.3624999999999989,7.5980099105871339,7,sr,1.084e-14
8.375,7.5818549878428456,7,sr,1.134e-14
8.3874999999999993,7.5656183566225979,7,sr,1.713e-15
8.4000000000000004,7.5493067714509348,7,sr,7.533e-16
8.4124999999999996,7.5329266669990371,7,sr,1.577e-14
8.4249999999999989,7.5164841721878428,7,sr,9.782e-15
8.4375,7.4999851239445237,7,sr,7.004e-12
8.4499999999999993,7.4834350805905627,7,sr,2.676e-15
8.4625000000000004,7.4668393347562114,7,sr,1.527e-14
8.4749999999999996,7.450202925929859,7,sr,2.579e-11
8.4874999999999989,7.4335306524240403,7,sr,5.437e-15
8.5,7.4168270830705874,7,sr,2.024e-14
8.5124999999999993,7.4000965682072906,7,sr,7.207e-12
8.5250000000000004,7.3833432503533825,7,sr,7.853e-15
8.5374999999999996,7.3665710743964814,7,sr,1.965e-14
8.5499999999999989,7.3497837972734903,7,sr,1.532e-15
8.5625,7.332984997252634,7,sr,2.808e-14
8.5749999999999993,7.3161780827642335,7,sr,1.377e-14
8.5875000000000004,7.2993663008154028,7,sr,3.932e-15
8.5999999999999996,7.2825527449999594,7,sr,3.842e-14
8.6124999999999989,7.2657403631189554,7,sr,1.413e-14
8.625,7.2489319644273582,7,sr,1.075e-15
8.6374999999999993,7.2321302265220915,7,sr,3.665e-14
8.6500000000000004,7.2153377018827038,7,sr,1.423e-11
8.6624999999999996,7.1985568241142941,7,sr,6.508e-15
8.6749999999999989,7.1817899138041215,7,sr,2.623e-14
8.6875,7.1650391841809862,7,sr,2.166e-12
8.6999999999999993,7.1483067464129455,7,sr,1.377e-14
8.7125000000000004,7.1315946146770379,7,sr,3.056e-14
8.7249999999999996,7.1149047109544705,7,sr,9.495e-16
8.7374999999999989,7.0982388695941419,7,sr,2.495e-14
8.75,7.0815988416424194,7,sr,2.828e-14
8.7624999999999993,7.0649862989532055,7,sr,8.704e-12
8.7750000000000004,7.0484028381073518,7,sr,8.765e-15
8.7874999999999996,7.0318499840973292,7,sr,2.944e-14
8.7999999999999989,7.0153291938784221,7,sr,4.389e-12
8.8125,6.9988418597127664,7,sr,3.964e-16
8.8249999999999993,6.9823893123446545,7,sr,4.474e-14
8.8375000000000004,6.9659728240420131,7,sr,1.097e-14
8.8499999999999996,6.9495936114704255,7,sr,3.675e-15
8.8624999999999989,6.933252838434897,7,sr,6.730e-15
8.875,6.9169516184877615,7,sr,3.742e-14
8.8874999999999993,6.9006910174114928,7,sr,1.277e-15
8.9000000000000004,6.8844720555829513,7,sr,1.026e-14
8.9124999999999996,6.8682957102260698,7,sr,3.557e-15
8.9249999999999989,6.8521629175585907,7,sr,2.920e-14
8.9375,6.8360745748391505,7,sr,1.934e-14
8.9499999999999993,6.8200315423202866,7,sr,1.839e-12
8.9625000000000004,6.8040346451096454,7,sr,7.597e-15
8.9749999999999996,6.7880846749539918,7,sr,1.636e-14
8.9874999999999989,6.7721823919342787,7,sr,2.433e-14
9,6.7563285260927799,7,sr,1.944e-14
9.0124999999999993,6.7405237789863603,7,sr,4.410e-15
9.0250000000000004,6.7247688251734044,7,sr,1.018e-14
9.0374999999999996,6.7090643136375707,7,sr,4.812e-15
9.0499999999999989,6.693410869151891,7,sr,1.716e-15
9.0625,6.6778090935866796,7,sr,7.097e-15
9.0749999999999993,6.6622595671644245,7,sr,1.927e-14
9.0875000000000004,6.646762849664686,7,sr,1.724e-14
9.0999999999999996,6.6313194815818743,7,sr,1.097e-14
9.1124999999999989,6.6159299852386821,7,sr,8.197e-15
9.125,6.6005948658577624,7,sr,2.910e-15
9.1374999999999993,6.5853146126189941,7,sr,1.091e-10
9.1500000000000004,6.5700896995325069,7,sr,9.023e-12
9.1624999999999996,6.5549205866249656,7,sr,5.822e-11
9.1749999999999989,6.5398077207050473,7,sr,9.313e-15
9.1875,6.5247515362336186,7,sr,3.840e-16
9.1999999999999993,6.5097524563096458,7,sr,3.158e-15
9.2125000000000004,6.4948108934569193,7,sr,5.478e-11
9.2249999999999996,6.4799272503891103,7,sr,2.144e-11
9.2374999999999989,6.4651019209504206,7,sr,5.381e-12
9.25,6.4503352907230997,7,sr,4.492e-11
9.2624999999999993,6.4356277378259197,7,sr,1.131e-10
9.2750000000000004,6.4209796338149152,7,sr,3.720e-11
9.2874999999999996,6.4063913441051534,7,sr,2.109e-15
9.2999999999999989,6.3918632288865771,7,sr,4.754e-15
9.3125,6.3773956437473851,7,sr,5.107e-11
9.3249999999999993,6.3629889403982203,7,sr,4.944e-11
9.3375000000000004,6.3486434671799588,7,sr,9.809e-12
9.3499999999999996,6.3343595699206174,7,sr,1.037e-11
9.3624999999999989,6.3201375924502212,7,sr,1.335e-11
9.375,6.3059778772414434,7,sr,1.165e-15
9.3874999999999993,6.2918807660878571,7,sr,2.150e-15
9.4000000000000004,6.2778466006827731,7,sr,3.085e-15
9.4124999999999996,6.2638757232521725,7,sr,5.587e-15
9.4249999999999989,6.2499684771641357,7,sr,6.340e-13
9.4375,6.2361252075392413,7,sr,6.357e-15
9.4499999999999993,6.2223462618572523,7,sr,1.508e-15
9.4625000000000004,6.2086319905658129,7,sr,3.807e-15
9.4749999999999996,6.1949827476874066,7,sr,3.117e-13
9.4874999999999989,6.1813988914288585,7,sr,7.316e-15
9.5,6.1678807847920005,7,sr,6.840e-15
9.5124999999999993,6.1544287961890367,7,sr,3.157e-15
9.5250000000000004,6.1410433000611855,7,sr,8.984e-15
9.5374999999999996,6.1277246775030001,7,sr,3.169e-15
9.5499999999999989,6.1144733168929051,7,sr,6.809e-15
9.5625,6.1012896145309909,7,sr,4.960e-15
9.5749999999999993,6.0881739752850272,7,sr,1.624e-14
9.5875000000000004,6.0751268132456797,7,sr,6.649e-15
9.5999999999999996,6.062148552392018,7,sr,1.433e-14
9.6125000000000007,6.0492396272681379,7,sr,5.332e-16
9.625,6.0364004836720371,7,sr,1.408e-14
9.6374999999999993,6.0236315793577466,7,sr,1.854e-14
9.6500000000000004,6.0109333847515884,7,sr,3.643e-15
9.6624999999999996,5.9983063836838202,7,sr,1.731e-14
9.6750000000000007,5.9857510741363704,7,sr,2.884e-15
9.6875,5.9732679690080603,7,sr,2.972e-14
9.6999999999999993,5.9608575968979425,7,sr,3.070e-15
9.7125000000000004,5.9485205029081918,7,sr,1.902e-14
9.7249999999999996,5.9362572494671877,7,sr,2.684e-15
9.7375000000000007,5.9240684171741673,7,sr,1.259e-14
9.75,5.9119546056661481,7,sr,4.052e-14
9.7624999999999993,5.8999164345040676,7,sr,1.814e-11
9.7750000000000004,5.887954544109486,7,sr,5.754e-14
9.7874999999999996,5.8760695966610088,7,sr,2.573e-15
9.8000000000000007,5.8642622771048831,7,sr,8.886e-15
9.8125,5.852533294126828,7,sr,8.157e-14
9.8249999999999993,5.840883381178454,7,sr,4.025e-15
9.8375000000000004,5.8293132975284339,7,sr,2.669e-15
9.8499999999999996,5.8178238293430491,7,sr,7.541e-14
9.8625000000000007,5.8064157907973257,7,sr,1.818e-14
9.875,5.7950900252173572,7,sr,5.832e-16
9.8874999999999993,5.7838474062536713,7,sr,3.624e-14
9.9000000000000004,5.7726888390867837,7,sr,8.635e-14
9.9124999999999996,5.7616152616645842,7,sr,3.790e-14
9.9250000000000007,5.7506276459720427,7,sr,6.735e-15
9.9375,5.7397269993354847,7,sr,1.138e-11
9.9499999999999993,5.7289143657399038,7,sr,2.996e-14
9.9625000000000004,5.7181908272239816,7,sr,6.938e-14
9.9749999999999996,5.7075575052420344,7,sr,8.858e-14
9.9875000000000007,5.6970155621014955,7,sr,5.770e-14
10,5.6865662024083656,7,sr,2.914e-14
6.0750000000000002,14.973387037330085,8,sr,2.397e-15
6.0875000000000004,14.916041006506354,8,sr,2.978e-11
6.1000000000000005,14.859052013507791,8,sr,4.990e-11
6.1125000000000007,14.802418224933167,8,sr,2.609e-11
6.1250000000000009,14.74613782535638,8,sr,1.664e-12
6.1375000000000002,14.690209018557461,8,sr,1.907e-12
6.1500000000000004,14.634630028236634,8,sr,2.784e-12
6.1625000000000005,14.579399098979373,8,sr,1.365e-11
6.1750000000000007,14.524514497129021,8,sr,1.349e-11
6.1875000000000009,14.469974511650282,8,sr,5.871e-14
6.2000000000000002,14.415777454992583,8,sr,1.449e-15
6.2125000000000004,14.36192166397775,8,sr,3.524e-15
6.2250000000000005,14.308405500646522,8,sr,4.639e-16
6.2375000000000007,14.255227353105752,8,sr,6.959e-11
6.2500000000000009,14.202385636514427,8,sr,3.484e-15
6.2625000000000002,14.149878793727995,8,sr,3.157e-12
6.2750000000000004,14.09770529642118,8,sr,3.609e-15
6.2875000000000005,14.045863645859358,8,sr,2.979e-16
6.3000000000000007,13.994352373862188,8,sr,5.460e-11
6.3125000000000009,13.943170043635373,8,sr,3.480e-15
6.3250000000000002,13.892315250901902,8,sr,2.907e-15
6.3375000000000004,13.841786624688689,8,sr,5.586e-15
6.3500000000000005,13.791582828411739,8,sr,1.715e-15
6.3625000000000007,13.741702560878938,8,sr,3.126e-15
6.3750000000000009,13.692144557341175,8,sr,5.090e-15
6.3875000000000002,13.642907590576458,8,sr,1.063e-16
6.4000000000000004,13.593990472010033,8,sr,5.933e-16
6.4125000000000005,13.545392052873689,8,sr,3.433e-15
6.4250000000000007,13.497111225407371,8,sr,1.305e-14
6.4375000000000009,13.449146924106644,8,sr,1.206e-15
6.4500000000000002,13.401498127019385,8,sr,1.359e-15
6.4625000000000004,13.354163857095484,8,sr,7.967e-15
6.4750000000000005,13.307143183593347,8,sr,7.313e-15
6.4875000000000007,13.26043522354728,8,sr,5.425e-15
6.5000000000000009,13.214039143299892,8,sr,4.630e-15
6.5125000000000002,13.167954160104063,8,sr,8.604e-15
6.5250000000000004,13.122179543799067,8,sr,2.549e-16
6.5375000000000005,13.076714618565813,8,sr,3.400e-15
6.5500000000000007,13.031558764766276,8,sr,1.212e-15
6.5625000000000009,12.986711420872718,8,sr,2.312e-15
6.5750000000000002,12.942172085492299,8,sr,3.500e-16
6.5875000000000004,12.897940319493223,8,sr,9.848e-15
6.6000000000000005,12.854015748238792,8,sr,3.611e-15
6.6125000000000007,12.810398063936187,8,sr,4.919e-16
6.6250000000000009,12.767087028106994,8,sr,9.831e-15
6.6375000000000002,12.724082474187224,8,sr,6.369e-15
6.6500000000000004,12.681384310264553,8,sr,1.208e-15
6.6625000000000005,12.638992521961555,8,sr,4.418e-15
6.6750000000000007,12.596907175473531,8,sr,3.722e-15
6.6875000000000009,12.555128420770599,8,sr,2.468e-15
6.7000000000000002,12.513656494973887,8,sr,9.135e-15
6.7125000000000004,12.472491725916457,8,sr,9.539e-15
6.7250000000000005,12.431634535900061,8,sr,1.012e-14
6.7375000000000007,12.391085445659471,8,sr,5.347e-15
6.7500000000000009,12.350845078546779,8,sr,9.975e-15
6.7625000000000002,12.310914164948787,8,sr,5.540e-15
6.7750000000000004,12.271293546951222,8,sr,6.308e-16
6.7875000000000005,12.231984183264288,8,sr,6.347e-15
6.8000000000000007,12.192987154424749,8,sr,1.233e-14
6.8125000000000009,12.154303668290481,8,sr,2.198e-15
6.8250000000000002,12.115935065844413,8,sr,1.657e-15
6.8375000000000004,12.077882827325004,8,sr,7.347e-15
6.8500000000000005,12.040148578701769,8,sr,3.513e-15
6.8625000000000007,12.002734098514695,8,sr,1.257e-14
6.8750000000000009,11.965641325097023,8,sr,6.477e-15
6.8875000000000002,11.928872364201927,8,sr,3.668e-15
6.9000000000000004,11.892429497053524,8,sr,5.612e-15
6.9125000000000005,11.856315188843768,8,sr,1.553e-15
6.9250000000000007,11.8205320976964,8,sr,6.634e-15
6.9375000000000009,11.785083084119881,8,sr,2.162e-15
6.9500000000000002,11.749971220970373,8,sr,2.996e-13
6.9625000000000004,11.715199803947172,8,sr,3.058e-15
6.9750000000000005,11.680772362637313,8,sr,3.102e-16
6.9875000000000007,11.646692672134314,8,sr,9.971e-16
7.0000000000000009,11.612964765242509,8,sr,7.129e-15
7.0125000000000002,11.579592945310218,8,sr,4.026e-11
7.0250000000000004,11.546581799528111,8,sr,4.001e-15
7.0375000000000005,11.51393621322298,8,sr,3.881e-15
7.0500000000000007,11.481661384277809,8,sr,1.157e-15
7.0625000000000009,11.449762838536635,8,sr,1.198e-11
7.0750000000000002,11.418246445714772,8,sr,2.822e-15
7.0875000000000004,11.387118435795285,8,sr,2.089e-16
7.1000000000000005,11.356385416133461,8,sr,1.719e-15
7.1125000000000007,11.326054388934008,8,sr,1.764e-15
7.1250000000000009,11.296132769199971,8,sr,1.406e-15
7.1375000000000002,11.2666284030028,8,sr,2.509e-15
7.1500000000000004,11.237549585960425,8,sr,8.464e-15
7.1625000000000005,11.208905081769339,8,sr,2.696e-15
7.1750000000000007,11.18070414059774,8,sr,8.225e-16
7.1875000000000009,11.152956517100394,8,sr,1.998e-15
7.2000000000000002,11.125672487761641,8,sr,5.529e-16
7.2125000000000004,11.098862867208634,8,sr,7.262e-16
7.2250000000000005,11.07253902306187,8,sr,2.086e-15
7.2375000000000007,11.046712888802661,8,sr,3.521e-16
7.2500000000000009,11.021396974035754,8,sr,1.617e-15
7.2625000000000002,10.996604371408255,8,sr,1.365e-15
7.2750000000000004,10.972348759311993,8,sr,2.741e-15
7.2875000000000005,10.948644399343694,8,sr,5.064e-15
7.3000000000000007,10.925506127324685,8,sr,8.121e-16
7.3125000000000009,10.902949336488962,8,sr,1.597e-15
7.3250000000000002,10.880989951234257,8,sr,2.620e-15
7.3375000000000004,10.859644389592219,8,sr,4.028e-12
7.3500000000000005,10.838929512382858,8,sr,1.576e-11
7.3625000000000007,10.818862556471878,8,sr,1.540e-11
7.3750000000000009,10.799461049954978,8,sr,5.836e-12
7.3875000000000002,10.780742705977735,8,sr,4.804e-17
7.4000000000000004,10.762725291986897,8,sr,4.773e-12
7.4125000000000005,10.745426471549264,8,sr,2.784e-16
7.4250000000000007,10.728863614808828,8,sr,1.083e-11
7.4375000000000009,10.713053574227926,8,sr,1.403e-11
7.4500000000000002,10.698012421794113,8,sr,1.434e-11
7.4625000000000004,10.683755145621715,8,sr,7.274e-12
7.4750000000000005,10.670295301570127,8,sr,7.317e-16
7.4875000000000007,10.657644619823104,8,sr,8.574e-12
7.5000000000000009,10.645812565029443,8,sr,5.348e-16
7.5125000000000002,10.634805851104925,8,sr,1.192e-13
7.5250000000000004,10.624627914744396,8,sr,3.083e-13
7.5375000000000005,10.615278353229177,8,sr,1.373e-15
7.5500000000000007,10.606752336421566,8,sr,1.391e-15
7.5625000000000009,10.599040006257592,8,sr,4.768e-13
7.5750000000000002,10.592125881399356,8,sr,1.126e-16
7.5875000000000004,10.585988289109041,8,sr,7.416e-17
7.6000000000000005,10.580598850718385,8,sr,2.015e-16
7.6125000000000007,10.575922050687149,8,sr,2.535e-16
7.6250000000000009,10.571914921886327,8,sr,5.198e-16
7.6375000000000002,10.568526880606743,8,sr,6.058e-13
7.6500000000000004,10.565699743409201,8,sr,6.428e-16
7.6625000000000005,10.563367953828777,8,sr,7.176e-13
7.6750000000000007,10.561459039635041,8,sr,2.347e-16
7.6875000000000009,10.559894311246868,8,sr,5.361e-15
7.7000000000000002,10.558589798797239,8,sr,4.250e-13
7.7125000000000004,10.557457410783176,8,sr,1.531e-16
7.7250000000000005,10.556406281830103,8,sr,7.958e-12
7.7375000000000007,10.55534426291895,8,sr,8.657e-14
7.7500000000000009,10.554179495110168,8,sr,4.578e-13
7.7625000000000002,10.552822001210016,8,sr,7.365e-16
7.7750000000000004,10.551185225638854,8,sr,2.791e-13
7.7875000000000005,10.549187456901269,8,sr,3.420e-16
7.8000000000000007,10.546753074459309,8,sr,7.547e-13
7.8125000000000009,10.543813574577067,8,sr,6.953e-16
7.8250000000000002,10.540308344907762,8,sr,6.216e-14
7.8375000000000004,10.536185174314358,8,sr,6.381e-13
7.8500000000000005,10.531400500315449,8,sr,7.824e-13
7.8625000000000007,10.525919410728799,8,sr,3.950e-13
7.8750000000000009,10.519715427151134,8,sr,2.838e-16
7.8875000000000002,10.512770105463241,8,sr,1.251e-16
7.9000000000000004,10.505072492516533,8,sr,1.754e-16
7.9125000000000005,10.496618478864296,8,sr,4.650e-13
7.9250000000000007,10.487410085454703,8,sr,1.473e-12
7.9375000000000009,10.477454718310286,8,sr,2.595e-12
7.9500000000000002,10.466764420129735,8,sr,3.350e-12
7.9625000000000004,10.45535514211217,8,sr,4.028e-13
7.9750000000000005,10.443246053709045,8,sr,7.756e-16
7.9875000000000007,10.430458902644299,8,sr,1.153e-12
8,10.417017433111024,8,sr,1.231e-11
8.0124999999999993,10.40294686590309,8,sr,2.321e-15
8.0250000000000004,10.388273441688002,8,sr,8.331e-16
8.0374999999999996,10.373024025308657,8,sr,1.131e-15
8.0499999999999989,10.357225768576438,8,sr,6.720e-12
8.0625,10.34090582697201,8,sr,1.302e-11
8.0749999999999993,10.324091125166781,8,sr,4.972e-16
8.0875000000000004,10.306808166833809,8,sr,1.569e-15
8.0999999999999996,10.289082882632064,8,sr,3.090e-16
8.1124999999999989,10.270940512112812,8,sr,1.801e-11
8.125,10.252405514556619,8,sr,6.398e-16
8.1374999999999993,10.233501504114715,8,sr,2.603e-15
8.1500000000000004,10.214251206043812,8,sr,1.876e-15
8.1624999999999996,10.194676429849752,8,sr,5.609e-17
8.1749999999999989,10.174798056717131,8,sr,2.167e-15
8.1875,10.154636038433235,8,sr,1.739e-15
8.1999999999999993,10.134209405547683,8,sr,5.301e-16
8.2125000000000004,10.113536282824633,8,sr,2.992e-16
8.2249999999999996,10.092633910344482,8,sr,1.580e-15
8.2374999999999989,10.071518668876651,8,sr,5.246e-15
8.25,10.050206108381289,8,sr,6.722e-12
8.2624999999999993,10.028710978655873,8,sr,2.544e-16
8.2750000000000004,10.007047261460087,8,sr,6.197e-15
8.2874999999999996,9.9852282033144277,8,sr,1.091e-11
8.2999999999999989,9.9632663485945123,8,sr,1.863e-15
8.3125,9.9411735725713282,8,sr,5.927e-15
8.3249999999999993,9.91896111384896,8,sr,2.048e-16
8.3375000000000004,9.8966396062211253,8,sr,5.328e-15
8.3499999999999996,9.8742191096019347,8,sr,3.716e-15
8.3624999999999989,9.8517091399504775,8,sr,6.039e-15
8.375,9.8291186980881466,8,sr,2.377e-15
8.3874999999999993,9.8064562973470935,8,sr,1.005e-14
8.4000000000000004,9.7837299900151766,8,sr,4.351e-15
8.4124999999999996,9.7609473925630006,8,sr,2.911e-15
8.4249999999999989,9.7381157096557978,8,sr,2.644e-15
8.4375,9.7152417569808414,8,sr,3.094e-11
8.4499999999999993,9.6923319828059533,8,sr,1.268e-14
8.4625000000000004,9.6693924886312335,8,sr,4.533e-15
8.4749999999999996,9.6464290484223838,8,sr,1.628e-14
8.4874999999999989,9.6234471270172843,8,sr,9.584e-15
8.5,9.6004518974197737,8,sr,1.534e-15
8.5124999999999993,9.5774482571367461,8,sr,2.822e-14
8.5250000000000004,9.5544408435886137,8,sr,7.414e-16
8.5374999999999996,9.5314340486393814,8,sr,1.880e-14
8.5499999999999989,9.5084320322921645,8,sr,1.403e-14
8.5625,9.485438735594089,8,sr,2.375e-15
8.5749999999999993,9.4624578927945855,8,sr,3.484e-14
8.5875000000000004,9.4394930427982935,8,sr,6.220e-15
8.5999999999999996,9.4165475399530045,8,sr,2.371e-14
8.6124999999999989,9.3936245642113043,8,sr,2.110e-15
8.625,9.370727130702166,8,sr,6.739e-15
8.6374999999999993,9.3478580987479365,8,sr,3.559e-14
8.6500000000000004,9.3250201803594912,8,sr,5.399e-13
8.6624999999999996,9.3022159482401907,8,sr,3.489e-14
8.6749999999999989,9.2794478433317611,8,sr,8.883e-15
8.6875,9.2567181819236062,8,sr,3.599e-14
8.6999999999999993,9.2340291623589774,8,sr,1.859e-16
8.7125000000000004,9.2113828713580403,8,sr,2.790e-14
8.7249999999999996,9.1887812899834476,8,sr,2.075e-15
8.7374999999999989,9.1662262992693613,8,sr,9.210e-15
8.75,9.1437196855352703,8,sr,4.971e-15
8.7624999999999993,9.1212631454033648,8,sr,1.953e-14
8.7750000000000004,9.0988582905381268,8,sr,2.227e-15
8.7874999999999996,9.0765066521247846,8,sr,2.909e-14
8.7999999999999989,9.0542096851029825,8,sr,1.524e-15
8.8125,9.0319687721702557,8,sr,3.890e-14
8.8249999999999993,9.0097852275698624,8,sr,2.479e-15
8.8375000000000004,8.9876603006755129,8,sr,4.712e-14
8.8499999999999996,8.9655951793859678,8,sr,8.523e-15
8.8624999999999989,8.9435909933407327,8,sr,1.164e-14
8.875,8.9216488169675827,8,sr,3.277e-14
8.8874999999999993,8.8997696723725674,8,sr,9.672e-16
8.9000000000000004,8.8779545320814179,8,sr,1.903e-14
8.9124999999999996,8.8562043216418598,8,sr,1.146e-14
8.9249999999999989,8.8345199220949038,8,sr,5.884e-15
8.9375,8.8129021723229801,8,sr,2.271e-14
8.9499999999999993,8.7913518712825187,8,sr,1.504e-14
8.9625000000000004,8.7698697801277561,8,sr,1.411e-15
8.9749999999999996,8.7484566242322632,8,sr,1.721e-14
8.9874999999999989,8.72711309511444,8,sr,2.865e-14
9,8.7058398522727138,8,sr,2.854e-15
9.0124999999999993,8.6846375249357006,8,sr,1.591e-15
9.0250000000000004,8.6635067137326676,8,sr,8.621e-15
9.0374999999999996,8.6424479922889184,8,sr,3.123e-14
9.0499999999999989,8.6214619087507103,8,sr,6.425e-16
9.0625,8.6005489872438634,8,sr,2.309e-15
9.0749999999999993,8.5797097292702791,8,sr,1.346e-16
9.0875000000000004,8.5589446150459096,8,sr,8.016e-15
9.0999999999999996,8.5382541047839879,8,sr,3.193e-15
9.1124999999999989,8.5176386399267461,8,sr,1.039e-14
9.125,8.4970986443289256,8,sr,8.343e-15
9.1374999999999993,8.4766345253960971,8,sr,1.362e-16
9.1500000000000004,8.4562466751806031,8,sr,5.730e-16
9.1624999999999996,8.4359354714379755,8,sr,9.293e-16
9.1749999999999989,8.4157012786463028,8,sr,5.147e-15
9.1875,8.395544448991096,8,sr,2.851e-15
9.1999999999999993,8.3754653233031977,8,sr,6.641e-11
9.2125000000000004,8.3554642320365673,8,sr,8.526e-11
9.2249999999999996,8.3355414960957823,8,sr,6.390e-11
9.2374999999999989,8.3156974277327382,8,sr,8.569e-12
9.25,8.2959323313754645,8,sr,4.107e-15
9.2624999999999993,8.2762465044942726,8,sr,2.503e-15
9.2750000000000004,8.2566402383723325,8,sr,3.408e-15
9.2874999999999996,8.2371138188954536,8,sr,1.110e-14
9.2999999999999989,8.2176675273223925,8,sr,4.176e-16
9.3125,8.1983016410294454,8,sr,4.034e-11
9.3249999999999993,8.1790164342995393,8,sr,2.461e-11
9.3375000000000004,8.1598121789362246,8,sr,1.836e-12
9.3499999999999996,8.1406891451026784,8,sr,8.116e-11
9.3624999999999989,8.1216476020248134,8,sr,2.746e-15
9.375,8.102687818548004,8,sr,8.273e-15
9.3874999999999993,8.0838100640041795,8,sr,6.463e-15
9.4000000000000004,8.0650146088136179,8,sr,6.013e-13
9.4124999999999996,8.0463017251883553,8,sr,4.374e-15
9.4249999999999989,8.0276716878177865,8,sr,1.223e-15
9.4375,8.0091247745509033,8,sr,1.839e-15
9.4499999999999993,7.99066126708097,8,sr,7.127e-16
9.4625000000000004,7.9722814516312264,8,sr,1.040e-15
9.4749999999999996,7.9539856196438619,8,sr,9.810e-15
9.4874999999999989,7.9357740684733917,8,sr,3.492e-15
9.5,7.9176471020858239,8,sr,1.135e-14
9.5124999999999993,7.8996050317702435,8,sr,2.455e-11
9.5250000000000004,7.8816481768265447,8,sr,7.863e-16
9.5374999999999996,7.8637768653436151,8,sr,3.706e-15
9.5499999999999989,7.8459914348810473,8,sr,5.397e-17
9.5625,7.8282922332440972,8,sr,1.739e-14
9.5749999999999993,7.8106796192402603,8,sr,2.685e-16
9.5875000000000004,7.7931539634566604,8,sr,1.649e-14
9.5999999999999996,7.7757156490542387,8,sr,4.858e-15
9.6125000000000007,7.7583650725803759,8,sr,1.511e-14
9.625,7.7411026448013498,8,sr,1.910e-15
9.6374999999999993,7.7239287915563768,8,sr,1.961e-14
9.6500000000000004,7.706843954634671,8,sr,2.465e-14
9.6624999999999996,7.6898485926649132,8,sr,5.437e-11
9.6750000000000007,7.6729431821063176,8,sr,4.664e-14
9.6875,7.6561282180799486,8,sr,7.969e-15
9.6999999999999993,7.6394042154811004,8,sr,1.463e-14
9.7125000000000004,7.6227717099353027,8,sr,5.305e-14
9.7249999999999996,7.606231258863696,8,sr,1.250e-14
9.7375000000000007,7.5897834425930855,8,sr,8.839e-11
9.75,7.5734288653762958,8,sr,4.250e-14
9.7624999999999993,7.5571681567714863,8,sr,6.330e-14
9.7750000000000004,7.5410019726389317,8,sr,6.157e-15
9.7874999999999996,7.5249309964974076,8,sr,1.320e-11
9.8000000000000007,7.5089559408199813,8,sr,1.893e-14
9.8125,7.4930775483508558,8,sr,6.797e-14
9.8249999999999993,7.4772965935393847,8,sr,7.757e-14
9.8375000000000004,7.461613883979302,8,sr,2.530e-14
9.8499999999999996,7.4460302619237133,8,sr,3.957e-15
9.8625000000000007,7.4305466058564802,8,sr,1.068e-15
9.875,7.415163832125149,8,sr,2.703e-15
9.8874999999999993,7.3998828966285819,8,sr,3.623e-11
9.9000000000000004,7.3847047966301167,8,sr,3.145e-15
9.9124999999999996,7.3696305724941755,8,sr,1.041e-14
9.9250000000000007,7.3546613096901305,8,sr,2.354e-15
9.9375,7.3397981407469484,8,sr,7.846e-11
9.9499999999999993,7.3250422471974677,8,sr,4.665e-11
9.9625000000000004,7.3103948620048005,8,sr,7.367e-16
9.9749999999999996,7.2958572714279466,8,sr,4.936e-15
9.9875000000000007,7.2814308175702376,8,sr,2.504e-14
10,7.267116900680902,8,sr,7.464e-14
6.9625000000000004,14.975279365635949,9,sr,3.103e-16
6.9750000000000005,14.929356267275828,9,sr,2.915e-15
6.9875000000000007,14.883854705575905,9,sr,2.654e-15
7.0000000000000009,14.838779080820915,9,sr,6.444e-15
7.0125000000000002,14.7941341346525,9,sr,1.042e-15
7.0250000000000004,14.749924969535467,9,sr,1.503e-12
7.0375000000000005,14.706157069445055,9,sr,1.444e-15
7.0500000000000007,14.662836321815474,9,sr,3.779e-15
7.0625000000000009,14.619969040842937,9,sr,2.186e-13
7.0750000000000002,14.5775619921668,9,sr,8.263e-15
7.0875000000000004,14.535622418997709,9,sr,1.370e-16
7.1000000000000005,14.49415806973677,9,sr,1.959e-15
7.1125000000000007,14.453177227116635,9,sr,2.598e-15
7.1250000000000009,14.412688738890663,9,sr,1.970e-15
7.1375000000000002,14.372702050074512,9,sr,5.566e-15
7.1500000000000004,14.333227236723488,9,sr,1.020e-15
7.1625000000000005,14.294275041205298,9,sr,5.778e-12
7.1750000000000007,14.255856908851388,9,sr,3.092e-15
7.1875000000000009,14.21798502596387,9,sr,5.479e-16
7.2000000000000002,14.180672358818963,9,sr,3.595e-16
7.2125000000000004,14.143932693585727,9,sr,4.657e-15
7.2250000000000005,14.107780676712634,9,sr,2.957e-15
7.2375000000000007,14.072231855367345,9,sr,7.412e-16
7.2500000000000009,14.037302717344907,9,sr,7.370e-16
7.2625000000000002,14.003010729707091,9,sr,1.928e-15
7.2750000000000004,13.969374375204708,9,sr,1.822e-11
7.2875000000000005,13.936413185473411,9,sr,2.499e-15
7.3000000000000007,13.904147769160398,9,sr,1.642e-11
7.3125000000000009,13.87259983382137,9,sr,2.460e-15
7.3250000000000002,13.841792199156755,9,sr,5.031e-17
7.3375000000000004,13.811748798756474,9,sr,4.937e-16
7.3500000000000005,13.782494667835776,9,sr,1.017e-15
7.3625000000000007,13.754055912883985,9,sr,1.569e-11
7.3750000000000009,13.726459659216646,9,sr,1.118e-15
7.3875000000000002,13.699733970890604,9,sr,1.286e-12
7.4000000000000004,13.673907737950431,9,sr,1.276e-11
7.4125000000000005,13.649010523629917,9,sr,9.454e-12
7.4250000000000007,13.625072364247851,9,sr,1.355e-11
7.4375000000000009,13.602123513463164,9,sr,7.590e-16
7.4500000000000002,13.58019412224308,9,sr,4.133e-17
7.4625000000000004,13.559313843997426,9,sr,2.623e-12
7.4750000000000005,13.539511356179753,9,sr,1.193e-12
7.4875000000000007,13.520813788200599,9,sr,1.167e-15
7.5000000000000009,13.50324604747528,9,sr,5.098e-12
7.5125000000000002,13.486830037014117,9,sr,4.490e-16
7.5250000000000004,13.471583760928187,9,sr,3.304e-16
7.5375000000000005,13.457520319475949,9,sr,2.663e-12
7.5500000000000007,13.444646800891565,9,sr,1.296e-13
7.5625000000000009,13.43296308601389,9,sr,1.124e-12
7.5750000000000002,13.422460592080654,9,sr,1.179e-15
7.5875000000000004,13.413120993658522,9,sr,2.288e-13
7.6000000000000005,13.404914972458698,9,sr,5.251e-16
7.6125000000000007,13.397801060932414,9,sr,2.865e-13
7.6250000000000009,13.391724657146705,9,sr,4.994e-16
7.6375000000000002,13.386617297625762,9,sr,1.035e-15
7.6500000000000004,13.382396278845532,9,sr,1.927e-16
7.6625000000000005,13.378964714503022,9,sr,2.592e-13
7.6750000000000007,13.376212102491907,9,sr,3.719e-16
7.6875000000000009,13.374015451829624,9,sr,1.978e-13
7.7000000000000002,13.372240985738305,9,sr,8.017e-16
7.7125000000000004,13.370746395087737,9,sr,5.778e-12
7.7250000000000005,13.369383569972571,9,sr,2.987e-14
7.7375000000000007,13.368001693042673,9,sr,1.746e-14
7.7500000000000009,13.366450539911469,9,sr,8.918e-14
7.7625000000000002,13.364583809571384,9,sr,1.566e-12
7.7750000000000004,13.362262300284561,9,sr,4.060e-13
7.7875000000000005,13.359356759246278,9,sr,3.368e-16
7.8000000000000007,13.355750263934413,9,sr,1.704e-13
7.8125000000000009,13.351340035132036,9,sr,4.508e-13
7.8250000000000002,13.34603863078112,9,sr,3.346e-13
7.8375000000000004,13.339774518804179,9,sr,7.058e-12
7.8500000000000005,13.332492070103577,9,sr,6.925e-13
7.8625000000000007,13.324151046816814,9,sr,5.038e-16
7.8750000000000009,13.3147256809673,9,sr,1.896e-16
7.8875000000000002,13.304203449550412,9,sr,2.807e-16
7.9000000000000004,13.292583649664694,9,sr,1.287e-15
7.9125000000000005,13.279875869005309,9,sr,9.207e-12
7.9250000000000007,13.266098432533237,9,sr,1.044e-12
7.9375000000000009,13.251276890209526,9,sr,1.938e-12
7.9500000000000002,13.235442592617128,9,sr,4.993e-13
7.9625000000000004,13.218631387170939,9,sr,3.551e-16
7.9750000000000005,13.200882452866569,9,sr,2.899e-12
7.9875000000000007,13.182237281307231,9,sr,1.079e-11
8,13.162738803173694,9,sr,5.979e-16
8.0124999999999993,13.142430653693987,9,sr,1.189e-11
8.0250000000000004,13.121356566274953,9,sr,1.342e-11
8.0374999999999996,13.099559881606128,9,sr,2.589e-15
8.0499999999999989,13.077083159397283,9,sr,3.547e-12
8.0625,13.053967877801542,9,sr,2.417e-15
8.0749999999999993,13.030254208549481,9,sr,1.657e-12
8.0875000000000004,13.005980855285632,9,sr,1.687e-11
8.0999999999999996,12.981184944431858,9,sr,7.270e-12
8.1124999999999989,12.955901958579323,9,sr,1.604e-11
8.125,12.930165704863958,9,sr,1.348e-12
8.1374999999999993,12.904008310287216,9,sr,1.463e-15
8.1500000000000004,12.877460238855543,9,sr,1.224e-15
8.1624999999999996,12.850550324833293,9,sr,1.884e-11
8.1749999999999989,12.823305818247787,9,sr,2.648e-15
8.1875,12.795752439493866,9,sr,1.050e-11
8.1999999999999993,12.767914439699478,9,sr,2.346e-15
8.2125000000000004,12.739814665119226,9,sr,2.732e-15
8.2249999999999996,12.711474623747693,9,sr,2.187e-15
8.2374999999999989,12.682914552560961,9,sr,3.848e-15
8.25,12.654153484519314,9,sr,3.360e-15
8.2624999999999993,12.62520931445958,9,sr,7.742e-12
8.2750000000000004,12.596098863244888,9,sr,4.920e-15
8.2874999999999996,12.566837939867071,9,sr,6.275e-15
8.2999999999999989,12.537441400988955,9,sr,8.776e-15
8.3125,12.507923207945927,9,sr,8.973e-15
8.3249999999999993,12.478296480968213,9,sr,2.410e-15
8.3375000000000004,12.448573550620694,9,sr,1.698e-15
8.3499999999999996,12.418766006457631,9,sr,2.961e-15
8.3624999999999989,12.388884742933604,9,sr,8.378e-16
8.375,12.358940002639693,9,sr,2.123e-16
8.3874999999999993,12.32894141695369,9,sr,1.721e-15
8.4000000000000004,12.298898044207251,9,sr,2.106e-15
8.4124999999999996,12.268818405481687,9,sr,4.708e-15
8.4249999999999989,12.238710518149214,9,sr,4.842e-15
8.4375,12.208581927278798,9,sr,6.876e-16
8.4499999999999993,12.178439735025641,9,sr,5.494e-15
8.4625000000000004,12.148290628121559,9,sr,1.490e-14
8.4749999999999996,12.118140903580667,9,sr,1.929e-14
8.4874999999999989,12.08799649273077,9,sr,2.251e-14
8.5,12.057862983676499,9,sr,2.771e-14
8.5124999999999993,12.027745642295239,9,sr,2.542e-14
8.5250000000000004,11.997649431861879,9,sr,2.969e-14
8.5374999999999996,11.967579031393187,9,sr,3.593e-14
8.5499999999999989,11.93753885279736,9,sr,3.729e-14
8.5625,11.907533056909314,9,sr,3.640e-14
8.5749999999999993,11.877565568487173,9,sr,3.608e-14
8.5875000000000004,11.847640090240642,9,sr,4.328e-14
8.5999999999999996,11.817760115957459,9,sr,3.183e-14
8.6124999999999989,11.787928942789526,9,sr,3.028e-14
8.625,11.758149682756383,9,sr,1.867e-14
8.6374999999999993,11.728425273519621,9,sr,1.625e-14
8.6500000000000004,11.698758488478139,9,sr,1.478e-14
8.6624999999999996,11.669151946230814,9,sr,3.070e-15
8.6749999999999989,11.639608119449715,9,sr,3.550e-15
8.6875,11.610129343212389,9,sr,2.437e-11
8.6999999999999993,11.580717822772632,9,sr,4.623e-15
8.7125000000000004,11.55137564097827,9,sr,3.084e-14
8.7249999999999996,11.522104765078545,9,sr,4.842e-14
8.7374999999999989,11.492907053240767,9,sr,4.442e-14
8.75,11.463784260630126,9,sr,7.043e-15
8.7624999999999993,11.43473804513704,9,sr,4.408e-15
8.7750000000000004,11.405769972766986,9,sr,1.177e-14
8.7874999999999996,11.376881522715891,9,sr,4.470e-14
8.7999999999999989,11.348074092151609,9,sr,3.175e-14
8.8125,11.319349000720642,9,sr,4.422e-15
8.8249999999999993,11.290707494798671,9,sr,5.091e-15
8.8375000000000004,11.262150751500849,9,sr,4.300e-14
8.8499999999999996,11.233679882468218,9,sr,7.848e-15
8.8624999999999989,11.205295937437439,9,sr,2.386e-11
8.875,11.176999907654292,9,sr,4.158e-14
8.8874999999999993,11.148792729004313,9,sr,1.371e-15
8.9000000000000004,11.120675285103545,9,sr,3.572e-15
8.9124999999999996,11.092648410129586,9,sr,3.671e-14
8.9249999999999989,11.064712891541259,9,sr,6.697e-15
8.9375,11.036869472650778,9,sr,2.856e-14
8.9499999999999993,11.009118855063495,9,sr,1.975e-15
8.9625000000000004,10.981461700993703,9,sr,1.164e-14
8.9749999999999996,10.953898635464514,9,sr,2.986e-15
8.9874999999999989,10.926430248398598,9,sr,2.267e-14
9,10.899057096607145,9,sr,4.434e-15
9.0124999999999993,10.871779705682995,9,sr,2.458e-14
9.0250000000000004,10.844598571804264,9,sr,8.823e-15
9.0374999999999996,10.817514163453792,9,sr,1.365e-14
9.0499999999999989,10.790526923059938,9,sr,1.161e-14
9.0625,10.763637268563535,9,sr,3.487e-15
9.0749999999999993,10.73684559491568,9,sr,1.654e-14
9.0875000000000004,10.710152275519034,9,sr,3.536e-11
9.0999999999999996,10.68355766355887,9,sr,3.082e-15
9.1124999999999989,10.657062093401432,9,sr,1.447e-14
9.125,10.63066588177384,9,sr,5.541e-15
9.1374999999999993,10.6043693290184,9,sr,1.032e-14
9.1500000000000004,10.57817272025102,9,sr,8.508e-15
9.1624999999999996,10.552076326484682,9,sr,6.584e-15
9.1749999999999989,10.526080405712657,9,sr,8.209e-16
9.1875,10.500185203961228,9,sr,3.125e-11
9.1999999999999993,10.474390956265699,9,sr,1.199e-14
9.2125000000000004,10.448697887719023,9,sr,3.737e-15
9.2249999999999996,10.423106214350708,9,sr,2.008e-15
9.2374999999999989,10.397616144083106,9,sr,1.309e-14
9.25,10.372227877620404,9,sr,3.899e-15
9.2624999999999993,10.346941609321467,9,sr,4.440e-15
9.2750000000000004,10.321757528051428,9,sr,9.788e-15
9.2874999999999996,10.296675818014162,9,sr,1.139e-15
9.2999999999999989,10.271696659555218,9,sr,5.614e-11
9.3125,10.2468202300314,9,sr,4.053e-11
9.3249999999999993,10.222046704419238,9,sr,5.238e-11
9.3375000000000004,10.197376256368811,9,sr,5.881e-11
9.3499999999999996,10.172809058641105,9,sr,5.672e-15
9.3624999999999989,10.148345284160532,9,sr,1.393e-15
9.375,10.1239851065701,9,sr,5.949e-15
9.3874999999999993,10.099728701043418,9,sr,2.761e-11
9.4000000000000004,10.075576245040837,9,sr,7.777e-15
9.4124999999999996,10.051527918986555,9,sr,6.917e-15
9.4249999999999989,10.027583907064463,9,sr,5.715e-15
9.4375,10.003744397925226,9,sr,7.134e-15
9.4499999999999993,9.9800095854318087,9,sr,6.855e-13
9.4625000000000004,9.956379669401958,9,sr,7.934e-15
9.4749999999999996,9.9328548563585475,9,sr,7.648e-15
9.4874999999999989,9.9094353602838563,9,sr,8.752e-15
9.5,9.8861214033848466,9,sr,3.674e-15
9.5124999999999993,9.8629132168677316,9,sr,1.757e-14
9.5250000000000004,9.8398110417121778,9,sr,5.624e-11
9.5374999999999996,9.8168151295334152,9,sr,1.379e-15
9.5499999999999989,9.7939257432738245,9,sr,1.672e-15
9.5625,9.7711431581591377,9,sr,3.120e-15
9.5749999999999993,9.7484676624877835,9,sr,3.486e-15
9.5875000000000004,9.7258995585150725,9,sr,5.348e-17
9.5999999999999996,9.7034391633476194,9,sr,1.397e-14
9.6125000000000007,9.6810868098621903,9,sr,9.407e-15
9.625,9.6588428476512043,9,sr,8.263e-15
9.6374999999999993,9.636707643996747,9,sr,1.499e-14
9.6500000000000004,9.6146815848755764,9,sr,7.889e-16
9.6624999999999996,9.5927650759971392,9,sr,4.176e-14
9.6750000000000007,9.5709585438771008,9,sr,1.044e-16
9.6875,9.5492624369489487,9,sr,5.822e-15
9.6999999999999993,9.5276772267159551,9,sr,6.475e-14
9.7125000000000004,9.5062034089464511,9,sr,1.098e-14
9.7249999999999996,9.4848415048991566,9,sr,6.723e-11
9.7375000000000007,9.4635920626939676,9,sr,2.783e-14
9.75,9.4424556584930315,9,sr,7.419e-14
9.7624999999999993,9.4214328980597966,9,sr,2.139e-14
9.7750000000000004,9.400524418134319,9,sr,5.735e-15
9.7874999999999996,9.3797308879698988,9,sr,7.791e-12
9.8000000000000007,9.3590530109073971,9,sr,3.190e-14
9.8125,9.3384915260485748,9,sr,4.578e-14
9.8249999999999993,9.318047209964087,9,sr,7.997e-14
9.8375000000000004,9.2977208785086276,9,sr,1.021e-13
9.8499999999999996,9.2775133887066854,9,sr,1.004e-13
9.8625000000000007,9.2574256407270603,9,sr,9.945e-14
9.875,9.2374585799493154,9,sr,1.099e-13
9.8874999999999993,9.2176131991264434,9,sr,1.142e-13
9.9000000000000004,9.1978905406496132,9,sr,1.016e-13
9.9124999999999996,9.1782916989205408,9,sr,7.596e-14
9.9250000000000007,9.1588178228361308,9,sr,4.421e-14
9.9375,9.1394701183921434,9,sr,1.141e-14
9.9499999999999993,9.1202498514113834,9,sr,1.290e-15
9.9625000000000004,9.1011583504027307,9,sr,1.152e-14
9.9749999999999996,9.0821970095573104,9,sr,7.839e-14
9.9875000000000007,9.0633672918883441,9,sr,7.597e-14
10,9.0446707325207747,9,sr,4.197e-15
8.0499999999999989,-9.3377218044804877,10,sr,3.563e-16
8.0625,-8.61538342943701,10,sr,8.071e-14
8.0749999999999993,-7.9687524822284805,10,sr,3.378e-16
8.0875000000000004,-7.3876237390773776,10,sr,6.527e-16
8.0999999999999996,-6.863455740392709,10,sr,7.097e-16
8.1124999999999989,-6.3890556237301421,10,sr,6.226e-16
8.125,-5.958331470941074,10,sr,1.374e-15
8.1374999999999993,-5.566096132957755,10,sr,4.315e-17
8.1500000000000004,-5.207910657028866,10,sr,2.724e-15
8.1624999999999996,-4.8799584364967714,10,sr,1.623e-16
8.1749999999999989,-4.5789433819694167,10,sr,2.113e-15
8.1875,-4.3020070133414725,10,sr,1.123e-16
8.1999999999999993,-4.0466605589240583,10,sr,2.726e-16
8.2125000000000004,-3.8107290356793602,10,sr,1.070e-16
8.2249999999999996,-3.5923049540631014,10,sr,1.418e-16
8.2374999999999989,-3.389709799858263,10,sr,7.838e-16
8.25,-3.2014618350296162,10,sr,1.238e-16
8.2624999999999993,-3.026249060065064,10,sr,1.416e-16
8.2750000000000004,-2.8629064134623721,10,sr,2.894e-14
8.2874999999999996,-2.710396466150331,10,sr,1.027e-12
8.2999999999999989,-2.5677930118377157,10,sr,4.491e-14
8.3125,-2.4342670670645874,10,sr,1.426e-14
8.3249999999999993,-2.3090748852408187,10,sr,2.511e-14
8.3375000000000004,-2.1915476599179256,10,sr,2.885e-16
8.3499999999999996,-2.0810826507928919,10,sr,1.277e-16
8.3624999999999989,-1.97713551209313,10,sr,1.592e-16
8.375,-1.8792136407072004,10,sr,4.176e-14
8.3874999999999993,-1.786870392055895,10,sr,2.133e-16
8.4000000000000004,-1.6997000367082573,10,sr,1.096e-14
8.4124999999999996,-1.6173333512974055,10,sr,2.833e-16
8.4249999999999989,-1.5394337541723389,10,sr,4.904e-14
8.4375,-1.4656939102222593,10,sr,3.242e-16
8.4499999999999993,-1.3958327408800026,10,sr,3.594e-16
8.4625000000000004,-1.3295927849844598,10,sr,4.520e-14
8.4749999999999996,-1.2667378642199922,10,sr,6.850e-17
8.4874999999999989,-1.2070510136131709,10,sr,1.339e-16
8.5,-1.1503326432469059,10,sr,1.150e-16
8.5124999999999993,-1.0963989021205314,10,sr,0.000e+00
8.5250000000000004,-1.04508021914797,10,sr,1.897e-12
8.5374999999999996,-0.99621999964532038,10,sr,2.163e-16
8.5499999999999989,-0.94967345878786691,10,sr,9.443e-14
8.5625,-0.90530657557112315,10,sr,1.855e-16
8.5749999999999993,-0.86299515345121525,10,sr,2.000e-12
8.5875000000000004,-0.8226239752897766,10,sr,2.519e-12
8.5999999999999996,-0.78408604185114839,10,sr,1.055e-12
8.6124999999999989,-0.74728188457202127,10,sr,4.120e-17
8.625,-0.7121189443689,10,sr,1.351e-17
8.6374999999999993,-0.67851100923200725,10,sr,3.279e-12
8.6500000000000004,-0.6463777043246296,10,sr,3.163e-17
8.6624999999999996,-0.61564402882060187,10,sr,1.169e-16
8.6749999999999989,-0.58623993481772796,10,sr,1.052e-16
8.6875,-0.55809994362320803,10,sr,7.667e-12
8.6999999999999993,-0.53116279582127757,10,sr,1.456e-16
8.7125000000000004,-0.50537113124467481,10,sr,2.940e-16
8.7249999999999996,-0.48067119637357636,10,sr,1.983e-16
8.7374999999999989,-0.45701257581686638,10,sr,2.797e-16
8.75,-0.43434794577072378,10,sr,3.831e-12
8.7624999999999993,-0.4126328471991374,10,sr,7.551e-12
8.7750000000000004,-0.39182547655182659,10,sr,1.304e-16
8.7874999999999996,-0.371886492769199,10,sr,6.789e-17
8.7999999999999989,-0.35277883830385032,10,sr,3.193e-16
8.8125,-0.33446757333545463,10,sr,5.949e-12
8.8249999999999993,-0.31691972165990184,10,sr,3.518e-16
8.8375000000000004,-0.30010412704952794,10,sr,4.533e-17
8.8499999999999996,-0.28399131939602162,10,sr,1.147e-11
8.8624999999999989,-0.26855338936386125,10,sr,7.012e-16
8.875,-0.25376387128515498,10,sr,4.873e-16
8.8874999999999993,-0.23959763306870638,10,sr,9.862e-12
8.9000000000000004,-0.22603077317508863,10,sr,3.990e-16
8.9124999999999996,-0.2130405236764116,10,sr,2.605e-15
8.9249999999999989,-0.20060515953586477,10,sr,1.361e-16
8.9375,-0.18870391344304888,10,sr,2.333e-15
8.9499999999999993,-0.17731689625099956,10,sr,6.025e-15
8.9625000000000004,-0.16642502282401864,10,sr,1.992e-15
8.9749999999999996,-0.15600994325310705,10,sr,8.075e-16
8.9874999999999989,-0.14605397943254106,10,sr,1.293e-15
9,-0.13654006702347987,10,sr,6.641e-15
9.0124999999999993,-0.12745170284712656,10,sr,3.115e-14
9.0250000000000004,-0.11877289774903342,10,sr,1.800e-14
9.0374999999999996,-0.11048813495705373,10,sr,2.224e-16
9.0499999999999989,-0.1025823339208875,10,sr,8.329e-14
9.0625,-0.09504081956755879,10,sr,1.390e-16
9.0749999999999993,-0.087849296846434111,10,sr,1.497e-13
9.0875000000000004,-0.080993830359229191,10,sr,1.402e-14
9.0999999999999996,-0.07446082879905061,10,sr,1.735e-14
9.1124999999999989,-0.068237033836782104,10,sr,3.192e-13
9.125,-0.06230951302722796,10,sr,4.885e-13
9.1374999999999993,-0.056665656244757688,10,sr,2.788e-13
9.1500000000000004,-0.051293175099106733,10,sr,1.720e-13
9.1624999999999996,-0.04618010476995487,10,sr,1.737e-13
9.1749999999999989,-0.04131480766761092,10,sr,3.413e-13
9.1875,-0.036685978345280132,10,sr,1.020e-12
9.1999999999999993,-0.032282649110240869,10,sr,3.144e-12
9.2125000000000004,-0.028094195827946759,10,sr,4.350e-12
9.2249999999999996,-0.024110343441475311,10,sr,1.408e-12
9.2374999999999989,-0.020321170871216744,10,sr,8.932e-15
9.25,-0.016717114904038856,10,sr,4.800e-12
9.2624999999999993,-0.013288972895787211,10,sr,1.216e-11
9.2750000000000004,-0.010027904043095235,10,sr,4.652e-17
9.2874999999999996,-0.0069254292367372889,10,sr,1.542e-11
9.3499999999999996,0.0064798272641640123,10,sr,6.096e-11
9.3624999999999989,0.0087889466077283301,10,sr,1.700e-11
9.375,0.010989023704825655,10,sr,4.335e-11
9.3874999999999993,0.013085822019392434,10,sr,1.123e-10
9.4000000000000004,0.015084804655579908,10,sr,7.891e-14
9.4124999999999996,0.016991145849847167,10,sr,3.316e-11
9.4249999999999989,0.018809742254771625,10,sr,4.983e-11
9.4375,0.020545224786026696,10,sr,2.967e-11
9.4499999999999993,0.022201970468710888,10,sr,6.567e-16
9.4625000000000004,0.023784114166256837,10,sr,9.942e-11
9.4749999999999996,0.025295560285740041,10,sr,1.005e-11
9.4874999999999989,0.026739994396193848,10,sr,1.077e-15
9.5,0.028120894356270361,10,sr,2.002e-14
9.5124999999999993,0.029441541353349959,10,sr,1.316e-11
9.5250000000000004,0.030705030473074275,10,sr,2.151e-10
9.5374999999999996,0.031914281069806975,10,sr,4.100e-15
9.5499999999999989,0.033072046372130404,10,sr,5.992e-14
9.5625,0.034180923154507645,10,sr,1.073e-10
9.5749999999999993,0.035243360578909769,10,sr,2.273e-11
9.5875000000000004,0.036261668907639551,10,sr,3.999e-15
9.5999999999999996,0.03723802753895903,10,sr,1.980e-14
9.6125000000000007,0.038174492812582936,10,sr,1.435e-13
9.625,0.039073005291075394,10,sr,2.875e-10
9.6374999999999993,0.039935396795183556,10,sr,1.472e-14
9.6500000000000004,0.040763396716306237,10,sr,2.056e-15
9.6624999999999996,0.041558638397843274,10,sr,2.923e-14
9.6750000000000007,0.042322664824669828,10,sr,7.962e-14
9.6875,0.043056934101975947,10,sr,5.623e-13
9.6999999999999993,0.04376282458454249,10,sr,8.798e-14
9.7125000000000004,0.044441639703133196,10,sr,1.464e-10
9.7249999999999996,0.045094612442357247,10,sr,6.797e-12
9.7375000000000007,0.045722909674882642,10,sr,5.620e-15
9.75,0.046327636047713151,10,sr,6.616e-14
9.7624999999999993,0.046909837761469772,10,sr,2.173e-13
9.7750000000000004,0.047470506056039155,10,sr,3.647e-13
9.7874999999999996,0.048010580487302661,10,sr,2.019e-12
9.8000000000000007,0.048530951997189029,10,sr,6.449e-13
9.8125,0.04903246578861372,10,sr,9.531e-14
9.8249999999999993,0.049515924030666202,10,sr,2.304e-10
9.8375000000000004,0.04998208832817809,10,sr,3.852e-16
9.8499999999999996,0.05043168219294885,10,sr,2.015e-15
9.8625000000000007,0.050865393151127918,10,sr,4.591e-14
9.875,0.051283874871939604,10,sr,2.415e-13
9.8874999999999993,0.051687749101496538,10,sr,6.473e-13
9.9000000000000004,0.052077607485327471,10,sr,1.187e-12
9.9124999999999996,0.052454013276876418,10,sr,1.657e-12
9.9250000000000007,0.052817502939204355,10,sr,8.523e-12
9.9375,0.053168587648547795,10,sr,4.970e-12
9.9499999999999993,0.053507754701795023,10,sr,2.311e-12
9.9625000000000004,0.053835468840558787,10,sr,7.969e-13
9.9749999999999996,0.054152173492183112,10,sr,1.753e-13
9.9875000000000007,0.054458291918898824,10,sr,4.876e-10
10,0.054754228396551745,10,sr,5.366e-11
8.4375,14.979730432754517,11,sr,3.894e-16
8.4499999999999993,14.9415000605585,11,sr,4.837e-15
8.4625000000000004,14.903291494689809,11,sr,1.079e-14
8.4749999999999996,14.86511138557985,11,sr,8.649e-12
8.4874999999999989,14.82696597172659,11,sr,2.381e-14
8.5,14.78886110665734,11,sr,5.307e-15
8.5124999999999993,14.750802283885111,11,sr,2.082e-15
8.5250000000000004,14.712794660152449,11,sr,1.757e-14
8.5374999999999996,14.67484307700804,11,sr,1.178e-14
8.5499999999999989,14.636952080870367,11,sr,3.308e-14
8.5625,14.599125941689017,11,sr,1.086e-14
8.5749999999999993,14.561368670309509,11,sr,2.050e-14
8.5875000000000004,14.523684034639858,11,sr,6.134e-15
8.5999999999999996,14.486075574708625,11,sr,4.644e-15
8.6124999999999989,14.448546616697918,11,sr,1.458e-14
8.625,14.411100286027665,11,sr,3.267e-14
8.6374999999999993,14.373739519562184,11,sr,6.364e-15
8.6500000000000004,14.336467077003455,11,sr,3.182e-14
8.6624999999999996,14.299285551531908,11,sr,7.732e-15
8.6749999999999989,14.262197379749031,11,sr,5.384e-14
8.6875,14.225204850994345,11,sr,6.048e-11
8.6999999999999993,14.188310115938084,11,sr,2.560e-14
8.7125000000000004,14.151515194927949,11,sr,2.933e-14
8.7249999999999996,14.114821985405607,11,sr,2.805e-15
8.7374999999999989,14.078232269153615,11,sr,2.082e-14
8.75,14.041747718972834,11,sr,4.506e-14
8.7624999999999993,14.005369904966496,11,sr,6.018e-15
8.7750000000000004,13.969100300438729,11,sr,4.808e-16
8.7874999999999996,13.932940287435361,11,sr,3.882e-14
8.7999999999999989,13.896891161950895,11,sr,3.590e-14
8.8125,13.86095413882545,11,sr,6.862e-16
8.8249999999999993,13.825130356361409,11,sr,3.217e-11
8.8375000000000004,13.789420880615198,11,sr,1.895e-14
8.8499999999999996,13.753826709577121,11,sr,1.646e-15
8.8624999999999989,13.718348776931041,11,sr,1.841e-14
8.875,13.682987955734903,11,sr,2.340e-14
8.8874999999999993,13.647745061841576,11,sr,2.869e-14
8.9000000000000004,13.612620857138356,11,sr,3.169e-14
8.9124999999999996,13.577616052608743,11,sr,2.662e-14
8.9249999999999989,13.542731311227907,11,sr,1.733e-14
8.9375,13.507967250702892,11,sr,2.501e-14
8.9499999999999993,13.473324446067647,11,sr,1.090e-14
8.9625000000000004,13.438803432142228,11,sr,5.368e-15
8.9749999999999996,13.404404705865181,11,sr,3.663e-16
8.9874999999999989,13.370128728514954,11,sr,3.176e-11
9,13.335975927772811,11,sr,1.682e-14
9.0124999999999993,13.301946699800625,11,sr,1.609e-14
9.0250000000000004,13.268041411062953,11,sr,9.346e-15
9.0374999999999996,13.234260400177037,11,sr,3.623e-15
9.0499999999999989,13.200603979630149,11,sr,6.307e-15
9.0625,13.167072437425247,11,sr,1.271e-14
9.0749999999999993,13.133666038652233,11,sr,2.390e-14
9.0875000000000004,13.10038502698897,11,sr,2.213e-12
9.0999999999999996,13.067229626140559,11,sr,2.181e-14
9.1124999999999989,13.034200041209903,11,sr,1.192e-15
9.125,13.001296460021983,11,sr,1.284e-14
9.1374999999999993,12.968519054387482,11,sr,1.649e-14
9.1500000000000004,12.93586798132012,11,sr,2.726e-17
9.1624999999999996,12.903343384207611,11,sr,2.174e-14
9.1749999999999989,12.870945393939889,11,sr,1.587e-14
9.1875,12.838674129997717,11,sr,7.343e-15
9.1999999999999993,12.806529701504514,11,sr,3.526e-15
9.2125000000000004,12.774512208244241,11,sr,9.753e-16
9.2249999999999996,12.742621741647916,11,sr,1.383e-14
9.2374999999999989,12.71085838575128,11,sr,1.816e-14
9.25,12.679222218126055,11,sr,8.238e-15
9.2624999999999993,12.647713310787086,11,sr,2.738e-14
9.2750000000000004,12.616331731077505,11,sr,1.185e-14
9.2874999999999996,12.585077542534389,11,sr,5.710e-13
9.2999999999999989,12.553950805742444,11,sr,3.048e-11
9.3125,12.522951579137928,11,sr,1.740e-11
9.3249999999999993,12.492079919861748,11,sr,5.261e-11
9.3375000000000004,12.461335884575464,11,sr,8.998e-11
9.3499999999999996,12.43071953023167,11,sr,2.165e-11
9.3624999999999989,12.400230914828356,11,sr,5.270e-11
9.375,12.369870098219936,11,sr,4.862e-12
9.3874999999999993,12.339637142963259,11,sr,5.149e-11
9.4000000000000004,12.309532114995923,11,sr,1.064e-10
9.4124999999999996,12.279555084509823,11,sr,1.134e-10
9.4249999999999989,12.249706126452541,11,sr,6.322e-11
9.4375,12.219985321792722,11,sr,1.796e-13
9.4499999999999993,12.190392757813465,11,sr,4.164e-15
9.4625000000000004,12.160928529180012,11,sr,1.387e-14
9.4749999999999996,12.131592738640014,11,sr,2.130e-14
9.4874999999999989,12.102385497839053,11,sr,6.841e-15
9.5,12.073306928133789,11,sr,8.188e-15
9.5124999999999993,12.044357161417983,11,sr,1.873e-14
9.5250000000000004,12.015536340963207,11,sr,8.937e-16
9.5374999999999996,11.986844622276299,11,sr,1.297e-14
9.5499999999999989,11.958282173975448,11,sr,7.734e-15
9.5625,11.929849178677205,11,sr,4.416e-11
9.5749999999999993,11.901545833965312,11,sr,3.109e-15
9.5875000000000004,11.87337235323699,11,sr,4.489e-15
9.5999999999999996,11.845328966773266,11,sr,7.138e-15
9.6125000000000007,11.817415922691389,11,sr,2.623e-14
9.625,11.789633487988379,11,sr,1.968e-14
9.6374999999999993,11.761981949609311,11,sr,6.644e-15
9.6500000000000004,11.734461615553149,11,sr,1.839e-15
9.6624999999999996,11.707072816018503,11,sr,2.308e-14
9.6750000000000007,11.679815904572415,11,sr,8.667e-11
9.6875,11.65269125948682,11,sr,7.100e-14
9.6999999999999993,11.625699284820334,11,sr,8.165e-15
9.7125000000000004,11.598840411958601,11,sr,2.387e-14
9.7249999999999996,11.572115100906581,11,sr,5.080e-14
9.7375000000000007,11.545523841763076,11,sr,7.033e-15
9.75,11.519067156238901,11,sr,1.709e-14
9.7624999999999993,11.492745599243701,11,sr,8.628e-14
9.7750000000000004,11.466559760545463,11,sr,3.252e-14
9.7874999999999996,11.4405102665079,11,sr,2.716e-14
9.8000000000000007,11.414597781909885,11,sr,2.879e-15
9.8125,11.38882301185318,11,sr,2.961e-14
9.8249999999999993,11.363186703763146,11,sr,6.658e-14
9.8375000000000004,11.337689649488796,11,sr,1.040e-13
9.8499999999999996,11.31233268750818,11,sr,9.780e-14
9.8625000000000007,11.287116705245982,11,sr,7.503e-14
9.875,11.262042641509419,11,sr,6.468e-14
9.8874999999999993,11.23711148905096,11,sr,8.706e-14
9.9000000000000004,11.212324297264711,11,sr,9.165e-14
9.9124999999999996,11.187682175025035,11,sr,1.185e-13
9.9250000000000007,11.163186293675622,11,sr,9.723e-14
9.9375,11.138837890179088,11,sr,4.156e-14
9.9499999999999993,11.1146382704354,11,sr,7.882e-15
9.9625000000000004,11.090588812780171,11,sr,1.455e-15
9.9749999999999996,11.06669097167309,11,sr,3.500e-14
9.9875000000000007,11.042946281587794,11,sr,1.073e-13
10,11.019356361114465,11,sr,1.420e-15
9.3249999999999993,14.989116179414836,12,sr,2.669e-11
9.3375000000000004,14.951691171820544,12,sr,5.831e-11
9.3499999999999996,14.91442068830391,12,sr,2.874e-11
9.3624999999999989,14.87730465528224,12,sr,5.468e-15
9.375,14.840343002169542,12,sr,4.760e-11
9.3874999999999993,14.803535662222568,12,sr,1.417e-14
9.4000000000000004,14.76688257321837,12,sr,1.522e-14
9.4124999999999996,14.73038367836231,12,sr,1.063e-14
9.4249999999999989,14.694038927036837,12,sr,2.413e-14
9.4375,14.657848275615466,12,sr,8.914e-15
9.4499999999999993,14.621811688271777,12,sr,6.327e-15
9.4625000000000004,14.585929137795487,12,sr,3.801e-15
9.4749999999999996,14.550200606417723,12,sr,5.624e-15
9.4874999999999989,14.51462608665851,12,sr,5.180e-11
9.5,14.479205582119455,12,sr,1.322e-14
9.5124999999999993,14.443939108461292,12,sr,1.520e-14
9.5250000000000004,14.408826694172026,12,sr,1.012e-14
9.5374999999999996,14.373868381524328,12,sr,6.670e-15
9.5499999999999989,14.339064227486363,12,sr,1.622e-14
9.5625,14.304414304667839,12,sr,2.149e-15
9.5749999999999993,14.269918702288987,12,sr,1.409e-11
9.5875000000000004,14.23557752719714,12,sr,4.166e-15
9.5999999999999996,14.201390904867196,12,sr,1.331e-15
9.6125000000000007,14.167358980499101,12,sr,3.152e-14
9.625,14.133481920104753,12,sr,1.978e-14
9.6374999999999993,14.099759911671768,12,sr,7.998e-11
9.6500000000000004,14.066193166256712,12,sr,3.726e-15
9.6624999999999996,14.032781919400172,12,sr,4.982e-14
9.6750000000000007,13.999526432223293,12,sr,6.872e-15
9.6875,13.96642699285362,12,sr,3.339e-14
9.6999999999999993,13.933483917797179,12,sr,3.319e-14
9.7125000000000004,13.900697553390021,12,sr,2.107e-15
9.7249999999999996,13.868068277315176,12,sr,6.096e-14
9.7375000000000007,13.835596500188959,12,sr,9.669e-15
9.75,13.803282667222421,12,sr,6.881e-14
9.7624999999999993,13.771127259961791,12,sr,8.311e-15
9.7750000000000004,13.739130798114676,12,sr,4.058e-15
9.7874999999999996,13.707293841466532,12,sr,7.170e-14
9.8000000000000007,13.675616991894522,12,sr,1.040e-15
9.8125,13.64410089548441,12,sr,1.542e-14
9.8249999999999993,13.612746244758254,12,sr,9.463e-14
9.8375000000000004,13.581553781019448,12,sr,1.387e-14
9.8499999999999996,13.550524296823843,12,sr,1.383e-14
9.8625000000000007,13.51965863858422,12,sr,4.899e-15
9.875,13.488957709318198,12,sr,2.948e-14
9.8874999999999993,13.458422471548188,12,sr,6.841e-14
9.9000000000000004,13.428053950363985,12,sr,1.058e-13
9.9124999999999996,13.397853236658653,12,sr,1.248e-13
9.9250000000000007,13.367821490549169,12,sr,1.147e-13
9.9375,13.337959944994212,12,sr,1.125e-13
9.9499999999999993,13.308269909621997,12,sr,9.349e-14
9.9625000000000004,13.278752774782276,12,sr,5.552e-14
9.9749999999999996,13.249410015837178,12,sr,1.482e-14
9.9875000000000007,13.220243197706713,12,sr,4.454e-16
10,13.19125397968577,12,sr,1.060e-14
