q_e,eps_ratio,branch_id,type,residual
0.012500000000000001,1,0,nr,4.996e-16
0.025000000000000001,1,0,nr,4.996e-16
0.037500000000000006,1,0,nr,4.996e-16
0.050000000000000003,1,0,nr,4.996e-16
0.0625,1,0,nr,4.996e-16
0.074999999999999997,1,0,nr,4.996e-16
0.087500000000000008,1,0,nr,4.996e-16
0.10000000000000001,1,0,nr,4.996e-16
0.1125,1,0,nr,4.996e-16
0.125,1,0,nr,4.996e-16
0.13750000000000001,1,0,nr,4.996e-16
0.15000000000000002,1,0,nr,4.996e-16
0.16250000000000003,1,0,nr,4.996e-16
0.17500000000000002,1,0,nr,4.996e-16
0.18750000000000003,1,0,nr,4.996e-16
0.20000000000000001,1,0,nr,4.996e-16
0.21250000000000002,1,0,nr,4.996e-16
0.22500000000000003,1,0,nr,4.996e-16
0.23750000000000002,1,0,nr,4.996e-16
0.25,1,0,nr,4.996e-16
0.26250000000000001,1,0,nr,4.996e-16
0.27500000000000002,1,0,nr,4.996e-16
0.28750000000000003,1,0,nr,4.996e-16
0.30000000000000004,1,0,nr,4.996e-16
0.31250000000000006,1,0,nr,4.996e-16
0.32500000000000001,1,0,nr,4.996e-16
0.33750000000000002,1,0,nr,4.996e-16
0.35000000000000003,1,0,nr,4.996e-16
0.36250000000000004,1,0,nr,4.996e-16
0.37500000000000006,1,0,nr,4.996e-16
0.38750000000000001,1,0,nr,4.996e-16
0.40000000000000002,1,0,nr,4.996e-16
0.41250000000000003,1,0,nr,4.996e-16
0.42500000000000004,1,0,nr,4.996e-16
0.43750000000000006,1,0,nr,4.996e-16
0.45000000000000001,1,0,nr,4.996e-16
0.46250000000000002,1,0,nr,4.996e-16
0.47500000000000003,1,0,nr,4.996e-16
0.48750000000000004,1,0,nr,4.996e-16
0.5,1,0,nr,4.996e-16
0.51249999999999996,1,0,nr,4.996e-16
0.52500000000000002,1,0,nr,4.996e-16
0.53749999999999998,1,0,nr,4.996e-16
0.54999999999999993,1,0,nr,4.996e-16
0.5625,1,0,nr,4.996e-16
0.57499999999999996,1,0,nr,4.996e-16
0.58750000000000002,1,0,nr,4.996e-16
0.59999999999999998,1,0,nr,4.996e-16
0.61250000000000004,1,0,nr,4.996e-16
0.625,1,0,nr,4.996e-16
0.63749999999999996,1,0,nr,4.996e-16
0.65000000000000002,1,0,nr,4.996e-16
0.66249999999999998,1,0,nr,4.996e-16
0.67500000000000004,1,0,nr,4.996e-16
0.6875,1,0,nr,4.996e-16
0.69999999999999996,1,0,nr,4.996e-16
0.71250000000000002,1,0,nr,4.996e-16
0.72499999999999998,1,0,nr,4.996e-16
0.73750000000000004,1,0,nr,4.996e-16
0.75,1,0,nr,4.996e-16
0.76249999999999996,1,0,nr,4.996e-16
0.77500000000000002,1,0,nr,4.996e-16
0.78749999999999998,1,0,nr,4.996e-16
0.80000000000000004,1,0,nr,4.996e-16
0.8125,1,0,nr,4.996e-16
0.82499999999999996,1,0,nr,4.996e-16
0.83750000000000002,1,0,nr,4.996e-16
0.84999999999999998,1,0,nr,4.996e-16
0.86250000000000004,1,0,nr,4.996e-16
0.875,1,0,nr,4.996e-16
0.88749999999999996,1,0,nr,4.996e-16
0.90000000000000002,1,0,nr,4.996e-16
0.91249999999999998,1,0,nr,4.996e-16
0.92500000000000004,1,0,nr,4.996e-16
0.9375,1,0,nr,4.996e-16
0.94999999999999996,1,0,nr,4.996e-16
0.96250000000000002,1,0,nr,4.996e-16
0.97499999999999998,1,0,nr,4.996e-16
0.98750000000000004,1,0,nr,4.996e-16
1,1,0,nr,4.996e-16
1.0125,1,0,nr,4.996e-16
1.0249999999999999,1,0,nr,4.996e-16
1.0375000000000001,1,0,nr,4.996e-16
1.05,1,0,nr,4.996e-16
1.0625,1,0,nr,4.996e-16
1.075,1,0,nr,4.996e-16
1.0874999999999999,1,0,nr,4.996e-16
1.1000000000000001,1,0,nr,4.996e-16
1.1125,1,0,nr,4.996e-16
1.125,1,0,nr,4.996e-16
1.1375,1,0,nr,4.996e-16
1.1499999999999999,1,0,nr,4.996e-16
1.1625000000000001,1,0,nr,4.996e-16
1.175,1,0,nr,4.996e-16
1.1875,1,0,nr,4.996e-16
1.2,1,0,nr,4.996e-16
1.2125000000000001,1,0,nr,4.996e-16
1.2250000000000001,1,0,nr,4.996e-16
1.2375,1,0,nr,4.996e-16
1.25,1,0,nr,4.996e-16
1.2625,1,0,nr,4.996e-16
1.2750000000000001,1,0,nr,4.996e-16
1.2875000000000001,1,0,nr,4.996e-16
1.3,1,0,nr,4.996e-16
1.3125,1,0,nr,4.996e-16
1.325,1,0,nr,4.996e-16
1.3375000000000001,1,0,nr,4.996e-16
1.3500000000000001,1,0,nr,4.996e-16
1.3625,1,0,nr,4.996e-16
1.375,1,0,nr,4.996e-16
1.3875,1,0,nr,4.996e-16
1.4000000000000001,1,0,nr,4.996e-16
1.4125000000000001,1,0,nr,4.996e-16
1.425,1,0,nr,4.996e-16
1.4375,1,0,nr,4.996e-16
1.45,1,0,nr,4.996e-16
1.4625000000000001,1,0,nr,4.996e-16
1.4750000000000001,1,0,nr,4.996e-16
1.4875,1,0,nr,4.996e-16
1.5,1,0,nr,4.996e-16
1.5125,1,0,nr,4.996e-16
1.5250000000000001,1,0,nr,4.996e-16
1.5375000000000001,1,0,nr,4.996e-16
1.55,1,0,nr,4.996e-16
1.5625,1,0,nr,4.996e-16
1.575,1,0,nr,4.996e-16
1.5875000000000001,1,0,nr,4.996e-16
1.6000000000000001,1,0,nr,4.996e-16
1.6125,1,0,nr,4.996e-16
1.625,1,0,nr,4.996e-16
1.6375,1,0,nr,4.996e-16
1.6500000000000001,1,0,nr,4.996e-16
1.6625000000000001,1,0,nr,4.996e-16
1.675,1,0,nr,4.996e-16
1.6875,1,0,nr,4.996e-16
1.7,1,0,nr,4.996e-16
1.7125000000000001,1,0,nr,4.996e-16
1.7250000000000001,1,0,nr,4.996e-16
1.7375,1,0,nr,4.996e-16
1.75,1,0,nr,4.996e-16
1.7625,1,0,nr,4.996e-16
1.7750000000000001,1,0,nr,4.996e-16
1.7875000000000001,1,0,nr,4.996e-16
1.8,1,0,nr,4.996e-16
1.8125,1,0,nr,4.996e-16
1.825,1,0,nr,4.996e-16
1.8375000000000001,1,0,nr,4.996e-16
1.8500000000000001,1,0,nr,4.996e-16
1.8625,1,0,nr,4.996e-16
1.875,1,0,nr,4.996e-16
1.8875,1,0,nr,4.996e-16
1.9000000000000001,1,0,nr,4.996e-16
1.9125000000000001,1,0,nr,4.996e-16
1.925,1,0,nr,4.996e-16
1.9375,1,0,nr,4.996e-16
1.95,1,0,nr,4.996e-16
1.9625000000000001,1,0,nr,4.996e-16
1.9750000000000001,1,0,nr,4.996e-16
1.9875,1,0,nr,4.996e-16
2,1,0,nr,4.996e-16
2.0125000000000002,1,0,nr,4.996e-16
2.0250000000000004,1,0,nr,4.996e-16
2.0375000000000001,1,0,nr,4.996e-16
2.0500000000000003,1,0,nr,4.996e-16
2.0625000000000004,1,0,nr,4.996e-16
2.0750000000000002,1,0,nr,4.996e-16
2.0875000000000004,1,0,nr,4.996e-16
2.1000000000000001,1,0,nr,4.996e-16
2.1125000000000003,1,0,nr,4.996e-16
2.1250000000000004,1,0,nr,4.996e-16
2.1375000000000002,1,0,nr,4.996e-16
2.1500000000000004,1,0,nr,4.996e-16
2.1625000000000001,1,0,nr,4.996e-16
2.1750000000000003,1,0,nr,4.996e-16
2.1875000000000004,1,0,nr,4.996e-16
2.2000000000000002,1,0,nr,4.996e-16
2.2125000000000004,1,0,nr,4.996e-16
2.2250000000000001,1,0,nr,4.996e-16
2.2375000000000003,1,0,nr,4.996e-16
2.2500000000000004,1,0,nr,4.996e-16
2.2625000000000002,1,0,nr,4.996e-16
2.2750000000000004,1,0,nr,4.996e-16
2.2875000000000001,1,0,nr,4.996e-16
2.3000000000000003,1,0,nr,4.996e-16
2.3125000000000004,1,0,nr,4.996e-16
2.3250000000000002,1,0,nr,4.996e-16
2.3375000000000004,1,0,nr,4.996e-16
2.3500000000000001,1,0,nr,4.996e-16
2.3625000000000003,1,0,nr,4.996e-16
2.3750000000000004,1,0,nr,4.996e-16
2.3875000000000002,1,0,nr,4.996e-16
2.4000000000000004,1,0,nr,4.996e-16
2.4125000000000005,1,0,nr,4.996e-16
2.4250000000000003,1,0,nr,4.996e-16
2.4375000000000004,1,0,nr,4.996e-16
2.4500000000000002,1,0,nr,4.996e-16
2.4625000000000004,1,0,nr,4.996e-16
2.4750000000000005,1,0,nr,4.996e-16
2.4875000000000003,1,0,nr,4.996e-16
2.5000000000000004,1,0,nr,4.996e-16
2.5125000000000002,1,0,nr,4.996e-16
2.5250000000000004,1,0,nr,4.996e-16
2.5375000000000005,1,0,nr,4.996e-16
2.5500000000000003,1,0,nr,4.996e-16
2.5625000000000004,1,0,nr,4.996e-16
2.5750000000000002,1,0,nr,4.996e-16
2.5875000000000004,1,0,nr,4.996e-16
2.6000000000000005,1,0,nr,4.996e-16
2.6125000000000003,1,0,nr,4.996e-16
2.6250000000000004,1,0,nr,4.996e-16
2.6375000000000002,1,0,nr,4.996e-16
2.6500000000000004,1,0,nr,4.996e-16
2.6625000000000005,1,0,nr,4.996e-16
2.6750000000000003,1,0,nr,4.996e-16
2.6875000000000004,1,0,nr,4.996e-16
2.7000000000000002,1,0,nr,4.996e-16
2.7125000000000004,1,0,nr,4.996e-16
2.7250000000000005,1,0,nr,4.996e-16
2.7375000000000003,1,0,nr,4.996e-16
2.7500000000000004,1,0,nr,4.996e-16
2.7625000000000002,1,0,nr,4.996e-16
2.7750000000000004,1,0,nr,4.996e-16
2.7875000000000005,1,0,nr,4.996e-16
2.8000000000000003,1,0,nr,4.996e-16
2.8125000000000004,1,0,nr,4.996e-16
2.8250000000000002,1,0,nr,4.996e-16
2.8375000000000004,1,0,nr,4.996e-16
2.8500000000000005,1,0,nr,4.996e-16
2.8625000000000003,1,0,nr,4.996e-16
2.8750000000000004,1,0,nr,4.996e-16
2.8875000000000002,1,0,nr,4.996e-16
2.9000000000000004,1,0,nr,4.996e-16
2.9125000000000005,1,0,nr,4.996e-16
2.9250000000000003,1,0,nr,4.996e-16
2.9375000000000004,1,0,nr,4.996e-16
2.9500000000000002,1,0,nr,4.996e-16
2.9625000000000004,1,0,nr,4.996e-16
2.9750000000000005,1,0,nr,4.996e-16
2.9875000000000003,1,0,nr,4.996e-16
3.0000000000000004,1,0,nr,4.996e-16
3.0125000000000002,1,0,nr,4.996e-16
3.0250000000000004,1,0,nr,4.996e-16
3.0375000000000005,1,0,nr,4.996e-16
3.0500000000000003,1,0,nr,4.996e-16
3.0625000000000004,1,0,nr,4.996e-16
3.0750000000000002,1,0,nr,4.996e-16
3.0875000000000004,1,0,nr,4.996e-16
3.1000000000000005,1,0,nr,4.996e-16
3.1125000000000003,1,0,nr,4.996e-16
3.1250000000000004,1,0,nr,4.996e-16
3.1375000000000002,1,0,nr,4.996e-16
3.1500000000000004,1,0,nr,4.996e-16
3.1625000000000005,1,0,nr,4.996e-16
3.1750000000000003,1,0,nr,4.996e-16
3.1875000000000004,1,0,nr,4.996e-16
3.2000000000000002,1,0,nr,4.996e-16
3.2125000000000004,1,0,nr,4.996e-16
3.2250000000000005,1,0,nr,4.996e-16
3.2375000000000003,1,0,nr,4.996e-16
3.2500000000000004,1,0,nr,4.996e-16
3.2625000000000002,1,0,nr,4.996e-16
3.2750000000000004,1,0,nr,4.996e-16
3.2875000000000005,1,0,nr,4.996e-16
3.3000000000000003,1,0,nr,4.996e-16
3.3125000000000004,1,0,nr,4.996e-16
3.3250000000000002,1,0,nr,4.996e-16
3.3375000000000004,1,0,nr,4.996e-16
3.3500000000000005,1,0,nr,4.996e-16
3.3625000000000003,1,0,nr,4.996e-16
3.3750000000000004,1,0,nr,4.996e-16
3.3875000000000002,1,0,nr,4.996e-16
3.4000000000000004,1,0,nr,4.996e-16
3.4125000000000005,1,0,nr,4.996e-16
3.4250000000000003,1,0,nr,4.996e-16
3.4375000000000004,1,0,nr,4.996e-16
3.4500000000000002,1,0,nr,4.996e-16
3.4625000000000004,1,0,nr,4.996e-16
3.4750000000000005,1,0,nr,4.996e-16
3.4875000000000003,1,0,nr,4.996e-16
3.5000000000000004,1,0,nr,4.996e-16
3.5125000000000002,1,0,nr,4.996e-16
3.5250000000000004,1,0,nr,4.996e-16
3.5375000000000005,1,0,nr,4.996e-16
3.5500000000000003,1,0,nr,4.996e-16
3.5625000000000004,1,0,nr,4.996e-16
3.5750000000000002,1,0,nr,4.996e-16
3.5875000000000004,1,0,nr,4.996e-16
3.6000000000000005,1,0,nr,4.996e-16
3.6125000000000003,1,0,nr,4.996e-16
3.6250000000000004,1,0,nr,4.996e-16
3.6375000000000002,1,0,nr,4.996e-16
3.6500000000000004,1,0,nr,4.996e-16
3.6625000000000005,1,0,nr,4.996e-16
3.6750000000000003,1,0,nr,4.996e-16
3.6875000000000004,1,0,nr,4.996e-16
3.7000000000000002,1,0,nr,4.996e-16
3.7125000000000004,1,0,nr,4.996e-16
3.7250000000000005,1,0,nr,4.996e-16
3.7375000000000003,1,0,nr,4.996e-16
3.7500000000000004,1,0,nr,4.996e-16
3.7625000000000002,1,0,nr,4.996e-16
3.7750000000000004,1,0,nr,4.996e-16
3.7875000000000005,1,0,nr,4.996e-16
3.8000000000000003,1,0,nr,4.996e-16
3.8125000000000004,1,0,nr,4.996e-16
3.8250000000000002,1,0,nr,4.996e-16
3.8375000000000004,1,0,nr,4.996e-16
3.8500000000000005,1,0,nr,4.996e-16
3.8625000000000003,1,0,nr,4.996e-16
3.8750000000000004,1,0,nr,4.996e-16
3.8875000000000002,1,0,nr,4.996e-16
3.9000000000000004,1,0,nr,4.996e-16
3.9125000000000005,1,0,nr,4.996e-16
3.9250000000000003,1,0,nr,4.996e-16
3.9375000000000004,1,0,nr,4.996e-16
3.9500000000000002,1,0,nr,4.996e-16
3.9625000000000004,1,0,nr,4.996e-16
3.9750000000000005,1,0,nr,4.996e-16
3.9875000000000003,1,0,nr,4.996e-16
4,1,0,nr,4.996e-16
4.0125000000000002,1,0,nr,4.996e-16
4.0250000000000004,1,0,nr,4.996e-16
4.0375000000000005,1,0,nr,4.996e-16
4.0500000000000007,1,0,nr,4.996e-16
4.0625,1,0,nr,4.996e-16
4.0750000000000002,1,0,nr,4.996e-16
4.0875000000000004,1,0,nr,4.996e-16
4.1000000000000005,1,0,nr,4.996e-16
4.1125000000000007,1,0,nr,4.996e-16
4.125,1,0,nr,4.996e-16
4.1375000000000002,1,0,nr,4.996e-16
4.1500000000000004,1,0,nr,4.996e-16
4.1625000000000005,1,0,nr,4.996e-16
4.1750000000000007,1,0,nr,4.996e-16
4.1875,1,0,nr,4.996e-16
4.2000000000000002,1,0,nr,4.996e-16
4.2125000000000004,1,0,nr,4.996e-16
4.2250000000000005,1,0,nr,4.996e-16
4.2375000000000007,1,0,nr,4.996e-16
4.25,1,0,nr,4.996e-16
4.2625000000000002,1,0,nr,4.996e-16
4.2750000000000004,1,0,nr,4.996e-16
4.2875000000000005,1,0,nr,4.996e-16
4.3000000000000007,1,0,nr,4.996e-16
4.3125,1,0,nr,4.996e-16
4.3250000000000002,1,0,nr,4.996e-16
4.3375000000000004,1,0,nr,4.996e-16
4.3500000000000005,1,0,nr,4.996e-16
4.3625000000000007,1,0,nr,4.996e-16
4.375,1,0,nr,4.996e-16
4.3875000000000002,1,0,nr,4.996e-16
4.4000000000000004,1,0,nr,4.996e-16
4.4125000000000005,1,0,nr,4.996e-16
4.4250000000000007,1,0,nr,4.996e-16
4.4375,1,0,nr,4.996e-16
4.4500000000000002,1,0,nr,4.996e-16
4.4625000000000004,1,0,nr,4.996e-16
4.4750000000000005,1,0,nr,4.996e-16
4.4875000000000007,1,0,nr,4.996e-16
4.5,1,0,nr,4.996e-16
4.5125000000000002,1,0,nr,4.996e-16
4.5250000000000004,1,0,nr,4.996e-16
4.5375000000000005,1,0,nr,4.996e-16
4.5500000000000007,1,0,nr,4.996e-16
4.5625,1,0,nr,4.996e-16
4.5750000000000002,1,0,nr,4.996e-16
4.5875000000000004,1,0,nr,4.996e-16
4.6000000000000005,1,0,nr,4.996e-16
4.6125000000000007,1,0,nr,4.996e-16
4.625,1,0,nr,4.996e-16
4.6375000000000002,1,0,nr,4.996e-16
4.6500000000000004,1,0,nr,4.996e-16
4.6625000000000005,1,0,nr,4.996e-16
4.6750000000000007,1,0,nr,4.996e-16
4.6875,1,0,nr,4.996e-16
4.7000000000000002,1,0,nr,4.996e-16
4.7125000000000004,1,0,nr,4.996e-16
4.7250000000000005,1,0,nr,4.996e-16
4.7375000000000007,1,0,nr,4.996e-16
4.75,1,0,nr,4.996e-16
4.7625000000000002,1,0,nr,4.996e-16
4.7750000000000004,1,0,nr,4.996e-16
4.7875000000000005,1,0,nr,4.996e-16
4.8000000000000007,1,0,nr,4.996e-16
4.8125000000000009,1,0,nr,4.996e-16
4.8250000000000002,1,0,nr,4.996e-16
4.8375000000000004,1,0,nr,4.996e-16
4.8500000000000005,1,0,nr,4.996e-16
4.8625000000000007,1,0,nr,4.996e-16
4.8750000000000009,1,0,nr,4.996e-16
4.8875000000000002,1,0,nr,4.996e-16
4.9000000000000004,1,0,nr,4.996e-16
4.9125000000000005,1,0,nr,4.996e-16
4.9250000000000007,1,0,nr,4.996e-16
4.9375000000000009,1,0,nr,4.996e-16
4.9500000000000002,1,0,nr,4.996e-16
4.9625000000000004,1,0,nr,4.996e-16
4.9750000000000005,1,0,nr,4.996e-16
4.9875000000000007,1,0,nr,4.996e-16
5.0000000000000009,1,0,nr,4.996e-16
5.0125000000000002,1,0,nr,4.996e-16
5.0250000000000004,1,0,nr,4.996e-16
5.0375000000000005,1,0,nr,4.996e-16
5.0500000000000007,1,0,nr,4.996e-16
5.0625000000000009,1,0,nr,4.996e-16
5.0750000000000002,1,0,nr,4.996e-16
5.0875000000000004,1,0,nr,4.996e-16
5.1000000000000005,1,0,nr,4.996e-16
5.1125000000000007,1,0,nr,4.996e-16
5.1250000000000009,1,0,nr,4.996e-16
5.1375000000000002,1,0,nr,4.996e-16
5.1500000000000004,1,0,nr,4.996e-16
5.1625000000000005,1,0,nr,4.996e-16
5.1750000000000007,1,0,nr,4.996e-16
5.1875000000000009,1,0,nr,4.996e-16
5.2000000000000002,1,0,nr,4.996e-16
5.2125000000000004,1,0,nr,4.996e-16
5.2250000000000005,1,0,nr,4.996e-16
5.2375000000000007,1,0,nr,4.996e-16
5.2500000000000009,1,0,nr,4.996e-16
5.2625000000000002,1,0,nr,4.996e-16
5.2750000000000004,1,0,nr,4.996e-16
5.2875000000000005,1,0,nr,4.996e-16
5.3000000000000007,1,0,nr,4.996e-16
5.3125000000000009,1,0,nr,4.996e-16
5.3250000000000002,1,0,nr,4.996e-16
5.3375000000000004,1,0,nr,4.996e-16
5.3500000000000005,1,0,nr,4.996e-16
5.3625000000000007,1,0,nr,4.996e-16
5.3750000000000009,1,0,nr,4.996e-16
5.3875000000000002,1,0,nr,4.996e-16
5.4000000000000004,1,0,nr,4.996e-16
5.4125000000000005,1,0,nr,4.996e-16
5.4250000000000007,1,0,nr,4.996e-16
5.4375000000000009,1,0,nr,4.996e-16
5.4500000000000002,1,0,nr,4.996e-16
5.4625000000000004,1,0,nr,4.996e-16
5.4750000000000005,1,0,nr,4.996e-16
5.4875000000000007,1,0,nr,4.996e-16
5.5000000000000009,1,0,nr,4.996e-16
5.5125000000000002,1,0,nr,4.996e-16
5.5250000000000004,1,0,nr,4.996e-16
5.5375000000000005,1,0,nr,4.996e-16
5.5500000000000007,1,0,nr,4.996e-16
5.5625000000000009,1,0,nr,4.996e-16
5.5750000000000002,1,0,nr,4.996e-16
5.5875000000000004,1,0,nr,4.996e-16
5.6000000000000005,1,0,nr,4.996e-16
5.6125000000000007,1,0,nr,4.996e-16
5.6250000000000009,1,0,nr,4.996e-16
5.6375000000000002,1,0,nr,4.996e-16
5.6500000000000004,1,0,nr,4.996e-16
5.6625000000000005,1,0,nr,4.996e-16
5.6750000000000007,1,0,nr,4.996e-16
5.6875000000000009,1,0,nr,4.996e-16
5.7000000000000002,1,0,nr,4.996e-16
5.7125000000000004,1,0,nr,4.996e-16
5.7250000000000005,1,0,nr,4.996e-16
5.7375000000000007,1,0,nr,4.996e-16
5.7500000000000009,1,0,nr,4.996e-16
5.7625000000000002,1,0,nr,4.996e-16
5.7750000000000004,1,0,nr,4.996e-16
5.7875000000000005,1,0,nr,4.996e-16
5.8000000000000007,1,0,nr,4.996e-16
5.8125000000000009,1,0,nr,4.996e-16
5.8250000000000002,1,0,nr,4.996e-16
5.8375000000000004,1,0,nr,4.996e-16
5.8500000000000005,1,0,nr,4.996e-16
5.8625000000000007,1,0,nr,4.996e-16
5.8750000000000009,1,0,nr,4.996e-16
5.8875000000000002,1,0,nr,4.996e-16
5.9000000000000004,1,0,nr,4.996e-16
5.9125000000000005,1,0,nr,4.996e-16
5.9250000000000007,1,0,nr,4.996e-16
5.9375000000000009,1,0,nr,4.996e-16
5.9500000000000002,1,0,nr,4.996e-16
5.9625000000000004,1,0,nr,4.996e-16
5.9750000000000005,1,0,nr,4.996e-16
5.9875000000000007,1,0,nr,4.996e-16
6.0000000000000009,1,0,nr,4.996e-16
6.0125000000000002,1,0,nr,4.996e-16
6.0250000000000004,1,0,nr,4.996e-16
6.0375000000000005,1,0,nr,4.996e-16
6.0500000000000007,1,0,nr,4.996e-16
6.0625000000000009,1,0,nr,4.996e-16
6.0750000000000002,1,0,nr,4.996e-16
6.0875000000000004,1,0,nr,4.996e-16
6.1000000000000005,1,0,nr,4.996e-16
6.1125000000000007,1,0,nr,4.996e-16
6.1250000000000009,1,0,nr,4.996e-16
6.1375000000000002,1,0,nr,4.996e-16
6.1500000000000004,1,0,nr,4.996e-16
6.1625000000000005,1,0,nr,4.996e-16
6.1750000000000007,1,0,nr,4.996e-16
6.1875000000000009,1,0,nr,4.996e-16
6.2000000000000002,1,0,nr,4.996e-16
6.2125000000000004,1,0,nr,4.996e-16
6.2250000000000005,1,0,nr,4.996e-16
6.2375000000000007,1,0,nr,4.996e-16
6.2500000000000009,1,0,nr,4.996e-16
6.2625000000000002,1,0,nr,4.996e-16
6.2750000000000004,1,0,nr,4.996e-16
6.2875000000000005,1,0,nr,4.996e-16
6.3000000000000007,1,0,nr,4.996e-16
6.3125000000000009,1,0,nr,4.996e-16
6.3250000000000002,1,0,nr,4.996e-16
6.3375000000000004,1,0,nr,4.996e-16
6.3500000000000005,1,0,nr,4.996e-16
6.3625000000000007,1,0,nr,4.996e-16
6.3750000000000009,1,0,nr,4.996e-16
6.3875000000000002,1,0,nr,4.996e-16
6.4000000000000004,1,0,nr,4.996e-16
6.4125000000000005,1,0,nr,4.996e-16
6.4250000000000007,1,0,nr,4.996e-16
6.4375000000000009,1,0,nr,4.996e-16
6.4500000000000002,1,0,nr,4.996e-16
6.4625000000000004,1,0,nr,4.996e-16
6.4750000000000005,1,0,nr,4.996e-16
6.4875000000000007,1,0,nr,4.996e-16
6.5000000000000009,1,0,nr,4.996e-16
6.5125000000000002,1,0,nr,4.996e-16
6.5250000000000004,1,0,nr,4.996e-16
6.5375000000000005,1,0,nr,4.996e-16
6.5500000000000007,1,0,nr,4.996e-16
6.5625000000000009,1,0,nr,4.996e-16
6.5750000000000002,1,0,nr,4.996e-16
6.5875000000000004,1,0,nr,4.996e-16
6.6000000000000005,1,0,nr,4.996e-16
6.6125000000000007,1,0,nr,4.996e-16
6.6250000000000009,1,0,nr,4.996e-16
6.6375000000000002,1,0,nr,4.996e-16
6.6500000000000004,1,0,nr,4.996e-16
6.6625000000000005,1,0,nr,4.996e-16
6.6750000000000007,1,0,nr,4.996e-16
6.6875000000000009,1,0,nr,4.996e-16
6.7000000000000002,1,0,nr,4.996e-16
6.7125000000000004,1,0,nr,4.996e-16
6.7250000000000005,1,0,nr,4.996e-16
6.7375000000000007,1,0,nr,4.996e-16
6.7500000000000009,1,0,nr,4.996e-16
6.7625000000000002,1,0,nr,4.996e-16
6.7750000000000004,1,0,nr,4.996e-16
6.7875000000000005,1,0,nr,4.996e-16
6.8000000000000007,1,0,nr,4.996e-16
6.8125000000000009,1,0,nr,4.996e-16
6.8250000000000002,1,0,nr,4.996e-16
6.8375000000000004,1,0,nr,4.996e-16
6.8500000000000005,1,0,nr,4.996e-16
6.8625000000000007,1,0,nr,4.996e-16
6.8750000000000009,1,0,nr,4.996e-16
6.8875000000000002,1,0,nr,4.996e-16
6.9000000000000004,1,0,nr,4.996e-16
6.9125000000000005,1,0,nr,4.996e-16
6.9250000000000007,1,0,nr,4.996e-16
6.9375000000000009,1,0,nr,4.996e-16
6.9500000000000002,1,0,nr,4.996e-16
6.9625000000000004,1,0,nr,4.996e-16
6.9750000000000005,1,0,nr,4.996e-16
6.9875000000000007,1,0,nr,4.996e-16
7.0000000000000009,1,0,nr,4.996e-16
7.0125000000000002,1,0,nr,4.996e-16
7.0250000000000004,1,0,nr,4.996e-16
7.0375000000000005,1,0,nr,4.996e-16
7.0500000000000007,1,0,nr,4.996e-16
7.0625000000000009,1,0,nr,4.996e-16
7.0750000000000002,1,0,nr,4.996e-16
7.0875000000000004,1,0,nr,4.996e-16
7.1000000000000005,1,0,nr,4.996e-16
7.1125000000000007,1,0,nr,4.996e-16
7.1250000000000009,1,0,nr,4.996e-16
7.1375000000000002,1,0,nr,4.996e-16
7.1500000000000004,1,0,nr,4.996e-16
7.1625000000000005,1,0,nr,4.996e-16
7.1750000000000007,1,0,nr,4.996e-16
7.1875000000000009,1,0,nr,4.996e-16
7.2000000000000002,1,0,nr,4.996e-16
7.2125000000000004,1,0,nr,4.996e-16
7.2250000000000005,1,0,nr,4.996e-16
7.2375000000000007,1,0,nr,4.996e-16
7.2500000000000009,1,0,nr,4.996e-16
7.2625000000000002,1,0,nr,4.996e-16
7.2750000000000004,1,0,nr,4.996e-16
7.2875000000000005,1,0,nr,4.996e-16
7.3000000000000007,1,0,nr,4.996e-16
7.3125000000000009,1,0,nr,4.996e-16
7.3250000000000002,1,0,nr,4.996e-16
7.3375000000000004,1,0,nr,4.996e-16
7.3500000000000005,1,0,nr,4.996e-16
7.3625000000000007,1,0,nr,4.996e-16
7.3750000000000009,1,0,nr,4.996e-16
7.3875000000000002,1,0,nr,4.996e-16
7.4000000000000004,1,0,nr,4.996e-16
7.4125000000000005,1,0,nr,4.996e-16
7.4250000000000007,1,0,nr,4.996e-16
7.4375000000000009,1,0,nr,4.996e-16
7.4500000000000002,1,0,nr,4.996e-16
7.4625000000000004,1,0,nr,4.996e-16
7.4750000000000005,1,0,nr,4.996e-16
7.4875000000000007,1,0,nr,4.996e-16
7.5000000000000009,1,0,nr,4.996e-16
7.5125000000000002,1,0,nr,4.996e-16
7.5250000000000004,1,0,nr,4.996e-16
7.5375000000000005,1,0,nr,4.996e-16
7.5500000000000007,1,0,nr,4.996e-16
7.5625000000000009,1,0,nr,4.996e-16
7.5750000000000002,1,0,nr,4.996e-16
7.5875000000000004,1,0,nr,4.996e-16
7.6000000000000005,1,0,nr,4.996e-16
7.6125000000000007,1,0,nr,4.996e-16
7.6250000000000009,1,0,nr,4.996e-16
7.6375000000000002,1,0,nr,4.996e-16
7.6500000000000004,1,0,nr,4.996e-16
7.6625000000000005,1,0,nr,4.996e-16
7.6750000000000007,1,0,nr,4.996e-16
7.6875000000000009,1,0,nr,4.996e-16
7.7000000000000002,1,0,nr,4.996e-16
7.7125000000000004,1,0,nr,4.996e-16
7.7250000000000005,1,0,nr,4.996e-16
7.7375000000000007,1,0,nr,4.996e-16
7.7500000000000009,1,0,nr,4.996e-16
7.7625000000000002,1,0,nr,4.996e-16
7.7750000000000004,1,0,nr,4.996e-16
7.7875000000000005,1,0,nr,4.996e-16
7.8000000000000007,1,0,nr,4.996e-16
7.8125000000000009,1,0,nr,4.996e-16
7.8250000000000002,1,0,nr,4.996e-16
7.8375000000000004,1,0,nr,4.996e-16
7.8500000000000005,1,0,nr,4.996e-16
7.8625000000000007,1,0,nr,4.996e-16
7.8750000000000009,1,0,nr,4.996e-16
7.8875000000000002,1,0,nr,4.996e-16
7.9000000000000004,1,0,nr,4.996e-16
7.9125000000000005,1,0,nr,4.996e-16
7.9250000000000007,1,0,nr,4.996e-16
7.9375000000000009,1,0,nr,4.996e-16
7.9500000000000002,1,0,nr,4.996e-16
7.9625000000000004,1,0,nr,4.996e-16
7.9750000000000005,1,0,nr,4.996e-16
7.9875000000000007,1,0,nr,4.996e-16
8,1,0,nr,4.996e-16
8.0124999999999993,1,0,nr,4.996e-16
8.0250000000000004,1,0,nr,4.996e-16
8.0374999999999996,1,0,nr,4.996e-16
8.0499999999999989,1,0,nr,4.996e-16
8.0625,1,0,nr,4.996e-16
8.0749999999999993,1,0,nr,4.996e-16
8.0875000000000004,1,0,nr,4.996e-16
8.0999999999999996,1,0,nr,4.996e-16
8.1124999999999989,1,0,nr,4.996e-16
8.125,1,0,nr,4.996e-16
8.1374999999999993,1,0,nr,4.996e-16
8.1500000000000004,1,0,nr,4.996e-16
8.1624999999999996,1,0,nr,4.996e-16
8.1749999999999989,1,0,nr,4.996e-16
8.1875,1,0,nr,4.996e-16
8.1999999999999993,1,0,nr,4.996e-16
8.2125000000000004,1,0,nr,4.996e-16
8.2249999999999996,1,0,nr,4.996e-16
8.2374999999999989,1,0,nr,4.996e-16
8.25,1,0,nr,4.996e-16
8.2624999999999993,1,0,nr,4.996e-16
8.2750000000000004,1,0,nr,4.996e-16
8.2874999999999996,1,0,nr,4.996e-16
8.2999999999999989,1,0,nr,4.996e-16
8.3125,1,0,nr,4.996e-16
8.3249999999999993,1,0,nr,4.996e-16
8.3375000000000004,1,0,nr,4.996e-16
8.3499999999999996,1,0,nr,4.996e-16
8.3624999999999989,1,0,nr,4.996e-16
8.375,1,0,nr,4.996e-16
8.3874999999999993,1,0,nr,4.996e-16
8.4000000000000004,1,0,nr,4.996e-16
8.4124999999999996,1,0,nr,4.996e-16
8.4249999999999989,1,0,nr,4.996e-16
8.4375,1,0,nr,4.996e-16
8.4499999999999993,1,0,nr,4.996e-16
8.4625000000000004,1,0,nr,4.996e-16
8.4749999999999996,1,0,nr,4.996e-16
8.4874999999999989,1,0,nr,4.996e-16
8.5,1,0,nr,4.996e-16
8.5124999999999993,1,0,nr,4.996e-16
8.5250000000000004,1,0,nr,4.996e-16
8.5374999999999996,1,0,nr,4.996e-16
8.5499999999999989,1,0,nr,4.996e-16
8.5625,1,0,nr,4.996e-16
8.5749999999999993,1,0,nr,4.996e-16
8.5875000000000004,1,0,nr,4.996e-16
8.5999999999999996,1,0,nr,4.996e-16
8.6124999999999989,1,0,nr,4.996e-16
8.625,1,0,nr,4.996e-16
8.6374999999999993,1,0,nr,4.996e-16
8.6500000000000004,1,0,nr,4.996e-16
8.6624999999999996,1,0,nr,4.996e-16
8.6749999999999989,1,0,nr,4.996e-16
8.6875,1,0,nr,4.996e-16
8.6999999999999993,1,0,nr,4.996e-16
8.7125000000000004,1,0,nr,4.996e-16
8.7249999999999996,1,0,nr,4.996e-16
8.7374999999999989,1,0,nr,4.996e-16
8.75,1,0,nr,4.996e-16
8.7624999999999993,1,0,nr,4.996e-16
8.7750000000000004,1,0,nr,4.996e-16
8.7874999999999996,1,0,nr,4.996e-16
8.7999999999999989,1,0,nr,4.996e-16
8.8125,1,0,nr,4.996e-16
8.8249999999999993,1,0,nr,4.996e-16
8.8375000000000004,1,0,nr,4.996e-16
8.8499999999999996,1,0,nr,4.996e-16
8.8624999999999989,1,0,nr,4.996e-16
8.875,1,0,nr,4.996e-16
8.8874999999999993,1,0,nr,4.996e-16
8.9000000000000004,1,0,nr,4.996e-16
8.9124999999999996,1,0,nr,4.996e-16
8.9249999999999989,1,0,nr,4.996e-16
8.9375,1,0,nr,4.996e-16
8.9499999999999993,1,0,nr,4.996e-16
8.9625000000000004,1,0,nr,4.996e-16
8.9749999999999996,1,0,nr,4.996e-16
8.9874999999999989,1,0,nr,4.996e-16
9,1,0,nr,4.996e-16
9.0124999999999993,1,0,nr,4.996e-16
9.0250000000000004,1,0,nr,4.996e-16
9.0374999999999996,1,0,nr,4.996e-16
9.0499999999999989,1,0,nr,4.996e-16
9.0625,1,0,nr,4.996e-16
9.0749999999999993,1,0,nr,4.996e-16
9.0875000000000004,1,0,nr,4.996e-16
9.0999999999999996,1,0,nr,4.996e-16
9.1124999999999989,1,0,nr,4.996e-16
9.125,1,0,nr,4.996e-16
9.1374999999999993,1,0,nr,4.996e-16
9.1500000000000004,1,0,nr,4.996e-16
9.1624999999999996,1,0,nr,4.996e-16
9.1749999999999989,1,0,nr,4.996e-16
9.1875,1,0,nr,4.996e-16
9.1999999999999993,1,0,nr,4.996e-16
9.2125000000000004,1,0,nr,4.996e-16
9.2249999999999996,1,0,nr,4.996e-16
9.2374999999999989,1,0,nr,4.996e-16
9.25,1,0,nr,4.996e-16
9.2624999999999993,1,0,nr,4.996e-16
9.2750000000000004,1,0,nr,4.996e-16
9.2874999999999996,1,0,nr,4.996e-16
9.2999999999999989,1,0,nr,4.996e-16
9.3125,1,0,nr,4.996e-16
9.3249999999999993,1,0,nr,4.996e-16
9.3375000000000004,1,0,nr,4.996e-16
9.3499999999999996,1,0,nr,4.996e-16
9.3624999999999989,1,0,nr,4.996e-16
9.375,1,0,nr,4.996e-16
9.3874999999999993,1,0,nr,4.996e-16
9.4000000000000004,1,0,nr,4.996e-16
9.4124999999999996,1,0,nr,4.996e-16
9.4249999999999989,1,0,nr,4.996e-16
9.4375,1,0,nr,4.996e-16
9.4499999999999993,1,0,nr,4.996e-16
9.4625000000000004,1,0,nr,4.996e-16
9.4749999999999996,1,0,nr,4.996e-16
9.4874999999999989,1,0,nr,4.996e-16
9.5,1,0,nr,4.996e-16
9.5124999999999993,1,0,nr,4.996e-16
9.5250000000000004,1,0,nr,4.996e-16
9.5374999999999996,1,0,nr,4.996e-16
9.5499999999999989,1,0,nr,4.996e-16
9.5625,1,0,nr,4.996e-16
9.5749999999999993,1,0,nr,4.996e-16
9.5875000000000004,1,0,nr,4.996e-16
9.5999999999999996,1,0,nr,4.996e-16
9.6125000000000007,1,0,nr,4.996e-16
9.625,1,0,nr,4.996e-16
9.6374999999999993,1,0,nr,4.996e-16
9.6500000000000004,1,0,nr,4.996e-16
9.6624999999999996,1,0,nr,4.996e-16
9.6750000000000007,1,0,nr,4.996e-16
9.6875,1,0,nr,4.996e-16
9.6999999999999993,1,0,nr,4.996e-16
9.7125000000000004,1,0,nr,4.996e-16
9.7249999999999996,1,0,nr,4.996e-16
9.7375000000000007,1,0,nr,4.996e-16
9.75,1,0,nr,4.996e-16
9.7624999999999993,1,0,nr,4.996e-16
9.7750000000000004,1,0,nr,4.996e-16
9.7874999999999996,1,0,nr,4.996e-16
9.8000000000000007,1,0,nr,4.996e-16
9.8125,1,0,nr,4.996e-16
9.8249999999999993,1,0,nr,4.996e-16
9.8375000000000004,1,0,nr,4.996e-16
9.8499999999999996,1,0,nr,4.996e-16
9.8625000000000007,1,0,nr,4.996e-16
9.875,1,0,nr,4.996e-16
9.8874999999999993,1,0,nr,4.996e-16
9.9000000000000004,1,0,nr,4.996e-16
9.9124999999999996,1,0,nr,4.996e-16
9.9250000000000007,1,0,nr,4.996e-16
9.9375,1,0,nr,4.996e-16
9.9499999999999993,1,0,nr,4.996e-16
9.9625000000000004,1,0,nr,4.996e-16
9.9749999999999996,1,0,nr,4.996e-16
9.9875000000000007,1,0,nr,4.996e-16
10,1,0,nr,4.996e-16
1.5125,14.957959458528688,1,nr,6.822e-16
1.5250000000000001,14.721582163565428,1,nr,8.296e-13
1.5375000000000001,14.490971141177829,1,nr,4.716e-13
1.55,14.265941448776667,1,nr,4.879e-13
1.5625,14.046315515273232,1,nr,8.506e-13
1.575,13.831922791523464,1,nr,1.372e-12
1.5875000000000001,13.622599419953344,1,nr,6.581e-16
1.6000000000000001,13.418187922209356,1,nr,7.392e-17
1.6125,13.218536903640008,1,nr,2.989e-16
1.625,13.023500773678846,1,nr,1.662e-15
1.6375,12.832939481090005,1,nr,4.579e-16
1.6500000000000001,12.646718263210943,1,nr,1.945e-12
1.6625000000000001,12.464707408312872,1,nr,4.674e-16
1.675,12.286782030413526,1,nr,2.317e-12
1.6875,12.112821855586079,1,nr,3.973e-16
1.7,11.942711019391384,1,nr,1.605e-16
1.7125000000000001,11.776337874482635,1,nr,2.073e-12
1.7250000000000001,11.613594807996966,1,nr,1.390e-15
1.7375,11.454378068149222,1,nr,4.952e-16
1.75,11.298587599376628,1,nr,2.499e-16
1.7625,11.146126885715431,1,nr,2.124e-12
1.7750000000000001,10.996902801826025,1,nr,4.123e-12
1.7875000000000001,10.850825471309886,1,nr,1.497e-12
1.8,10.707808131911312,1,nr,1.553e-15
1.8125,10.567767007149001,1,nr,2.001e-15
1.825,10.430621184123765,1,nr,1.111e-12
1.8375000000000001,10.296292497119888,1,nr,3.649e-12
1.8500000000000001,10.164705416676341,1,nr,1.426e-15
1.8625,10.035786943918046,1,nr,1.950e-12
1.875,9.9094665096823427,1,nr,9.053e-17
1.8875,9.7856758784467992,1,nr,1.684e-12
1.9000000000000001,9.6643490565479429,1,nr,3.492e-15
1.9125000000000001,9.5454222046864352,1,nr,8.154e-13
1.925,9.4288335543152115,1,nr,2.331e-15
1.9375,9.3145233278569481,1,nr,1.831e-15
1.95,9.2024336624648875,1,nr,9.900e-12
1.9625000000000001,9.0925085371065126,1,nr,2.142e-15
1.9750000000000001,8.9846937030828222,1,nr,2.396e-15
1.9875,8.87893661730741,1,nr,9.166e-16
2,8.7751863787156612,1,nr,2.455e-13
2.0125000000000002,8.6733936673435021,1,nr,2.492e-15
2.0250000000000004,8.5735106860518915,1,nr,1.131e-15
2.0375000000000001,8.4754911047437673,1,nr,1.686e-12
2.0500000000000003,8.3792900069486116,1,nr,1.493e-16
2.0625000000000004,8.2848638387224423,1,nr,1.830e-11
2.0750000000000002,8.1921703595350213,1,nr,1.463e-11
2.0875000000000004,8.1011685954887991,1,nr,8.050e-12
2.1000000000000001,8.0118187942437782,1,nr,1.396e-11
2.1125000000000003,7.9240823818353086,1,nr,9.721e-16
2.1250000000000004,7.837921921454388,1,nr,2.417e-15
2.1375000000000002,7.7533010736436934,1,nr,9.306e-16
2.1500000000000004,7.6701845583174491,1,nr,3.715e-13
2.1625000000000001,7.5885381182255642,1,nr,6.265e-16
2.1750000000000003,7.5083284839082278,1,nr,2.623e-16
2.1875000000000004,7.4295233400427261,1,nr,2.530e-15
2.2000000000000002,7.3520912931546301,1,nr,1.988e-11
2.2125000000000004,7.2760018404865097,1,nr,8.814e-12
2.2250000000000001,7.2012253403594775,1,nr,1.207e-11
2.2375000000000003,7.1277329833430914,1,nr,1.931e-15
2.2500000000000004,7.0554967648597176,1,nr,2.951e-12
2.2625000000000002,6.9844894585998283,1,nr,6.489e-16
2.2750000000000004,6.91468459115152,1,nr,3.149e-15
2.2875000000000001,6.8460564174904333,1,nr,1.095e-11
2.3000000000000003,6.7785798973951188,1,nr,3.227e-15
2.3125000000000004,6.712230672916931,1,nr,2.511e-11
2.3250000000000002,6.6469850463785347,1,nr,2.393e-11
2.3375000000000004,6.5828199595655308,1,nr,1.326e-15
2.3500000000000001,6.5197129735001207,1,nr,2.772e-16
2.3625000000000003,6.4576422488854419,1,nr,5.005e-16
2.3750000000000004,6.3965865274761029,1,nr,2.063e-11
2.3875000000000002,6.3365251139370988,1,nr,1.996e-11
2.4000000000000004,6.2774378585760617,1,nr,2.815e-11
2.4125000000000005,6.2193051404612447,1,nr,2.672e-15
2.4250000000000003,6.1621078514557661,1,nr,2.712e-11
2.4375000000000004,6.1058273803735945,1,nr,8.655e-12
2.4500000000000002,6.0504455982696834,1,nr,2.990e-12
2.4625000000000004,5.9959448437859866,1,nr,1.071e-11
2.4750000000000005,5.9423079092406068,1,nr,2.849e-11
2.4875000000000003,5.8895180271260639,1,nr,5.990e-16
2.5000000000000004,5.8375588572674877,1,nr,5.716e-16
2.5125000000000002,5.7864144741161478,1,nr,1.862e-11
2.5250000000000004,5.7360693546965198,1,nr,1.265e-11
2.5375000000000005,5.6865083670196084,1,nr,1.976e-11
2.5500000000000003,5.6377167586886081,1,nr,2.130e-15
2.5625000000000004,5.589680146148428,1,nr,8.070e-12
2.5750000000000002,5.5423845040491697,1,nr,2.685e-11
2.5875000000000004,5.4958161551283329,1,nr,7.740e-12
2.6000000000000005,5.4499617605017274,1,nr,7.271e-13
2.6125000000000003,5.4048083100695923,1,nr,1.630e-11
2.6250000000000004,5.3603431134566097,1,nr,1.558e-12
2.6375000000000002,5.3165537910697784,1,nr,1.728e-11
2.6500000000000004,5.2734282656104519,1,nr,1.786e-15
2.6625000000000005,5.2309547538721075,1,nr,8.246e-12
2.6750000000000003,5.1891217586173433,1,nr,1.963e-16
2.6875000000000004,5.1479180609749715,1,nr,9.237e-16
2.7000000000000002,5.1073327129152677,1,nr,1.898e-11
2.7125000000000004,5.0673550300043964,1,nr,1.791e-11
2.7250000000000005,5.0279745844844754,1,nr,2.966e-16
2.7375000000000003,4.9891811985097263,1,nr,2.493e-15
2.7500000000000004,4.9509649375569484,1,nr,5.265e-12
2.7625000000000002,4.9133161041334832,1,nr,2.579e-15
2.7750000000000004,4.8762252316867416,1,nr,5.940e-12
2.7875000000000005,4.8396830786249305,1,nr,5.079e-12
2.8000000000000003,4.8036806226825615,1,nr,2.994e-11
2.8125000000000004,4.7682090552185361,1,nr,3.101e-11
2.8250000000000002,4.7332597759836634,1,nr,2.388e-11
2.8375000000000004,4.6988243879848994,1,nr,6.297e-12
2.8500000000000005,4.6648946922155696,1,nr,2.525e-14
2.8625000000000003,4.6314626829847061,1,nr,1.508e-13
2.8750000000000004,4.5985205431433354,1,nr,9.467e-13
2.8875000000000002,4.5660606395198737,1,nr,6.296e-12
2.9000000000000004,4.534075518475702,1,nr,1.754e-12
2.9125000000000005,4.5025579016702064,1,nr,7.728e-12
2.9250000000000003,4.4715006818729242,1,nr,1.565e-11
2.9375000000000004,4.4408969189544596,1,nr,3.864e-11
2.9500000000000002,4.4107398360830015,1,nr,3.780e-11
2.9625000000000004,4.3810228156622371,1,nr,2.009e-16
2.9750000000000005,4.3517393961250805,1,nr,1.261e-15
2.9875000000000003,4.3228832680270921,1,nr,1.899e-11
3.0000000000000004,4.2944482708233336,1,nr,3.238e-12
3.0125000000000002,4.2664283894119546,1,nr,2.507e-15
3.0250000000000004,4.2388177510079421,1,nr,1.340e-11
3.0375000000000005,4.2116106220270559,1,nr,2.836e-17
3.0500000000000003,4.1848014049796127,1,nr,6.835e-13
3.0625000000000004,4.1583846356149419,1,nr,2.478e-11
3.0750000000000002,4.1323549801139823,1,nr,6.759e-16
3.0875000000000004,4.1067072321926785,1,nr,1.686e-16
3.1000000000000005,4.0814363105893028,1,nr,3.923e-16
3.1125000000000003,4.0565372563996833,1,nr,6.706e-16
3.1250000000000004,4.0320052305850442,1,nr,1.059e-15
3.1375000000000002,4.0078355115623392,1,nr,3.500e-11
3.1500000000000004,3.9840234927225953,1,nr,1.830e-11
3.1625000000000005,3.9605646804241399,1,nr,1.105e-15
3.1750000000000003,3.9374546914337101,1,nr,9.909e-16
3.1875000000000004,3.9146892509988729,1,nr,2.803e-12
3.2000000000000002,3.8922641906861113,1,nr,1.367e-15
3.2125000000000004,3.8701754463680871,1,nr,3.558e-11
3.2250000000000005,3.8484190561789569,1,nr,3.458e-11
3.2375000000000003,3.8269911587083096,1,nr,5.411e-17
3.2500000000000004,3.8058879911367947,1,nr,1.887e-15
3.2625000000000002,3.7851058873300154,1,nr,1.657e-11
3.2750000000000004,3.7646412761112349,1,nr,4.466e-12
3.2875000000000005,3.7444906796435329,1,nr,8.630e-12
3.3000000000000003,3.7246507116514302,1,nr,4.436e-12
3.3125000000000004,3.7051180758536164,1,nr,2.488e-11
3.3250000000000002,3.6858895642988214,1,nr,9.473e-16
3.3375000000000004,3.6669620559863527,1,nr,5.240e-16
3.3500000000000005,3.6483325151952881,1,nr,1.917e-11
3.3625000000000003,3.6299979900270301,1,nr,7.790e-16
3.3750000000000004,3.6119556110684101,1,nr,7.238e-16
3.3875000000000002,3.5942025898300423,1,nr,2.096e-11
3.4000000000000004,3.5767362174855828,1,nr,5.121e-16
3.4125000000000005,3.559553863340017,1,nr,7.814e-12
3.4250000000000003,3.5426529736443224,1,nr,1.014e-16
3.4375000000000004,3.5260310701354247,1,nr,8.075e-16
3.4500000000000002,3.5096857487777497,1,nr,4.169e-12
3.4625000000000004,3.4936146784547617,1,nr,2.322e-11
3.4750000000000005,3.4778155995594071,1,nr,0.000e+00
3.4875000000000003,3.4622863228823708,1,nr,2.966e-16
3.5000000000000004,3.4470247281343371,1,nr,9.833e-16
3.5125000000000002,3.4320287627235371,1,nr,2.054e-15
3.5250000000000004,3.4172964404255519,1,nr,9.726e-16
3.5375000000000005,3.4028258400569262,1,nr,2.901e-16
3.5500000000000003,3.3886151041468406,1,nr,2.053e-11
3.5625000000000004,3.374662437494254,1,nr,4.720e-12
3.5750000000000002,3.3609661059427216,1,nr,9.506e-16
3.5875000000000004,3.3475244347732565,1,nr,1.418e-15
3.6000000000000005,3.3343358073406213,1,nr,1.549e-11
3.6125000000000003,3.3213986635942239,1,nr,2.521e-15
3.6250000000000004,3.3087114984290715,1,nr,2.385e-11
3.6375000000000002,3.2962728600994882,1,nr,9.224e-17
3.6500000000000004,3.2840813486475695,1,nr,2.516e-11
3.6625000000000005,3.2721356140840188,1,nr,2.733e-16
3.6750000000000003,3.2604343544585581,1,nr,7.242e-16
3.6875000000000004,3.2489763140996328,1,nr,2.840e-11
3.7000000000000002,3.2377602816192272,1,nr,6.255e-16
3.7125000000000004,3.2267850875908413,1,nr,8.878e-17
3.7250000000000005,3.2160496025414984,1,nr,4.410e-16
3.7375000000000003,3.2055527344800123,1,nr,3.505e-16
3.7500000000000004,3.1952934264224657,1,nr,9.575e-16
3.7625000000000002,3.1852706537459641,1,nr,1.210e-15
3.7750000000000004,3.1754834213809477,1,nr,1.374e-15
3.7875000000000005,3.1659307608293057,1,nr,5.118e-16
3.8000000000000003,3.1566117269949845,1,nr,5.930e-16
3.8125000000000004,3.1475253948158173,1,nr,3.036e-12
3.8250000000000002,3.1386708556854477,1,nr,2.476e-11
3.8375000000000004,3.1300472135599287,1,nr,7.013e-12
3.8500000000000005,3.1216535810540322,1,nr,9.890e-16
3.8625000000000003,3.1134890749926627,1,nr,2.074e-11
3.8750000000000004,3.1055528117573421,1,nr,4.876e-16
3.8875000000000002,3.0978439025946756,1,nr,1.019e-11
3.9000000000000004,3.0903614481663797,1,nr,1.603e-16
3.9125000000000005,3.0831045332150819,1,nr,1.520e-11
3.9250000000000003,3.076072220499197,1,nr,9.483e-16
3.9375000000000004,3.0692635447333565,1,nr,9.974e-12
3.9500000000000002,3.0626775058807945,1,nr,1.346e-11
3.9625000000000004,3.0563130620571397,1,nr,0.000e+00
3.9750000000000005,3.0501691223336591,1,nr,4.611e-16
3.9875000000000003,3.044244538723301,1,nr,8.876e-12
4,3.0385380980263106,1,nr,2.216e-11
4.0125000000000002,3.0330485131758205,1,nr,2.048e-11
4.0250000000000004,3.0277744138909033,1,nr,1.911e-11
4.0375000000000005,3.022714337423392,1,nr,1.965e-11
4.0500000000000007,3.0178667183558097,1,nr,2.121e-11
4.0625,3.013229878163378,1,nr,2.141e-11
4.0750000000000002,3.0088020145538872,1,nr,1.289e-11
4.0875000000000004,3.004581189901534,1,nr,2.166e-12
4.1000000000000005,3.0005653198019675,1,nr,1.077e-15
4.1125000000000007,2.9967521610664436,1,nr,0.000e+00
4.125,2.9931392993906307,1,nr,1.698e-11
4.1375000000000002,2.9897241369101293,1,nr,7.935e-13
4.1500000000000004,2.9865038792802383,1,nr,5.952e-16
4.1625000000000005,2.9834755229918573,1,nr,1.157e-11
4.1750000000000007,2.980635842462581,1,nr,9.686e-16
4.1875,2.9779813770730801,1,nr,1.304e-11
4.2000000000000002,2.9755084187278076,1,nr,6.840e-17
4.2125000000000004,2.9732129992634606,1,nr,1.025e-11
4.2250000000000005,2.9710908787634112,1,nr,6.089e-16
4.2375000000000007,2.9691375340245112,1,nr,3.380e-12
4.25,2.9673481481516735,1,nr,7.367e-16
4.2625000000000002,2.9657176008264448,1,nr,1.333e-16
4.2750000000000004,2.9642404598649699,1,nr,2.120e-12
4.2875000000000005,2.9629109740447057,1,nr,6.871e-12
4.3000000000000007,2.9617230675177972,1,nr,6.576e-17
4.3125,2.9606703359087874,1,nr,1.310e-16
4.3250000000000002,2.9597460445354531,1,nr,1.979e-13
4.3375000000000004,2.9589431287184347,1,nr,2.097e-12
4.3500000000000005,2.9582541965684843,1,nr,3.442e-12
4.3625000000000007,2.9576715343722082,1,nr,3.615e-12
4.375,2.9571871147960862,1,nr,4.670e-16
4.3875000000000002,2.9567926080386036,1,nr,7.227e-16
4.4000000000000004,2.956479396129978,1,nr,9.614e-16
4.4125000000000005,2.9562385903861585,1,nr,6.396e-16
4.4250000000000007,2.956061052147287,1,nr,4.469e-16
4.4375,2.9559374167822896,1,nr,3.586e-16
4.4500000000000002,2.9558581209233545,1,nr,3.980e-16
4.4625000000000004,2.95581343283291,1,nr,1.018e-15
4.4750000000000005,2.9557934857463453,1,nr,3.378e-17
4.4875000000000007,2.9557883139726409,1,nr,2.999e-16
4.5,2.9557878914739906,1,nr,1.324e-15
4.5125000000000002,2.9557821725861126,1,nr,1.073e-16
4.5250000000000004,2.9557611344852557,1,nr,1.789e-16
4.5375000000000005,2.9557148209578346,1,nr,7.642e-16
4.5500000000000007,2.9556333869859337,1,nr,3.905e-16
4.5625,2.9555071436061366,1,nr,1.639e-11
4.5750000000000002,2.9553266026646585,1,nr,6.595e-12
4.5875000000000004,2.9550825203817874,1,nr,3.196e-13
4.6000000000000005,2.9547659401438002,1,nr,7.552e-15
4.6125000000000007,2.9543682328949097,1,nr,3.599e-14
4.625,2.9538811353891776,1,nr,6.892e-14
4.6375000000000002,2.9532967855014634,1,nr,7.157e-14
4.6500000000000004,2.9526077542533407,1,nr,2.591e-14
4.6625000000000005,2.9518070741876272,1,nr,3.238e-14
4.6750000000000007,2.9508882637979741,1,nr,3.359e-14
4.6875,2.9498453477928503,1,nr,2.759e-13
4.7000000000000002,2.9486728730640253,1,nr,9.221e-12
4.7125000000000004,2.9473659202022944,1,nr,2.380e-13
4.7250000000000005,2.94592011082712,1,nr,9.096e-14
4.7375000000000007,2.944331610394308,1,nr,9.033e-12
4.75,2.9425971269737965,1,nr,4.730e-16
4.7625000000000002,2.9407139061805538,1,nr,3.497e-14
4.7750000000000004,2.9386797222117744,1,nr,2.393e-16
4.7875000000000005,2.9364928656639542,1,nr,8.084e-14
4.8000000000000007,2.9341521282287766,1,nr,4.498e-16
4.8125000000000009,2.9316567847010435,1,nr,4.636e-13
4.8250000000000002,2.9290065726502812,1,nr,1.682e-15
4.8375000000000004,2.9262016701451943,1,nr,7.091e-13
4.8500000000000005,2.9232426718771576,1,nr,3.907e-16
4.8625000000000007,2.9201305640807629,1,nr,2.453e-14
4.8750000000000009,2.9168666985627403,1,nr,2.689e-12
4.8875000000000002,2.913452766177838,1,nr,5.802e-16
4.9000000000000004,2.9098907700857217,1,nr,9.800e-12
4.9125000000000005,2.9061829990448698,1,nr,3.010e-12
4.9250000000000007,2.9023320008641624,1,nr,6.849e-12
4.9375000000000009,2.8983405565350138,1,nr,2.240e-16
4.9500000000000002,2.8942116549384642,1,nr,3.760e-16
4.9625000000000004,2.8899484683579479,1,nr,3.619e-12
4.9750000000000005,2.8855543290559487,1,nr,2.023e-12
4.9875000000000007,2.8810327068292296,1,nr,6.419e-12
5.0000000000000009,2.8763871877918645,1,nr,1.097e-11
5.0125000000000002,2.8716214543184111,1,nr,1.489e-11
5.0250000000000004,2.8667392662448967,1,nr,1.802e-11
5.0375000000000005,2.8617444433260024,1,nr,2.032e-11
5.0500000000000007,2.8566408489532802,1,nr,2.142e-11
5.0625000000000009,2.8514323751221609,1,nr,2.052e-11
5.0750000000000002,2.8461229286241569,1,nr,1.653e-11
5.0875000000000004,2.840716418431267,1,nr,9.077e-12
5.1000000000000005,2.8352167442321732,1,nr,1.141e-12
5.1125000000000007,2.8296277860704726,1,nr,3.311e-16
5.1250000000000009,2.8239533950211606,1,nr,8.337e-16
5.1375000000000002,2.8181973848908832,1,nr,2.099e-15
5.1500000000000004,2.8123635248346321,1,nr,1.010e-11
5.1625000000000005,2.806455532881174,1,nr,2.653e-11
5.1750000000000007,2.8004770702926121,1,nr,8.320e-12
5.1875000000000009,2.7944317365187343,1,nr,6.909e-16
5.2000000000000002,2.7883230652145188,1,nr,2.609e-16
5.2125000000000004,2.7821545205575728,1,nr,6.128e-16
5.2250000000000005,2.7759294943815118,1,nr,3.443e-11
5.2375000000000007,2.7696513036710431,1,nr,1.774e-16
5.2500000000000009,2.7633231889009937,1,nr,4.465e-16
5.2625000000000002,2.7569483123816658,1,nr,1.348e-15
5.2750000000000004,2.7505297573635605,1,nr,1.748e-11
5.2875000000000005,2.7440705273144164,1,nr,1.548e-15
5.3000000000000007,2.7375735457121162,1,nr,1.191e-15
5.3125000000000009,2.7310416559083599,1,nr,2.234e-11
5.3250000000000002,2.7244776214956294,1,nr,4.636e-16
5.3375000000000004,2.7178841266486908,1,nr,1.772e-15
5.3500000000000005,2.7112637769438548,1,nr,6.568e-16
5.3625000000000007,2.7046191001631423,1,nr,5.663e-16
5.3750000000000009,2.6979525473335975,1,nr,1.329e-15
5.3875000000000002,2.691266493888965,1,nr,2.864e-16
5.4000000000000004,2.684563240947123,1,nr,1.824e-15
5.4125000000000005,2.6778450166854744,1,nr,1.640e-15
5.4250000000000007,2.6711139777981536,1,nr,2.425e-15
5.4375000000000009,2.6643722110205061,1,nr,1.560e-15
5.4500000000000002,2.6576217347076749,1,nr,0.000e+00
5.4625000000000004,2.6508645004461635,1,nr,1.911e-11
5.4750000000000005,2.6441023947536428,1,nr,1.782e-15
5.4875000000000007,2.6373372406600271,1,nr,2.984e-15
5.5000000000000009,2.6305707995123799,1,nr,4.557e-11
5.5125000000000002,2.6238047725156992,1,nr,1.908e-15
5.5250000000000004,2.6170408026542002,1,nr,2.522e-16
5.5375000000000005,2.6102804761717939,1,nr,1.362e-11
5.5500000000000007,2.6035253243284497,1,nr,1.526e-16
5.5625000000000009,2.5967768251052785,1,nr,4.598e-16
5.5750000000000002,2.5900364047879361,1,nr,2.722e-13
5.5875000000000004,2.5833054396205526,1,nr,2.576e-16
5.6000000000000005,2.5765852573992198,1,nr,7.757e-16
5.6125000000000007,2.569877139045341,1,nr,7.719e-12
5.6250000000000009,2.5631823201318076,1,nr,4.690e-16
5.6375000000000002,2.5565019924271266,1,nr,0.000e+00
5.6500000000000004,2.549837305341629,1,nr,1.574e-16
5.6625000000000005,2.5431893673900365,1,nr,3.002e-15
5.6750000000000007,2.5365592476003909,1,nr,1.955e-15
5.6875000000000009,2.5299479768845345,1,nr,1.820e-11
5.7000000000000002,2.5233565494177479,1,nr,1.542e-15
5.7125000000000004,2.5167859238736376,1,nr,1.120e-15
5.7250000000000005,2.5102370247754102,1,nr,1.270e-11
5.7375000000000007,2.5037107436726229,1,nr,6.974e-16
5.7500000000000009,2.4972079404017355,1,nr,3.443e-15
5.7625000000000002,2.4907294441930841,1,nr,3.272e-11
5.7750000000000004,2.4842760548932876,1,nr,3.245e-16
5.7875000000000005,2.477848543937148,1,nr,8.132e-16
5.8000000000000007,2.4714476555410951,1,nr,8.151e-16
5.8125000000000009,2.4650741076775149,1,nr,1.316e-12
5.8250000000000002,2.4587285930892415,1,nr,1.092e-15
5.8375000000000004,2.4524117802677128,1,nr,3.829e-16
5.8500000000000005,2.4461243143909419,1,nr,1.480e-15
5.8625000000000007,2.4398668182636487,1,nr,6.859e-11
5.8750000000000009,2.4336398930775762,1,nr,1.815e-15
5.8875000000000002,2.4274441195136234,1,nr,2.755e-16
5.9000000000000004,2.421280058323505,1,nr,3.035e-15
5.9125000000000005,2.4151482512557996,1,nr,4.464e-12
5.9250000000000007,2.4090492217986084,1,nr,6.642e-16
5.9375000000000009,2.4029834759449509,1,nr,1.275e-15
5.9500000000000002,2.3969515029022044,1,nr,9.156e-16
5.9625000000000004,2.390953775790742,1,nr,3.011e-11
5.9750000000000005,2.3849907523717926,1,nr,1.790e-13
5.9875000000000007,2.3790628755998999,1,nr,3.479e-16
6.0000000000000009,2.3731705743589626,1,nr,1.880e-15
6.0125000000000002,2.3673142640235167,1,nr,5.715e-16
6.0250000000000004,2.361494347060439,1,nr,9.206e-16
6.0375000000000005,2.3557112136177176,1,nr,5.083e-11
6.0500000000000007,2.3499652419917911,1,nr,1.208e-12
6.0625000000000009,2.3442567993326868,1,nr,1.879e-15
6.0750000000000002,2.3385862419861776,1,nr,2.117e-15
6.0875000000000004,2.3329539160804762,1,nr,5.626e-16
6.1000000000000005,2.3273601579862224,1,nr,6.118e-12
6.1125000000000007,2.3218052947743835,1,nr,5.180e-11
6.1250000000000009,2.3162896447463637,1,nr,5.307e-11
6.1375000000000002,2.3108135176374431,1,nr,1.837e-11
6.1500000000000004,2.3053772153371526,1,nr,2.584e-12
6.1625000000000005,2.2999810320925693,1,nr,2.248e-14
6.1750000000000007,2.2946252549482855,1,nr,2.579e-12
6.1875000000000009,2.2893101641298155,1,nr,7.027e-13
6.2000000000000002,2.2840360333945582,1,nr,2.005e-12
6.2125000000000004,2.2788031303831535,1,nr,1.079e-11
6.2250000000000005,2.2736117169627641,1,nr,2.998e-11
6.2375000000000007,2.2684620495423142,1,nr,5.251e-11
6.2500000000000009,2.2633543793846536,1,nr,7.610e-11
6.2625000000000002,2.2582889529556911,1,nr,5.784e-11
6.2750000000000004,2.2532660120118502,1,nr,3.708e-11
6.2875000000000005,2.2482857941761871,1,nr,1.967e-11
6.3000000000000007,2.2433485330033127,1,nr,7.187e-12
6.3125000000000009,2.2384544582832966,1,nr,1.716e-12
6.3250000000000002,2.2336037962846937,1,nr,5.773e-12
6.3375000000000004,2.2287967699867748,1,nr,2.188e-11
6.3500000000000005,2.2240335993010141,1,nr,5.141e-11
6.3625000000000007,2.219314501231815,1,nr,6.490e-11
6.3750000000000009,2.2146396902763792,1,nr,2.193e-11
6.3875000000000002,2.2100093783136479,1,nr,1.878e-13
6.4000000000000004,2.2054237749960901,1,nr,2.792e-15
6.4125000000000005,2.2008830878710626,1,nr,5.465e-16
6.4250000000000007,2.1963875225263436,1,nr,1.855e-15
6.4375000000000009,2.1919372827476238,1,nr,5.444e-17
6.4500000000000002,2.1875325706584579,1,nr,7.062e-16
6.4625000000000004,2.1831735868499922,1,nr,1.193e-15
6.4750000000000005,2.1788605305003772,1,nr,1.623e-16
6.4875000000000007,2.1745935994695547,1,nr,4.394e-11
6.5000000000000009,2.1703729904683007,1,nr,1.830e-15
6.5125000000000002,2.166198899004486,1,nr,1.772e-15
6.5250000000000004,2.1620715196011284,1,nr,1.500e-15
6.5375000000000005,2.1579910457912943,1,nr,2.778e-15
6.5500000000000007,2.1539576701864482,1,nr,1.545e-15
6.5625000000000009,2.1499715845189744,1,nr,2.989e-13
6.5750000000000002,2.146032979673369,1,nr,6.360e-16
6.5875000000000004,2.142142045703773,1,nr,3.805e-15
6.6000000000000005,2.1382989718409027,1,nr,1.159e-15
6.6125000000000007,2.134503946507472,1,nr,6.930e-11
6.6250000000000009,2.1307571571836075,1,nr,5.238e-16
6.6375000000000002,2.1270587906016392,1,nr,1.984e-15
6.6500000000000004,2.1234090324690449,1,nr,2.082e-15
6.6625000000000005,2.1198080675149957,1,nr,1.474e-11
6.6750000000000007,2.1162560794140219,1,nr,5.172e-16
6.6875000000000009,2.1127532506427289,1,nr,5.155e-17
6.7000000000000002,2.1092997624189,1,nr,1.028e-15
6.7125000000000004,2.1058957945495851,1,nr,6.145e-16
6.7250000000000005,2.1025415252911759,1,nr,3.470e-15
6.7375000000000007,2.0992371311862521,1,nr,1.627e-15
6.7500000000000009,2.0959827868814158,1,nr,2.027e-16
6.7625000000000002,2.0927786649253539,1,nr,1.716e-15
6.7750000000000004,2.0896249355271377,1,nr,5.515e-11
6.7875000000000005,2.0865217664085298,1,nr,2.105e-15
6.8000000000000007,2.083469322345735,1,nr,2.296e-15
6.8125000000000009,2.0804677650725711,1,nr,8.952e-16
6.8250000000000002,2.077517252871345,1,nr,3.270e-15
6.8375000000000004,2.0746179402339671,1,nr,5.651e-11
6.8500000000000005,2.0717699775993528,1,nr,5.898e-16
6.8625000000000007,2.0689735107607627,1,nr,2.154e-15
6.8750000000000009,2.0662286806497354,1,nr,4.876e-16
6.8875000000000002,2.0635356227880073,1,nr,3.108e-15
6.9000000000000004,2.0608944668309488,1,nr,1.741e-15
6.9125000000000005,2.058305336060033,1,nr,2.409e-15
6.9250000000000007,2.0557683468434691,1,nr,2.782e-15
6.9375000000000009,2.0532836080640768,1,nr,2.771e-15
6.9500000000000002,2.0508512205133265,1,nr,6.660e-16
6.9625000000000004,2.0484712762506452,1,nr,3.316e-15
6.9750000000000005,2.0461438579269768,1,nr,1.226e-15
6.9875000000000007,2.0438690380717546,1,nr,2.161e-15
7.0000000000000009,2.0416468783423722,1,nr,1.403e-15
7.0125000000000002,2.0394774287522965,1,nr,4.331e-11
7.0250000000000004,2.0373607267589109,1,nr,4.452e-15
7.0375000000000005,2.0352967965649227,1,nr,4.617e-16
7.0500000000000007,2.0332856480420824,1,nr,2.574e-15
7.0625000000000009,2.0313272758675409,1,nr,9.154e-17
7.0750000000000002,2.0294216585311173,1,nr,3.217e-11
7.0875000000000004,2.0275687572407617,1,nr,3.358e-15
7.1000000000000005,2.0257685149816762,1,nr,8.133e-16
7.1125000000000007,2.0240208552756673,1,nr,5.398e-16
7.1250000000000009,2.0223256810949359,1,nr,2.150e-15
7.1375000000000002,2.0206828736588984,1,nr,2.676e-16
7.1500000000000004,2.0190922912057934,1,nr,1.865e-15
7.1625000000000005,2.0175537677275357,1,nr,3.537e-15
7.1750000000000007,2.0160671116694804,1,nr,0.000e+00
7.1875000000000009,2.0146321045834603,1,nr,3.210e-11
7.2000000000000002,2.0132484998329518,1,nr,1.746e-16
7.2125000000000004,2.011916021064081,1,nr,2.174e-15
7.2250000000000005,2.0106343609279533,1,nr,1.559e-15
7.2375000000000007,2.0094031795964606,1,nr,4.619e-11
7.2500000000000009,2.0082221032226046,1,nr,4.294e-16
7.2625000000000002,2.0070907226818981,1,nr,2.566e-15
7.2750000000000004,2.0060085919008608,1,nr,1.448e-15
7.2875000000000005,2.0049752264920455,1,nr,1.264e-13
7.3000000000000007,2.0039901022748827,1,nr,1.606e-15
7.3125000000000009,2.0030526538312139,1,nr,1.053e-15
7.3250000000000002,2.0021622730853457,1,nr,3.733e-15
7.3375000000000004,2.001318307915418,1,nr,1.880e-15
7.3500000000000005,2.0005200608067795,1,nr,0.000e+00
7.3625000000000007,1.99976678755338,1,nr,8.054e-12
7.3750000000000009,1.9990576960512372,1,nr,1.396e-11
7.3875000000000002,1.9983919450693057,1,nr,2.060e-16
7.4000000000000004,1.9977686432818671,1,nr,6.569e-16
7.4125000000000005,1.9971868482101616,1,nr,3.274e-16
7.4250000000000007,1.9966455653979993,1,nr,3.672e-16
7.4375000000000009,1.996143747669064,1,nr,1.505e-15
7.4500000000000002,1.9956802945298358,1,nr,6.082e-16
7.4625000000000004,1.9952540517254809,1,nr,7.278e-16
7.4750000000000005,1.9948638109618062,1,nr,1.811e-12
7.4875000000000007,1.9945083098039973,1,nr,1.917e-11
7.5000000000000009,1.9941862317925048,1,nr,4.276e-11
7.5125000000000002,1.9938962067877275,1,nr,3.506e-11
7.5250000000000004,1.9936368112952763,1,nr,1.853e-11
7.5375000000000005,1.9934065695272873,1,nr,7.980e-12
7.5500000000000007,1.9932039542071633,1,nr,2.712e-12
7.5625000000000009,1.9930273878777693,1,nr,1.567e-12
7.5750000000000002,1.9928752444216455,1,nr,3.348e-12
7.5875000000000004,1.9927458508501628,1,nr,7.034e-12
7.6000000000000005,1.9926374893666843,1,nr,1.183e-11
7.6125000000000007,1.9925483997067683,1,nr,1.715e-11
7.6250000000000009,1.9924767817444209,1,nr,2.224e-15
7.6375000000000002,1.9924207984304783,1,nr,8.453e-16
7.6500000000000004,1.9923785788968706,1,nr,5.106e-16
7.6625000000000005,1.9923482219262882,1,nr,1.099e-15
7.6750000000000007,1.9923277996300788,1,nr,1.569e-15
7.6875000000000009,1.9923153613780482,1,nr,8.868e-16
7.7000000000000002,1.9923089379558989,1,nr,1.939e-15
7.7125000000000004,1.9923065459322167,1,nr,1.075e-15
7.7250000000000005,1.9923061922140959,1,nr,1.472e-15
7.7375000000000007,1.9923058787679271,1,nr,8.005e-16
7.7500000000000009,1.9923036074794194,1,nr,2.938e-16
7.7625000000000002,1.9922973851247294,1,nr,1.734e-15
7.7750000000000004,1.9922852284226007,1,nr,1.059e-15
7.7875000000000005,1.9922651691358242,1,nr,4.120e-16
7.8000000000000007,1.9922352591890107,1,nr,7.560e-16
7.8125000000000009,1.9921935757688258,1,nr,4.718e-16
7.8250000000000002,1.9921382263723035,1,nr,3.936e-16
7.8375000000000004,1.9920673537688518,1,nr,5.912e-16
7.8500000000000005,1.9919791408419136,1,nr,2.763e-16
7.8625000000000007,1.9918718152771075,1,nr,0.000e+00
7.8750000000000009,1.9917436540648989,1,nr,6.732e-16
7.8875000000000002,1.9915929878076324,1,nr,3.930e-11
7.9000000000000004,1.9914182046656321,1,nr,6.670e-12
7.9125000000000005,1.9912177543143477,1,nr,1.188e-13
7.9250000000000007,1.9909901512583987,1,nr,9.851e-13
7.9375000000000009,1.9907339780645603,1,nr,1.195e-12
7.9500000000000002,1.9904478881985754,1,nr,7.673e-13
7.9625000000000004,1.9901306085162771,1,nr,1.013e-13
7.9750000000000005,1.9897809414008543,1,nr,9.383e-12
7.9875000000000007,1.9893977665723115,1,nr,1.023e-11
8,1.9889800424364732,1,nr,1.218e-16
8.0124999999999993,1.9885268072381628,1,nr,1.507e-15
8.0250000000000004,1.9880371796862588,1,nr,6.947e-16
8.0374999999999996,1.9875103593296362,1,nr,4.920e-16
8.0499999999999989,1.9869456265717864,1,nr,3.321e-11
8.0625,1.9863423422784112,1,nr,2.581e-11
8.0749999999999993,1.9856999472374492,1,nr,1.098e-11
8.0875000000000004,1.9850179611576726,1,nr,9.151e-15
8.0999999999999996,1.9842959814571564,1,nr,4.176e-16
8.1124999999999989,1.9835336817770446,1,nr,7.546e-16
8.125,1.9827308102760175,1,nr,2.946e-16
8.1374999999999993,1.9818871876729374,1,nr,3.701e-11
8.1500000000000004,1.9810027052160601,1,nr,3.872e-11
8.1624999999999996,1.9800773221312538,1,nr,3.838e-13
8.1749999999999989,1.9791110635057747,1,nr,1.198e-15
8.1875,1.9781040174594733,1,nr,1.719e-16
8.1999999999999993,1.9770563325630008,1,nr,1.036e-15
8.2125000000000004,1.9759682150312845,1,nr,5.940e-11
8.2249999999999996,1.9748399260199052,1,nr,3.482e-16
8.2374999999999989,1.9736717785035693,1,nr,2.973e-15
8.25,1.9724641346285778,1,nr,7.905e-16
8.2624999999999993,1.9712174026797682,1,nr,6.897e-12
8.2750000000000004,1.969932034209785,1,nr,2.933e-11
8.2874999999999996,1.9686085211939521,1,nr,2.671e-16
8.2999999999999989,1.9672473931002452,1,nr,8.943e-17
8.3125,1.9658492141848456,1,nr,3.613e-11
8.3249999999999993,1.9644145807700779,1,nr,2.707e-16
8.3375000000000004,1.9629441184467276,1,nr,5.439e-16
8.3499999999999996,1.9614384796190729,1,nr,8.195e-16
8.3624999999999989,1.9598983409359501,1,nr,3.889e-11
8.375,1.9583244008061622,1,nr,2.756e-16
8.3874999999999993,1.9567173772080211,1,nr,4.522e-15
8.4000000000000004,1.9550780053059562,1,nr,1.743e-12
8.4124999999999996,1.9534070353776189,1,nr,1.676e-15
8.4249999999999989,1.9517052307633165,1,nr,2.993e-15
8.4375,1.9499733659148568,1,nr,8.557e-12
8.4499999999999993,1.9482122245724542,1,nr,4.341e-15
8.4625000000000004,1.9464225979936189,1,nr,1.990e-15
8.4749999999999996,1.9446052833418099,1,nr,1.142e-15
8.4874999999999989,1.9427610821284993,1,nr,2.390e-15
8.5,1.9408907987694337,1,nr,1.536e-15
8.5124999999999993,1.9389952392320446,1,nr,9.642e-16
8.5250000000000004,1.9370752097744337,1,nr,3.389e-15
8.5374999999999996,1.9351315157759981,1,nr,8.558e-12
8.5499999999999989,1.9331649606374439,1,nr,2.929e-15
8.5625,1.9311763448047379,1,nr,4.117e-15
8.5749999999999993,1.9291664648176878,1,nr,7.873e-16
8.5875000000000004,1.9271361124758182,1,nr,2.371e-15
8.5999999999999996,1.9250860740619757,1,nr,4.551e-12
8.6124999999999989,1.9230171296296608,1,nr,5.576e-15
8.625,1.9209300523771331,1,nr,1.999e-16
8.6374999999999993,1.9188256080562798,1,nr,4.013e-16
8.6500000000000004,1.9167045544614512,1,nr,7.150e-15
8.6624999999999996,1.914567640965871,1,nr,1.213e-15
8.6749999999999989,1.9124156081120329,1,nr,9.636e-15
8.6875,1.9102491872643785,1,nr,4.458e-11
8.6999999999999993,1.9080691002319432,1,nr,6.537e-15
8.7125000000000004,1.9058760591255637,1,nr,1.230e-15
8.7249999999999996,1.9036707660010113,1,nr,3.599e-16
8.7374999999999989,1.9014539127310237,1,nr,4.282e-15
8.75,1.8992261808362427,1,nr,6.728e-16
8.7624999999999993,1.8969882413616137,1,nr,4.984e-15
8.7750000000000004,1.8947407547831885,1,nr,2.083e-15
8.7874999999999996,1.8924843709429786,1,nr,1.019e-14
8.7999999999999989,1.8902197290209801,1,nr,4.230e-11
8.8125,1.8879474574638104,1,nr,3.363e-15
8.8249999999999993,1.8856681741033157,1,nr,1.686e-15
8.8375000000000004,1.8833824860712538,1,nr,7.397e-16
8.8499999999999996,1.8810909899003259,1,nr,7.416e-16
8.8624999999999989,1.8787942715747503,1,nr,2.071e-15
8.875,1.8764929066072253,1,nr,4.846e-15
8.8874999999999993,1.8741874601296657,1,nr,1.281e-15
8.9000000000000004,1.8718784869963199,1,nr,4.762e-15
8.9124999999999996,1.8695665318980916,1,nr,1.126e-15
8.9249999999999989,1.8672521294867686,1,nr,6.021e-15
8.9375,1.8649358044939961,1,nr,5.805e-11
8.9499999999999993,1.8626180719432379,1,nr,5.075e-15
8.9625000000000004,1.8602994371753594,1,nr,8.152e-11
8.9749999999999996,1.8579803960460715,1,nr,5.908e-15
8.9874999999999989,1.855661435210908,1,nr,1.032e-15
9,1.8533430321060249,1,nr,8.705e-16
9.0124999999999993,1.8510256552138611,1,nr,2.616e-15
9.0250000000000004,1.8487097642137305,1,nr,9.827e-16
9.0374999999999996,1.846395810154551,1,nr,2.242e-15
9.0499999999999989,1.8440842356294838,1,nr,1.150e-15
9.0625,1.8417754749519442,1,nr,5.787e-15
9.0749999999999993,1.8394699543325426,1,nr,3.158e-15
9.0875000000000004,1.8371680920564819,1,nr,4.868e-15
9.0999999999999996,1.8348702986817182,1,nr,9.070e-11
9.1124999999999989,1.8325769771128626,1,nr,4.962e-16
9.125,1.8302885229976762,1,nr,5.911e-11
9.1374999999999993,1.8280053246294314,1,nr,0.000e+00
9.1500000000000004,1.8257277633580662,1,nr,1.466e-15
9.1624999999999996,1.8234562136090546,1,nr,2.242e-15
9.1749999999999989,1.8211910431213969,1,nr,3.601e-16
9.1875,1.8189326131036141,1,nr,8.317e-17
9.1999999999999993,1.816681278401002,1,nr,1.692e-15
9.2125000000000004,1.8144373876605757,1,nr,2.429e-15
9.2249999999999996,1.8122012834935775,1,nr,1.569e-15
9.2374999999999989,1.8099733026349645,1,nr,1.966e-12
9.25,1.8077537761027371,1,nr,2.780e-17
9.2624999999999993,1.8055430293674271,1,nr,8.949e-11
9.2750000000000004,1.803341382410564,1,nr,1.822e-15
9.2874999999999996,1.801149150065261,1,nr,2.156e-15
9.2999999999999989,1.7989666419673993,1,nr,3.064e-15
9.3125,1.796794162794773,1,nr,2.886e-15
9.3249999999999993,1.7946320123700839,1,nr,7.537e-11
9.3375000000000004,1.7924804858770806,1,nr,2.845e-15
9.3499999999999996,1.7903398738306116,1,nr,3.372e-13
9.3624999999999989,1.7882104623495689,1,nr,7.853e-11
9.375,1.7860925332800179,1,nr,2.454e-11
9.3874999999999993,1.7839863641941929,1,nr,1.871e-11
9.4000000000000004,1.7818922285991345,1,nr,2.137e-11
9.4124999999999996,1.7798103960816365,1,nr,1.452e-12
9.4249999999999989,1.7777411323230321,1,nr,5.346e-12
9.4375,1.7756846992552877,1,nr,8.468e-11
9.4499999999999993,1.7736413552443544,1,nr,4.654e-11
9.4625000000000004,1.7716113549542833,1,nr,3.989e-15
9.4749999999999996,1.7695949497181869,1,nr,3.216e-11
9.4874999999999989,1.7675923874729564,1,nr,6.637e-16
9.5,1.765603912844586,1,nr,8.840e-16
9.5124999999999993,1.7636297672883456,1,nr,7.728e-16
9.5250000000000004,1.7616701891325253,1,nr,1.957e-15
9.5374999999999996,1.7597254136515497,1,nr,3.403e-11
9.5499999999999989,1.7577956731711724,1,nr,4.071e-15
9.5625,1.7558811970612422,1,nr,7.692e-16
9.5749999999999993,1.7539822118680561,1,nr,2.661e-15
9.5875000000000004,1.7520989413341284,1,nr,2.740e-16
9.5999999999999996,1.7502316064565637,1,nr,1.477e-15
9.6125000000000007,1.7483804255335222,1,nr,2.568e-15
9.625,1.7465456142058997,1,nr,2.073e-15
9.6374999999999993,1.7447273854809633,1,nr,6.182e-11
9.6500000000000004,1.7429259498299778,1,nr,2.556e-15
9.6624999999999996,1.7411415150833141,1,nr,1.411e-15
9.6750000000000007,1.7393742865836275,1,nr,5.419e-16
9.6875,1.737624467136281,1,nr,7.032e-15
9.6999999999999993,1.7358922570333206,1,nr,1.242e-15
9.7125000000000004,1.7341778540587605,1,nr,5.389e-16
9.7249999999999996,1.732481453488155,1,nr,3.980e-15
9.7375000000000007,1.7308032480823896,1,nr,6.977e-16
9.75,1.7291434280754827,1,nr,1.714e-15
9.7624999999999993,1.7275021811563067,1,nr,9.246e-15
9.7750000000000004,1.7258796924440252,1,nr,2.667e-15
9.7874999999999996,1.724276144457136,1,nr,8.514e-16
9.8000000000000007,1.7226917170758942,1,nr,1.141e-14
9.8125,1.721126587497996,1,nr,2.331e-15
9.8249999999999993,1.71958093018811,1,nr,3.485e-12
9.8375000000000004,1.7180549168156556,1,nr,1.060e-14
9.8499999999999996,1.7165487161967918,1,nr,3.260e-15
9.8625000000000007,1.7150624942305153,1,nr,7.616e-11
9.875,1.7135964137371023,1,nr,4.500e-15
9.8874999999999993,1.712150634537611,1,nr,8.924e-15
9.9000000000000004,1.7107253131880615,1,nr,4.685e-16
9.9124999999999996,1.7093206029587815,1,nr,5.711e-16
9.9250000000000007,1.7079366537038971,1,nr,1.367e-14
9.9375,1.7065736117389794,1,nr,6.299e-15
9.9499999999999993,1.7052316197098232,1,nr,1.854e-15
9.9625000000000004,1.7039108164520373,1,nr,5.751e-15
9.9749999999999996,1.7026113368413702,1,nr,1.710e-14
9.9875000000000007,1.7013333116344682,1,nr,5.718e-15
10,1.7000768672851547,1,nr,6.404e-11
2.4000000000000004,14.858745903993656,2,nr,7.889e-16
2.4125000000000005,14.711669926683863,2,nr,2.664e-11
2.4250000000000003,14.566899901396988,2,nr,3.004e-11
2.4375000000000004,14.424389237589656,2,nr,5.682e-17
2.4500000000000002,14.284092542188148,2,nr,5.669e-15
2.4625000000000004,14.14596558340283,2,nr,1.303e-11
2.4750000000000005,14.009965255995271,2,nr,1.129e-12
2.4875000000000003,13.876049547821221,2,nr,1.461e-11
2.5000000000000004,13.744177507295811,2,nr,6.468e-15
2.5125000000000002,13.614309212331946,2,nr,3.601e-15
2.5250000000000004,13.486405740087191,2,nr,2.111e-11
2.5375000000000005,13.360429137850115,2,nr,3.094e-12
2.5500000000000003,13.23634239510263,2,nr,1.927e-11
2.5625000000000004,13.114109416197506,2,nr,3.597e-15
2.5750000000000002,12.993694994369484,2,nr,8.716e-15
2.5875000000000004,12.8750647863006,2,nr,6.763e-14
2.6000000000000005,12.758185287761247,2,nr,6.409e-16
2.6125000000000003,12.64302380999966,2,nr,9.771e-16
2.6250000000000004,12.529548456943475,2,nr,3.401e-15
2.6375000000000002,12.417728103171369,2,nr,1.973e-15
2.6500000000000004,12.307532372625282,2,nr,8.614e-15
2.6625000000000005,12.198931618036415,2,nr,1.326e-14
2.6750000000000003,12.091896901051911,2,nr,1.900e-11
2.6875000000000004,11.986399972955269,2,nr,1.282e-11
2.7000000000000002,11.882413256180438,2,nr,1.869e-11
2.7125000000000004,11.779909826237104,2,nr,1.137e-12
2.7250000000000005,11.678863394443999,2,nr,2.853e-15
2.7375000000000003,11.579248291047936,2,nr,3.442e-11
2.7500000000000004,11.481039448927273,2,nr,4.768e-12
2.7625000000000002,11.384212388059078,2,nr,2.302e-11
2.7750000000000004,11.288743200180447,2,nr,3.153e-11
2.7875000000000005,11.19460853412178,2,nr,2.331e-12
2.8000000000000003,11.101785581535545,2,nr,2.755e-12
2.8125000000000004,11.010252063245801,2,nr,2.622e-15
2.8250000000000002,10.919986215889327,2,nr,1.464e-15
2.8375000000000004,10.830966779043415,2,nr,3.134e-12
2.8500000000000005,10.743172982774658,2,nr,4.262e-12
2.8625000000000003,10.656584535653298,2,nr,3.839e-11
2.8750000000000004,10.571181612912421,2,nr,3.630e-11
2.8875000000000002,10.4869448455783,2,nr,1.063e-15
2.9000000000000004,10.403855309077704,2,nr,7.191e-12
2.9125000000000005,10.321894513076913,2,nr,5.926e-15
2.9250000000000003,10.241044391104161,2,nr,2.408e-15
2.9375000000000004,10.161287290762463,2,nr,2.520e-15
2.9500000000000002,10.082605964161562,2,nr,2.579e-11
2.9625000000000004,10.0049835587914,2,nr,3.463e-15
2.9750000000000005,9.9284036084411582,2,nr,2.316e-11
2.9875000000000003,9.8528500248085624,2,nr,3.245e-11
3.0000000000000004,9.77830708904267,2,nr,2.897e-11
3.0125000000000002,9.704759443760258,2,nr,1.267e-12
3.0250000000000004,9.6321920852425382,2,nr,2.112e-15
3.0375000000000005,9.5605903560331917,2,nr,2.335e-15
3.0500000000000003,9.4899399376481934,2,nr,1.019e-13
3.0625000000000004,9.4202268435925873,2,nr,3.928e-11
3.0750000000000002,9.3514374127593012,2,nr,4.348e-15
3.0875000000000004,9.2835583026770365,2,nr,3.654e-11
3.1000000000000005,9.2165764836262358,2,nr,8.981e-16
3.1125000000000003,9.1504792322703459,2,nr,6.267e-15
3.1250000000000004,9.0852541261216455,2,nr,1.183e-12
3.1375000000000002,9.0208890378625934,2,nr,3.112e-15
3.1500000000000004,8.9573721300109703,2,nr,2.547e-15
3.1625000000000005,8.8946918497873906,2,nr,3.604e-12
3.1750000000000003,8.8328369242000342,2,nr,9.602e-12
3.1875000000000004,8.7717963552672078,2,nr,7.063e-15
3.2000000000000002,8.7115594155789289,2,nr,3.217e-15
3.2125000000000004,8.6521156438987195,2,nr,3.367e-15
3.2250000000000005,8.5934548410794616,2,nr,1.994e-11
3.2375000000000003,8.5355670660541207,2,nr,1.023e-15
3.2500000000000004,8.4784426322276616,2,nr,1.642e-11
3.2625000000000002,8.4220721037311908,2,nr,4.748e-15
3.2750000000000004,8.3664462922176703,2,nr,7.964e-16
3.2875000000000005,8.3115562535462004,2,nr,1.585e-16
3.3000000000000003,8.2573932848219549,2,nr,4.732e-16
3.3125000000000004,8.203948921574387,2,nr,3.579e-11
3.3250000000000002,8.1512149349784977,2,nr,1.041e-15
3.3375000000000004,8.0991833295966469,2,nr,2.632e-11
3.3500000000000005,8.0478463409194116,2,nr,3.911e-15
3.3625000000000003,7.9971964331723342,2,nr,2.968e-15
3.3750000000000004,7.947226297510106,2,nr,3.053e-16
3.3875000000000002,7.8979288501361005,2,nr,5.059e-16
3.4000000000000004,7.849297230685365,2,nr,2.099e-11
3.4125000000000005,7.801324800848537,2,nr,3.998e-16
3.4250000000000003,7.7540051429645249,2,nr,3.275e-11
3.4375000000000004,7.7073320589371876,2,nr,2.862e-15
3.4500000000000002,7.6612995694498141,2,nr,2.941e-16
3.4625000000000004,7.6159019129624639,2,nr,1.851e-15
3.4750000000000005,7.5711335452137067,2,nr,1.935e-16
3.4875000000000003,7.5269891387443266,2,nr,1.153e-15
3.5000000000000004,7.483463582608854,2,nr,2.384e-12
3.5125000000000002,7.4405519822369302,2,nr,1.421e-15
3.5250000000000004,7.3982496594807596,2,nr,1.880e-16
3.5375000000000005,7.3565521527827666,2,nr,7.466e-16
3.5500000000000003,7.3154552175242813,2,nr,9.261e-16
3.5625000000000004,7.274954826513766,2,nr,1.055e-13
3.5750000000000002,7.2350471706314288,2,nr,9.148e-12
3.5875000000000004,7.1957286595697578,2,nr,1.809e-15
3.6000000000000005,7.1569959228239179,2,nr,4.576e-15
3.6125000000000003,7.1188458106794918,2,nr,2.103e-11
3.6250000000000004,7.0812753953279755,2,nr,2.382e-15
3.6375000000000002,7.0442819723018113,2,nr,1.748e-11
3.6500000000000004,7.00786306175495,2,nr,0.000e+00
3.6625000000000005,6.9720164098725466,2,nr,6.877e-16
3.6750000000000003,6.9367399905526073,2,nr,9.371e-16
3.6875000000000004,6.9020320069369676,2,nr,8.442e-16
3.7000000000000002,6.8678908930725395,2,nr,2.593e-15
3.7125000000000004,6.8343153155615601,2,nr,1.365e-11
3.7250000000000005,6.8013041752804186,2,nr,1.806e-15
3.7375000000000003,6.7688566088894069,2,nr,2.296e-11
3.7500000000000004,6.7369719903940046,2,nr,1.851e-15
3.7625000000000002,6.705649932736983,2,nr,5.579e-16
3.7750000000000004,6.6748902888662984,2,nr,3.759e-13
3.7875000000000005,6.6446931529193707,2,nr,2.607e-12
3.8000000000000003,6.6150588610346261,2,nr,1.202e-11
3.8125000000000004,6.5859879917499091,2,nr,9.943e-16
3.8250000000000002,6.5574813662396352,2,nr,0.000e+00
3.8375000000000004,6.5295400477731809,2,nr,4.610e-12
3.8500000000000005,6.5021653408349431,2,nr,1.778e-15
3.8625000000000003,6.4753587894096194,2,nr,1.758e-15
3.8750000000000004,6.4491221745720715,2,nr,1.196e-11
3.8875000000000002,6.4234575111775385,2,nr,1.720e-11
3.9000000000000004,6.3983670431949466,2,nr,1.625e-11
3.9125000000000005,6.3738532382489828,2,nr,1.516e-11
3.9250000000000003,6.3499187805321089,2,nr,1.184e-13
3.9375000000000004,6.3265665618128999,2,nr,1.642e-15
3.9500000000000002,6.3037996711186599,2,nr,1.351e-11
3.9625000000000004,6.2816213820618341,2,nr,2.873e-15
3.9750000000000005,6.2600351376800578,2,nr,2.802e-12
3.9875000000000003,6.2390445329324598,2,nr,7.971e-12
4,6.2186532940699797,2,nr,1.206e-11
4.0125000000000002,6.1988652546465515,2,nr,8.918e-12
4.0250000000000004,6.1796843279269602,2,nr,9.419e-13
4.0375000000000005,6.1611144751791871,2,nr,1.677e-15
4.0500000000000007,6.143159669492575,2,nr,1.248e-11
4.0625,6.1258238546852928,2,nr,1.758e-15
4.0750000000000002,6.1091108985368301,2,nr,4.179e-12
4.0875000000000004,6.0930245405315224,2,nr,1.025e-11
4.1000000000000005,6.0775683329111025,2,nr,1.024e-11
4.1125000000000007,6.0627455749476775,2,nr,9.164e-12
4.125,6.04855923992619,2,nr,5.712e-12
4.1375000000000002,6.0350118943084921,2,nr,1.678e-13
4.1500000000000004,6.0221056087297891,2,nr,2.780e-16
4.1625000000000005,6.0098418605616368,2,nr,9.436e-14
4.1750000000000007,5.9982214276720587,2,nr,4.678e-12
4.1875,5.9872442734730935,2,nr,2.681e-16
4.2000000000000002,5.9769094230762247,2,nr,1.590e-15
4.2125000000000004,5.9672148311468804,2,nr,8.906e-16
4.2250000000000005,5.9581572416569264,2,nr,2.927e-12
4.2375000000000007,5.9497320405807841,2,nr,1.198e-13
4.25,5.9419331025062556,2,nr,5.573e-16
4.2625000000000002,5.9347526329373945,2,nr,7.518e-14
4.2750000000000004,5.9281810080854669,2,nr,1.550e-12
4.2875000000000005,5.9222066147811478,2,nr,4.420e-16
4.3000000000000007,5.9168156934142786,2,nr,9.728e-17
4.3125,5.9119921875715304,2,nr,4.819e-16
4.3250000000000002,5.907717604331677,2,nr,7.446e-13
4.3375000000000004,5.9039708898852954,2,nr,2.404e-13
4.3500000000000005,5.9007283254380374,2,nr,5.404e-16
4.3625000000000007,5.8979634488003612,2,nr,2.273e-13
4.375,5.895647007157061,2,nr,4.401e-16
4.3875000000000002,5.893746946543212,2,nr,4.914e-15
4.4000000000000004,5.8922284433189418,2,nr,2.289e-17
4.4125000000000005,5.8910539823659027,2,nr,1.936e-16
4.4250000000000007,5.8901834859415763,2,nr,3.882e-12
4.4375,5.8895744958735285,2,nr,2.261e-14
4.4500000000000002,5.889182410608746,2,nr,7.983e-14
4.4625000000000004,5.8889607763040672,2,nr,1.190e-13
4.4750000000000005,5.8888616299140102,2,nr,1.347e-13
4.4875000000000007,5.8888358895548363,2,nr,1.324e-13
4.5,5.8888337856092887,2,nr,1.202e-13
4.5125000000000002,5.888805323957615,2,nr,1.067e-13
4.5250000000000004,5.8887007709872714,2,nr,9.419e-14
4.5375000000000005,5.8884711486738954,2,nr,8.045e-14
4.5500000000000007,5.8880687271645975,2,nr,5.044e-14
4.5625,5.8874475020139654,2,nr,4.412e-15
4.5750000000000002,5.8865636435646405,2,nr,5.018e-14
4.5875000000000004,5.8853759069207801,2,nr,9.415e-15
4.6000000000000005,5.8838459924986086,2,nr,7.637e-12
4.6125000000000007,5.8819388489581419,2,nr,2.334e-13
4.625,5.8796229131693458,2,nr,4.214e-12
4.6375000000000002,5.8768702833026403,2,nr,3.214e-13
4.6500000000000004,5.8736568247550887,2,nr,9.498e-16
4.6625000000000005,5.8699622103996862,2,nr,1.245e-13
4.6750000000000007,5.8657698986311084,2,nr,1.186e-13
4.6875,5.8610670547773349,2,nr,1.937e-13
4.7000000000000002,5.8558444225518134,2,nr,1.233e-13
4.7125000000000004,5.8500961531508677,2,nr,2.245e-15
4.7250000000000005,5.8438196000661824,2,nr,7.314e-16
4.7375000000000007,5.8370150877368046,2,nr,8.174e-14
4.75,5.8296856618968249,2,nr,2.065e-16
4.7625000000000002,5.8218368289390865,2,nr,2.919e-13
4.7750000000000004,5.8134762908856228,2,nr,1.058e-16
4.7875000000000005,5.8046136817069849,2,nr,2.677e-16
4.8000000000000007,5.7952603097936084,2,nr,5.681e-14
4.8125000000000009,5.7854289104945948,2,nr,1.946e-13
4.8250000000000002,5.775133411719338,2,nr,2.858e-14
4.8375000000000004,5.7643887147941495,2,nr,1.127e-16
4.8500000000000005,5.7532104920137908,2,nr,1.198e-15
4.8625000000000007,5.7416150017114447,2,nr,3.898e-12
4.8750000000000009,5.7296189210700774,2,nr,2.342e-16
4.8875000000000002,5.7172391966519678,2,nr,7.238e-12
4.9000000000000004,5.7044929118410188,2,nr,9.015e-16
4.9125000000000005,5.6913971708844606,2,nr,6.702e-12
4.9250000000000007,5.6779689979979047,2,nr,2.528e-15
4.9375000000000009,5.6642252510828417,2,nr,1.624e-15
4.9500000000000002,5.6501825483400037,2,nr,3.191e-13
4.9625000000000004,5.635857207020833,2,nr,5.940e-12
4.9750000000000005,5.6212651929099025,2,nr,1.197e-11
4.9875000000000007,5.6064220795305673,2,nr,1.573e-11
5.0000000000000009,5.5913430159294109,2,nr,1.653e-11
5.0125000000000002,5.5760427020343997,2,nr,1.310e-11
5.0250000000000004,5.5605353706466225,2,nr,4.912e-12
5.0375000000000005,5.5448347751958043,2,nr,2.415e-15
5.0500000000000007,5.5289541824329378,2,nr,5.586e-16
5.0625000000000009,5.5129063693846643,2,nr,1.908e-15
5.0750000000000002,5.4967036239095384,2,nr,9.102e-12
5.0875000000000004,5.4803577483194665,2,nr,3.941e-12
5.1000000000000005,5.463880065363198,2,nr,3.291e-15
5.1125000000000007,5.4472814265159961,2,nr,8.134e-16
5.1250000000000009,5.4305722217419445,2,nr,1.201e-11
5.1375000000000002,5.413762390635795,2,nr,2.116e-15
5.1500000000000004,5.3968614347309574,2,nr,2.368e-15
5.1625000000000005,5.3798784303757428,2,nr,1.235e-15
5.1750000000000007,5.3628220423334154,2,nr,7.022e-16
5.1875000000000009,5.3457005377127365,2,nr,2.528e-11
5.2000000000000002,5.3285218000053822,2,nr,1.592e-16
5.2125000000000004,5.3112933435103651,2,nr,5.629e-16
5.2250000000000005,5.2940223273282641,2,nr,1.462e-15
5.2375000000000007,5.2767155695397712,2,nr,1.722e-15
5.2500000000000009,5.2593795610696388,2,nr,1.324e-15
5.2625000000000002,5.2420204793164693,2,nr,1.671e-16
5.2750000000000004,5.2246442014797019,2,nr,6.744e-16
5.2875000000000005,5.2072563175459639,2,nr,1.446e-15
5.3000000000000007,5.1898621429059659,2,nr,8.581e-17
5.3125000000000009,5.172466730580819,2,nr,1.991e-15
5.3250000000000002,5.155074883043679,2,nr,7.577e-13
5.3375000000000004,5.1376911636241962,2,nr,3.169e-15
5.3500000000000005,5.1203199075096988,2,nr,1.383e-11
5.3625000000000007,5.1029652322668921,2,nr,2.147e-15
5.3750000000000009,5.0856310480596409,2,nr,3.382e-11
5.3875000000000002,5.0683210674024286,2,nr,1.908e-15
5.4000000000000004,5.05103881433857,2,nr,1.190e-15
5.4125000000000005,5.0337876335668374,2,nr,3.320e-15
5.4250000000000007,5.0165706988935712,2,nr,3.716e-16
5.4375000000000009,4.9993910214278428,2,nr,4.116e-15
5.4500000000000002,4.9822514573930308,2,nr,1.225e-15
5.4625000000000004,4.9651547155894322,2,nr,5.089e-12
5.4750000000000005,4.9481033645020265,2,nr,3.246e-15
5.4875000000000007,4.9310998391213712,2,nr,5.766e-16
5.5000000000000009,4.9141464473982817,2,nr,1.837e-15
5.5125000000000002,4.897245376437124,2,nr,3.017e-15
5.5250000000000004,4.8803986984022005,2,nr,3.578e-11
5.5375000000000005,4.8636083760479627,2,nr,7.878e-16
5.5500000000000007,4.8468762682426991,2,nr,3.863e-15
5.5625000000000009,4.8302041349022877,2,nr,1.100e-11
5.5750000000000002,4.8135936419104057,2,nr,1.602e-15
5.5875000000000004,4.7970463657822666,2,nr,4.833e-15
5.6000000000000005,4.7805637980097497,2,nr,3.652e-11
5.6125000000000007,4.7641473493707149,2,nr,3.204e-15
5.6250000000000009,4.7477983537680819,2,nr,7.616e-15
5.6375000000000002,4.731518072207499,2,nr,4.930e-15
5.6500000000000004,4.71530769636529,2,nr,2.722e-11
5.6625000000000005,4.6991683520137837,2,nr,3.680e-15
5.6750000000000007,4.683101102439708,2,nr,1.041e-16
5.6875000000000009,4.6671069514798118,2,nr,8.888e-16
5.7000000000000002,4.6511868465813828,2,nr,2.205e-15
5.7125000000000004,4.6353416816687076,2,nr,3.458e-11
5.7250000000000005,4.6195722998064594,2,nr,4.127e-15
5.7375000000000007,4.6038794959434091,2,nr,1.009e-15
5.7500000000000009,4.58826401926245,2,nr,4.051e-15
5.7625000000000002,4.5727265756233928,2,nr,2.353e-15
5.7750000000000004,4.557267829815987,2,nr,1.046e-14
5.7875000000000005,4.5418884077248105,2,nr,1.453e-15
5.8000000000000007,4.5265888983973817,2,nr,1.242e-15
5.8125000000000009,4.5113698560205808,2,nr,2.600e-15
5.8250000000000002,4.4962318018099703,2,nr,3.313e-15
5.8375000000000004,4.4811752258165427,2,nr,6.535e-16
5.8500000000000005,4.4662005886551368,2,nr,8.736e-16
5.8625000000000007,4.4513083231585631,2,nr,4.324e-15
5.8750000000000009,4.4364988359612472,2,nr,2.716e-15
5.8875000000000002,4.4217725090160975,2,nr,2.914e-15
5.9000000000000004,4.4071297010480004,2,nr,2.755e-16
5.9125000000000005,4.3925707489472794,2,nr,1.380e-16
5.9250000000000007,4.378095969106254,2,nr,1.244e-15
5.9375000000000009,4.3637056587018321,2,nr,4.211e-15
5.9500000000000002,4.3494000969270221,2,nr,1.665e-16
5.9625000000000004,4.3351795461763603,2,nr,6.899e-12
5.9750000000000005,4.321044253171455,2,nr,3.478e-15
5.9875000000000007,4.3069944500782,2,nr,1.630e-15
6.0000000000000009,4.2930303555360974,2,nr,5.997e-15
6.0125000000000002,4.2791521756838078,2,nr,3.853e-15
6.0250000000000004,4.2653601051396945,2,nr,1.775e-11
6.0375000000000005,4.2516543279147303,2,nr,2.853e-15
6.0500000000000007,4.2380350183805557,2,nr,6.997e-16
6.0625000000000009,4.2245023420890426,2,nr,5.594e-15
6.0750000000000002,4.2110564566726776,2,nr,6.783e-11
6.0875000000000004,4.1976975125494356,2,nr,5.489e-15
6.1000000000000005,4.1844256539153877,2,nr,7.236e-11
6.1125000000000007,4.1712410194234337,2,nr,3.744e-11
6.1250000000000009,4.1581437427673951,2,nr,6.553e-11
6.1375000000000002,4.1451339536349074,2,nr,1.137e-13
6.1500000000000004,4.1322117783837111,2,nr,5.477e-12
6.1625000000000005,4.1193773406085539,2,nr,5.183e-13
6.1750000000000007,4.1066307618651008,2,nr,5.909e-11
6.1875000000000009,4.0939721624031504,2,nr,2.980e-11
6.2000000000000002,4.0814016616493598,2,nr,1.244e-15
6.2125000000000004,4.0689193789030851,2,nr,6.275e-11
6.2250000000000005,4.0565254340424417,2,nr,9.910e-16
6.2375000000000007,4.0442199478709444,2,nr,5.454e-11
6.2500000000000009,4.032003042994134,2,nr,1.504e-15
6.2625000000000002,4.0198748441144732,2,nr,2.379e-12
6.2750000000000004,4.0078354787873618,2,nr,2.862e-15
6.2875000000000005,3.9958850778757489,2,nr,1.137e-15
6.3000000000000007,3.984023776119173,2,nr,1.308e-11
6.3125000000000009,3.9722517126407628,2,nr,1.825e-15
6.3250000000000002,3.960569031513637,2,nr,3.036e-16
6.3375000000000004,3.9489758822360672,2,nr,2.286e-15
6.3500000000000005,3.9374724202626861,2,nr,3.272e-15
6.3625000000000007,3.9260588075046772,2,nr,1.125e-15
6.3750000000000009,3.9147352128217427,2,nr,2.143e-11
6.3875000000000002,3.9035018125503576,2,nr,1.638e-16
6.4000000000000004,3.8923587909240411,2,nr,4.358e-16
6.4125000000000005,3.88130634062713,2,nr,8.151e-16
6.4250000000000007,3.8703446632412635,2,nr,8.671e-16
6.4375000000000009,3.8594739697486085,2,nr,5.857e-11
6.4500000000000002,3.8486944809102979,2,nr,1.401e-15
6.4625000000000004,3.8380064279277732,2,nr,9.671e-16
6.4750000000000005,3.8274100527194932,2,nr,1.607e-16
6.4875000000000007,3.81690560848075,2,nr,3.310e-15
6.5000000000000009,3.8064933601260535,2,nr,2.394e-15
6.5125000000000002,3.7961735847475615,2,nr,4.242e-16
6.5250000000000004,3.7859465720703849,2,nr,1.691e-15
6.5375000000000005,3.7758126249046473,2,nr,5.212e-15
6.5500000000000007,3.7657720595940085,2,nr,1.574e-15
6.5625000000000009,3.7558252064604001,2,nr,2.403e-15
6.5750000000000002,3.7459724102445424,2,nr,2.394e-15
6.5875000000000004,3.7362140305417699,2,nr,3.317e-15
6.6000000000000005,3.7265504422326159,2,nr,8.258e-16
6.6125000000000007,3.7169820359074346,2,nr,7.658e-15
6.6250000000000009,3.7075092182843012,2,nr,4.503e-15
6.6375000000000002,3.6981324126192376,2,nr,5.858e-15
6.6500000000000004,3.68885205910779,2,nr,8.671e-15
6.6625000000000005,3.6796686152569951,2,nr,5.510e-11
6.6750000000000007,3.670582556364359,2,nr,9.543e-16
6.6875000000000009,3.6615943756886065,2,nr,5.048e-15
6.7000000000000002,3.6527045850000648,2,nr,5.471e-15
6.7125000000000004,3.6439137148192664,2,nr,6.135e-15
6.7250000000000005,3.6352223147554628,2,nr,9.845e-16
6.7375000000000007,3.6266309538047783,2,nr,3.231e-15
6.7500000000000009,3.6181402206252264,2,nr,5.941e-15
6.7625000000000002,3.6097507237738573,2,nr,3.117e-11
6.7750000000000004,3.6014630919862034,2,nr,4.720e-15
6.7875000000000005,3.5932779742451166,2,nr,8.811e-15
6.8000000000000007,3.5851960400510592,2,nr,5.237e-15
6.8125000000000009,3.5772179794741534,2,nr,8.993e-15
6.8250000000000002,3.5693445032329354,2,nr,1.129e-15
6.8375000000000004,3.561576342711871,2,nr,4.676e-16
6.8500000000000005,3.5539142499243965,2,nr,3.718e-16
6.8625000000000007,3.5463589974156671,2,nr,5.542e-16
6.8750000000000009,3.5389113780989883,2,nr,1.010e-15
6.8875000000000002,3.5315722050191831,2,nr,1.642e-15
6.9000000000000004,3.524342311035777,2,nr,7.248e-16
6.9125000000000005,3.5172225484181583,2,nr,3.600e-15
6.9250000000000007,3.5102137883444406,2,nr,1.430e-15
6.9375000000000009,3.503316920294925,2,nr,7.548e-15
6.9500000000000002,3.4965328513305889,2,nr,3.263e-15
6.9625000000000004,3.4898625052429959,2,nr,7.246e-12
6.9750000000000005,3.4833068215872487,2,nr,3.131e-15
6.9875000000000007,3.4768667545179577,2,nr,5.354e-15
7.0000000000000009,3.470543271529511,2,nr,2.744e-15
7.0125000000000002,3.4643373519733363,2,nr,0.000e+00
7.0250000000000004,3.4582499854064648,2,nr,5.493e-15
7.0375000000000005,3.4522821697335964,2,nr,4.530e-15
7.0500000000000007,3.4464349091302777,2,nr,0.000e+00
7.0625000000000009,3.4407092117305926,2,nr,1.157e-15
7.0750000000000002,3.435106087062251,2,nr,6.562e-16
7.0875000000000004,3.4296265431938795,2,nr,3.373e-11
7.1000000000000005,3.4242715836961342,2,nr,1.697e-15
7.1125000000000007,3.4190422040369697,2,nr,1.684e-15
7.1250000000000009,3.4139393879923157,2,nr,7.956e-16
7.1375000000000002,3.4089641034513631,2,nr,1.579e-15
7.1500000000000004,3.4041172979568883,2,nr,3.603e-15
7.1625000000000005,3.3993998938575642,2,nr,3.124e-11
7.1750000000000007,3.3948127829452921,2,nr,6.543e-12
7.1875000000000009,3.390356820945962,2,nr,1.454e-15
7.2000000000000002,3.3860328211648048,2,nr,7.592e-16
7.2125000000000004,3.3818415480008186,2,nr,5.273e-16
7.2250000000000005,3.3777837098244374,2,nr,8.222e-16
7.2375000000000007,3.37385995140263,2,nr,1.928e-15
7.2500000000000009,3.3700708458019806,2,nr,2.611e-11
7.2625000000000002,3.3664168858772086,2,nr,1.387e-15
7.2750000000000004,3.362898475008123,2,nr,6.520e-16
7.2875000000000005,3.3595159176282805,2,nr,2.225e-11
7.3000000000000007,3.3562694090950504,2,nr,8.561e-16
7.3125000000000009,3.3531590249516685,2,nr,2.761e-15
7.3250000000000002,3.3501847099848101,2,nr,0.000e+00
7.3375000000000004,3.3473462666287239,2,nr,1.883e-15
7.3500000000000005,3.3446433430448099,2,nr,8.758e-12
7.3625000000000007,3.3420754208684125,2,nr,1.168e-15
7.3750000000000009,3.3396418025670527,2,nr,7.462e-12
7.3875000000000002,3.3373415987275239,2,nr,1.016e-15
7.4000000000000004,3.335173715040185,2,nr,6.727e-17
7.4125000000000005,3.3331368393877523,2,nr,3.007e-16
7.4250000000000007,3.3312294289294768,2,nr,4.977e-16
7.4375000000000009,3.3294496974184722,2,nr,1.005e-11
7.4500000000000002,3.3277956029202187,2,nr,9.231e-12
7.4625000000000004,3.3262648358923124,2,nr,1.009e-15
7.4750000000000005,3.3248548082072742,2,nr,5.948e-13
7.4875000000000007,3.3235626427838776,2,nr,2.781e-11
7.5000000000000009,3.3223851645693698,2,nr,1.535e-15
7.5125000000000002,3.3213188924462775,2,nr,9.544e-17
7.5250000000000004,3.3203600330791545,2,nr,1.076e-15
7.5375000000000005,3.319504476165263,2,nr,3.023e-12
7.5500000000000007,3.3187477917698396,2,nr,1.134e-11
7.5625000000000009,3.3180852298125156,2,nr,1.507e-11
7.5750000000000002,3.3175117218996024,2,nr,1.394e-11
7.5875000000000004,3.3170218857522786,2,nr,6.656e-16
7.6000000000000005,3.3166100323185672,2,nr,4.627e-17
7.6125000000000007,3.3162701758585973,2,nr,4.612e-16
7.6250000000000009,3.3159960469032774,2,nr,7.511e-16
7.6375000000000002,3.315781108318594,2,nr,1.376e-16
7.6500000000000004,3.3156185744273974,2,nr,3.051e-17
7.6625000000000005,3.3155014331697688,2,nr,7.460e-16
7.6750000000000007,3.3154224712163982,2,nr,1.854e-15
7.6875000000000009,3.3153743018917621,2,nr,3.036e-16
7.7000000000000002,3.3153493957045801,2,nr,3.469e-13
7.7125000000000004,3.3153401132143663,2,nr,1.470e-11
7.7250000000000005,3.3153387399789742,2,nr,2.515e-11
7.7375000000000007,3.3153375231299136,2,nr,2.318e-11
7.7500000000000009,3.3153287090105605,2,nr,1.501e-11
7.7625000000000002,3.3153045820914913,2,nr,8.015e-12
7.7750000000000004,3.3152575037030139,2,nr,3.055e-12
7.7875000000000005,3.3151799508379778,2,nr,5.830e-13
7.8000000000000007,3.3150645542225754,2,nr,9.747e-15
7.8125000000000009,3.3149041352098236,2,nr,7.002e-15
7.8250000000000002,3.3146917410176187,2,nr,1.200e-12
7.8375000000000004,3.3144206778584158,2,nr,1.221e-11
7.8500000000000005,3.3140845416084437,2,nr,1.562e-12
7.8625000000000007,3.3136772454705947,2,nr,6.349e-16
7.8750000000000009,3.3131930446872793,2,nr,1.181e-15
7.8875000000000002,3.3126265576826692,2,nr,2.498e-16
7.9000000000000004,3.3119727837230091,2,nr,1.261e-12
7.9125000000000005,3.3112271169048633,2,nr,5.633e-13
7.9250000000000007,3.310385356442449,2,nr,3.400e-14
7.9375000000000009,3.3094437133143502,2,nr,4.778e-16
7.9500000000000002,3.3083988133446849,2,nr,8.329e-16
7.9625000000000004,3.3072476968776603,2,nr,2.874e-12
7.9750000000000005,3.3059878152305204,2,nr,1.939e-12
7.9875000000000007,3.3046170241964128,2,nr,7.505e-16
8,3.3031335748191832,2,nr,7.554e-16
8.0124999999999993,3.3015361017636797,2,nr,9.445e-12
8.0250000000000004,3.2998236095437852,2,nr,7.990e-16
8.0374999999999996,3.2979954570490992,2,nr,5.029e-16
8.0499999999999989,3.29605134045724,2,nr,1.162e-11
8.0625,3.2939912750191076,2,nr,2.721e-16
8.0749999999999993,3.2918155760575227,2,nr,3.304e-11
8.0875000000000004,3.2895248390644789,2,nr,2.072e-16
8.0999999999999996,3.2871199198811558,2,nr,2.492e-11
8.1124999999999989,3.2846019143587539,2,nr,9.820e-16
8.125,3.2819721381974394,2,nr,1.215e-11
8.1374999999999993,3.2792321072952131,2,nr,4.988e-16
8.1500000000000004,3.276383518180821,2,nr,1.989e-11
8.1624999999999996,3.2734282293387573,2,nr,1.521e-15
8.1749999999999989,3.2703682429074385,2,nr,9.302e-12
8.1875,3.2672056874038216,2,nr,4.415e-16
8.1999999999999993,3.263942801180987,2,nr,3.042e-15
8.2125000000000004,3.2605819167565704,2,nr,2.982e-11
8.2249999999999996,3.2571254460359911,2,nr,0.000e+00
8.2374999999999989,3.2535758666958285,2,nr,1.976e-15
8.25,3.249935709212227,2,nr,4.466e-11
8.2624999999999993,3.2462075449403107,2,nr,1.854e-15
8.2750000000000004,3.2423939753760331,2,nr,1.636e-15
8.2874999999999996,3.2384976218667152,2,nr,0.000e+00
8.2999999999999989,3.2345211165512406,2,nr,1.979e-15
8.3125,3.2304670940200917,2,nr,4.320e-11
8.3249999999999993,3.2263381836758356,2,nr,2.251e-15
8.3375000000000004,3.2221370031688923,2,nr,6.159e-15
8.3499999999999996,3.2178661521335541,2,nr,2.042e-15
8.3624999999999989,3.2135282069128266,2,nr,1.564e-15
8.375,3.2091257157888675,2,nr,1.742e-15
8.3874999999999993,3.2046611948217794,2,nr,1.254e-15
8.4000000000000004,3.2001371242360981,2,nr,7.211e-12
8.4124999999999996,3.195555945286388,2,nr,1.248e-11
8.4249999999999989,3.1909200576635,2,nr,1.881e-15
8.4375,3.1862318171840149,2,nr,4.564e-15
8.4499999999999993,3.181493534018776,2,nr,5.204e-15
8.4625000000000004,3.1767074711763463,2,nr,8.124e-15
8.4749999999999996,3.1718758433408585,2,nr,1.126e-14
8.4874999999999989,3.1670008159934824,2,nr,9.922e-15
8.5,3.1620845047940254,2,nr,1.258e-14
8.5124999999999993,3.1571289751958687,2,nr,1.176e-14
8.5250000000000004,3.1521362422694117,2,nr,1.501e-14
8.5374999999999996,3.1471082707110725,2,nr,1.247e-14
8.5499999999999989,3.1420469750166777,2,nr,1.319e-14
8.5625,3.1369542197998186,2,nr,1.503e-14
8.5749999999999993,3.1318318202373874,2,nr,1.540e-14
8.5875000000000004,3.1266815426259922,2,nr,1.624e-14
8.5999999999999996,3.1215051050344913,2,nr,1.024e-14
8.6124999999999989,3.1163041780391239,2,nr,1.077e-14
8.625,3.1110803855291072,2,nr,3.992e-15
8.6374999999999993,3.105835305571603,2,nr,6.404e-15
8.6500000000000004,3.1005704713261553,2,nr,1.634e-15
8.6624999999999996,3.0952873719752709,2,nr,7.776e-11
8.6749999999999989,3.089987453832058,2,nr,5.297e-12
8.6875,3.0846721211175163,2,nr,4.104e-15
8.6999999999999993,3.0793427372195197,2,nr,2.652e-15
8.7125000000000004,3.0740006256322885,2,nr,7.011e-15
8.7249999999999996,3.0686470710257239,2,nr,6.153e-15
8.7374999999999989,3.0632833203039391,2,nr,8.676e-15
8.75,3.0579105836620228,2,nr,1.613e-14
8.7624999999999993,3.0525300356392133,2,nr,2.386e-14
8.7750000000000004,3.0471428161655183,2,nr,2.296e-14
8.7874999999999996,3.0417500315992703,2,nr,1.753e-14
8.7999999999999989,3.0363527557531591,2,nr,1.541e-14
8.8125,3.0309520309071614,2,nr,6.661e-15
8.8249999999999993,3.0255488688065197,2,nr,2.882e-15
8.8375000000000004,3.0201442516513199,2,nr,2.928e-11
8.8499999999999996,3.0147391330218292,2,nr,1.193e-15
8.8624999999999989,3.0093344389028687,2,nr,3.853e-15
8.875,3.0039310685328076,2,nr,3.136e-16
8.8874999999999993,2.9985298953503454,2,nr,6.294e-15
8.9000000000000004,2.993131767874408,2,nr,1.205e-14
8.9124999999999996,2.987737510571665,2,nr,1.410e-14
8.9249999999999989,2.9823479247036198,2,nr,1.447e-14
8.9375,2.9769637891532921,2,nr,1.563e-14
8.9499999999999993,2.9715858612313806,2,nr,9.812e-15
8.9625000000000004,2.9662148774621406,2,nr,1.337e-15
8.9749999999999996,2.9608515543490586,2,nr,3.916e-15
8.9874999999999989,2.9554965891205645,2,nr,7.207e-15
9,2.9501506604635463,2,nr,3.140e-11
9.0124999999999993,2.9448144291924292,2,nr,4.596e-15
9.0250000000000004,2.9394885390118741,2,nr,4.444e-15
9.0374999999999996,2.9341736171105888,2,nr,2.934e-15
9.0499999999999989,2.9288702748495408,2,nr,1.034e-15
9.0625,2.923579108387262,2,nr,2.128e-15
9.0749999999999993,2.9183006992952398,2,nr,3.062e-15
9.0875000000000004,2.9130356151563639,2,nr,6.573e-16
9.0999999999999996,2.9077844101468346,2,nr,7.683e-16
9.1124999999999989,2.9025476256020437,2,nr,2.584e-15
9.125,2.8973257905668461,2,nr,3.166e-15
9.1374999999999993,2.8921194223307363,2,nr,4.411e-15
9.1500000000000004,2.8869290269483239,2,nr,4.915e-15
9.1624999999999996,2.8817550997456451,2,nr,4.368e-15
9.1749999999999989,2.8765981258127069,2,nr,3.100e-15
9.1875,2.8714585804827428,2,nr,6.567e-15
9.1999999999999993,2.8663369297986234,2,nr,2.496e-16
9.2125000000000004,2.8612336309668285,2,nr,2.665e-15
9.2249999999999996,2.8561491327994597,2,nr,8.141e-15
9.2374999999999989,2.8510838761446449,2,nr,5.366e-15
9.25,2.8460382943058109,2,nr,3.338e-15
9.2624999999999993,2.8410128134501536,2,nr,1.635e-15
9.2750000000000004,2.8360078530067412,2,nr,3.620e-15
9.2874999999999996,2.8310238260447145,2,nr,4.596e-11
9.2999999999999989,2.826061139681467,2,nr,9.164e-11
9.3125,2.8211201954712957,2,nr,9.361e-11
9.3249999999999993,2.8162013895757951,2,nr,3.852e-11
9.3375000000000004,2.81130511341691,2,nr,2.297e-11
9.3499999999999996,2.8064317538302159,2,nr,3.702e-11
9.3624999999999989,2.801581693435597,2,nr,3.563e-11
9.375,2.7967553109177024,2,nr,1.076e-12
9.3874999999999993,2.791952981468953,2,nr,5.938e-15
9.4000000000000004,2.7871750769894792,2,nr,1.251e-16
9.4124999999999996,2.7824219664408418,2,nr,1.528e-16
9.4249999999999989,2.7776940161361168,2,nr,1.943e-16
9.4375,2.7729915900323863,2,nr,2.315e-15
9.4499999999999993,2.7683150500165947,2,nr,5.956e-15
9.4625000000000004,2.7636647561851921,2,nr,1.660e-16
9.4749999999999996,2.759041067117737,2,nr,8.292e-17
9.4874999999999989,2.7544443401537024,2,nr,4.296e-11
9.5,2.7498749316060547,2,nr,1.238e-11
9.5124999999999993,2.7453331971219859,2,nr,1.817e-15
9.5250000000000004,2.7408194918158153,2,nr,5.496e-16
9.5374999999999996,2.7363341705860824,2,nr,1.207e-15
9.5499999999999989,2.731877588332825,2,nr,7.121e-16
9.5625,2.7274501001943419,2,nr,5.495e-15
9.5749999999999993,2.723052061775864,2,nr,1.473e-15
9.5875000000000004,2.7186838293727464,2,nr,5.174e-15
9.5999999999999996,2.7143457601881544,2,nr,1.141e-15
9.6125000000000007,2.7100382125499798,2,nr,2.224e-11
9.625,2.7057615460931745,2,nr,1.461e-15
9.6374999999999993,2.70151612200854,2,nr,8.743e-15
9.6500000000000004,2.6973023031892485,2,nr,1.346e-14
9.6624999999999996,2.6931204544434815,2,nr,7.463e-15
9.6750000000000007,2.6889709426718116,2,nr,7.604e-15
9.6875,2.6848541370346366,2,nr,3.732e-11
9.6999999999999993,2.6807704091621631,2,nr,1.544e-15
9.7125000000000004,2.6767201332335819,2,nr,5.946e-15
9.7249999999999996,2.6727036862136142,2,nr,2.610e-14
9.7375000000000007,2.668721447957414,2,nr,1.156e-14
9.75,2.6647738013348605,2,nr,9.666e-11
9.7624999999999993,2.6608611324685638,2,nr,0.000e+00
9.7750000000000004,2.6569838306352977,2,nr,1.646e-14
9.7874999999999996,2.6531422885938225,2,nr,2.905e-14
9.8000000000000007,2.6493369025747664,2,nr,1.764e-15
9.8125,2.6455680723903026,2,nr,9.305e-16
9.8249999999999993,2.6418362015097814,2,nr,1.736e-14
9.8375000000000004,2.6381416971226685,2,nr,3.043e-14
9.8499999999999996,2.6344849701876063,2,nr,8.178e-16
9.8625000000000007,2.6308664354670075,2,nr,1.782e-15
9.875,2.6272865115457407,2,nr,3.412e-14
9.8874999999999993,2.6237456208332177,2,nr,1.969e-14
9.9000000000000004,2.6202441895473423,2,nr,2.816e-15
9.9124999999999996,2.6167826476794653,2,nr,2.243e-14
9.9250000000000007,2.6133614289386315,2,nr,3.081e-14
9.9375,2.6099809706736465,2,nr,7.855e-13
9.9499999999999993,2.6066417137729818,2,nr,1.542e-14
9.9625000000000004,2.6033441025364632,2,nr,3.620e-14
9.9749999999999996,2.6000885845240513,2,nr,4.896e-16
9.9875000000000007,2.5968756103731971,2,nr,2.563e-14
10,2.5937056335866249,2,nr,2.182e-14
3.2625000000000002,14.913100309875288,3,nr,7.451e-16
3.2750000000000004,14.808080579130285,3,nr,8.472e-16
3.2875000000000005,14.704367142485854,3,nr,1.804e-11
3.3000000000000003,14.601943146121091,3,nr,4.454e-15
3.3125000000000004,14.500792155395612,3,nr,6.409e-15
3.3250000000000002,14.400898149945018,3,nr,2.850e-15
3.3375000000000004,14.30224551894794,3,nr,7.728e-16
3.3500000000000005,14.204819056820311,3,nr,1.860e-12
3.3625000000000003,14.108603959269367,3,nr,8.230e-12
3.3750000000000004,14.013585819659468,3,nr,6.500e-12
3.3875000000000002,13.919750625826209,3,nr,3.467e-12
3.4000000000000004,13.8270847572094,3,nr,1.059e-14
3.4125000000000005,13.735574982326927,3,nr,1.290e-15
3.4250000000000003,13.645208456713306,3,nr,2.267e-15
3.4375000000000004,13.555972721187949,3,nr,1.860e-15
3.4500000000000002,13.467855700539776,3,nr,3.984e-15
3.4625000000000004,13.380845702614707,3,nr,3.762e-15
3.4750000000000005,13.294931417818015,3,nr,2.721e-13
3.4875000000000003,13.210101919027885,3,nr,1.979e-11
3.5000000000000004,13.126346662034829,3,nr,2.829e-15
3.5125000000000002,13.043655486209232,3,nr,6.775e-12
3.5250000000000004,12.962018615902887,3,nr,1.392e-15
3.5375000000000005,12.881426662178431,3,nr,3.130e-15
3.5500000000000003,12.801870625014603,3,nr,2.921e-15
3.5625000000000004,12.723341896084282,3,nr,2.262e-15
3.5750000000000002,12.645832262024781,3,nr,4.485e-16
3.5875000000000004,12.569333908240955,3,nr,1.738e-11
3.6000000000000005,12.493839423373787,3,nr,1.681e-11
3.6125000000000003,12.419341804023505,3,nr,1.625e-11
3.6250000000000004,12.34583446067869,3,nr,4.324e-16
3.6375000000000002,12.273311223535032,3,nr,4.197e-15
3.6500000000000004,12.201766349554998,3,nr,0.000e+00
3.6625000000000005,12.131194529875016,3,nr,1.008e-15
3.6750000000000003,12.061590898001869,3,nr,1.995e-15
3.6875000000000004,11.992951038705163,3,nr,4.113e-16
3.7000000000000002,11.925270997642086,3,nr,1.058e-15
3.7125000000000004,11.858547291743722,3,nr,8.113e-12
3.7250000000000005,11.792776920325663,3,nr,1.991e-15
3.7375000000000003,11.727957377112595,3,nr,4.962e-15
3.7500000000000004,11.664086662885973,3,nr,1.934e-11
3.7625000000000002,11.601163299197543,3,nr,3.464e-15
3.7750000000000004,11.539186342536167,3,nr,1.477e-11
3.7875000000000005,11.478155399847054,3,nr,2.939e-12
3.8000000000000003,11.418070644306102,3,nr,2.528e-12
3.8125000000000004,11.358932832368751,3,nr,1.947e-11
3.8250000000000002,11.300743321459057,3,nr,5.796e-16
3.8375000000000004,11.243504088176474,3,nr,1.326e-11
3.8500000000000005,11.187217747575673,3,nr,1.130e-15
3.8625000000000003,11.131887572967587,3,nr,1.742e-15
3.8750000000000004,11.077517516084219,3,nr,5.062e-12
3.8875000000000002,11.02411222783434,3,nr,1.056e-11
3.9000000000000004,10.971677079418802,3,nr,3.345e-16
3.9125000000000005,10.92021818319844,3,nr,1.253e-15
3.9250000000000003,10.869742413793277,3,nr,9.734e-13
3.9375000000000004,10.820257428497705,3,nr,7.051e-16
3.9500000000000002,10.77177168697713,3,nr,1.011e-15
3.9625000000000004,10.724294469758407,3,nr,4.836e-12
3.9750000000000005,10.677835895043598,3,nr,1.269e-11
3.9875000000000003,10.63240693296687,3,nr,1.268e-15
4,10.588019417279526,3,nr,1.456e-11
4.0125000000000002,10.544686052455781,3,nr,8.275e-13
4.0250000000000004,10.502420416612763,3,nr,1.498e-15
4.0375000000000005,10.461236957686836,3,nr,7.936e-16
4.0500000000000007,10.421150982552323,3,nr,7.808e-16
4.0625,10.382178636891387,3,nr,3.292e-16
4.0750000000000002,10.344336874163867,3,nr,1.998e-12
4.0875000000000004,10.307643411526875,3,nr,8.477e-12
4.1000000000000005,10.272116670316713,3,nr,8.350e-16
4.1125000000000007,10.237775698095909,3,nr,6.718e-12
4.125,10.204640069744247,3,nr,4.364e-13
4.1375000000000002,10.172729763287119,3,nr,5.376e-12
4.1500000000000004,10.142065007570633,3,nr,2.924e-16
4.1625000000000005,10.112666096738689,3,nr,4.225e-12
4.1750000000000007,10.084553167843184,3,nr,3.954e-13
4.1875,10.057745936114451,3,nr,3.192e-12
4.2000000000000002,10.032263383702436,3,nr,1.364e-16
4.2125000000000004,10.008123396418748,3,nr,2.134e-12
4.2250000000000005,9.9853423443712117,3,nr,1.406e-15
4.2375000000000007,9.9639346018646862,3,nr,7.871e-13
4.25,9.943912003697692,3,nr,6.804e-13
4.2625000000000002,9.9252832355997196,3,nr,4.179e-16
4.2750000000000004,9.9080531589226126,3,nr,8.939e-13
4.2875000000000005,9.8922220720496874,3,nr,3.642e-16
4.3000000000000007,9.8777849142357717,3,nr,6.060e-13
4.3125,9.8647304219295027,3,nr,1.998e-14
4.3250000000000002,9.8530402522499543,3,nr,3.158e-13
4.3375000000000004,9.8426880942809891,3,nr,2.387e-13
4.3500000000000005,9.8336387948666886,3,nr,9.422e-14
4.3625000000000007,9.8258475323421699,3,nr,2.602e-16
4.375,9.8192590779444764,3,nr,4.556e-15
4.3875000000000002,9.8138071903188724,3,nr,1.721e-14
4.4000000000000004,9.8094141926052991,3,nr,1.105e-14
4.4125000000000005,9.8059907832376716,3,nr,1.873e-16
4.4250000000000007,9.8034361298673627,3,nr,8.164e-14
4.4375,9.801638289938186,3,nr,2.374e-16
4.4500000000000002,9.8004749908070998,3,nr,4.976e-12
4.4625000000000004,9.7998147869861008,3,nr,2.623e-15
4.4750000000000005,9.7995185916138201,3,nr,1.257e-14
4.4875000000000007,9.7994415574082474,3,nr,1.317e-14
4.5,9.7994352563243599,3,nr,1.095e-14
4.5125000000000002,9.7993500849328026,3,nr,8.686e-15
4.5250000000000004,9.7990378021071702,3,nr,6.301e-15
4.5375000000000005,9.7983540921448355,3,nr,2.791e-13
4.5500000000000007,9.7971610408957162,3,nr,4.226e-14
4.5625,9.7953294159990882,3,nr,4.190e-15
4.5750000000000002,9.7927406548872558,3,nr,4.643e-16
4.5875000000000004,9.7892884842420678,3,nr,4.673e-12
4.6000000000000005,9.7848801198737316,3,nr,3.551e-13
4.6125000000000007,9.7794370243592113,3,nr,2.076e-12
4.625,9.7728952258649961,3,nr,1.119e-16
4.6375000000000002,9.7652052274616992,3,nr,5.346e-15
4.6500000000000004,9.7563315537104636,3,nr,1.103e-13
4.6625000000000005,9.7462519956181914,3,nr,8.704e-14
4.6750000000000007,9.7349566212190499,3,nr,2.522e-13
4.6875,9.722446620451425,3,nr,4.536e-14
4.7000000000000002,9.7087330493363702,3,nr,8.969e-16
4.7125000000000004,9.6938355315510698,3,nr,1.036e-15
4.7250000000000005,9.6777809663836063,3,nr,4.639e-16
4.7375000000000007,9.6606022821180293,3,nr,9.646e-14
4.75,9.6423372639582432,3,nr,7.921e-13
4.7625000000000002,9.6230274763998569,3,nr,1.334e-16
4.7750000000000004,9.6027172919813228,3,nr,2.715e-16
4.7875000000000005,9.5814530315954123,3,nr,1.316e-12
4.8000000000000007,9.5592822164249061,3,nr,1.267e-15
4.8125000000000009,9.536252927650402,3,nr,1.739e-12
4.8250000000000002,9.5124132672157309,3,nr,3.785e-12
4.8375000000000004,9.4878109114781246,3,nr,1.732e-15
4.8500000000000005,9.4624927484883656,3,nr,5.568e-12
4.8625000000000007,9.4365045891556996,3,nr,4.707e-12
4.8750000000000009,9.409890943302889,3,nr,1.050e-11
4.8875000000000002,9.3826948511605881,3,nr,1.593e-16
4.9000000000000004,9.3549577625476577,3,nr,2.859e-12
4.9125000000000005,9.3267194556148532,3,nr,1.021e-11
4.9250000000000007,9.2980179887714272,3,nr,2.236e-16
4.9375000000000009,9.2688896800358407,3,nr,1.080e-15
4.9500000000000002,9.2393691079830678,3,nr,3.466e-16
4.9625000000000004,9.209489130548441,3,nr,3.523e-16
4.9750000000000005,9.1792809174968379,3,nr,1.909e-15
4.9875000000000007,9.1487739934899412,3,nr,7.878e-16
5.0000000000000009,9.1179962890599988,3,nr,5.539e-16
5.0125000000000002,9.0869741972629736,3,nr,6.796e-12
5.0250000000000004,9.0557326342608064,3,nr,9.637e-12
5.0375000000000005,9.0242951020753193,3,nr,4.057e-15
5.0500000000000007,8.9926837528792447,3,nr,2.417e-15
5.0625000000000009,8.9609194531537355,3,nr,1.889e-11
5.0750000000000002,8.9290218474182268,3,nr,2.017e-16
5.0875000000000004,8.8970094210850892,3,nr,7.497e-16
5.1000000000000005,8.8648995613313861,3,nr,2.556e-15
5.1125000000000007,8.8327086164034068,3,nr,3.221e-15
5.1250000000000009,8.8004519526735088,3,nr,8.951e-12
5.1375000000000002,8.7681440093803182,3,nr,3.378e-15
5.1500000000000004,8.7357983510948927,3,nr,2.559e-11
5.1625000000000005,8.7034277177230184,3,nr,4.643e-15
5.1750000000000007,8.6710440718367234,3,nr,6.853e-12
5.1875000000000009,8.6386586440469486,3,nr,8.305e-16
5.2000000000000002,8.6062819755627853,3,nr,2.979e-15
5.2125000000000004,8.5739239587019025,3,nr,3.246e-15
5.2250000000000005,8.5415938750487204,3,nr,2.814e-15
5.2375000000000007,8.5093004314945802,3,nr,2.450e-15
5.2500000000000009,8.4770517942073074,3,nr,7.990e-17
5.2625000000000002,8.4448556206295748,3,nr,1.373e-15
5.2750000000000004,8.4127190896007846,3,nr,6.528e-16
5.2875000000000005,8.380648929677541,3,nr,2.852e-11
5.3000000000000007,8.3486514458871373,3,nr,2.915e-15
5.3125000000000009,8.3167325445847169,3,nr,4.205e-16
5.3250000000000002,8.2848977572058775,3,nr,2.717e-15
5.3375000000000004,8.2531522622988582,3,nr,2.915e-15
5.3500000000000005,8.2215009063406761,3,nr,2.682e-15
5.3625000000000007,8.1899482232565397,3,nr,3.183e-11
5.3750000000000009,8.1584984528756515,3,nr,1.586e-15
5.3875000000000002,8.1271555579829791,3,nr,1.599e-15
5.4000000000000004,8.0959232407224047,3,nr,6.542e-15
5.4125000000000005,8.0648049577282386,3,nr,3.886e-15
5.4250000000000007,8.0338039344584047,3,nr,1.822e-16
5.4375000000000009,8.0029231786489294,3,nr,2.112e-15
5.4500000000000002,7.9721654929633381,3,nr,3.424e-15
5.4625000000000004,7.9415334868875185,3,nr,5.408e-15
5.4750000000000005,7.9110295879176045,3,nr,4.979e-15
5.4875000000000007,7.8806560520812798,3,nr,8.089e-12
5.5000000000000009,7.8504149738840097,3,nr,4.120e-11
5.5125000000000002,7.8203082954994763,3,nr,2.452e-11
5.5250000000000004,7.7903378157505552,3,nr,2.994e-11
5.5375000000000005,7.7605051981784889,3,nr,4.024e-11
5.5500000000000007,7.7308119790610039,3,nr,2.349e-15
5.5625000000000009,7.7012595744546628,3,nr,4.875e-15
5.5750000000000002,7.6718492873692909,3,nr,6.837e-15
5.5875000000000004,7.6425823141836728,3,nr,1.331e-14
5.6000000000000005,7.6134597508221216,3,nr,3.609e-15
5.6125000000000007,7.5844825985652884,3,nr,1.008e-16
5.6250000000000009,7.5556517695359382,3,nr,4.764e-15
5.6375000000000002,7.5269680918798949,3,nr,1.529e-15
5.6500000000000004,7.4984323146608736,3,nr,1.434e-15
5.6625000000000005,7.470045112487151,3,nr,7.463e-13
5.6750000000000007,7.441807089884362,3,nr,5.068e-15
5.6875000000000009,7.4137187854363464,3,nr,2.182e-15
5.7000000000000002,7.3857806756975721,3,nr,3.132e-15
5.7125000000000004,7.3579931789015784,3,nr,5.190e-15
5.7250000000000005,7.3303566584882347,3,nr,4.254e-11
5.7375000000000007,7.302871426346722,3,nr,5.763e-15
5.7500000000000009,7.2755377461210955,3,nr,4.014e-11
5.7625000000000002,7.2483558361111555,3,nr,4.529e-15
5.7750000000000004,7.2213258720395714,3,nr,1.043e-14
5.7875000000000005,7.1944479898842069,3,nr,5.260e-15
5.8000000000000007,7.1677222883600145,3,nr,5.762e-15
5.8125000000000009,7.1411488313667588,3,nr,5.943e-16
5.8250000000000002,7.1147276503017816,3,nr,3.631e-15
5.8375000000000004,7.0884587462604802,3,nr,1.359e-15
5.8500000000000005,7.0623420921311801,3,nr,2.562e-15
5.8625000000000007,7.0363776345906812,3,nr,1.640e-15
5.8750000000000009,7.0105652959867353,3,nr,5.597e-11
5.8875000000000002,6.9849049762340378,3,nr,4.897e-11
5.9000000000000004,6.9593965544344849,3,nr,3.194e-15
5.9125000000000005,6.9340398905575356,3,nr,6.870e-15
5.9250000000000007,6.908834827094525,3,nr,1.078e-15
5.9375000000000009,6.8837811905058564,3,nr,1.856e-15
5.9500000000000002,6.8588787926870438,3,nr,4.440e-15
5.9625000000000004,6.8341274323573691,3,nr,1.918e-15
5.9750000000000005,6.8095268963919739,3,nr,1.782e-15
5.9875000000000007,6.785076961101403,3,nr,1.249e-12
6.0000000000000009,6.7607773934387509,3,nr,6.092e-11
6.0125000000000002,6.7366279522879742,3,nr,2.221e-15
6.0250000000000004,6.712628389397068,3,nr,3.930e-15
6.0375000000000005,6.6887784506814194,3,nr,9.938e-16
6.0500000000000007,6.6650778771837151,3,nr,7.154e-13
6.0625000000000009,6.6415264061130275,3,nr,1.827e-11
6.0750000000000002,6.6181237718701382,3,nr,2.426e-15
6.0875000000000004,6.594869706946862,3,nr,5.515e-12
6.1000000000000005,6.57176394295489,3,nr,7.620e-11
6.1125000000000007,6.5488062113392393,3,nr,7.749e-11
6.1250000000000009,6.5259962446574766,3,nr,1.547e-12
6.1375000000000002,6.503333776939205,3,nr,6.907e-12
6.1500000000000004,6.4808185449014069,3,nr,1.483e-11
6.1625000000000005,6.4584502886050119,3,nr,4.060e-11
6.1750000000000007,6.4362287523810284,3,nr,3.693e-15
6.1875000000000009,6.4141536854467844,3,nr,3.664e-11
6.2000000000000002,6.3922248428963622,3,nr,2.169e-15
6.2125000000000004,6.3704419862747583,3,nr,3.045e-11
6.2250000000000005,6.3488048845258707,3,nr,3.137e-11
6.2375000000000007,6.3273133145394862,3,nr,2.316e-15
6.2500000000000009,6.3059670621044184,3,nr,2.787e-17
6.2625000000000002,6.2847659224969012,3,nr,1.054e-11
6.2750000000000004,6.2637097012926617,3,nr,6.585e-15
6.2875000000000005,6.2427982150567605,3,nr,7.878e-15
6.3000000000000007,6.2220312921092003,3,nr,5.953e-15
6.3125000000000009,6.2014087732404573,3,nr,1.105e-16
6.3250000000000002,6.1809305124485521,3,nr,5.792e-15
6.3375000000000004,6.1605963776755095,3,nr,4.321e-15
6.3500000000000005,6.1404062515479128,3,nr,5.931e-15
6.3625000000000007,6.1203600321226528,3,nr,1.644e-16
6.3750000000000009,6.1004576336393006,3,nr,7.104e-16
6.3875000000000002,6.0806989872801935,3,nr,2.671e-15
6.4000000000000004,6.0610840419395409,3,nr,4.131e-15
6.4125000000000005,6.0416127650027569,3,nr,2.547e-15
6.4250000000000007,6.0222851431372089,3,nr,5.403e-17
6.4375000000000009,6.0031011830955663,3,nr,6.517e-15
6.4500000000000002,5.9840609125330237,3,nr,1.127e-15
6.4625000000000004,5.9651643808394521,3,nr,2.621e-15
6.4750000000000005,5.9464116599877892,3,nr,3.678e-15
6.4875000000000007,5.9278028453997509,3,nr,4.621e-15
6.5000000000000009,5.9093380568300153,3,nr,1.376e-15
6.5125000000000002,5.8910174392701053,3,nr,3.848e-15
6.5250000000000004,5.8728411638729803,3,nr,5.249e-16
6.5375000000000005,5.8548094288925094,3,nr,2.048e-11
6.5500000000000007,5.836922460688025,3,nr,9.577e-15
6.5625000000000009,5.8191805146476412,3,nr,7.773e-16
6.5750000000000002,5.8015838762769061,3,nr,2.579e-15
6.5875000000000004,5.7841328622083248,3,nr,1.694e-15
6.6000000000000005,5.7668278212798949,3,nr,6.182e-15
6.6125000000000007,5.7496691356125407,3,nr,6.158e-11
6.6250000000000009,5.732657221848239,3,nr,1.067e-14
6.6375000000000002,5.7157925320875069,3,nr,5.535e-15
6.6500000000000004,5.6990755552971795,3,nr,8.508e-16
6.6625000000000005,5.6825068184186556,3,nr,2.439e-15
6.6750000000000007,5.6660868876393762,3,nr,5.841e-15
6.6875000000000009,5.6498163696661106,3,nr,2.006e-11
6.7000000000000002,5.6336959130750976,3,nr,3.914e-15
6.7125000000000004,5.6177262095804155,3,nr,1.945e-15
6.7250000000000005,5.6019079954846278,3,nr,5.220e-15
6.7375000000000007,5.5862420530469015,3,nr,9.606e-17
6.7500000000000009,5.5707292119263609,3,nr,4.104e-15
6.7625000000000002,5.5553703506468066,3,nr,2.086e-15
6.7750000000000004,5.5401663980887905,3,nr,2.072e-15
6.7875000000000005,5.5251183350072646,3,nr,2.058e-15
6.8000000000000007,5.5102271955724085,3,nr,3.252e-15
6.8125000000000009,5.4954940689308396,3,nr,2.768e-16
6.8250000000000002,5.4809201007836599,3,nr,4.946e-15
6.8375000000000004,5.4665064949773274,3,nr,2.273e-15
6.8500000000000005,5.4522545151023731,3,nr,5.505e-15
6.8625000000000007,5.4381654860943209,3,nr,9.493e-15
6.8750000000000009,5.4242407958300092,3,nr,1.866e-15
6.8875000000000002,5.4104818967117607,3,nr,8.817e-16
6.9000000000000004,5.396890307230203,3,nr,6.210e-15
6.9125000000000005,5.3834676134956965,3,nr,1.128e-14
6.9250000000000007,5.3702154707264134,3,nr,1.463e-15
6.9375000000000009,5.3571356046798186,3,nr,7.679e-15
6.9500000000000002,5.3442298130120962,3,nr,3.299e-15
6.9625000000000004,5.3314999665483125,3,nr,6.709e-16
6.9750000000000005,5.3189480104437541,3,nr,3.824e-15
6.9875000000000007,5.306575965214245,3,nr,2.472e-15
7.0000000000000009,5.2943859276106924,3,nr,4.246e-15
7.0125000000000002,5.2823800713098636,3,nr,7.605e-15
7.0250000000000004,5.2705606473902629,3,nr,4.329e-15
7.0375000000000005,5.258929984558061,3,nr,1.985e-15
7.0500000000000007,5.2474904890843224,3,nr,8.338e-15
7.0625000000000009,5.2362446444101804,3,nr,3.272e-15
7.0750000000000002,5.2251950103719533,3,nr,2.314e-15
7.0875000000000004,5.214344221993918,3,nr,1.236e-12
7.1000000000000005,5.2036949877850578,3,nr,2.118e-15
7.1125000000000007,5.1932500874903971,3,nr,7.337e-15
7.1250000000000009,5.1830123692010224,3,nr,2.668e-15
7.1375000000000002,5.1729847457705818,3,nr,5.135e-15
7.1500000000000004,5.1631701904387342,3,nr,4.138e-15
7.1625000000000005,5.1535717315750098,3,nr,2.586e-15
7.1750000000000007,5.1441924464431859,3,nr,4.265e-16
7.1875000000000009,5.1350354538907474,3,nr,1.679e-11
7.2000000000000002,5.1261039057696829,3,nr,9.047e-16
7.2125000000000004,5.1174009772048707,3,nr,4.131e-16
7.2250000000000005,5.108929855183904,3,nr,2.384e-15
7.2375000000000007,5.1006937257297267,3,nr,1.549e-15
7.2500000000000009,5.0926957592763076,3,nr,3.598e-15
7.2625000000000002,5.0849390941804593,3,nr,3.774e-13
7.2750000000000004,5.0774268182114826,3,nr,2.543e-15
7.2875000000000005,5.0701619478627169,3,nr,1.483e-15
7.3000000000000007,5.0631474053470944,3,nr,1.849e-15
7.3125000000000009,5.056385993123838,3,nr,4.415e-16
7.3250000000000002,5.049880365827871,3,nr,9.048e-13
7.3375000000000004,5.0436329994858005,3,nr,4.320e-16
7.3500000000000005,5.0376461579029748,3,nr,9.156e-16
7.3625000000000007,5.0319218561751544,3,nr,8.454e-16
7.3750000000000009,5.0264618212590806,3,nr,4.779e-16
7.3875000000000002,5.0212674496218543,3,nr,5.911e-17
7.4000000000000004,5.0163397620201513,3,nr,2.515e-15
7.4125000000000005,5.0116793555293855,3,nr,1.158e-16
7.4250000000000007,5.0072863530162923,3,nr,2.349e-15
7.4375000000000009,5.0031603503521014,3,nr,1.773e-11
7.4500000000000002,4.9993003616104419,3,nr,7.424e-12
7.4625000000000004,4.995704763163582,3,nr,6.394e-16
7.4750000000000005,4.9923712364971822,3,nr,2.754e-17
7.4875000000000007,4.9892967113618498,3,nr,4.605e-12
7.5000000000000009,4.9864773095211161,3,nr,1.082e-16
7.5125000000000002,4.9839082902708647,3,nr,6.210e-12
7.5250000000000004,4.98158399901771,3,nr,2.260e-15
7.5375000000000005,4.9794978198632363,3,nr,1.084e-12
7.5500000000000007,4.9776421339152472,3,nr,6.116e-12
7.5625000000000009,4.9760082845308471,3,nr,2.052e-15
7.5750000000000002,4.9745865510507983,3,nr,2.600e-13
7.5875000000000004,4.9733661327158396,3,nr,1.154e-12
7.6000000000000005,4.9723351440490058,3,nr,1.019e-15
7.6125000000000007,4.9714806232356397,3,nr,2.154e-16
7.6250000000000009,4.9707885547454245,3,nr,3.783e-17
7.6375000000000002,4.9702439071935327,3,nr,1.216e-12
7.6500000000000004,4.9698306872236451,3,nr,3.683e-14
7.6625000000000005,4.9695320097604441,3,nr,2.713e-13
7.6750000000000007,4.9693301846623203,3,nr,5.334e-13
7.6875000000000009,4.9692068192382122,3,nr,6.984e-13
7.7000000000000002,4.9691429356860546,3,nr,7.498e-13
7.7125000000000004,4.9691191019698415,3,nr,7.073e-13
7.7250000000000005,4.9691155741800586,3,nr,6.082e-13
7.7375000000000007,4.9691124479757107,3,nr,4.808e-13
7.7500000000000009,4.9690898163263997,3,nr,3.428e-13
7.7625000000000002,4.9690279304813467,3,nr,1.933e-13
7.7750000000000004,4.9689073609081316,3,nr,2.257e-14
7.7875000000000005,4.9687091548702025,3,nr,8.684e-12
7.8000000000000007,4.9684149874630341,3,nr,5.503e-16
7.8125000000000009,4.96800730281229,3,nr,3.013e-16
7.8250000000000002,4.9674694430602813,3,nr,2.096e-12
7.8375000000000004,4.9667857624159408,3,nr,2.131e-12
7.8500000000000005,4.9659417245993334,3,nr,1.076e-12
7.8625000000000007,4.9649239823184415,3,nr,1.870e-12
7.8750000000000009,4.9637204380119622,3,nr,4.648e-16
7.8875000000000002,4.962320285606352,3,nr,3.204e-12
7.9000000000000004,4.960714033700949,3,nr,7.246e-13
7.9125000000000005,4.9588935108325689,3,nr,1.162e-15
7.9250000000000007,4.956851854171874,3,nr,1.712e-12
7.9375000000000009,4.9545834830716204,3,nr,1.074e-15
7.9500000000000002,4.9520840592429707,3,nr,2.074e-13
7.9625000000000004,4.9493504355352549,3,nr,7.387e-16
7.9750000000000005,4.9463805952482547,3,nr,2.484e-12
7.9875000000000007,4.943173583983131,3,nr,1.674e-15
8,4.9397294360083537,3,nr,1.747e-15
8.0124999999999993,4.9360490968664861,3,nr,5.676e-12
8.0250000000000004,4.932134343952093,3,nr,1.624e-11
8.0374999999999996,4.9279877064968618,3,nr,1.047e-15
8.0499999999999989,4.9236123864011461,3,nr,1.999e-15
8.0625,4.9190121806503164,3,nr,1.724e-15
8.0749999999999993,4.9141914066362515,3,nr,4.810e-16
8.0875000000000004,4.9091548308027768,3,nr,1.277e-15
8.0999999999999996,4.9039076012501637,3,nr,1.844e-16
8.1124999999999989,4.8984551846576929,3,nr,6.218e-17
8.125,4.8928033077600759,3,nr,4.402e-16
8.1374999999999993,4.8869579034938306,3,nr,1.336e-15
8.1500000000000004,4.8809250618078313,3,nr,2.803e-11
8.1624999999999996,4.8747109852188411,3,nr,1.301e-16
8.1749999999999989,4.8683219485349953,3,nr,1.579e-15
8.1875,4.8617642633035612,3,nr,2.595e-15
8.1999999999999993,4.8550442460221763,3,nr,2.160e-13
8.2125000000000004,4.8481681903098659,3,nr,2.722e-16
8.2249999999999996,4.8411423426305058,3,nr,6.193e-16
8.2374999999999989,4.8339728813144145,3,nr,1.044e-15
8.25,4.8266658986119078,3,nr,1.618e-15
8.2624999999999993,4.8192273855084409,3,nr,1.067e-15
8.2750000000000004,4.81166321904323,3,nr,6.972e-15
8.2874999999999996,4.8039791518832224,3,nr,1.308e-15
8.2999999999999989,4.7961808039175056,3,nr,2.423e-15
8.3125,4.788273655652068,3,nr,2.226e-16
8.3249999999999993,4.7802630432098479,3,nr,1.828e-11
8.3375000000000004,4.7721541546775743,3,nr,6.741e-15
8.3499999999999996,4.7639520278339509,3,nr,2.908e-15
8.3624999999999989,4.7556615487538654,3,nr,7.729e-16
8.375,4.7472874514919718,3,nr,1.116e-14
8.3874999999999993,4.7388343185076884,3,nr,2.365e-15
8.4000000000000004,4.7303065818026298,3,nr,3.837e-11
8.4124999999999996,4.7217085245285215,3,nr,6.106e-15
8.4249999999999989,4.7130442833560942,3,nr,8.029e-15
8.4375,4.7043178508830481,3,nr,9.822e-16
8.4499999999999993,4.6955330786477329,3,nr,3.139e-15
8.4625000000000004,4.6866936803003272,3,nr,1.692e-14
8.4749999999999996,4.6778032350033873,3,nr,1.118e-14
8.4874999999999989,4.6688651909939152,3,nr,7.802e-15
8.5,4.6598828692645133,3,nr,1.112e-15
8.5124999999999993,4.6508594673261339,3,nr,4.658e-15
8.5250000000000004,4.6417980630207127,3,nr,1.026e-14
8.5374999999999996,4.6327016183561884,3,nr,1.710e-14
8.5499999999999989,4.623572983340412,3,nr,6.451e-15
8.5625,4.6144148997944425,3,nr,3.652e-15
8.5749999999999993,4.6052300051459136,3,nr,4.852e-11
8.5875000000000004,4.5960208360648673,3,nr,7.958e-15
8.5999999999999996,4.5867898323025091,3,nr,2.861e-14
8.6124999999999989,4.5775393401036064,3,nr,3.065e-14
8.625,4.5682716158048988,3,nr,1.229e-14
8.6374999999999993,4.5589888292420762,3,nr,1.210e-15
8.6500000000000004,4.5496930670843279,3,nr,1.312e-15
8.6624999999999996,4.5403863360759198,3,nr,2.641e-15
8.6749999999999989,4.5310705661823958,3,nr,8.356e-15
8.6875,4.5217476136401142,3,nr,2.609e-14
8.6999999999999993,4.5124192639085692,3,nr,3.481e-14
8.7125000000000004,4.5030872345254966,3,nr,1.945e-14
8.7249999999999996,4.4937531778653925,3,nr,4.964e-15
8.7374999999999989,4.4844186838026774,3,nr,1.958e-15
8.75,4.4750852822838834,3,nr,1.114e-11
8.7624999999999993,4.46575444578784,3,nr,1.535e-15
8.7750000000000004,4.4564275917448954,3,nr,2.345e-14
8.7874999999999996,4.4471060848020896,3,nr,3.818e-14
8.7999999999999989,4.4377912390519016,3,nr,3.094e-14
8.8125,4.4284843201577386,3,nr,1.340e-14
8.8249999999999993,4.4191865474021235,3,nr,9.704e-15
8.8375000000000004,4.4098990956563329,3,nr,5.871e-15
8.8499999999999996,4.400623097274579,3,nr,1.231e-15
8.8624999999999989,4.3913596439151164,3,nr,2.128e-14
8.875,4.3821097882910269,3,nr,3.141e-14
8.8874999999999993,4.3728745458532305,3,nr,2.432e-14
8.9000000000000004,4.3636548964082502,3,nr,5.009e-15
8.9124999999999996,4.3544517856735565,3,nr,2.305e-15
8.9249999999999989,4.3452661267521,3,nr,8.089e-11
8.9375,4.3360988016720796,3,nr,4.698e-15
8.9499999999999993,4.3269506625644167,3,nr,2.093e-14
8.9625000000000004,4.3178225331965621,3,nr,1.728e-14
8.9749999999999996,4.30871521014857,3,nr,8.641e-15
8.9874999999999989,4.2996294640635586,3,nr,7.652e-15
9,4.2905660408311928,3,nr,3.543e-15
9.0124999999999993,4.2815256627269127,3,nr,1.276e-14
9.0250000000000004,4.272509029508794,3,nr,2.370e-14
9.0374999999999996,4.2635168194739386,3,nr,5.305e-15
9.0499999999999989,4.2545496904764066,3,nr,4.668e-15
9.0625,4.2456082809082361,3,nr,6.529e-15
9.0749999999999993,4.2366932106454813,3,nr,1.143e-14
9.0875000000000004,4.2278050819608115,3,nr,3.034e-15
9.0999999999999996,4.2189444804043053,3,nr,5.533e-15
9.1124999999999989,4.210111975657636,3,nr,1.615e-11
9.125,4.2013081223375162,3,nr,5.251e-15
9.1374999999999993,4.1925334608266107,3,nr,2.534e-15
9.1500000000000004,4.1837885180053043,3,nr,4.166e-15
9.1624999999999996,4.1750738080148935,3,nr,5.656e-12
9.1749999999999989,4.1663898329678659,3,nr,4.427e-16
9.1875,4.1577370836584233,3,nr,6.178e-15
9.1999999999999993,4.1491160402268923,3,nr,5.547e-16
9.2125000000000004,4.1405271728108888,3,nr,5.546e-11
9.2249999999999996,4.1319709422427247,3,nr,3.335e-16
9.2374999999999989,4.1234478005487532,3,nr,6.160e-15
9.25,4.1149581916728533,3,nr,4.756e-12
9.2624999999999993,4.1065025520087532,3,nr,4.810e-15
9.2750000000000004,4.0980813109745862,3,nr,7.403e-15
9.2874999999999996,4.0896948915634663,3,nr,8.583e-11
9.2999999999999989,4.0813437109644664,3,nr,5.321e-11
9.3125,4.0730281809697297,3,nr,4.532e-15
9.3249999999999993,4.0647487085649026,3,nr,6.088e-12
9.3375000000000004,4.0565056964591353,3,nr,4.279e-11
9.3499999999999996,4.0482995435690343,3,nr,5.090e-11
9.3624999999999989,4.0401306454988246,3,nr,6.758e-12
9.375,4.0319993949922353,3,nr,1.928e-15
9.3874999999999993,4.0239061824892284,3,nr,1.743e-11
9.4000000000000004,4.0158513965154334,3,nr,6.979e-15
9.4124999999999996,4.0078354241976939,3,nr,2.125e-15
9.4249999999999989,3.9998586516779087,3,nr,9.876e-12
9.4375,3.9919214645907792,3,nr,9.011e-16
9.4499999999999993,3.9840242484828807,3,nr,4.985e-16
9.4625000000000004,3.9761673892728027,3,nr,1.687e-15
9.4749999999999996,3.9683512736758484,3,nr,2.127e-15
9.4874999999999989,3.9605762896377659,3,nr,5.267e-15
9.5,3.9528428267633244,3,nr,1.487e-15
9.5124999999999993,3.9451512767403965,3,nr,8.749e-12
9.5250000000000004,3.9375020337730637,3,nr,2.030e-15
9.5374999999999996,3.9298954949816816,3,nr,1.488e-11
9.5499999999999989,3.9223320608581398,3,nr,1.238e-14
9.5625,3.9148121356327006,3,nr,5.258e-11
9.5749999999999993,3.907336127783418,3,nr,8.704e-15
9.5875000000000004,3.899904450321694,3,nr,1.552e-11
9.5999999999999996,3.8925175213441996,3,nr,8.770e-15
9.6125000000000007,3.885175764360902,3,nr,3.240e-16
9.625,3.877879608759105,3,nr,1.486e-14
9.6374999999999993,3.8706294902060963,3,nr,3.114e-15
9.6500000000000004,3.8634258510729622,3,nr,1.836e-14
9.6624999999999996,3.8562691408558476,3,nr,7.631e-15
9.6750000000000007,3.8491598165984295,3,nr,5.585e-15
9.6875,3.8420983433154077,3,nr,2.540e-14
9.6999999999999993,3.8350851944172897,3,nr,5.284e-17
9.7125000000000004,3.8281208521362338,3,nr,2.738e-14
9.7249999999999996,3.8212058079530804,3,nr,6.138e-15
9.7375000000000007,3.8143405630253944,3,nr,1.672e-15
9.75,3.807525628616232,3,nr,4.717e-14
9.7624999999999993,3.8007615265235524,3,nr,3.630e-16
9.7750000000000004,3.7940487895100179,3,nr,9.347e-15
9.7874999999999996,3.7873879617324855,3,nr,4.901e-14
9.8000000000000007,3.7807795991712014,3,nr,1.843e-15
9.8125,3.7742242700576374,3,nr,1.116e-14
9.8249999999999993,3.7677225553008267,3,nr,5.673e-14
9.8375000000000004,3.7612750489109943,3,nr,5.203e-15
9.8499999999999996,3.7548823584116438,3,nr,3.430e-11
9.8625000000000007,3.7485451052973922,3,nr,4.237e-14
9.875,3.7422639253605108,3,nr,5.909e-14
9.8874999999999993,3.7360394691787113,3,nr,1.981e-16
9.9000000000000004,3.7298724024583709,3,nr,3.950e-11
9.9124999999999996,3.7237634064786733,3,nr,3.019e-14
9.9250000000000007,3.7177131783653459,3,nr,6.922e-14
9.9375,3.7117224315507391,3,nr,2.909e-14
9.9499999999999993,3.7057918960680056,3,nr,5.785e-16
9.9625000000000004,3.6999223188826265,3,nr,1.414e-11
9.9749999999999996,3.6941144642154642,3,nr,1.268e-14
9.9875000000000007,3.6883691137848591,3,nr,5.135e-14
10,3.6826870670959648,3,nr,7.750e-14
4.25,14.990775817125918,4,nr,4.154e-16
4.2625000000000002,14.953570660868484,4,nr,6.111e-13
4.2750000000000004,14.918816872709977,4,nr,3.875e-13
4.2875000000000005,14.886559355869425,4,nr,1.451e-15
4.3000000000000007,14.856835829598648,4,nr,6.927e-17
4.3125,14.829674568933113,4,nr,2.069e-14
4.3250000000000002,14.805091840351624,4,nr,1.160e-12
4.3375000000000004,14.783089053441373,4,nr,1.584e-13
4.3500000000000005,14.763649674891738,4,nr,7.171e-14
4.3625000000000007,14.746735983898015,4,nr,4.868e-16
4.375,14.732285788051605,4,nr,1.544e-17
4.3875000000000002,14.720209262516242,4,nr,2.419e-12
4.4000000000000004,14.710386120262752,4,nr,1.738e-12
4.4125000000000005,14.702663361591668,4,nr,4.116e-14
4.4250000000000007,14.696853877444729,4,nr,1.168e-16
4.4375,14.692736188294576,4,nr,5.375e-14
4.4500000000000002,14.690055573718919,4,nr,4.584e-14
4.4625000000000004,14.688526786013137,4,nr,3.429e-14
4.4750000000000005,14.687838438139037,4,nr,4.086e-14
4.4875000000000007,14.68765901898368,4,nr,3.161e-14
4.5,14.68764433007108,4,nr,2.021e-14
4.5125000000000002,14.687445978865901,4,nr,3.478e-13
4.5250000000000004,14.686720430234816,4,nr,6.153e-15
4.5375000000000005,14.685138034261193,4,nr,7.247e-16
4.5500000000000007,14.682391432692031,4,nr,3.904e-14
4.5625,14.678202803687368,4,nr,5.337e-16
4.5750000000000002,14.672329525906219,4,nr,6.556e-14
4.5875000000000004,14.664568007949612,4,nr,3.197e-12
4.6000000000000005,14.6547556098858,4,nr,1.541e-12
4.6125000000000007,14.642770751592373,4,nr,3.098e-16
4.625,14.628531437785483,4,nr,3.312e-16
4.6375000000000002,14.611992516567859,4,nr,5.205e-14
4.6500000000000004,14.593142027705596,4,nr,3.442e-16
4.6625000000000005,14.571996992798564,4,nr,1.653e-14
4.6750000000000007,14.548598963404448,4,nr,7.861e-16
4.6875,14.523009587741649,4,nr,5.589e-16
4.7000000000000002,14.495306393240364,4,nr,1.471e-14
4.7125000000000004,14.465578919975496,4,nr,7.340e-14
4.7250000000000005,14.433925284838333,4,nr,1.121e-16
4.7375000000000007,14.400449211273227,4,nr,8.888e-14
4.75,14.365257525328506,4,nr,4.241e-14
4.7625000000000002,14.32845809504672,4,nr,3.199e-16
4.7750000000000004,14.290158175253696,4,nr,2.646e-14
4.7875000000000005,14.250463111880132,4,nr,2.620e-13
4.8000000000000007,14.209475357168488,4,nr,2.139e-16
4.8125000000000009,14.167293747964123,4,nr,3.472e-12
4.8250000000000002,14.124013002275627,4,nr,2.146e-15
4.8375000000000004,14.079723393992115,4,nr,2.741e-16
4.8500000000000005,14.03451057001458,4,nr,1.540e-15
4.8625000000000007,13.988455479772869,4,nr,5.244e-16
4.8750000000000009,13.941634391356404,4,nr,6.609e-12
4.8875000000000002,13.894118973009279,4,nr,2.484e-15
4.9000000000000004,13.84597642294996,4,nr,4.581e-12
4.9125000000000005,13.797269632922221,4,nr,1.274e-11
4.9250000000000007,13.748057375199087,4,nr,2.953e-15
4.9375000000000009,13.698394503122238,4,nr,3.225e-16
4.9500000000000002,13.648332159652449,4,nr,2.465e-15
4.9625000000000004,13.597917987656459,4,nr,4.631e-15
4.9750000000000005,13.547196338591123,4,nr,6.677e-12
4.9875000000000007,13.496208476628459,4,nr,1.562e-11
5.0000000000000009,13.444992775810572,4,nr,1.720e-13
5.0125000000000002,13.393584909698962,4,nr,5.988e-16
5.0250000000000004,13.342018031417195,4,nr,2.619e-15
5.0375000000000005,13.290322944636822,4,nr,2.636e-12
5.0500000000000007,13.238528264685369,4,nr,2.076e-15
5.0625000000000009,13.186660570033007,4,nr,7.033e-16
5.0750000000000002,13.13474454417654,4,nr,1.623e-15
5.0875000000000004,13.082803108321786,4,nr,9.890e-16
5.1000000000000005,13.030857545128653,4,nr,2.162e-11
5.1125000000000007,12.978927614122481,4,nr,6.792e-16
5.1250000000000009,12.927031658710931,4,nr,9.647e-16
5.1375000000000002,12.875186706101985,4,nr,1.963e-12
5.1500000000000004,12.823408559735901,4,nr,1.630e-15
5.1625000000000005,12.771711885229184,4,nr,1.652e-15
5.1750000000000007,12.720110290039063,4,nr,9.037e-13
5.1875000000000009,12.668616397362429,4,nr,4.719e-15
5.2000000000000002,12.617241914652809,4,nr,2.390e-15
5.2125000000000004,12.565997697126452,4,nr,3.251e-15
5.2250000000000005,12.514893806648622,4,nr,1.225e-15
5.2375000000000007,12.463939566324491,4,nr,3.641e-15
5.2500000000000009,12.413143611119859,4,nr,4.389e-15
5.2625000000000002,12.362513934808758,4,nr,5.550e-16
5.2750000000000004,12.312057933524931,4,nr,4.570e-15
5.2875000000000005,12.261782446174182,4,nr,7.214e-15
5.3000000000000007,12.211693791945788,4,nr,1.147e-15
5.3125000000000009,12.161797805143204,4,nr,2.153e-15
5.3250000000000002,12.112099867537891,4,nr,4.016e-15
5.3375000000000004,12.062604938434047,4,nr,6.930e-15
5.3500000000000005,12.013317582618003,4,nr,1.280e-15
5.3625000000000007,11.964241996352122,4,nr,2.241e-15
5.3750000000000009,11.915382031576474,4,nr,2.548e-11
5.3875000000000002,11.866741218344458,4,nr,1.071e-14
5.4000000000000004,11.818322785947037,4,nr,1.506e-15
5.4125000000000005,11.770129682294137,4,nr,3.718e-12
5.4250000000000007,11.722164592193595,4,nr,7.032e-15
5.4375000000000009,11.674429954341363,4,nr,7.546e-15
5.4500000000000002,11.626927977147753,4,nr,3.850e-15
5.4625000000000004,11.579660653542708,4,nr,8.871e-15
5.4750000000000005,11.53262977479157,4,nr,7.823e-15
5.4875000000000007,11.485836943407097,4,nr,3.003e-15
5.5000000000000009,11.439283585221132,4,nr,2.269e-15
5.5125000000000002,11.392970960675786,4,nr,9.334e-15
5.5250000000000004,11.346900175390013,4,nr,3.166e-15
5.5375000000000005,11.301072190052906,4,nr,1.449e-15
5.5500000000000007,11.255487829672171,4,nr,3.936e-11
5.5625000000000009,11.21014779235631,4,nr,7.139e-12
5.5750000000000002,11.165052657254819,4,nr,9.653e-13
5.5875000000000004,11.120202892422315,4,nr,1.376e-11
5.6000000000000005,11.075598861831146,4,nr,8.440e-12
5.6125000000000007,11.031240832216596,4,nr,1.154e-15
5.6250000000000009,10.987128979300886,4,nr,3.532e-15
5.6375000000000002,10.943263393807134,4,nr,4.921e-15
5.6500000000000004,10.899644087025237,4,nr,2.448e-15
5.6625000000000005,10.856270996076024,4,nr,9.589e-15
5.6750000000000007,10.813143988862956,4,nr,1.345e-14
5.6875000000000009,10.770262868745924,4,nr,2.522e-11
5.7000000000000002,10.727627378884133,4,nr,1.265e-14
5.7125000000000004,10.685237206490118,4,nr,2.099e-11
5.7250000000000005,10.643091986592751,4,nr,6.197e-15
5.7375000000000007,10.601191305860178,4,nr,7.753e-15
5.7500000000000009,10.559534705988241,4,nr,3.655e-15
5.7625000000000002,10.518121687032336,4,nr,8.774e-15
5.7750000000000004,10.476951710509212,4,nr,4.057e-15
5.7875000000000005,10.436024202338761,4,nr,5.680e-15
5.8000000000000007,10.39533855564312,4,nr,4.008e-11
5.8125000000000009,10.354894133323928,4,nr,4.027e-11
5.8250000000000002,10.314690270635607,4,nr,1.841e-15
5.8375000000000004,10.274726277554057,4,nr,1.466e-15
5.8500000000000005,10.235001440951493,4,nr,3.704e-15
5.8625000000000007,10.195515026768646,4,nr,6.190e-11
5.8750000000000009,10.156266282138821,4,nr,2.903e-15
5.8875000000000002,10.117254437098063,4,nr,1.922e-15
5.9000000000000004,10.078478706641706,4,nr,2.174e-15
5.9125000000000005,10.039938292358181,4,nr,1.866e-11
5.9250000000000007,10.001632384151913,4,nr,4.534e-15
5.9375000000000009,9.9635601617719232,4,nr,7.202e-16
5.9500000000000002,9.9257207963847787,4,nr,3.937e-11
5.9625000000000004,9.8881134520647187,4,nr,4.642e-15
5.9750000000000005,9.8507372870443355,4,nr,4.996e-11
5.9875000000000007,9.8135914552676695,4,nr,1.234e-14
6.0000000000000009,9.776675107439571,4,nr,1.083e-14
6.0125000000000002,9.7399873924391311,4,nr,2.679e-13
6.0250000000000004,9.7035274584236682,4,nr,7.472e-15
6.0375000000000005,9.6672944539887897,4,nr,9.761e-15
6.0500000000000007,9.6312875292654869,4,nr,2.626e-11
6.0625000000000009,9.595505837037889,4,nr,2.206e-11
6.0750000000000002,9.559948533656625,4,nr,1.235e-12
6.0875000000000004,9.5246147801893422,4,nr,3.929e-11
6.1000000000000005,9.4895037433309266,4,nr,3.467e-11
6.1125000000000007,9.454614596328808,4,nr,9.494e-12
6.1250000000000009,9.4199465199323491,4,nr,5.136e-14
6.1375000000000002,9.3854987033193922,4,nr,2.188e-12
6.1500000000000004,9.3512703449867445,4,nr,5.372e-11
6.1625000000000005,9.3172606535414424,4,nr,8.586e-15
6.1750000000000007,9.2834688487508625,4,nr,7.165e-11
6.1875000000000009,9.2498941621095234,4,nr,8.677e-13
6.2000000000000002,9.2165358379923816,4,nr,4.788e-15
6.2125000000000004,9.1833931342390436,4,nr,1.189e-15
6.2250000000000005,9.1504653230968991,4,nr,1.677e-15
6.2375000000000007,9.1177516920200539,4,nr,1.153e-14
6.2500000000000009,9.0852515444770852,4,nr,4.452e-11
6.2625000000000002,9.0529642008438103,4,nr,4.620e-15
6.2750000000000004,9.0208889990863987,4,nr,3.001e-15
6.2875000000000005,8.9890252957314658,4,nr,1.775e-15
6.3000000000000007,8.9573724666303018,4,nr,6.783e-15
6.3125000000000009,8.9259299078160037,4,nr,1.089e-14
6.3250000000000002,8.8946970363469386,4,nr,2.977e-11
6.3375000000000004,8.8636732912192358,4,nr,2.943e-15
6.3500000000000005,8.832858134150209,4,nr,2.744e-15
6.3625000000000007,8.8022510505682146,4,nr,1.292e-14
6.3750000000000009,8.771851550477276,4,nr,3.849e-15
6.3875000000000002,8.7416591693987353,4,nr,5.009e-15
6.4000000000000004,8.7116734693252322,4,nr,1.466e-15
6.4125000000000005,8.6818940396986743,4,nr,6.331e-15
6.4250000000000007,8.6523204984142801,4,nr,7.066e-15
6.4375000000000009,8.6229524928529351,4,nr,7.526e-15
6.4500000000000002,8.5937897009441571,4,nr,1.500e-15
6.4625000000000004,8.564831832256715,4,nr,1.550e-11
6.4750000000000005,8.5360786291555772,4,nr,5.796e-15
6.4875000000000007,8.5075298679189881,4,nr,1.160e-14
6.5000000000000009,8.4791853599992209,4,nr,3.482e-15
6.5125000000000002,8.4510449532486334,4,nr,3.572e-15
6.5250000000000004,8.4231085332222477,4,nr,2.824e-15
6.5375000000000005,8.395376024523534,4,nr,3.436e-15
6.5500000000000007,8.3678473922013765,4,nr,1.612e-14
6.5625000000000009,8.340522643201167,4,nr,1.238e-15
6.5750000000000002,8.3134018278732107,4,nr,8.572e-15
6.5875000000000004,8.2864850415413969,4,nr,5.056e-15
6.6000000000000005,8.2597724261240089,4,nr,3.247e-11
6.6125000000000007,8.2332641718914754,4,nr,5.710e-15
6.6250000000000009,8.2069605191196171,4,nr,4.322e-15
6.6375000000000002,8.1808617600504299,4,nr,3.548e-15
6.6500000000000004,8.1549682407552684,4,nr,6.877e-13
6.6625000000000005,8.1292803631512083,4,nr,5.778e-15
6.6750000000000007,8.1037985870873008,4,nr,8.934e-15
6.6875000000000009,8.078523432525369,4,nr,5.269e-15
6.7000000000000002,8.053455481810408,4,nr,9.888e-15
6.7125000000000004,8.0285953820400806,4,nr,7.416e-15
6.7250000000000005,8.0039438475356963,4,nr,9.567e-16
6.7375000000000007,7.9795016624191009,4,nr,4.371e-15
6.7500000000000009,7.9552696832996954,4,nr,8.114e-15
6.7625000000000002,7.9312488420757887,4,nr,5.995e-15
6.7750000000000004,7.9074401488543877,4,nr,1.153e-14
6.7875000000000005,7.8838446949935692,4,nr,6.461e-16
6.8000000000000007,7.8604636562711256,4,nr,2.381e-15
6.8125000000000009,7.8372982961835289,4,nr,7.180e-15
6.8250000000000002,7.8143499693783598,4,nr,6.311e-16
6.8375000000000004,7.7916201252234112,4,nr,5.098e-15
6.8500000000000005,7.7691103115152611,4,nr,1.774e-15
6.8625000000000007,7.7468221783292321,4,nr,4.749e-15
6.8750000000000009,7.7247574819994815,4,nr,2.766e-11
6.8875000000000002,7.7029180893199376,4,nr,1.331e-14
6.9000000000000004,7.6813059816952389,4,nr,4.026e-15
6.9125000000000005,7.6599232596898181,4,nr,2.697e-12
6.9250000000000007,7.6387721475302603,4,nr,1.186e-14
6.9375000000000009,7.6178549977995074,4,nr,1.799e-14
6.9500000000000002,7.5971742962720077,4,nr,9.489e-15
6.9625000000000004,7.5767326668478692,4,nr,6.782e-15
6.9750000000000005,7.5565328766018087,4,nr,7.281e-16
6.9875000000000007,7.536577840923159,4,nr,6.407e-15
7.0000000000000009,7.5168706287295812,4,nr,2.140e-15
7.0125000000000002,7.4974144677317609,4,nr,8.707e-15
7.0250000000000004,7.4782127497214113,4,nr,4.191e-15
7.0375000000000005,7.4592690358491129,4,nr,3.148e-15
7.0500000000000007,7.4405870618520948,4,nr,1.291e-15
7.0625000000000009,7.4221707431843251,4,nr,8.186e-15
7.0750000000000002,7.4040241799928808,4,nr,4.158e-15
7.0875000000000004,7.3861516618744893,4,nr,1.468e-15
7.1000000000000005,7.3685576723352497,4,nr,5.079e-16
7.1125000000000007,7.351246892863375,4,nr,6.454e-16
7.1250000000000009,7.334224206510858,4,nr,2.267e-15
7.1375000000000002,7.3174947008633628,4,nr,3.920e-15
7.1500000000000004,7.3010636702595946,4,nr,8.297e-16
7.1625000000000005,7.2849366171003975,4,nr,6.710e-13
7.1750000000000007,7.2691192520688235,4,nr,5.395e-16
7.1875000000000009,7.2536174930436061,4,nr,2.464e-15
7.2000000000000002,7.2384374624876511,4,nr,1.841e-15
7.2125000000000004,7.223585483028427,4,nr,1.492e-15
7.2250000000000005,7.2090680709409334,4,nr,3.458e-15
7.2375000000000007,7.1948919271930407,4,nr,1.203e-12
7.2500000000000009,7.1810639256862459,4,nr,1.995e-15
7.2625000000000002,7.1675910982551123,4,nr,1.723e-15
7.2750000000000004,7.1544806159859666,4,nr,1.795e-11
7.2875000000000005,7.1417397664302911,4,nr,1.676e-15
7.3000000000000007,7.1293759258287253,4,nr,2.039e-11
7.3125000000000009,7.1173965264495811,4,nr,2.271e-15
7.3250000000000002,7.1058090174424065,4,nr,2.642e-15
7.3375000000000004,7.0946208195509755,4,nr,6.130e-12
7.3500000000000005,7.083839272262189,4,nr,1.216e-11
7.3625000000000007,7.0734715728868416,4,nr,1.681e-12
7.3750000000000009,7.0635247072143308,4,nr,7.168e-12
7.3875000000000002,7.0540053703697012,4,nr,1.964e-11
7.4000000000000004,7.0449198780751674,4,nr,1.682e-13
7.4125000000000005,7.0362740667674482,4,nr,1.980e-15
7.4250000000000007,7.0280731832666117,4,nr,1.208e-11
7.4375000000000009,7.0203217626901582,4,nr,1.014e-15
7.4500000000000002,7.013023495429616,4,nr,1.739e-11
7.4625000000000004,7.006181082612156,4,nr,3.950e-16
7.4750000000000005,6.9997960816837637,4,nr,4.009e-13
7.4875000000000007,6.9938687420743957,4,nr,6.576e-12
7.5000000000000009,6.988397833461673,4,nr,8.204e-12
7.5125000000000002,6.9833804682251648,4,nr,6.555e-12
7.5250000000000004,6.9788119212112063,4,nr,3.449e-12
7.5375000000000005,6.974685450283828,4,nr,2.687e-13
7.5500000000000007,6.9709921219806334,4,nr,1.588e-15
7.5625000000000009,6.967720647342202,4,nr,2.078e-12
7.5750000000000002,6.9648572336467787,4,nr,1.414e-14
7.5875000000000004,6.9623854583551195,4,nr,9.474e-16
7.6000000000000005,6.9602861721197335,4,nr,1.747e-16
7.6125000000000007,6.9585374376888218,4,nr,6.721e-13
7.6250000000000009,6.9571145115856146,4,nr,9.250e-16
7.6375000000000002,6.955989874893123,4,nr,5.450e-16
7.6500000000000004,6.9551333185365305,4,nr,6.003e-12
7.6625000000000005,6.9545120870946393,4,nr,2.268e-13
7.6750000000000007,6.9540910836134762,4,nr,6.355e-13
7.6875000000000009,6.9538331351556648,4,nr,8.584e-13
7.7000000000000002,6.953699317073248,4,nr,8.820e-13
7.7125000000000004,6.9536493307454244,4,nr,7.760e-13
7.7250000000000005,6.9536419271763501,4,nr,5.958e-13
7.7375000000000007,6.9536353663009232,4,nr,3.876e-13
7.7500000000000009,6.9535878997813718,4,nr,1.647e-13
7.7625000000000002,6.9534582635633271,4,nr,1.060e-12
7.7750000000000004,6.9532061656827544,4,nr,8.658e-12
7.7875000000000005,6.9527927546196224,4,nr,1.068e-15
7.8000000000000007,6.9521810548306773,4,nr,1.265e-12
7.8125000000000009,6.9513363566431607,4,nr,1.020e-12
7.8250000000000002,6.9502265510282646,4,nr,5.880e-14
7.8375000000000004,6.9488224015624445,4,nr,6.286e-16
7.8500000000000005,6.9470977491736168,4,nr,2.256e-12
7.8625000000000007,6.9450296481214888,4,nr,1.102e-16
7.8750000000000009,6.9425984343865821,4,nr,4.674e-16
7.8875000000000002,6.9397877302955493,4,nr,5.046e-12
7.9000000000000004,6.9365843909029836,4,nr,1.355e-12
7.9125000000000005,6.9329783995942211,4,nr,2.069e-16
7.9250000000000007,6.9289627207198334,4,nr,2.791e-16
7.9375000000000009,6.9245331182168171,4,nr,1.648e-16
7.9500000000000002,6.9196879485577965,4,nr,7.866e-16
7.9625000000000004,6.9144279363130163,4,nr,3.380e-16
7.9750000000000005,6.9087559398036902,4,nr,2.055e-15
7.9875000000000007,6.9026767134702318,4,nr,7.935e-16
8,6.8961966725947219,4,nr,6.278e-12
8.0124999999999993,6.8893236649271392,4,nr,2.804e-15
8.0250000000000004,6.88206675300186,4,nr,1.862e-11
8.0374999999999996,6.8744360093763204,4,nr,9.437e-16
8.0499999999999989,6.8664423273674196,4,nr,2.060e-11
8.0625,6.8580972472754427,4,nr,9.170e-16
8.0749999999999993,6.8494127998697971,4,nr,6.019e-16
8.0875000000000004,6.8404013658416591,4,nr,4.620e-12
8.0999999999999996,6.8310755517058279,4,nr,2.231e-11
8.1124999999999989,6.821448081189331,4,nr,2.994e-12
8.125,6.8115317007463414,4,nr,5.794e-16
8.1374999999999993,6.801339099002262,4,nr,1.646e-15
8.1500000000000004,6.7908828382197539,4,nr,1.946e-11
8.1624999999999996,6.7801752971531135,4,nr,2.327e-12
8.1749999999999989,6.7692286236817445,4,nr,1.594e-15
8.1875,6.7580546967578243,4,nr,6.836e-16
8.1999999999999993,6.7466650959586172,4,nr,1.134e-15
8.2125000000000004,6.7350710780899998,4,nr,6.458e-13
8.2249999999999996,6.7232835597725176,4,nr,5.178e-16
8.2374999999999989,6.7113131052250825,4,nr,4.788e-15
8.25,6.6991699184805524,4,nr,1.994e-16
8.2624999999999993,6.6868638393805968,4,nr,3.366e-16
8.2750000000000004,6.6744043427440074,4,nr,2.591e-15
8.2874999999999996,6.6618005401853519,4,nr,3.246e-15
8.2999999999999989,6.649061184121269,4,nr,8.391e-16
8.3125,6.6361946735609196,4,nr,2.124e-15
8.3249999999999993,6.623209061330507,4,nr,1.648e-15
8.3375000000000004,6.6101120624318437,4,nr,4.082e-12
8.3499999999999996,6.5969110632592924,4,nr,7.044e-15
8.3624999999999989,6.5836131315027862,4,nr,1.188e-15
8.375,6.5702250264774369,4,nr,1.985e-11
8.3874999999999993,6.5567532097293491,4,nr,1.276e-14
8.4000000000000004,6.5432038559576169,4,nr,2.841e-15
8.4124999999999996,6.5295828637879172,4,nr,2.096e-15
8.4249999999999989,6.5158958666747431,4,nr,4.472e-15
8.4375,6.5021482436352018,4,nr,1.847e-14
8.4499999999999993,6.4883451298284296,4,nr,5.687e-15
8.4625000000000004,6.4744914269217482,4,nr,2.185e-15
8.4749999999999996,6.4605918132063351,4,nr,5.476e-15
8.4874999999999989,6.4466507534332322,4,nr,1.940e-14
8.5,6.4326725083487748,4,nr,1.850e-14
8.5124999999999993,6.4186611439140497,4,nr,1.354e-14
8.5250000000000004,6.4046205401990708,4,nr,7.471e-15
8.5374999999999996,6.3905543999457839,4,nr,3.770e-15
8.5499999999999989,6.3764662567983539,4,nr,1.954e-14
8.5625,6.3623594832018577,4,nr,3.846e-14
8.5749999999999993,6.3482372979727844,4,nr,2.146e-14
8.5875000000000004,6.3341027735467144,4,nr,2.395e-15
8.5999999999999996,6.3199588429324498,4,nr,6.020e-11
8.6124999999999989,6.3058083062265293,4,nr,6.220e-15
8.625,6.2916538371583597,4,nr,2.353e-14
8.6374999999999993,6.2774979889075375,4,nr,4.322e-14
8.6500000000000004,6.2633431999713274,4,nr,1.439e-14
8.6624999999999996,6.2491917996319399,4,nr,1.022e-15
8.6749999999999989,6.2350460131889767,4,nr,3.076e-12
8.6875,6.2209079669381655,4,nr,1.226e-14
8.6999999999999993,6.2067796929285306,4,nr,3.019e-14
8.7125000000000004,6.1926631334727693,4,nr,4.692e-14
8.7249999999999996,6.1785601454563333,4,nr,7.407e-15
8.7374999999999989,6.1644725044344169,4,nr,2.033e-15
8.75,6.1504019085328752,4,nr,1.949e-16
8.7624999999999993,6.1363499821620895,4,nr,3.029e-14
8.7750000000000004,6.1223182795525402,4,nr,4.847e-14
8.7874999999999996,6.1083082881209227,4,nr,2.222e-14
8.7999999999999989,6.0943214316750653,4,nr,1.347e-15
8.8125,6.0803590734661359,4,nr,3.059e-15
8.8249999999999993,6.0664225190952923,4,nr,2.158e-14
8.8375000000000004,6.0525130192826824,4,nr,4.343e-14
8.8499999999999996,6.0386317725054699,4,nr,8.812e-15
8.8624999999999989,6.0247799275120775,4,nr,2.304e-15
8.875,6.0109585857185852,4,nr,3.395e-15
8.8874999999999993,5.9971688034937785,4,nr,5.023e-14
8.9000000000000004,5.9834115943385875,4,nr,1.339e-14
8.9124999999999996,5.9696879309652813,4,nr,3.962e-15
8.9249999999999989,5.955998747282127,4,nr,1.623e-14
8.9375,5.9423449402880166,4,nr,3.553e-14
8.9499999999999993,5.9287273718822551,4,nr,2.902e-15
8.9625000000000004,5.9151468706036967,4,nr,4.037e-11
8.9749999999999996,5.9016042332339849,4,nr,1.403e-14
8.9874999999999989,5.8881002264783202,4,nr,1.120e-14
9,5.8746355883783545,4,nr,7.815e-15
9.0124999999999993,5.8612110298104172,4,nr,1.584e-14
9.0250000000000004,5.8478272358627104,4,nr,2.041e-14
9.0374999999999996,5.8344848671647949,4,nr,2.161e-16
9.0499999999999989,5.8211845611626281,4,nr,2.709e-16
9.0625,5.8079269333419301,4,nr,1.236e-14
9.0749999999999993,5.7947125784029341,4,nr,4.085e-15
9.0875000000000004,5.7815420713891372,4,nr,7.234e-15
9.0999999999999996,5.7684159687726337,4,nr,6.375e-15
9.1124999999999989,5.7553348094813606,4,nr,7.560e-11
9.125,5.7422991159903995,4,nr,3.462e-15
9.1374999999999993,5.729309395120274,4,nr,3.661e-15
9.1500000000000004,5.7163661391430223,4,nr,8.824e-16
9.1624999999999996,5.7034698265994939,4,nr,5.551e-15
9.1749999999999989,5.6906209231888614,4,nr,3.070e-15
9.1875,5.6778198826125683,4,nr,5.346e-15
9.1999999999999993,5.6650671473923353,4,nr,3.894e-12
9.2125000000000004,5.6523631496580062,4,nr,4.664e-15
9.2249999999999996,5.6397083119246902,4,nr,3.057e-16
9.2374999999999989,5.6271030478309214,4,nr,6.300e-15
9.25,5.6145477628691625,4,nr,7.154e-15
9.2624999999999993,5.6020428550921508,4,nr,2.465e-15
9.2750000000000004,5.5895887158065412,4,nr,1.938e-11
9.2874999999999996,5.5771857302252812,4,nr,8.649e-15
9.2999999999999989,5.5648342781640867,4,nr,1.455e-11
9.3125,5.5525347346428315,4,nr,7.835e-11
9.3249999999999993,5.5402874705894973,4,nr,3.348e-12
9.3375000000000004,5.5280928533206168,4,nr,1.301e-11
9.3499999999999996,5.5159512472880374,4,nr,9.807e-11
9.3624999999999989,5.5038630147049021,4,nr,1.079e-10
9.375,5.4918285158551985,4,nr,5.166e-15
9.3874999999999993,5.4798481101006891,4,nr,6.515e-12
9.4000000000000004,5.4679221561352076,4,nr,1.154e-15
9.4124999999999996,5.4560510126784916,4,nr,6.474e-15
9.4249999999999989,5.4442350390348917,4,nr,0.000e+00
9.4375,5.4324745956507279,4,nr,2.592e-15
9.4499999999999993,5.4207700446771927,4,nr,2.686e-15
9.4625000000000004,5.409121750530101,4,nr,1.078e-15
9.4749999999999996,5.3975300804487052,4,nr,1.800e-14
9.4874999999999989,5.3859954050543886,4,nr,6.615e-15
9.5,5.3745180989101904,4,nr,2.394e-15
9.5124999999999993,5.3630985410818495,4,nr,9.941e-15
9.5250000000000004,5.3517371157012885,4,nr,3.618e-15
9.5374999999999996,5.3404342125333599,4,nr,2.324e-15
9.5499999999999989,5.3291902275465475,4,nr,9.250e-15
9.5625,5.3180055634885717,4,nr,1.380e-14
9.5749999999999993,5.3068806304675498,4,nr,1.325e-14
9.5875000000000004,5.295815846539635,4,nr,5.416e-15
9.5999999999999996,5.2848116382885388,4,nr,6.936e-11
9.6125000000000007,5.2738684415043497,4,nr,7.970e-15
9.625,5.2629867016428546,4,nr,1.965e-14
9.6374999999999993,5.2521668745985828,4,nr,1.670e-14
9.6500000000000004,5.2414094272599536,4,nr,1.451e-14
9.6624999999999996,5.2307148381665458,4,nr,4.944e-15
9.6750000000000007,5.2200835981629767,4,nr,5.245e-15
9.6875,5.2095162110651572,4,nr,7.442e-15
9.6999999999999993,5.1990131943396465,4,nr,7.677e-15
9.7125000000000004,5.1885750797968822,4,nr,1.886e-14
9.7249999999999996,5.1782024142988394,4,nr,3.125e-14
9.7375000000000007,5.1678957604818585,4,nr,5.689e-14
9.75,5.1576556974952092,4,nr,6.921e-14
9.7624999999999993,5.1474828217559674,4,nr,5.624e-14
9.7750000000000004,5.1373777477209233,4,nr,5.952e-14
9.7874999999999996,5.1273411086755933,4,nr,6.644e-14
9.8000000000000007,5.1173735575413595,4,nr,6.820e-14
9.8125,5.1074757677007128,4,nr,7.428e-14
9.8249999999999993,5.0976484338411279,4,nr,7.868e-14
9.8375000000000004,5.087892272817542,4,nr,7.287e-14
9.8499999999999996,5.0782080245342049,4,nr,6.413e-14
9.8625000000000007,5.0685964528451173,4,nr,4.522e-14
9.875,5.0590583464736438,4,nr,2.007e-14
9.8874999999999993,5.0495945199507615,4,nr,4.305e-15
9.9000000000000004,5.0402058145716859,4,nr,8.755e-16
9.9124999999999996,5.0308930993702887,4,nr,6.672e-15
9.9250000000000007,5.0216572721105592,4,nr,3.748e-14
9.9375,5.0124992602942005,4,nr,9.809e-14
9.9499999999999993,5.0034200221827589,4,nr,5.837e-14
9.9625000000000004,4.9944205478335073,4,nr,6.223e-15
9.9749999999999996,4.985501860146285,4,nr,2.435e-15
9.9875000000000007,4.976665015919612,4,nr,2.661e-14
10,4.9679111069133999,4,nr,8.851e-14
4.8000000000000007,-9.943789091180296,5,nr,1.239e-16
4.8125000000000009,-9.1270195399239515,5,nr,8.071e-17
4.8250000000000002,-8.400928999579083,5,nr,4.138e-13
4.8375000000000004,-7.7525857062313115,5,nr,3.529e-16
4.8500000000000005,-7.1712839732060329,5,nr,1.983e-16
4.8625000000000007,-6.6480996992464787,5,nr,7.618e-16
4.8750000000000009,-6.1755460793620429,5,nr,4.189e-13
4.8875000000000002,-5.7473045094648647,5,nr,5.838e-17
4.9000000000000004,-5.3580124857771914,5,nr,1.978e-15
4.9125000000000005,-5.0030951085648363,5,nr,2.479e-15
4.9250000000000007,-4.6786302386209861,5,nr,2.487e-15
4.9375000000000009,-4.3812398383615836,5,nr,1.687e-16
4.9500000000000002,-4.1080018437319472,5,nr,6.055e-15
4.9625000000000004,-3.8563782502493722,5,nr,5.295e-17
4.9750000000000005,-3.6241560913582025,5,nr,3.200e-15
4.9875000000000007,-3.4093987337462286,5,nr,2.422e-15
5.0000000000000009,-3.2104054788715359,5,nr,1.360e-12
5.0125000000000002,-3.0256778904969095,5,nr,9.204e-17
5.0250000000000004,-2.8538915978076993,5,nr,1.207e-14
5.0375000000000005,-2.6938725803126964,5,nr,1.570e-14
5.0500000000000007,-2.544577137893699,5,nr,4.012e-15
5.0625000000000009,-2.4050749061547085,5,nr,1.454e-13
5.0750000000000002,-2.2745343990838922,5,nr,6.885e-15
5.0875000000000004,-2.1522106582588894,5,nr,1.804e-16
5.1000000000000005,-2.0374346649345485,5,nr,1.526e-16
5.1125000000000007,-1.9296042332611798,5,nr,8.940e-15
5.1250000000000009,-1.8281761524708509,5,nr,1.100e-13
5.1375000000000002,-1.7326593860633688,5,nr,1.529e-13
5.1500000000000004,-1.6426091685685338,5,nr,1.841e-13
5.1625000000000005,-1.557621867031036,5,nr,2.196e-13
5.1750000000000007,-1.4773304960693254,5,nr,3.153e-16
5.1875000000000009,-1.4014007932059109,5,nr,5.253e-17
5.2000000000000002,-1.3295277759175355,5,nr,4.314e-14
5.2125000000000004,-1.261432713981631,5,nr,6.406e-17
5.2250000000000005,-1.1968604608643427,5,nr,7.498e-17
5.2375000000000007,-1.1355770963107956,5,nr,1.817e-16
5.2500000000000009,-1.0773678393442925,5,nr,1.172e-16
5.2625000000000002,-1.0220351968097454,5,nr,1.880e-16
5.2750000000000004,-0.96939731756659797,5,nr,1.741e-13
5.2875000000000005,-0.91928652664394817,5,nr,2.703e-13
5.3000000000000007,-0.87154801721278241,5,nr,1.799e-16
5.3125000000000009,-0.82603868125798274,5,nr,2.128e-16
5.3250000000000002,-0.78262606240264121,5,nr,1.758e-12
5.3375000000000004,-0.74118741654128961,5,nr,4.128e-16
5.3500000000000005,-0.70160886767606223,5,nr,1.038e-16
5.3625000000000007,-0.66378464827776251,5,nr,1.473e-12
5.3750000000000009,-0.62761641446785343,5,nr,3.116e-12
5.3875000000000002,-0.593012627792879,5,nr,3.300e-12
5.4000000000000004,-0.55988799628407826,5,nr,3.176e-14
5.4125000000000005,-0.52816296835704291,5,nr,4.083e-12
5.4250000000000007,-0.49776327407352977,5,nr,5.285e-12
5.4375000000000009,-0.46861950848722728,5,nr,3.944e-12
5.4500000000000002,-0.44066675298053998,5,nr,1.376e-16
5.4625000000000004,-0.41384423053380015,5,nr,4.050e-12
5.4750000000000005,-0.38809499163291566,5,nr,8.114e-12
5.4875000000000007,-0.36336562754632179,5,nr,8.022e-12
5.5000000000000009,-0.33960600843859756,5,nr,9.900e-13
5.5125000000000002,-0.31676904380864018,5,nr,5.964e-16
5.5250000000000004,-0.29481046322439292,5,nr,3.203e-13
5.5375000000000005,-0.273688615207482,5,nr,1.020e-11
5.5500000000000007,-0.2533642828515385,5,nr,1.440e-11
5.5625000000000009,-0.23380051402666527,5,nr,1.153e-11
5.5750000000000002,-0.21496246605182762,5,nr,2.174e-14
5.5875000000000004,-0.19681726171931838,5,nr,1.659e-16
5.6000000000000005,-0.17933385744504987,5,nr,6.582e-12
5.6125000000000007,-0.16248292130525421,5,nr,5.067e-17
5.6250000000000009,-0.14623672043881328,5,nr,5.512e-17
5.6375000000000002,-0.13056901718304109,5,nr,4.906e-17
5.6500000000000004,-0.11545497288526271,5,nr,1.205e-16
5.6625000000000005,-0.10087105892819503,5,nr,7.810e-17
5.6750000000000007,-0.086794974298273042,5,nr,9.295e-17
5.6875000000000009,-0.07320556916035123,5,nr,6.749e-16
5.7000000000000002,-0.060082773941106241,5,nr,1.834e-12
5.7125000000000004,-0.047407533485503091,5,nr,8.672e-16
5.7250000000000005,-0.035161745833984556,5,nr,6.068e-17
5.7375000000000007,-0.023328205320109534,5,nr,7.124e-16
5.7500000000000009,-0.011890549577566561,5,nr,6.777e-16
5.7750000000000004,0.0098586333086307099,5,nr,4.388e-16
5.7875000000000005,0.020199096354798017,5,nr,3.661e-12
5.8000000000000007,0.030201629392212017,5,nr,4.147e-12
5.8125000000000009,0.039879055305249399,5,nr,1.031e-16
5.8250000000000002,0.049243604394448678,5,nr,1.151e-16
5.8375000000000004,0.058306947067980577,5,nr,1.305e-15
5.8500000000000005,0.067080224471780941,5,nr,3.514e-15
5.8625000000000007,0.075574077142954638,5,nr,2.012e-11
5.8750000000000009,0.083798671953883089,5,nr,5.374e-16
5.8875000000000002,0.091763727155798711,5,nr,4.408e-15
5.9000000000000004,0.099478536167830978,5,nr,1.030e-16
5.9125000000000005,0.10695198969308457,5,nr,5.952e-15
5.9250000000000007,0.11419259657904109,5,nr,3.804e-16
5.9375000000000009,0.12120850340935602,5,nr,3.502e-15
5.9500000000000002,0.12800751292801404,5,nr,6.221e-15
5.9625000000000004,0.13459710137471917,5,nr,8.770e-17
5.9750000000000005,0.14098443480489228,5,nr,3.383e-15
5.9875000000000007,0.14717638446169054,5,nr,1.438e-14
6.0000000000000009,0.15317954126285516,5,nr,7.660e-15
6.0125000000000002,0.15900022946015077,5,nr,1.182e-15
6.0250000000000004,0.1646445195254693,5,nr,0.000e+00
6.0375000000000005,0.17011824031729925,5,nr,8.340e-12
6.0500000000000007,0.17542699054437833,5,nr,6.169e-16
6.0625000000000009,0.18057614965851534,5,nr,1.908e-15
6.0750000000000002,0.18557088806789909,5,nr,2.140e-15
6.0875000000000004,0.19041617685660589,5,nr,1.134e-15
6.1000000000000005,0.19511679696109005,5,nr,1.217e-11
6.1125000000000007,0.19967734782731761,5,nr,8.267e-18
6.1250000000000009,0.20410225568880261,5,nr,2.204e-15
6.1375000000000002,0.20839578130240888,5,nr,1.786e-14
6.1500000000000004,0.2125620273589163,5,nr,5.903e-14
6.1625000000000005,0.21660494547791681,5,nr,4.521e-14
6.1750000000000007,0.22052834284827427,5,nr,4.011e-15
6.1875000000000009,0.22433588852885897,5,nr,1.471e-15
6.2000000000000002,0.22803111943059345,5,nr,5.170e-14
6.2125000000000004,0.23161744599710116,5,nr,6.709e-14
6.2250000000000005,0.23509815760865876,5,nr,1.815e-11
6.2375000000000007,0.23847642767948027,5,nr,3.270e-14
6.2500000000000009,0.2417553185994501,5,nr,9.983e-14
6.2625000000000002,0.24493778630937471,5,nr,1.100e-16
6.2750000000000004,0.24802668474692444,5,nr,8.980e-14
6.2875000000000005,0.25102477004228058,5,nr,4.703e-14
6.3000000000000007,0.25393470451936068,5,nr,1.528e-14
6.3125000000000009,0.25675906050654512,5,nr,1.523e-13
6.3250000000000002,0.25950032396890516,5,nr,1.757e-15
6.3375000000000004,0.26216089796929887,5,nr,2.248e-13
6.3500000000000005,0.2647431059701727,5,nr,1.149e-16
6.3625000000000007,0.26724919498130312,5,nr,2.697e-13
6.3750000000000009,0.26968133856534571,5,nr,2.622e-16
6.3875000000000002,0.27204163970447404,5,nr,2.893e-13
6.4000000000000004,0.27433213353980812,5,nr,5.557e-15
6.4125000000000005,0.27655478998555511,5,nr,2.297e-13
6.4250000000000007,0.27871151622897661,5,nr,6.328e-14
6.4375000000000009,0.28080415911748224,5,nr,6.454e-14
6.4500000000000002,0.28283450744279665,5,nr,3.282e-13
6.4625000000000004,0.28480429412340386,5,nr,7.361e-16
6.4750000000000005,0.28671519829427999,5,nr,3.730e-13
6.4875000000000007,0.28856884730518112,5,nr,1.229e-13
6.5000000000000009,0.29036681863318969,5,nr,1.249e-14
6.5125000000000002,0.29211064171545376,5,nr,5.715e-13
6.5250000000000004,0.29380179970348214,5,nr,8.218e-14
6.5375000000000005,0.29544173114279837,5,nr,2.182e-14
6.5500000000000007,0.29703183158488794,5,nr,6.497e-13
6.5625000000000009,0.29857345513099998,5,nr,1.703e-13
6.5750000000000002,0.30006791592014126,5,nr,4.407e-11
6.5875000000000004,0.30151648950613941,5,nr,4.982e-13
6.6000000000000005,0.30292041430811117,5,nr,5.805e-13
6.6125000000000007,0.30428089282769605,5,nr,2.048e-14
6.6250000000000009,0.30559909295022308,5,nr,6.806e-14
6.6375000000000002,0.30687614913893119,5,nr,8.218e-13
6.6500000000000004,0.30811316359339147,5,nr,5.352e-13
6.6625000000000005,0.30931120735909295,5,nr,2.040e-14
6.6750000000000007,0.31047132139796063,5,nr,4.159e-14
6.6875000000000009,0.31159451761322043,5,nr,7.476e-13
6.7000000000000002,0.31268177983779183,5,nr,1.023e-12
6.7125000000000004,0.31373406478135463,5,nr,1.923e-13
6.7250000000000005,0.31475230294625672,5,nr,3.584e-16
6.7375000000000007,0.31573739950395247,5,nr,1.555e-13
6.7500000000000009,0.31669023514116956,5,nr,9.448e-13
6.7625000000000002,0.31761166687454445,5,nr,1.244e-12
6.7750000000000004,0.31850252883215896,5,nr,3.749e-13
6.7875000000000005,0.31936363301149867,5,nr,2.107e-14
6.8000000000000007,0.32019577000458255,5,nr,4.108e-15
6.8125000000000009,0.32099970969932612,5,nr,3.609e-13
6.8250000000000002,0.3217762019552351,5,nr,1.128e-12
6.8375000000000004,0.32252597725518883,5,nr,1.459e-12
6.8500000000000005,0.32324974733146938,5,nr,6.465e-13
6.8625000000000007,0.32394820577475564,5,nr,1.328e-13
6.8750000000000009,0.32462202861671346,5,nr,3.882e-15
6.8875000000000002,0.32527187489476056,5,nr,1.102e-14
6.9000000000000004,0.3258983871968672,5,nr,2.844e-13
6.9125000000000005,0.32650219218767018,5,nr,8.615e-13
6.9250000000000007,0.32708390111661151,5,nr,1.390e-12
6.9375000000000009,0.32764411030919938,5,nr,1.310e-12
6.9500000000000002,0.32818340163983567,5,nr,7.029e-13
6.9625000000000004,0.3287023429931008,5,nr,2.601e-13
6.9750000000000005,0.3292014887055163,5,nr,5.031e-14
6.9875000000000007,0.32968137999499647,5,nr,1.064e-15
7.0000000000000009,0.33014254537595228,5,nr,1.399e-15
7.0125000000000002,0.33058550106102957,5,nr,7.639e-14
7.0250000000000004,0.33101075135003649,5,nr,2.976e-13
7.0375000000000005,0.33141878900658678,5,nr,6.023e-13
7.0500000000000007,0.33181009562293051,5,nr,8.871e-13
7.0625000000000009,0.33218514197348314,5,nr,1.076e-12
7.0750000000000002,0.33254438835775696,5,nr,9.920e-13
7.0875000000000004,0.33288828493161265,5,nr,7.028e-13
7.1000000000000005,0.33321727203116724,5,nr,4.430e-13
7.1125000000000007,0.33353178048442295,5,nr,2.439e-13
7.1250000000000009,0.33383223191508332,5,nr,1.145e-13
7.1375000000000002,0.33411903903728751,5,nr,4.331e-14
7.1500000000000004,0.33439260594190023,5,nr,9.522e-15
7.1625000000000005,0.33465332837470219,5,nr,9.651e-16
7.1750000000000007,0.33490159400681724,5,nr,9.693e-16
7.1875000000000009,0.33513778268634276,5,nr,1.061e-10
7.2000000000000002,0.33536226675097891,5,nr,5.775e-15
7.2125000000000004,0.3355754111635037,5,nr,1.668e-14
7.2250000000000005,0.33577757386780127,5,nr,3.242e-14
7.2375000000000007,0.3359691059683052,5,nr,4.819e-14
7.2500000000000009,0.33615035197157361,5,nr,6.159e-14
7.2625000000000002,0.33632165001077519,5,nr,7.124e-14
7.2750000000000004,0.33648333206469089,5,nr,7.345e-14
7.2875000000000005,0.33663572417147336,5,nr,6.955e-14
7.3000000000000007,0.33677914663740033,5,nr,6.228e-14
7.3125000000000009,0.33691391424085071,5,nr,5.326e-14
7.3250000000000002,0.33704033643172054,5,nr,4.486e-14
7.3375000000000004,0.33715871752649645,5,nr,3.377e-14
7.3500000000000005,0.33726935689919207,5,nr,2.414e-14
7.3625000000000007,0.33737254916835074,5,nr,1.655e-14
7.3750000000000009,0.33746858438031019,5,nr,8.809e-15
7.3875000000000002,0.33755774821268925,5,nr,2.480e-10
7.4000000000000004,0.33764032203188943,5,nr,9.372e-17
7.4125000000000005,0.33771658330397769,5,nr,1.879e-16
7.4250000000000007,0.33778680552714879,5,nr,2.072e-15
7.4375000000000009,0.33785125851791792,5,nr,6.608e-16
7.4500000000000002,0.33791020855202425,5,nr,5.677e-16
7.4625000000000004,0.33796391852660729,5,nr,1.138e-15
7.4750000000000005,0.33801264812004489,5,nr,5.178e-15
7.4875000000000007,0.33805665394960904,5,nr,1.461e-14
7.5000000000000009,0.33809618972709676,5,nr,2.134e-14
7.5125000000000002,0.33813150641258682,5,nr,3.810e-14
7.5250000000000004,0.33816285236646698,5,nr,5.783e-14
7.5375000000000005,0.33819047349988346,5,nr,8.447e-14
7.5500000000000007,0.3382146134237532,5,nr,1.191e-13
7.5625000000000009,0.33823551359647785,5,nr,1.629e-13
7.5750000000000002,0.33825341347050236,5,nr,2.155e-13
7.5875000000000004,0.33826855063785238,5,nr,2.815e-13
7.6000000000000005,0.33828116097478383,5,nr,3.589e-13
7.6125000000000007,0.33829147878568067,5,nr,4.509e-13
7.6250000000000009,0.33829973694632776,5,nr,5.591e-13
7.6375000000000002,0.33830616704668942,5,nr,6.848e-13
7.6500000000000004,0.33831099953332022,5,nr,8.252e-13
7.6625000000000005,0.3383144638515333,5,nr,9.899e-13
7.6750000000000007,0.33831678858744668,5,nr,1.174e-12
7.6875000000000009,0.33831820161003412,5,nr,1.383e-12
7.7000000000000002,0.33831893021329179,5,nr,1.612e-12
7.7125000000000004,0.33831920125864728,5,nr,1.869e-12
7.7250000000000005,0.33831924131771629,5,nr,2.152e-12
7.7375000000000007,0.33831927681552698,5,nr,2.457e-12
7.7500000000000009,0.33831953417431804,5,nr,2.791e-12
7.7625000000000002,0.33832023995801802,5,nr,3.145e-12
7.7750000000000004,0.33832162101751262,5,nr,3.525e-12
7.7875000000000005,0.33832390463679679,5,nr,3.924e-12
7.8000000000000007,0.33832731868011318,5,nr,4.339e-12
7.8125000000000009,0.33833209174016682,5,nr,4.772e-12
7.8250000000000002,0.33833845328750556,5,nr,5.214e-12
7.8375000000000004,0.33834663382115071,5,nr,5.663e-12
7.8500000000000005,0.33835686502055401,5,nr,6.108e-12
7.8625000000000007,0.33836937989895333,5,nr,6.547e-12
7.8750000000000009,0.33838441295819022,5,nr,6.972e-12
7.8875000000000002,0.33840220034504659,5,nr,7.370e-12
7.9000000000000004,0.33842298000914689,5,nr,7.734e-12
7.9125000000000005,0.33844699186246197,5,nr,8.053e-12
7.9250000000000007,0.33847447794044166,5,nr,8.315e-12
7.9375000000000009,0.33850568256478897,5,nr,8.511e-12
7.9500000000000002,0.33854085250787308,5,nr,8.626e-12
7.9625000000000004,0.33858023715876656,5,nr,8.647e-12
7.9750000000000005,0.33862408869087141,5,nr,8.567e-12
7.9875000000000007,0.33867266223107928,5,nr,8.372e-12
8,0.33872621603039266,5,nr,8.056e-12
8.0124999999999993,0.33878501163590402,5,nr,7.617e-12
8.0250000000000004,0.33884931406400876,5,nr,7.050e-12
8.0374999999999996,0.33891939197469673,5,nr,6.367e-12
8.0499999999999989,0.33899551784672866,5,nr,5.580e-12
8.0625,0.33907796815347879,5,nr,4.711e-12
8.0749999999999993,0.33916702353917311,5,nr,3.796e-12
8.0875000000000004,0.33926296899521624,5,nr,2.873e-12
8.0999999999999996,0.33936609403624918,5,nr,2.000e-12
8.1124999999999989,0.33947669287552473,5,nr,1.231e-12
8.125,0.33959506459913263,5,nr,6.242e-13
8.1374999999999993,0.33972151333853812,5,nr,2.218e-13
8.1500000000000004,0.33985634844083024,5,nr,3.163e-14
8.1624999999999996,0.3399998846359979,5,nr,1.044e-15
8.1749999999999989,0.34015244220047164,5,nr,1.583e-15
8.1875,0.34031434711608655,5,nr,2.888e-14
8.1999999999999993,0.34048593122347437,5,nr,1.501e-13
8.2125000000000004,0.34066753236884656,5,nr,4.919e-13
8.2249999999999996,0.34085949454298958,5,nr,1.206e-12
8.2374999999999989,0.34106216801115841,5,nr,2.494e-12
8.25,0.34127590943243341,5,nr,4.539e-12
8.2624999999999993,0.34150108196694468,5,nr,7.478e-12
8.2750000000000004,0.34173805536922219,5,nr,1.136e-11
8.2874999999999996,0.34198720606575822,5,nr,1.606e-11
8.2999999999999989,0.34224891721468803,5,nr,2.124e-11
8.3125,0.34252357875129735,5,nr,2.672e-11
8.3249999999999993,0.34281158738121531,5,nr,2.458e-11
8.3375000000000004,0.34311334660657317,5,nr,2.056e-11
8.3499999999999996,0.34342926666696472,5,nr,1.521e-11
8.3624999999999989,0.34375976447669077,5,nr,9.439e-12
8.375,0.34410526352182097,5,nr,4.403e-12
8.3874999999999993,0.34446619371881038,5,nr,1.146e-12
8.4000000000000004,0.34484299123077183,5,nr,3.510e-14
8.4124999999999996,0.34523609823726947,5,nr,7.242e-15
8.4249999999999989,0.34564596265350533,5,nr,2.781e-13
8.4375,0.34607303779395387,5,nr,1.621e-12
8.4499999999999993,0.34651778197548555,5,nr,4.766e-12
8.4625000000000004,0.34698065805511441,5,nr,9.669e-12
8.4749999999999996,0.34746213289687766,5,nr,1.514e-11
8.4874999999999989,0.34796267676657949,5,nr,1.331e-11
8.5,0.34848276262235078,5,nr,8.264e-12
8.5124999999999993,0.34902286536201593,5,nr,3.139e-12
8.5250000000000004,0.3495834609327777,5,nr,3.311e-13
8.5374999999999996,0.3501650253625006,5,nr,3.857e-16
8.5499999999999989,0.35076803368195192,5,nr,2.763e-13
8.5625,0.35139295873679655,5,nr,1.974e-12
8.5749999999999993,0.3520402698830345,5,nr,5.531e-12
8.5875000000000004,0.35271043156411591,5,nr,7.949e-12
8.5999999999999996,0.35340390174941411,5,nr,4.802e-12
8.6124999999999989,0.35412113026914327,5,nr,1.277e-12
8.625,0.35486255699308322,5,nr,7.191e-15
8.6374999999999993,0.35562860988616091,5,nr,6.854e-14
8.6500000000000004,0.35641970292858749,5,nr,1.063e-12
8.6624999999999996,0.35723623390241704,5,nr,3.432e-12
8.6749999999999989,0.35807858204802745,5,nr,3.290e-12
8.6875,0.35894710558581466,5,nr,1.001e-12
8.6999999999999993,0.35984213913293739,5,nr,7.788e-15
8.7125000000000004,0.36076399099274381,5,nr,6.796e-14
8.7249999999999996,0.36171294035130158,5,nr,8.873e-13
8.7374999999999989,0.36268923438687811,5,nr,1.969e-12
8.75,0.36369308530487204,5,nr,7.898e-13
8.7624999999999993,0.3647246673295711,5,nr,1.405e-14
8.7750000000000004,0.36578411366107089,5,nr,3.433e-14
8.7874999999999996,0.36687151343325669,5,nr,5.252e-13
8.7999999999999989,0.3679869086987374,5,nr,7.930e-13
8.8125,0.36913029146909709,5,nr,1.409e-13
8.8249999999999993,0.37030160085116459,5,nr,2.603e-16
8.8375000000000004,0.37150072030763925,5,nr,1.304e-13
8.8499999999999996,0.37272747508667642,5,nr,4.004e-13
8.8624999999999989,0.37398162985600614,5,nr,8.984e-14
8.875,0.37526288658467466,5,nr,9.483e-16
8.8874999999999993,0.37657088270928291,5,nr,6.190e-14
8.9000000000000004,0.37790518962668823,5,nr,1.516e-13
8.9124999999999996,0.37926531154902188,5,nr,1.647e-14
8.9249999999999989,0.38065068475718661,5,nr,1.907e-15
8.9375,0.38206067728277493,5,nr,4.706e-14
8.9499999999999993,0.38349458904658101,5,nr,3.224e-14
8.9625000000000004,0.38495165247390811,5,nr,2.342e-12
8.9749999999999996,0.38643103360625075,5,nr,6.538e-15
8.9874999999999989,0.3879318337069062,5,nr,1.896e-14
9,0.38945309140256595,5,nr,1.042e-10
9.0124999999999993,0.39099378517702604,5,nr,1.356e-15
9.0250000000000004,0.39255283669265706,5,nr,6.333e-15
9.0374999999999996,0.39412911413645757,5,nr,9.652e-11
9.0499999999999989,0.39572143620969552,5,nr,2.902e-16
9.0625,0.39732857669747462,5,nr,1.589e-15
9.0749999999999993,0.39894926896208738,5,nr,7.927e-11
9.0875000000000004,0.40058221116879211,5,nr,1.718e-16
9.0999999999999996,0.40222607136004501,5,nr,1.226e-15
9.1124999999999989,0.40387949308964161,5,nr,5.023e-11
9.125,0.40554110098710355,5,nr,4.811e-16
9.1374999999999993,0.40720950632760761,5,nr,7.896e-16
9.1500000000000004,0.40888331281536539,5,nr,3.800e-11
9.1624999999999996,0.41056112219795532,5,nr,2.242e-16
9.1749999999999989,0.41224153971302807,5,nr,8.385e-16
9.1875,0.41392317953556146,5,nr,2.106e-11
9.1999999999999993,0.41560466992922462,5,nr,5.625e-11
9.2125000000000004,0.41728465804956566,5,nr,2.426e-13
9.2249999999999996,0.41896181476003297,5,nr,7.500e-11
9.2374999999999989,0.42063483869584112,5,nr,1.581e-11
9.25,0.42230246042606789,5,nr,8.186e-11
9.2624999999999993,0.42396344599038027,5,nr,8.765e-16
9.2750000000000004,0.4256165999892545,5,nr,5.264e-11
9.2874999999999996,0.42726076854395906,5,nr,3.721e-16
9.2999999999999989,0.4288948417649327,5,nr,3.823e-16
9.3125,0.43051775573275031,5,nr,8.105e-11
9.3249999999999993,0.43212849415644655,5,nr,2.004e-15
9.3375000000000004,0.4337260898706915,5,nr,1.033e-15
9.3499999999999996,0.43530962564588299,5,nr,5.453e-11
9.3624999999999989,0.43687823486999128,5,nr,5.449e-15
9.375,0.4384311019932664,5,nr,1.505e-15
9.3874999999999993,0.43996746245768298,5,nr,2.604e-11
9.4000000000000004,0.44148660257734901,5,nr,6.642e-15
9.4124999999999996,0.44298785902189347,5,nr,9.381e-15
9.4249999999999989,0.44447061820871653,5,nr,5.690e-16
9.4375,0.44593431541830547,5,nr,4.866e-15
9.4499999999999993,0.44737843377435904,5,nr,2.928e-14
9.4625000000000004,0.44880250307189162,5,nr,4.383e-15
9.4749999999999996,0.45020609849753873,5,nr,8.340e-11
9.4874999999999989,0.45158883914283854,5,nr,3.085e-14
9.5,0.45295038668927279,5,nr,3.455e-14
9.5124999999999993,0.45429044368334409,5,nr,9.302e-16
9.5250000000000004,0.45560875201805873,5,nr,6.105e-15
9.5374999999999996,0.45690509127567486,5,nr,6.934e-14
9.5499999999999989,0.45817927706575035,5,nr,4.319e-14
9.5625,0.45943115935313444,5,nr,1.426e-15
9.5749999999999993,0.46066062078749997,5,nr,1.159e-14
9.5875000000000004,0.461867575043304,5,nr,1.070e-13
9.5999999999999996,0.46305196517927577,5,nr,8.198e-14
9.6125000000000007,0.46421376202399239,5,nr,3.411e-15
9.625,0.4653529625947645,5,nr,2.959e-15
9.6374999999999993,0.46646958855385029,5,nr,1.079e-13
9.6500000000000004,0.46756368470739473,5,nr,1.988e-13
9.6624999999999996,0.46863531754951582,5,nr,4.583e-14
9.6750000000000007,0.46968457385575946,5,nr,2.945e-16
9.6875,0.47071155932622744,5,nr,2.998e-14
9.6999999999999993,0.47171639728123932,5,nr,2.069e-13
9.7125000000000004,0.47269922741005566,5,nr,2.567e-13
9.7249999999999996,0.473660204572392,5,nr,6.142e-14
9.7375000000000007,0.47459949765474452,5,nr,6.011e-16
9.75,0.47551728847878816,5,nr,1.684e-14
9.7624999999999993,0.47641377076316205,5,nr,2.028e-13
9.7750000000000004,0.47728914913711956,5,nr,4.130e-13
9.7874999999999996,0.47814363820504574,5,nr,2.180e-13
9.8000000000000007,0.47897746166008315,5,nr,3.543e-14
9.8125,0.47979085144743838,5,nr,3.700e-16
9.8249999999999993,0.48058404697313706,5,nr,3.320e-14
9.8375000000000004,0.48135729435887753,5,nr,2.505e-13
9.8499999999999996,0.48211084574048446,5,nr,5.150e-13
9.8625000000000007,0.4828449586084862,5,nr,4.149e-13
9.875,0.48355989518824449,5,nr,1.430e-13
9.8874999999999993,0.48425592186061545,5,nr,1.671e-14
9.9000000000000004,0.48493330861772105,5,nr,0.000e+00
9.9124999999999996,0.4855923285550317,5,nr,4.215e-14
9.9250000000000007,0.48623325739694812,5,nr,2.588e-13
9.9375,0.48685637305447088,5,nr,5.510e-13
9.9499999999999993,0.48746195521328778,5,nr,7.236e-13
9.9625000000000004,0.4880502849509426,5,nr,4.086e-13
9.9749999999999996,0.48862164438064243,5,nr,1.552e-13
9.9875000000000007,0.48917631632285608,5,nr,2.839e-14
10,0.48971458399957141,5,nr,7.901e-16
5.6375000000000002,14.98053737538663,6,nr,2.302e-11
5.6500000000000004,14.919083398708503,6,nr,6.412e-15
5.6625000000000005,14.857992337049524,6,nr,5.731e-15
5.6750000000000007,14.797263105616677,6,nr,5.143e-15
5.6875000000000009,14.736894561340844,6,nr,3.670e-15
5.7000000000000002,14.676885507514189,6,nr,2.961e-15
5.7125000000000004,14.617234698139205,6,nr,9.448e-15
5.7250000000000005,14.557940842018455,6,nr,1.573e-15
5.7375000000000007,14.499002606602341,6,nr,3.950e-15
5.7500000000000009,14.440418621635722,6,nr,6.305e-11
5.7625000000000002,14.382187482448298,6,nr,3.293e-15
5.7750000000000004,14.32430775341334,6,nr,4.533e-15
5.7875000000000005,14.266777970737085,6,nr,5.888e-15
5.8000000000000007,14.20959664544182,6,nr,1.666e-15
5.8125000000000009,14.152762266043444,6,nr,1.887e-15
5.8250000000000002,14.096273301104436,6,nr,6.925e-15
5.8375000000000004,14.040128201649877,6,nr,6.200e-12
5.8500000000000005,13.984325403440231,6,nr,1.056e-14
5.8625000000000007,13.928863329156396,6,nr,5.624e-15
5.8750000000000009,13.873740390426875,6,nr,2.765e-15
5.8875000000000002,13.818954989782899,6,nr,1.290e-15
5.9000000000000004,13.764505522501597,6,nr,7.512e-15
5.9125000000000005,13.710390378374484,6,nr,4.341e-11
5.9250000000000007,13.656607943300633,6,nr,3.345e-15
5.9375000000000009,13.603156601024255,6,nr,1.385e-15
5.9500000000000002,13.550034734499272,6,nr,3.331e-13
5.9625000000000004,13.497240727408306,6,nr,1.087e-14
5.9750000000000005,13.44477296553271,6,nr,9.348e-12
5.9875000000000007,13.392629838057037,6,nr,1.104e-14
6.0000000000000009,13.340809738850533,6,nr,4.960e-11
6.0125000000000002,13.289311067732871,6,nr,6.683e-15
6.0250000000000004,13.23813223149399,6,nr,2.939e-16
6.0375000000000005,13.187271645179731,6,nr,9.946e-16
6.0500000000000007,13.13672773309499,6,nr,3.000e-15
6.0625000000000009,13.086498929861582,6,nr,2.284e-11
6.0750000000000002,13.036583681457437,6,nr,4.197e-11
6.0875000000000004,12.986980446181787,6,nr,4.492e-11
6.1000000000000005,12.937687695624847,6,nr,4.150e-15
6.1125000000000007,12.888703915542674,6,nr,4.359e-11
6.1250000000000009,12.840027606924666,6,nr,1.048e-14
6.1375000000000002,12.791657286693896,6,nr,1.116e-11
6.1500000000000004,12.743591488712466,6,nr,3.070e-11
6.1625000000000005,12.695828764644173,6,nr,5.529e-11
6.1750000000000007,12.648367684793937,6,nr,5.155e-11
6.1875000000000009,12.601206838811731,6,nr,6.616e-15
6.2000000000000002,12.554344836806179,6,nr,4.155e-11
6.2125000000000004,12.507780310004643,6,nr,2.169e-15
6.2250000000000005,12.461511911555297,6,nr,3.382e-15
6.2375000000000007,12.415538317477715,6,nr,6.016e-15
6.2500000000000009,12.369858227433804,6,nr,4.378e-12
6.2625000000000002,12.324470365572742,6,nr,5.912e-11
6.2750000000000004,12.279373481484198,6,nr,6.955e-11
6.2875000000000005,12.234566350759154,6,nr,4.951e-11
6.3000000000000007,12.190047776346914,6,nr,9.155e-12
6.3125000000000009,12.145816588956917,6,nr,4.835e-15
6.3250000000000002,12.101871648279671,6,nr,1.100e-14
6.3375000000000004,12.058211843780597,6,nr,3.603e-15
6.3500000000000005,12.014836095672646,6,nr,1.100e-11
6.3625000000000007,11.971743355901181,6,nr,1.094e-16
6.3750000000000009,11.928932609105509,6,nr,4.856e-15
6.3875000000000002,11.886402873680863,6,nr,5.985e-15
6.4000000000000004,11.844153202819472,6,nr,7.105e-15
6.4125000000000005,11.802182685608059,6,nr,3.244e-15
6.4250000000000007,11.760490448159864,6,nr,4.095e-15
6.4375000000000009,11.719075654787762,6,nr,4.725e-15
6.4500000000000002,11.67793750922166,6,nr,1.124e-15
6.4625000000000004,11.637075255873519,6,nr,7.302e-15
6.4750000000000005,11.59648818115339,6,nr,3.716e-16
6.4875000000000007,11.556175614840067,6,nr,2.221e-15
6.5000000000000009,11.516136931510172,6,nr,1.580e-16
6.5125000000000002,11.476371552029537,6,nr,5.609e-15
6.5250000000000004,11.436878945111099,6,nr,1.216e-14
6.5375000000000005,11.397658628943596,6,nr,4.415e-15
6.5500000000000007,11.358710172895586,6,nr,2.016e-15
6.5625000000000009,11.320033199307121,6,nr,2.102e-11
6.5750000000000002,11.28162738532196,6,nr,5.220e-15
6.5875000000000004,11.243492464921754,6,nr,9.417e-15
6.6000000000000005,11.20562823090768,6,nr,5.366e-15
6.6125000000000007,11.168034537095483,6,nr,1.259e-15
6.6250000000000009,11.130711300573987,6,nr,3.103e-15
6.6375000000000002,11.09365850408577,6,nr,7.016e-15
6.6500000000000004,11.056876198529229,6,nr,1.108e-14
6.6625000000000005,11.020364505589498,6,nr,2.163e-15
6.6750000000000007,10.984123620505569,6,nr,2.637e-15
6.6875000000000009,10.948153814981913,6,nr,1.776e-14
6.7000000000000002,10.91245544025278,6,nr,1.523e-14
6.7125000000000004,10.877028930308333,6,nr,1.063e-14
6.7250000000000005,10.841874805291621,6,nr,1.416e-14
6.7375000000000007,10.806993675076537,6,nr,9.437e-16
6.7500000000000009,10.772386243036781,6,nr,7.026e-15
6.7625000000000002,10.738053310016831,6,nr,1.097e-14
6.7750000000000004,10.703995778515971,6,nr,8.948e-15
6.7875000000000005,10.67021465709751,6,nr,2.563e-15
6.8000000000000007,10.636711065035163,6,nr,1.816e-16
6.8125000000000009,10.603486237209651,6,nr,6.033e-15
6.8250000000000002,10.570541529268711,6,nr,2.589e-15
6.8375000000000004,10.537878423064422,6,nr,1.018e-14
6.8500000000000005,10.505498532381861,6,nr,4.562e-15
6.8625000000000007,10.473403608973975,6,nr,1.217e-15
6.8750000000000009,10.441595548917295,6,nr,5.772e-15
6.8875000000000002,10.410076399303975,6,nr,1.707e-16
6.9000000000000004,10.378848365285213,6,nr,5.918e-15
6.9125000000000005,10.347913817481588,6,nr,5.860e-15
6.9250000000000007,10.317275299775305,6,nr,8.289e-15
6.9375000000000009,10.286935537499312,6,nr,7.220e-15
6.9500000000000002,10.256897446037238,6,nr,6.821e-15
6.9625000000000004,10.227164139847574,6,nr,8.919e-15
6.9750000000000005,10.197738941923957,6,nr,1.153e-14
6.9875000000000007,10.168625393701568,6,nr,7.706e-15
7.0000000000000009,10.139827265411968,6,nr,9.976e-12
7.0125000000000002,10.1113485669312,6,nr,1.538e-15
7.0250000000000004,10.083193559001746,6,nr,8.512e-15
7.0375000000000005,10.055366765025722,6,nr,7.511e-17
7.0500000000000007,10.027872983218939,6,nr,7.124e-15
7.0625000000000009,10.000717299229812,6,nr,1.393e-15
7.0750000000000002,9.9739050991579283,6,nr,4.417e-15
7.0875000000000004,9.9474420829421479,6,nr,2.717e-15
7.1000000000000005,9.9213342780702813,6,nr,5.436e-15
7.1125000000000007,9.8955880535467262,6,nr,2.717e-15
7.1250000000000009,9.8702101340369151,6,nr,1.238e-15
7.1375000000000002,9.8452076140858189,6,nr,3.392e-16
7.1500000000000004,9.8205879722823362,6,nr,4.082e-15
7.1625000000000005,9.7963590852118276,6,nr,1.782e-15
7.1750000000000007,9.7725292410037454,6,nr,5.206e-15
7.1875000000000009,9.7491071522404091,6,nr,1.732e-15
7.2000000000000002,9.7261019679451461,6,nr,5.058e-16
7.2125000000000004,9.703523284312384,6,nr,1.931e-15
7.2250000000000005,9.681381153778263,6,nr,1.289e-15
7.2375000000000007,9.6596860919482523,6,nr,8.760e-12
7.2500000000000009,9.6384490818780293,6,nr,1.786e-15
7.2625000000000002,9.6176815748829174,6,nr,4.573e-15
7.2750000000000004,9.5973954873916707,6,nr,1.501e-15
7.2875000000000005,9.5776031926767118,6,nr,1.136e-16
7.3000000000000007,9.5583175066062225,6,nr,1.286e-15
7.3125000000000009,9.5395516661793724,6,nr,9.321e-12
7.3250000000000002,9.5213192995887646,6,nr,2.219e-15
7.3375000000000004,9.5036343860871444,6,nr,5.324e-17
7.3500000000000005,9.4865112043231612,6,nr,3.142e-16
7.3625000000000007,9.4699642669109547,6,nr,4.249e-14
7.3750000000000009,9.4540082393600855,6,nr,1.943e-11
7.3875000000000002,9.4386578412470854,6,nr,1.201e-11
7.4000000000000004,9.423927726601228,6,nr,1.657e-11
7.4125000000000005,9.4098323423680323,6,nr,5.298e-13
7.4250000000000007,9.3963857605194203,6,nr,1.847e-15
7.4375000000000009,9.3836014831370509,6,nr,1.494e-11
7.4500000000000002,9.3714922170139427,6,nr,4.122e-16
7.4625000000000004,9.3600696158793717,6,nr,1.196e-11
7.4750000000000005,9.3493439892181609,6,nr,2.783e-12
7.4875000000000007,9.3393239765848364,6,nr,2.383e-12
7.5000000000000009,9.3300161874272991,6,nr,4.686e-13
7.5125000000000002,9.321424808652111,6,nr,1.183e-15
7.5250000000000004,9.3135511829305102,6,nr,3.524e-12
7.5375000000000005,9.3063933633500024,6,nr,5.948e-16
7.5500000000000007,9.2999456523168202,6,nr,4.550e-15
7.5625000000000009,9.2941981356748826,6,nr,4.884e-13
7.5750000000000002,9.2891362256212329,6,nr,2.898e-13
7.5875000000000004,9.2847402294019492,6,nr,9.547e-15
7.6000000000000005,9.2809849635250821,6,nr,6.343e-16
7.6125000000000007,9.2778394356732274,6,nr,6.214e-13
7.6250000000000009,9.2752666181011953,6,nr,3.954e-16
7.6375000000000002,9.2732233367502968,6,nr,9.116e-13
7.6500000000000004,9.2716602990299659,6,nr,2.685e-16
7.6625000000000005,9.270522280305439,6,nr,1.011e-16
7.6750000000000007,9.2697484837931103,6,nr,4.054e-14
7.6875000000000009,9.2692730815492634,6,nr,2.556e-13
7.7000000000000002,9.2690259351114221,6,nr,3.491e-13
7.7125000000000004,9.2689334841608346,6,nr,3.160e-13
7.7250000000000005,9.2689197808251471,6,nr,2.218e-13
7.7375000000000007,9.2689076370436787,6,nr,1.124e-13
7.7500000000000009,9.2688198437832519,6,nr,2.951e-14
7.7625000000000002,9.2685804148050188,6,nr,6.794e-12
7.7750000000000004,9.268115805054693,6,nr,1.463e-16
7.7875000000000005,9.2673560542538116,6,nr,8.122e-13
7.8000000000000007,9.2662358118232273,6,nr,5.871e-13
7.8125000000000009,9.2646952058953929,6,nr,9.535e-12
7.8250000000000002,9.2626805305126503,6,nr,2.636e-16
7.8375000000000004,9.2601447354414219,6,nr,2.058e-14
7.8500000000000005,9.2570477159932558,6,nr,1.465e-12
7.8625000000000007,9.2533564094300651,6,nr,5.644e-16
7.8750000000000009,9.2490447145997159,6,nr,1.478e-15
7.8875000000000002,9.2440932577165409,6,nr,1.998e-16
7.9000000000000004,9.2384890313932431,6,nr,3.039e-16
7.9125000000000005,9.2322249360405149,6,nr,1.566e-13
7.9250000000000007,9.2252992524322668,6,nr,5.498e-14
7.9375000000000009,9.2177150723873922,6,nr,8.481e-16
7.9500000000000002,9.2094797114584566,6,nr,8.187e-16
7.9625000000000004,9.2006041238019733,6,nr,1.014e-12
7.9750000000000005,9.1911023353829524,6,nr,3.707e-12
7.9875000000000007,9.1809909077288978,6,nr,4.258e-12
8,9.1702884408195242,6,nr,6.501e-13
8.0124999999999993,9.159015120455825,6,nr,9.839e-16
8.0250000000000004,9.1471923127271104,6,nr,1.501e-11
8.0374999999999996,9.1348422063316121,6,nr,8.728e-16
8.0499999999999989,9.1219875011250373,6,nr,8.867e-12
8.0625,9.1086511414241826,6,nr,1.104e-15
8.0749999999999993,9.094856090005452,6,nr,1.532e-16
8.0875000000000004,9.0806251400763287,6,nr,1.061e-11
8.0999999999999996,9.0659807607774248,6,nr,1.899e-11
8.1124999999999989,9.0509449730406306,6,nr,1.800e-11
8.125,9.0355392512850727,6,nr,1.297e-11
8.1374999999999993,9.019784448120264,6,nr,2.388e-15
8.1500000000000004,9.003700738769723,6,nr,1.750e-15
8.1624999999999996,8.9873075816398451,6,nr,2.409e-15
8.1749999999999989,8.9706236930788457,6,nr,2.676e-11
8.1875,8.9536670337515911,6,nr,2.013e-15
8.1999999999999993,8.9364548041792613,6,nr,7.218e-16
8.2125000000000004,8.9190034484955127,6,nr,1.955e-15
8.2249999999999996,8.9013286640353648,6,nr,4.341e-16
8.2374999999999989,8.8834454159562259,6,nr,1.322e-15
8.25,8.8653679556276508,6,nr,2.166e-11
8.2624999999999993,8.8471098417677396,6,nr,4.408e-15
8.2750000000000004,8.828683963886597,6,nr,1.644e-15
8.2874999999999996,8.8101025668272879,6,nr,2.511e-12
8.2999999999999989,8.7913772764275677,6,nr,2.570e-15
8.3125,8.7725191255664896,6,nr,1.303e-15
8.3249999999999993,8.7535385803001677,6,nr,2.084e-16
8.3375000000000004,8.7344455658521039,6,nr,3.520e-16
8.3499999999999996,8.7152494922155093,6,nr,2.150e-11
8.3624999999999989,8.6959592791210252,6,nr,2.745e-15
8.375,8.6765833805063508,6,nr,8.704e-15
8.3874999999999993,8.6571298079485874,6,nr,1.081e-14
8.4000000000000004,8.6376061534372912,6,nr,1.147e-14
8.4124999999999996,8.6180196111776848,6,nr,1.221e-14
8.4249999999999989,8.5983769984877778,6,nr,7.750e-15
8.4375,8.5786847757660354,6,nr,2.639e-15
8.4499999999999993,8.5589490655312197,6,nr,4.709e-16
8.4625000000000004,8.539175670544914,6,nr,4.602e-15
8.4749999999999996,8.5193700910348156,6,nr,1.524e-15
8.4874999999999989,8.4995375410419989,6,nr,5.836e-15
8.5,8.479682963919748,6,nr,6.552e-15
8.5124999999999993,8.4598110470141439,6,nr,4.716e-15
8.5250000000000004,8.4399262355587474,6,nr,8.440e-15
8.5374999999999996,8.4200327458172897,6,nr,1.052e-12
8.5499999999999989,8.400134577512457,6,nr,1.797e-11
8.5625,8.38023552555536,6,nr,5.538e-11
8.5749999999999993,8.3603391910876717,6,nr,1.418e-11
8.5875000000000004,8.3404489921288345,6,nr,6.743e-15
8.5999999999999996,8.3205681732250394,6,nr,7.332e-15
8.6124999999999989,8.3006998149390032,6,nr,1.256e-14
8.625,8.2808468426103143,6,nr,7.907e-15
8.6374999999999993,8.2610120346763516,6,nr,1.323e-14
8.6500000000000004,8.2411980305212769,6,nr,2.173e-14
8.6624999999999996,8.2214073378852888,6,nr,2.264e-14
8.6749999999999989,8.2016423398592906,6,nr,3.691e-14
8.6875,8.1819053014891452,6,nr,4.448e-14
8.6999999999999993,8.1621983760122188,6,nr,5.507e-14
8.7125000000000004,8.1425236107478298,6,nr,5.319e-14
8.7249999999999996,8.1228829526618256,6,nr,4.038e-14
8.7374999999999989,8.103278253625037,6,nr,1.874e-14
8.75,8.0837112753830969,6,nr,6.096e-15
8.7624999999999993,8.0641836942552594,6,nr,3.116e-15
8.7750000000000004,8.0446971055781393,6,nr,4.851e-15
8.7874999999999996,8.0252530278924805,6,nr,5.885e-11
8.7999999999999989,8.0058529070071689,6,nr,5.109e-15
8.8125,7.9864981195940326,6,nr,3.073e-14
8.8249999999999993,7.9671899769259547,6,nr,4.987e-14
8.8375000000000004,7.9479297281702319,6,nr,3.319e-14
8.8499999999999996,7.9287185636082267,6,nr,7.810e-15
8.8624999999999989,7.90955761767216,6,nr,3.569e-16
8.875,7.890447971825461,6,nr,6.097e-15
8.8874999999999993,7.8713906572964483,6,nr,1.962e-14
8.9000000000000004,7.8523866576737786,6,nr,4.738e-14
8.9124999999999996,7.8334369113719351,6,nr,1.284e-14
8.9249999999999989,7.8145423139742825,6,nr,4.698e-15
8.9375,7.7957037204612831,6,nr,1.504e-14
8.9499999999999993,7.7769219473301883,6,nr,3.484e-14
8.9625000000000004,7.7581977746129649,6,nr,8.138e-15
8.9749999999999996,7.7395319477982243,6,nr,4.456e-15
8.9874999999999989,7.7209251796630554,6,nr,5.910e-15
9,7.7023781520198114,6,nr,3.302e-14
9.0124999999999993,7.6838915173831195,6,nr,1.179e-15
9.0250000000000004,7.665465900561558,6,nr,6.831e-15
9.0374999999999996,7.6471019001788196,6,nr,2.800e-14
9.0499999999999989,7.6288000901282231,6,nr,1.569e-15
9.0625,7.6105610209646537,6,nr,7.353e-15
9.0749999999999993,7.5923852212378256,6,nr,1.344e-14
9.0875000000000004,7.5742731987701406,6,nr,4.718e-15
9.0999999999999996,7.5562254418826731,6,nr,9.268e-15
9.1124999999999989,7.5382424205723995,6,nr,7.316e-15
9.125,7.5203245876246143,6,nr,8.449e-11
9.1374999999999993,7.5024723797964832,6,nr,7.539e-15
9.1500000000000004,7.4846862186752583,6,nr,6.671e-15
9.1624999999999996,7.4669665118789048,6,nr,1.933e-15
9.1749999999999989,7.4493136539364251,6,nr,4.176e-15
9.1875,7.4317280272492408,6,nr,4.459e-15
9.1999999999999993,7.4142100030028679,6,nr,1.068e-15
9.2125000000000004,7.3967599420499095,6,nr,2.638e-15
9.2249999999999996,7.3793781957664564,6,nr,1.654e-15
9.2374999999999989,7.3620651068837315,6,nr,5.007e-16
9.25,7.3448210102782472,6,nr,8.654e-11
9.2624999999999993,7.3276462338526969,6,nr,7.396e-15
9.2750000000000004,7.3105410991328865,6,nr,7.069e-11
9.2874999999999996,7.2935059221289062,6,nr,2.523e-15
9.2999999999999989,7.2765410141173827,6,nr,4.786e-11
9.3125,7.2596466822749814,6,nr,1.988e-11
9.3249999999999993,7.2428232303902096,6,nr,5.040e-11
9.3375000000000004,7.2260709595585784,6,nr,4.571e-11
9.3499999999999996,7.2093901689145179,6,nr,9.705e-12
9.3624999999999989,7.1927811562955473,6,nr,6.626e-15
9.375,7.1762442188495736,6,nr,2.716e-16
9.3874999999999993,7.1597796537505172,6,nr,1.648e-11
9.4000000000000004,7.1433877588512216,6,nr,6.299e-15
9.4124999999999996,7.1270688333020944,6,nr,1.806e-16
9.4249999999999989,7.1108231782347548,6,nr,4.982e-15
9.4375,7.094651097371905,6,nr,9.356e-11
9.4499999999999993,7.0785528977770422,6,nr,5.592e-15
9.4625000000000004,7.0625288903034171,6,nr,8.625e-15
9.4749999999999996,7.0465793904425125,6,nr,1.270e-15
9.4874999999999989,7.0307047188776188,6,nr,4.491e-15
9.5,7.0149052021583351,6,nr,1.264e-11
9.5124999999999993,6.9991811733770453,6,nr,7.493e-15
9.5250000000000004,6.9835329728115259,6,nr,1.353e-14
9.5374999999999996,6.9679609486296945,6,nr,1.467e-14
9.5499999999999989,6.9524654575629201,6,nr,1.273e-14
9.5625,6.9370468656060025,6,nr,1.941e-14
9.5749999999999993,6.9217055487260408,6,nr,1.627e-14
9.5875000000000004,6.9064418935842316,6,nr,1.001e-14
9.5999999999999996,6.8912562982718493,6,nr,3.559e-15
9.6125000000000007,6.8761491730616617,6,nr,2.527e-15
9.625,6.8611209411761784,6,nr,2.519e-15
9.6374999999999993,6.8461720395739967,6,nr,2.617e-15
9.6500000000000004,6.8313029197556911,6,nr,3.726e-16
9.6624999999999996,6.8165140485906086,6,nr,9.334e-15
9.6750000000000007,6.8018059091660099,6,nr,2.251e-14
9.6875,6.7871790016600348,6,nr,3.663e-14
9.6999999999999993,6.7726338442400031,6,nr,4.807e-14
9.7125000000000004,6.7581709739874336,6,nr,4.427e-14
9.7249999999999996,6.7437909478517337,6,nr,2.692e-14
9.7375000000000007,6.7294943436336307,6,nr,5.692e-16
9.75,6.7152817610004041,6,nr,1.442e-15
9.7624999999999993,6.7011538225343399,6,nr,1.359e-14
9.7750000000000004,6.6871111748162262,6,nr,5.168e-14
9.7874999999999996,6.6731544895456336,6,nr,6.929e-14
9.8000000000000007,6.6592844646993719,6,nr,6.212e-15
9.8125,6.6455018257306966,6,nr,2.060e-15
9.8249999999999993,6.6318073268099988,6,nr,4.797e-14
9.8375000000000004,6.6182017521096901,6,nr,7.279e-14
9.8499999999999996,6.6046859171343435,6,nr,4.496e-15
9.8625000000000007,6.5912606700987029,6,nr,1.282e-14
9.875,6.5779268933543991,6,nr,9.989e-14
9.8874999999999993,6.5646855048676613,6,nr,2.911e-15
9.9000000000000004,6.5515374597499747,6,nr,2.218e-14
9.9124999999999996,6.5384837518424384,6,nr,6.535e-14
9.9250000000000007,6.5255254153560607,6,nr,4.188e-15
9.9375,6.5126635265695114,6,nr,1.142e-13
9.9499999999999993,6.499899205577206,6,nr,2.674e-11
9.9625000000000004,6.4872336181424179,6,nr,8.653e-14
9.9749999999999996,6.4746679774984548,6,nr,4.906e-15
9.9875000000000007,6.462203546359973,6,nr,7.673e-14
10,6.449841638866876,6,nr,5.949e-11
6.5125000000000002,14.967047269372459,7,nr,5.654e-15
6.5250000000000004,14.914209015267993,7,nr,3.283e-15
6.5375000000000005,14.861720963972767,7,nr,6.794e-15
6.5500000000000007,14.809582176785948,7,nr,3.625e-11
6.5625000000000009,14.757791777972923,7,nr,1.550e-14
6.5750000000000002,14.706348957013219,7,nr,4.137e-15
6.5875000000000004,14.655252970708087,7,nr,1.829e-15
6.6000000000000005,14.604503145602109,7,nr,3.182e-15
6.6125000000000007,14.554098880458895,7,nr,8.688e-15
6.6250000000000009,14.5040396488887,7,nr,1.797e-15
6.6375000000000002,14.454325002124378,7,nr,7.939e-16
6.6500000000000004,14.404954571954795,7,nr,1.493e-12
6.6625000000000005,14.355928073829983,7,nr,8.084e-15
6.6750000000000007,14.307245310137224,7,nr,4.283e-15
6.6875000000000009,14.258906173679584,7,nr,7.929e-15
6.7000000000000002,14.210910651349568,7,nr,5.377e-15
6.7125000000000004,14.163258828023274,7,nr,7.913e-15
6.7250000000000005,14.115950890685159,7,nr,9.465e-16
6.7375000000000007,14.068987132799302,7,nr,1.879e-16
6.7500000000000009,14.022367958943216,7,nr,1.464e-14
6.7625000000000002,13.976093889721644,7,nr,2.775e-16
6.7750000000000004,13.930165566978552,7,nr,7.433e-15
6.7875000000000005,13.884583759336218,7,nr,2.089e-11
6.8000000000000007,13.83934936801842,7,nr,5.235e-15
6.8125000000000009,13.794463433171236,7,nr,4.027e-15
6.8250000000000002,13.74992714038506,7,nr,3.096e-12
6.8375000000000004,13.705741827771453,7,nr,2.549e-15
6.8500000000000005,13.661908993400862,7,nr,6.184e-15
6.8625000000000007,13.61843030324256,7,nr,1.312e-14
6.8750000000000009,13.575307599578379,7,nr,2.906e-15
6.8875000000000002,13.532542909951896,7,nr,9.733e-15
6.9000000000000004,13.490138456676384,7,nr,5.111e-15
6.9125000000000005,13.448096666938849,7,nr,1.982e-14
6.9250000000000007,13.406420183536882,7,nr,3.365e-15
6.9375000000000009,13.3651118762879,7,nr,2.599e-15
6.9500000000000002,13.324174854151062,7,nr,2.972e-15
6.9625000000000004,13.283612478104708,7,nr,1.081e-14
6.9750000000000005,13.243428374823026,7,nr,8.013e-15
6.9875000000000007,13.203626451197323,7,nr,7.766e-17
7.0000000000000009,13.164210909747995,7,nr,4.989e-15
7.0125000000000002,13.12518626497407,7,nr,9.100e-16
7.0250000000000004,13.086557360687067,7,nr,1.573e-15
7.0375000000000005,13.048329388375443,7,nr,2.146e-15
7.0500000000000007,13.01050790664411,7,nr,5.260e-15
7.0625000000000009,12.97309886177116,7,nr,1.442e-15
7.0750000000000002,12.936108609419588,7,nr,2.135e-15
7.0875000000000004,12.899543937557022,7,nr,2.983e-11
7.1000000000000005,12.863412090462017,7,nr,4.987e-15
7.1125000000000007,12.827720794267288,7,nr,3.894e-15
7.1250000000000009,12.792478283311587,7,nr,2.828e-15
7.1375000000000002,12.757693328010173,7,nr,4.580e-15
7.1500000000000004,12.723375263766146,7,nr,5.756e-15
7.1625000000000005,12.689534020975676,7,nr,2.875e-11
7.1750000000000007,12.65618015616597,7,nr,1.333e-15
7.1875000000000009,12.6233248836232,7,nr,3.499e-15
7.2000000000000002,12.590980108130626,7,nr,1.353e-15
7.2125000000000004,12.559158457724255,7,nr,3.632e-16
7.2250000000000005,12.527873316609915,7,nr,4.347e-15
7.2375000000000007,12.497138857629315,7,nr,4.159e-15
7.2500000000000009,12.466970073733144,7,nr,1.152e-16
7.2625000000000002,12.437382807754419,7,nr,1.812e-15
7.2750000000000004,12.408393779607325,7,nr,8.348e-16
7.2875000000000005,12.380020609840454,7,nr,3.307e-12
7.3000000000000007,12.352281838208844,7,nr,2.256e-15
7.3125000000000009,12.325196935756422,7,nr,5.276e-16
7.3250000000000002,12.298786308375009,7,nr,1.012e-12
7.3375000000000004,12.273071289684275,7,nr,8.645e-16
7.3500000000000005,12.248074120483938,7,nr,2.346e-15
7.3625000000000007,12.223817911600765,7,nr,1.019e-11
7.3750000000000009,12.200326586370165,7,nr,6.727e-16
7.3875000000000002,12.177624798739645,7,nr,2.828e-16
7.4000000000000004,12.155737821617556,7,nr,2.312e-16
7.4125000000000005,12.13469140041993,7,nr,1.529e-12
7.4250000000000007,12.114511565371487,7,nr,3.019e-12
7.4375000000000009,12.095224395899413,7,nr,4.797e-16
7.4500000000000002,12.076855729869486,7,nr,0.000e+00
7.4625000000000004,12.059430810245335,7,nr,2.339e-12
7.4750000000000005,12.042973861554712,7,nr,1.095e-11
7.4875000000000007,12.027507589207918,7,nr,9.546e-12
7.5000000000000009,12.013052595385529,7,nr,6.902e-12
7.5125000000000002,11.999626707464481,7,nr,4.582e-13
7.5250000000000004,11.987244217111389,7,nr,6.481e-16
7.5375000000000005,11.975915032544256,7,nr,1.123e-15
7.5500000000000007,11.965643751239252,7,nr,0.000e+00
7.5625000000000009,11.956428667364587,7,nr,8.497e-16
7.5750000000000002,11.948260736080835,7,nr,7.479e-13
7.5875000000000004,11.941122526241019,7,nr,4.553e-16
7.6000000000000005,11.934987203080553,7,nr,1.208e-16
7.6125000000000007,11.92981759277507,7,nr,6.075e-15
7.6250000000000009,11.92556538978663,7,nr,6.217e-16
7.6375000000000002,11.922170574802424,7,nr,8.472e-16
7.6500000000000004,11.919561113782402,7,nr,7.684e-14
7.6625000000000005,11.917653005762059,7,nr,7.526e-13
7.6750000000000007,11.916350737114428,7,nr,9.706e-16
7.6875000000000009,11.915548182286198,7,nr,6.594e-16
7.7000000000000002,11.915129965561096,7,nr,6.074e-13
7.7125000000000004,11.914973267019286,7,nr,5.611e-16
7.7250000000000005,11.914950020884433,7,nr,3.800e-16
7.7375000000000007,11.91492941997552,7,nr,8.765e-16
7.7500000000000009,11.914780610596654,7,nr,4.232e-14
7.7625000000000002,11.914375441782642,7,nr,2.623e-12
7.7750000000000004,11.91359112504186,7,nr,9.705e-17
7.7875000000000005,11.912312666495248,7,nr,6.173e-13
7.8000000000000007,11.910434953001779,7,nr,7.716e-14
7.8125000000000009,11.907864403054459,7,nr,2.326e-16
7.8250000000000002,11.904520130015639,7,nr,2.353e-16
7.8375000000000004,11.900334602809489,7,nr,6.036e-14
7.8500000000000005,11.895253824372093,7,nr,3.291e-14
7.8625000000000007,11.889237076754442,7,nr,1.052e-16
7.8750000000000009,11.882256301955517,7,nr,5.318e-13
7.8875000000000002,11.874295198659912,7,nr,4.348e-16
7.9000000000000004,11.865348117716675,7,nr,2.629e-14
7.9125000000000005,11.855418835124896,7,nr,1.067e-13
7.9250000000000007,11.844519272190281,7,nr,1.568e-15
7.9375000000000009,11.832668220746047,7,nr,1.013e-15
7.9500000000000002,11.819890118381453,7,nr,8.613e-12
7.9625000000000004,11.806213905896223,7,nr,3.600e-12
7.9750000000000005,11.791671988242127,7,nr,7.054e-12
7.9875000000000007,11.776299309729012,7,nr,6.866e-12
8,11.760132547683495,7,nr,1.586e-13
8.0124999999999993,11.743209422113443,7,nr,1.229e-15
8.0250000000000004,11.725568115225519,7,nr,3.722e-12
8.0374999999999996,11.707246792157608,7,nr,5.961e-12
8.0499999999999989,11.688283212754303,7,nr,1.351e-15
8.0625,11.66871442331556,7,nr,8.077e-16
8.0749999999999993,11.648576518164688,7,nr,1.938e-16
8.0875000000000004,11.627904460455312,7,nr,5.433e-16
8.0999999999999996,11.60673195308226,7,nr,2.316e-15
8.1124999999999989,11.585091351189307,7,nr,3.995e-13
8.125,11.563013608817894,7,nr,1.777e-15
8.1374999999999993,11.540528253229196,7,nr,1.463e-11
8.1500000000000004,11.517663381197327,7,nr,5.477e-15
8.1624999999999996,11.494445672895338,7,nr,3.588e-15
8.1749999999999989,11.470900418838196,7,nr,8.990e-16
8.1875,11.447051557144837,7,nr,3.545e-15
8.1999999999999993,11.422921718069754,7,nr,3.490e-16
8.2125000000000004,11.398532273701621,7,nr,3.549e-16
8.2249999999999996,11.373903391025046,7,nr,1.263e-15
8.2374999999999989,11.349054086915833,7,nr,4.279e-16
8.25,11.324002283939873,7,nr,1.180e-15
8.2624999999999993,11.298764866073926,7,nr,1.262e-16
8.2750000000000004,11.273357733670876,7,nr,1.282e-16
8.2874999999999996,11.247795857159264,7,nr,8.198e-15
8.2999999999999989,11.222093329102309,7,nr,7.727e-15
8.3125,11.196263414351186,7,nr,2.077e-15
8.3249999999999993,11.170318598133738,7,nr,2.954e-11
8.3375000000000004,11.144270631835777,7,nr,1.931e-15
8.3499999999999996,11.118130576824283,7,nr,2.377e-15
8.3624999999999989,11.091908845628572,7,nr,1.318e-14
8.375,11.065615241172617,7,nr,4.093e-15
8.3874999999999993,11.039258993700193,7,nr,5.239e-15
8.4000000000000004,11.012848795590825,7,nr,1.599e-14
8.4124999999999996,10.986392834123107,7,nr,1.037e-14
8.4249999999999989,10.959898822270382,7,nr,2.266e-16
8.4375,10.933374027618662,7,nr,1.392e-14
8.4499999999999993,10.906825299500268,7,nr,1.563e-14
8.4625000000000004,10.880259094458435,7,nr,4.453e-11
8.4749999999999996,10.853681499986278,7,nr,6.492e-15
8.4874999999999989,10.827098257082186,7,nr,2.602e-14
8.5,10.800514780960665,7,nr,1.780e-15
8.5124999999999993,10.773936180754623,7,nr,5.644e-15
8.5250000000000004,10.747367277841999,7,nr,3.786e-14
8.5374999999999996,10.720812623025234,7,nr,8.267e-15
8.5499999999999989,10.694276512616806,7,nr,1.181e-15
8.5625,10.667763003502129,7,nr,2.870e-14
8.5749999999999993,10.641275927246085,7,nr,2.863e-14
8.5875000000000004,10.614818903306611,7,nr,4.340e-16
8.5999999999999996,10.588395351413832,7,nr,6.395e-15
8.6124999999999989,10.562008503170766,7,nr,4.614e-14
8.625,10.535661412927269,7,nr,2.229e-15
8.6374999999999993,10.50935696797541,7,nr,3.597e-16
8.6500000000000004,10.483097898112327,7,nr,2.485e-14
8.6624999999999996,10.45688678461223,7,nr,4.407e-14
8.6749999999999989,10.430726068647589,7,nr,5.530e-15
8.6875,10.404618059195705,7,nr,2.972e-15
8.6999999999999993,10.378564940465736,7,nr,2.274e-14
8.7125000000000004,10.352568778877473,7,nr,6.600e-14
8.7249999999999996,10.326631529621974,7,nr,4.207e-14
8.7374999999999989,10.300755042831913,7,nr,9.182e-15
8.75,10.274941069386822,7,nr,7.608e-15
8.7624999999999993,10.249191266378118,7,nr,1.067e-15
8.7750000000000004,10.223507202255643,7,nr,1.615e-14
8.7874999999999996,10.19789036167681,7,nr,4.307e-14
8.7999999999999989,10.172342150077654,7,nr,6.616e-14
8.8125,10.146863897984131,7,nr,4.867e-14
8.8249999999999993,10.121456865079891,7,nr,4.390e-14
8.8375000000000004,10.096122244046944,7,nr,3.223e-14
8.8499999999999996,10.070861164193316,7,nr,6.624e-15
8.8624999999999989,10.045674694881493,7,nr,3.609e-15
8.875,10.020563848770387,7,nr,8.074e-15
8.8874999999999993,9.99552958488262,7,nr,1.941e-14
8.9000000000000004,9.9705728115081858,7,nr,4.645e-16
8.9124999999999996,9.9456943889548644,7,nr,3.371e-15
8.9249999999999989,9.9208951321549854,7,nr,1.615e-15
8.9375,9.8961758131375817,7,nr,1.235e-14
8.9499999999999993,9.8715371633743665,7,nr,1.582e-14
8.9625000000000004,9.8469798760073335,7,nr,3.603e-14
8.9749999999999996,9.8225046079654899,7,nr,4.714e-14
8.9874999999999989,9.7981119819775042,7,nr,2.488e-14
9,9.7738025884867277,7,nr,2.028e-15
9.0124999999999993,9.7495769874749065,7,nr,1.607e-16
9.0250000000000004,9.7254357101998075,7,nr,6.770e-15
9.0374999999999996,9.7013792608525673,7,nr,3.234e-16
9.0499999999999989,9.6774081181394358,7,nr,1.579e-14
9.0625,9.6535227367928567,7,nr,1.491e-15
9.0749999999999993,9.6297235490161448,7,nr,4.459e-15
9.0875000000000004,9.6060109658660675,7,nr,1.232e-14
9.0999999999999996,9.582385378577186,7,nr,1.175e-14
9.1124999999999989,9.5588471598316609,7,nr,4.191e-15
9.125,9.5353966649747495,7,nr,1.479e-11
9.1374999999999993,9.5120342332025665,7,nr,1.100e-15
9.1500000000000004,9.4887601886553554,7,nr,7.717e-15
9.1624999999999996,9.4655748415356928,7,nr,7.675e-15
9.1749999999999989,9.4424784891380042,7,nr,2.959e-15
9.1875,9.4194714168619029,7,nr,1.025e-15
9.1999999999999993,9.3965538991886586,7,nr,5.685e-16
9.2125000000000004,9.3737262006264448,7,nr,9.176e-15
9.2249999999999996,9.3509885766267704,7,nr,1.292e-15
9.2374999999999989,9.3283412744742371,7,nr,2.017e-15
9.25,9.305784534151746,7,nr,6.947e-15
9.2624999999999993,9.2833185891832155,7,nr,3.998e-15
9.2750000000000004,9.2609436674486378,7,nr,3.278e-11
9.2874999999999996,9.2386599920226136,7,nr,2.241e-15
9.2999999999999989,9.2164677818737673,7,nr,7.907e-11
9.3125,9.1943672527822766,7,nr,3.914e-11
9.3249999999999993,9.172358617930211,7,nr,2.580e-11
9.3375000000000004,9.150442088772877,7,nr,2.622e-11
9.3499999999999996,9.1286178757101091,7,nr,9.001e-11
9.3624999999999989,9.1068861888036778,7,nr,2.446e-15
9.375,9.0852472386317675,7,nr,8.588e-11
9.3874999999999993,9.0637012367548078,7,nr,6.472e-15
9.4000000000000004,9.0422483966977243,7,nr,9.081e-15
9.4124999999999996,9.0208889344565275,7,nr,2.153e-15
9.4249999999999989,8.9996230692744668,7,nr,1.006e-10
9.4375,8.9784510244373301,7,nr,1.996e-15
9.4499999999999993,8.9573730277683214,7,nr,9.938e-15
9.4625000000000004,8.9363893125531977,7,nr,1.189e-15
9.4749999999999996,8.9155001181496374,7,nr,6.374e-15
9.4874999999999989,8.894705690706898,7,nr,1.116e-10
9.5,8.8740062840148823,7,nr,6.350e-15
9.5124999999999993,8.8534021600041406,7,nr,8.889e-15
9.5250000000000004,8.8328935897337342,7,nr,2.362e-14
9.5374999999999996,8.8124808540331365,7,nr,1.150e-14
9.5499999999999989,8.7921642443009507,7,nr,1.155e-14
9.5625,8.7719440632948817,7,nr,2.065e-14
9.5749999999999993,8.7518206259386488,7,nr,8.562e-15
9.5875000000000004,8.7317942601472875,7,nr,2.442e-14
9.5999999999999996,8.7118653076728094,7,nr,1.045e-14
9.6125000000000007,8.6920341249717445,7,nr,1.734e-14
9.625,8.6723010840966328,7,nr,4.249e-14
9.6374999999999993,8.6526665736132191,7,nr,3.685e-14
9.6500000000000004,8.633130999545239,7,nr,3.109e-14
9.6624999999999996,8.6136947863491784,7,nr,1.811e-14
9.6750000000000007,8.5943583779206136,7,nr,3.428e-15
9.6875,8.5751222386347212,7,nr,1.050e-16
9.6999999999999993,8.5559868544230149,7,nr,9.205e-15
9.7125000000000004,8.5369527338887732,7,nr,3.572e-14
9.7249999999999996,8.5180204094636114,7,nr,5.843e-14
9.7375000000000007,8.4991904386075259,7,nr,4.954e-15
9.75,8.4804634050556604,7,nr,5.804e-15
9.7624999999999993,8.4618399201137517,7,nr,5.070e-14
9.7750000000000004,8.4433206240059135,7,nr,5.375e-14
9.7874999999999996,8.4249061872705706,7,nr,2.661e-11
9.8000000000000007,8.4065973122540658,7,nr,2.319e-14
9.8125,8.3883947345675196,7,nr,7.080e-14
9.8249999999999993,8.3702992247388703,7,nr,7.861e-15
9.8375000000000004,8.3523115898357503,7,nr,8.290e-14
9.8499999999999996,8.3344326751991442,7,nr,1.244e-14
9.8625000000000007,8.3166633662461553,7,nr,4.417e-14
9.875,8.2990045903529701,7,nr,3.554e-14
9.8874999999999993,8.2814573188208946,7,nr,2.856e-14
9.9000000000000004,8.2640225689309279,7,nr,2.924e-14
9.9124999999999996,8.2467014060899881,7,nr,4.703e-14
9.9250000000000007,8.2294949460743361,7,nr,3.782e-16
9.9375,8.2124043573736305,7,nr,1.167e-13
9.9499999999999993,8.1954308636413788,7,nr,6.524e-16
9.9625000000000004,8.1785757462551452,7,nr,6.623e-14
9.9749999999999996,8.1618403469925749,7,nr,6.316e-14
9.9875000000000007,8.145226070827233,7,nr,3.826e-15
10,8.1287343888486525,7,nr,4.410e-14
7.5375000000000005,14.984468004466862,8,nr,4.546e-13
7.5500000000000007,14.969181643400374,8,nr,6.745e-13
7.5625000000000009,14.955378947406521,8,nr,3.663e-16
7.5750000000000002,14.94306559236054,8,nr,8.534e-13
7.5875000000000004,14.932235199572714,8,nr,1.602e-16
7.6000000000000005,14.922867211949059,8,nr,1.389e-13
7.6125000000000007,14.914924791875009,8,nr,1.129e-15
7.6250000000000009,14.908352863509085,8,nr,2.303e-13
7.6375000000000002,14.903076449848825,8,nr,3.694e-13
7.6500000000000004,14.898999475669189,8,nr,1.940e-13
7.6625000000000005,14.896004215927986,8,nr,1.466e-16
7.6750000000000007,14.893951559435516,8,nr,2.068e-13
7.6875000000000009,14.892682224796385,8,nr,4.138e-13
7.7000000000000002,14.89201900778936,8,nr,7.383e-16
7.7125000000000004,14.891770058669763,8,nr,8.931e-17
7.7250000000000005,14.89173309175438,8,nr,6.028e-12
7.7375000000000007,14.89170033074889,8,nr,1.076e-13
7.7500000000000009,14.891463905741883,8,nr,7.439e-14
7.7625000000000002,14.890821360067035,8,nr,7.048e-14
7.7750000000000004,14.889580903690353,8,nr,3.586e-12
7.7875000000000005,14.887566075288023,8,nr,7.034e-16
7.8000000000000007,14.884619538279836,8,nr,4.673e-12
7.8125000000000009,14.880605829911875,8,nr,1.086e-13
7.8250000000000002,14.87541298795623,8,nr,5.609e-14
7.8375000000000004,14.868953081695237,8,nr,2.476e-16
7.8500000000000005,14.861161759603682,8,nr,2.519e-13
7.8625000000000007,14.851996984358019,8,nr,2.875e-13
7.8750000000000009,14.841437156893802,8,nr,1.735e-14
7.8875000000000002,14.82947883577315,8,nr,6.341e-16
7.9000000000000004,14.816134242535618,8,nr,4.697e-13
7.9125000000000005,14.801428714913305,8,nr,1.132e-12
7.9250000000000007,14.785398234697803,8,nr,2.302e-13
7.9375000000000009,14.768087121097597,8,nr,1.819e-16
7.9500000000000002,14.749545947472969,8,nr,5.210e-16
7.9625000000000004,14.729829711779516,8,nr,2.665e-16
7.9750000000000005,14.708996269376916,8,nr,1.168e-16
7.9875000000000007,14.687105021288652,8,nr,1.155e-11
8,14.664215840427863,8,nr,8.965e-16
8.0124999999999993,14.64038821285385,8,nr,1.567e-12
8.0250000000000004,14.615680567017412,8,nr,5.185e-12
8.0374999999999996,14.590149765096792,8,nr,3.850e-13
8.0499999999999989,14.563850730435341,8,nr,6.684e-16
8.0625,14.536836187501491,8,nr,1.548e-15
8.0749999999999993,14.50915649358614,8,nr,2.327e-16
8.0875000000000004,14.480859543791688,8,nr,1.794e-11
8.0999999999999996,14.451990733929868,8,nr,9.707e-16
8.1124999999999989,14.422592967706011,8,nr,3.468e-16
8.125,14.392706698205702,8,nr,1.972e-15
8.1374999999999993,14.362369993960479,8,nr,6.190e-16
8.1500000000000004,14.33161862295387,8,nr,7.891e-16
8.1624999999999996,14.300486148703271,8,nr,1.656e-11
8.1749999999999989,14.269004033815497,8,nr,1.093e-15
8.1875,14.237201747880503,8,nr,5.569e-15
8.1999999999999993,14.205106876394398,8,nr,1.357e-12
8.2125000000000004,14.172745229287477,8,nr,7.508e-16
8.2249999999999996,14.140140947212323,8,nr,2.914e-12
8.2374999999999989,14.107316604568954,8,nr,2.392e-15
8.25,14.074293308597024,8,nr,1.460e-15
8.2624999999999993,14.041090793926285,8,nr,2.041e-15
8.2750000000000004,14.007727512392691,8,nr,6.602e-15
8.2874999999999996,13.974220717927256,8,nr,1.917e-15
8.2999999999999989,13.940586546513448,8,nr,4.543e-16
8.3125,13.906840091274262,8,nr,3.625e-15
8.3249999999999993,13.872995472814964,8,nr,1.740e-15
8.3375000000000004,13.839065904990818,8,nr,1.426e-15
8.3499999999999996,13.805063756299937,8,nr,1.578e-12
8.3624999999999989,13.771000607110935,8,nr,4.263e-15
8.375,13.736887302973155,8,nr,1.573e-14
8.3874999999999993,13.702734004204704,8,nr,1.458e-14
8.4000000000000004,13.668550232021282,8,nr,8.007e-15
8.4124999999999996,13.634344911409231,8,nr,4.204e-15
8.4249999999999989,13.60012641097039,8,nr,9.400e-12
8.4375,13.565902579910624,8,nr,7.035e-15
8.4499999999999993,13.531680782473863,8,nr,1.991e-14
8.4625000000000004,13.497467929833718,8,nr,2.496e-14
8.4749999999999996,13.463270509792864,8,nr,1.663e-14
8.4874999999999989,13.429094614350088,8,nr,6.902e-15
8.5,13.394945965324299,8,nr,2.728e-15
8.5124999999999993,13.360829938173524,8,nr,1.371e-14
8.5250000000000004,13.326751584142885,8,nr,3.124e-14
8.5374999999999996,13.292715650865555,8,nr,3.224e-14
8.5499999999999989,13.258726601531349,8,nr,3.684e-15
8.5625,13.2247886327303,8,nr,4.652e-15
8.5749999999999993,13.190905691068847,8,nr,1.708e-16
8.5875000000000004,13.157081488650492,8,nr,4.727e-14
8.5999999999999996,13.123319517505001,8,nr,1.411e-14
8.6124999999999989,13.089623063043582,8,nr,6.854e-15
8.625,13.055995216612612,8,nr,2.323e-14
8.6374999999999993,13.022438887211493,8,nr,5.207e-14
8.6500000000000004,12.988956812436276,8,nr,8.121e-16
8.6624999999999996,12.955551568705314,8,nr,4.368e-15
8.6749999999999989,12.922225580819395,8,nr,5.651e-14
8.6875,12.888981130904197,8,nr,1.665e-15
8.6999999999999993,12.855820366779364,8,nr,7.457e-16
8.7125000000000004,12.822745309795863,8,nr,5.429e-14
8.7249999999999996,12.789757862178689,8,nr,1.892e-16
8.7374999999999989,12.756859813910662,8,nr,5.213e-14
8.75,12.724052849189098,8,nr,9.599e-17
8.7624999999999993,12.691338552485487,8,nr,3.412e-14
8.7750000000000004,12.658718414236063,8,nr,7.930e-15
8.7874999999999996,12.626193836188291,8,nr,3.658e-14
8.7999999999999989,12.593766136427593,8,nr,1.015e-14
8.8125,12.561436554105569,8,nr,4.081e-14
8.8249999999999993,12.529206253890763,8,nr,4.988e-17
8.8375000000000004,12.497076330159949,8,nr,6.688e-14
8.8499999999999996,12.465047810949693,8,nr,4.986e-12
8.8624999999999989,12.433121661673784,8,nr,2.237e-14
8.875,12.40129878865128,8,nr,4.392e-14
8.8874999999999993,12.369580042410611,8,nr,1.579e-14
8.9000000000000004,12.337966220830607,8,nr,2.793e-14
8.9124999999999996,12.306458072102149,8,nr,1.507e-14
8.9249999999999989,12.275056297532817,8,nr,7.040e-12
8.9375,12.243761554190746,8,nr,8.360e-16
8.9499999999999993,12.21257445743586,8,nr,4.025e-14
8.9625000000000004,12.181495583283768,8,nr,1.565e-14
8.9749999999999996,12.150525470674546,8,nr,1.376e-14
8.9874999999999989,12.11966462361576,8,nr,4.781e-16
9,12.088913513220284,8,nr,9.757e-15
9.0124999999999993,12.058272579643715,8,nr,1.552e-15
9.0250000000000004,12.027742233927782,8,nr,1.654e-14
9.0374999999999996,11.997322859755968,8,nr,2.171e-14
9.0499999999999989,11.967014815126864,8,nr,2.345e-14
9.0625,11.936818433950483,8,nr,9.783e-15
9.0749999999999993,11.906734027572719,8,nr,1.815e-14
9.0875000000000004,11.876761886232394,8,nr,1.169e-14
9.0999999999999996,11.846902280455406,8,nr,1.871e-14
9.1124999999999989,11.817155462390067,8,nr,1.421e-14
9.125,11.787521667087518,8,nr,1.682e-14
9.1374999999999993,11.758001113730895,8,nr,8.965e-15
9.1500000000000004,11.728594006816738,8,nr,2.563e-15
9.1624999999999996,11.699300537291878,8,nr,5.300e-15
9.1749999999999989,11.670120883652569,8,nr,1.662e-11
9.1875,11.641055212983225,8,nr,1.800e-15
9.1999999999999993,11.612103682014411,8,nr,1.997e-15
9.2125000000000004,11.583266438074586,8,nr,7.885e-15
9.2249999999999996,11.554543620066335,8,nr,1.209e-15
9.2374999999999989,11.525935359392552,8,nr,1.917e-14
9.25,11.4974417808606,8,nr,1.299e-14
9.2624999999999993,11.469063003562917,8,nr,1.900e-14
9.2750000000000004,11.440799141717727,8,nr,8.672e-11
9.2874999999999996,11.412650305601813,8,nr,2.904e-15
9.2999999999999989,11.384616602175933,8,nr,5.418e-11
9.3125,11.356698136142802,8,nr,3.478e-11
9.3249999999999993,11.328895010503306,8,nr,3.685e-11
9.3375000000000004,11.301207327529752,8,nr,1.057e-10
9.3499999999999996,11.27363518938766,8,nr,7.271e-11
9.3624999999999989,11.246178699017037,8,nr,7.275e-15
9.375,11.218837960851204,8,nr,3.266e-15
9.3874999999999993,11.191613081519391,8,nr,1.503e-15
9.4000000000000004,11.164504170674594,8,nr,1.131e-10
9.4124999999999996,11.137511341606016,8,nr,1.193e-14
9.4249999999999989,11.110634712226648,8,nr,1.138e-15
9.4375,11.083874405583101,8,nr,9.397e-15
9.4499999999999993,11.057230550728461,8,nr,3.045e-15
9.4625000000000004,11.030703283456317,8,nr,9.203e-15
9.4749999999999996,11.004292747065492,8,nr,3.366e-15
9.4874999999999989,10.977999093133107,8,nr,1.038e-14
9.5,10.951822482297771,8,nr,9.070e-16
9.5124999999999993,10.925763085054587,8,nr,6.555e-15
9.5250000000000004,10.8998210825517,8,nr,5.563e-11
9.5374999999999996,10.873996667474326,8,nr,7.807e-15
9.5499999999999989,10.848290044765942,8,nr,3.676e-15
9.5625,10.822701432608744,8,nr,2.254e-14
9.5749999999999993,10.797231063245185,8,nr,1.966e-14
9.5875000000000004,10.771879183894756,8,nr,1.976e-14
9.5999999999999996,10.746646057683982,8,nr,1.706e-14
9.6125000000000007,10.721531964603978,8,nr,1.309e-14
9.625,10.696537202497735,8,nr,1.481e-14
9.6374999999999993,10.671662088079557,8,nr,1.167e-14
9.6500000000000004,10.646906957989088,8,nr,4.464e-14
9.6624999999999996,10.622272169882589,8,nr,4.510e-14
9.6750000000000007,10.597758103564063,8,nr,5.930e-14
9.6875,10.573365162159059,8,nr,4.107e-14
9.6999999999999993,10.549093773334397,8,nr,1.013e-14
9.7125000000000004,10.524944390564299,8,nr,9.325e-12
9.7249999999999996,10.500917494461808,8,nr,7.814e-15
9.7375000000000007,10.477013594132982,8,nr,6.371e-14
9.75,10.453233228633989,8,nr,6.037e-14
9.7624999999999993,10.429576968458134,8,nr,1.326e-15
9.7750000000000004,10.406045417103428,8,nr,7.558e-15
9.7874999999999996,10.382639212708753,8,nr,1.099e-13
9.8000000000000007,10.359359029765736,8,nr,6.623e-15
9.8125,10.336205580911349,8,nr,1.726e-14
9.8249999999999993,10.313179618805265,8,nr,8.635e-14
9.8375000000000004,10.290281938097939,8,nr,9.860e-16
9.8499999999999996,10.267513377494989,8,nr,1.292e-13
9.8625000000000007,10.244874821910203,8,nr,4.731e-11
9.875,10.222367204801841,8,nr,1.221e-13
9.8874999999999993,10.199991510436222,8,nr,2.190e-13
9.9000000000000004,10.177748776521192,8,nr,1.282e-13
9.9124999999999996,10.155640096780809,8,nr,3.696e-15
9.9250000000000007,10.133666623741441,8,nr,6.670e-14
9.9375,10.111829571647361,8,nr,6.201e-14
9.9499999999999993,10.090130219529245,8,nr,4.356e-15
9.9625000000000004,10.068569914432038,8,nr,6.604e-14
9.9749999999999996,10.047150074812601,8,nr,8.779e-14
9.9875000000000007,10.025872194116006,8,nr,4.164e-15
10,10.004737844539914,8,nr,1.133e-12
8.0374999999999996,-9.5848162210007608,9,nr,1.170e-16
8.0499999999999989,-8.8109447178292672,9,nr,3.824e-13
8.0625,-8.1215945493491439,9,nr,7.289e-17
8.0749999999999993,-7.5049043523352088,9,nr,2.830e-17
8.0875000000000004,-6.9510233020173109,9,nr,2.225e-13
8.0999999999999996,-6.4517156124968214,9,nr,6.430e-17
8.1124999999999989,-6.0000529152039173,9,nr,4.962e-15
8.125,-5.5901728885079729,9,nr,6.567e-14
8.1374999999999993,-5.2170883195494175,9,nr,1.215e-16
8.1500000000000004,-4.8765349056134006,9,nr,5.527e-17
8.1624999999999996,-4.564849065822143,9,nr,1.791e-16
8.1749999999999989,-4.2788691861540942,9,nr,3.096e-15
8.1875,-4.0158552989558149,9,nr,1.353e-16
8.1999999999999993,-3.7734233665784478,9,nr,7.140e-15
8.2125000000000004,-3.5494912114201544,9,nr,1.677e-15
8.2249999999999996,-3.3422337918715304,9,nr,7.562e-17
8.2374999999999989,-3.1500460225431075,9,nr,2.742e-14
8.25,-2.971511718646624,9,nr,1.700e-16
8.2624999999999993,-2.8053775382090378,9,nr,1.409e-12
8.2750000000000004,-2.6505310237091062,9,nr,1.874e-16
8.2874999999999996,-2.5059820219707789,9,nr,8.344e-17
8.2999999999999989,-2.3708469016607361,9,nr,1.921e-16
8.3125,-2.2443350966038929,9,nr,1.483e-14
8.3249999999999993,-2.1257375915869905,9,nr,5.304e-18
8.3375000000000004,-2.0144170365706375,9,nr,1.759e-14
8.3499999999999996,-1.9097992313395415,9,nr,3.248e-15
8.3624999999999989,-1.8113657676749486,9,nr,9.945e-17
8.375,-1.7186476526489978,9,nr,1.131e-13
8.3874999999999993,-1.6312197663103332,9,nr,5.492e-17
8.4000000000000004,-1.5486960312454907,9,nr,1.552e-13
8.4124999999999996,-1.4707251914177875,9,nr,1.390e-16
8.4249999999999989,-1.3969871139479333,9,nr,8.879e-17
8.4375,-1.3271895411099184,9,nr,3.599e-17
8.4499999999999993,-1.2610652309180213,9,nr,4.979e-17
8.4625000000000004,-1.1983694340565569,9,nr,4.777e-13
8.4749999999999996,-1.1388776626674859,9,nr,3.538e-13
8.4874999999999989,-1.0823837129762557,9,nr,2.111e-16
8.5,-1.0286979092882773,9,nr,6.006e-13
8.5124999999999993,-0.97764554143878257,9,nr,1.181e-12
8.5250000000000004,-0.92906547165282671,9,nr,5.151e-13
8.5374999999999996,-0.88280889011774211,9,nr,1.583e-12
8.5499999999999989,-0.8387382014210053,9,nr,1.088e-12
8.5625,-0.79672602619268706,9,nr,1.146e-16
8.5749999999999993,-0.75665430460536198,9,nr,1.351e-16
8.5875000000000004,-0.71841348992717502,9,nr,2.277e-12
8.5999999999999996,-0.68190182191711068,9,nr,8.329e-17
8.6124999999999989,-0.64702467100777961,9,nr,4.073e-17
8.625,-0.61369394565127722,9,nr,2.846e-12
8.6374999999999993,-0.58182755576408807,9,nr,1.116e-16
8.6500000000000004,-0.55134892621166942,9,nr,4.885e-17
8.6624999999999996,-0.52218655522474511,9,nr,1.180e-16
8.6749999999999989,-0.4942736127889974,9,nr,2.139e-12
8.6875,-0.46754757503043981,9,nr,1.004e-11
8.6999999999999993,-0.44194989092330916,9,nr,4.181e-17
8.7125000000000004,-0.41742567779323364,9,nr,4.749e-17
8.7249999999999996,-0.3939234433006954,9,nr,7.146e-12
8.7374999999999989,-0.37139483078683189,9,nr,8.331e-17
8.75,-0.34979438583729666,9,nr,5.224e-13
8.7624999999999993,-0.32907934235220088,9,nr,8.792e-12
8.7750000000000004,-0.30920942593759532,9,nr,8.002e-12
8.7874999999999996,-0.29014667310384684,9,nr,8.445e-17
8.7999999999999989,-0.27185526495004469,9,nr,9.763e-17
8.8125,-0.25430137400375885,9,nr,1.018e-11
8.8249999999999993,-0.23745302302288285,9,nr,3.418e-16
8.8375000000000004,-0.22127995459846767,9,nr,3.773e-17
8.8499999999999996,-0.20575351106560699,9,nr,8.760e-17
8.8624999999999989,-0.19084652341080846,9,nr,1.433e-16
8.875,-0.17653320873723752,9,nr,3.227e-16
8.8874999999999993,-0.16278907552368804,9,nr,1.750e-15
8.9000000000000004,-0.14959083608163842,9,nr,1.141e-11
8.9124999999999996,-0.13691632575564616,9,nr,1.307e-15
8.9249999999999989,-0.12474442811848495,9,nr,6.460e-12
8.9375,-0.11305500618496943,9,nr,3.255e-15
8.9499999999999993,-0.10182883868402375,9,nr,2.349e-15
8.9625000000000004,-0.091047561493208598,9,nr,4.412e-16
8.9749999999999996,-0.080693613587959734,9,nr,5.797e-17
8.9874999999999989,-0.070750187333551082,9,nr,2.642e-16
9,-0.061201182779722987,9,nr,1.293e-15
9.0124999999999993,-0.052031165686798379,9,nr,8.984e-15
9.0250000000000004,-0.043225329021199792,9,nr,1.434e-14
9.0374999999999996,-0.03476945765669779,9,nr,2.155e-11
9.0499999999999989,-0.026649896147700726,9,nr,1.013e-14
9.0625,-0.018853519037552308,9,nr,1.324e-14
9.0749999999999993,-0.011367704000314062,9,nr,8.677e-15
9.1124999999999989,0.0093455494868556182,9,nr,1.401e-15
9.125,0.015706098488536716,9,nr,1.333e-14
9.1374999999999993,0.021812444163523303,9,nr,1.159e-13
9.1500000000000004,0.027674640649517447,9,nr,1.575e-13
9.1624999999999996,0.033302373458651863,9,nr,8.522e-14
9.1749999999999989,0.038704972979163255,9,nr,4.526e-14
9.1875,0.043891427000789823,9,nr,3.342e-14
9.1999999999999993,0.048870392391651779,9,nr,4.437e-14
9.2125000000000004,0.053650206039597595,9,nr,9.969e-14
9.2249999999999996,0.058238895161304677,9,nr,2.810e-13
9.2374999999999989,0.062644187071383889,9,nr,7.395e-13
9.25,0.066873518492138795,9,nr,8.489e-13
9.2624999999999993,0.070934044480221878,9,nr,2.835e-13
9.2750000000000004,0.074832647019438023,9,nr,1.798e-16
9.2874999999999996,0.078575943347734614,9,nr,4.091e-13
9.2999999999999989,0.082170294048011461,9,nr,2.189e-12
9.3125,0.085621810950011659,9,nr,2.304e-13
9.3249999999999993,0.088936364853066774,9,nr,2.773e-13
9.3375000000000004,0.092119593115664408,9,nr,3.820e-12
9.3499999999999996,0.095176907113093692,9,nr,1.247e-14
9.3624999999999989,0.098113499562869563,9,nr,2.986e-12
9.375,0.10093435175468604,9,nr,1.581e-12
9.3874999999999993,0.10364424066944786,9,nr,1.566e-12
9.4000000000000004,0.10624774597211749,9,nr,4.207e-12
9.4124999999999996,0.10874925692410724,9,nr,1.697e-12
9.4249999999999989,0.11115297914682103,9,nr,5.008e-12
9.4375,0.11346294130772165,9,nr,4.600e-12
9.4499999999999993,0.11568300163653666,9,nr,2.026e-12
9.4625000000000004,0.11781685436494413,9,nr,1.695e-11
9.4749999999999996,0.11986803596762374,9,nr,8.433e-16
9.4874999999999989,0.1218399313354912,9,nr,2.507e-11
9.5,0.12373577975278921,9,nr,5.376e-12
9.5124999999999993,0.12555868070145551,9,nr,2.570e-12
9.5250000000000004,0.12731159958854299,9,nr,4.789e-11
9.5374999999999996,0.1289973732722422,9,nr,3.779e-12
9.5499999999999989,0.13061871535391598,9,nr,5.094e-12
9.5625,0.13217822144781857,9,nr,6.998e-11
9.5749999999999993,0.13367837421196183,9,nr,1.446e-11
9.5875000000000004,0.13512154811493013,9,nr,7.758e-14
9.5999999999999996,0.13651001424214201,9,nr,6.406e-11
9.6125000000000007,0.13784594480719389,9,nr,8.769e-11
9.625,0.13913141739237811,9,nr,5.718e-12
9.6374999999999993,0.14036841934321764,9,nr,3.019e-12
9.6500000000000004,0.14155885164392437,9,nr,1.088e-10
9.6624999999999996,0.14270453293557869,9,nr,1.623e-10
9.6750000000000007,0.14380720301226296,9,nr,2.722e-11
9.6875,0.14486852669376379,9,nr,7.591e-15
9.6999999999999993,0.14589009701768829,9,nr,5.186e-11
9.7125000000000004,0.14687343864526772,9,nr,2.332e-10
9.7249999999999996,0.14782001084053925,9,nr,2.437e-10
9.7375000000000007,0.1487312106476418,9,nr,5.622e-11
9.75,0.14960837570617924,9,nr,8.925e-13
9.7624999999999993,0.15045278692357694,9,nr,1.452e-11
9.7750000000000004,0.15126567112410252,9,nr,1.995e-10
9.7874999999999996,0.15204820363349814,9,nr,8.430e-11
9.8000000000000007,0.15280151043631859,9,nr,1.430e-10
9.8125,0.15352667077636237,9,nr,1.553e-10
9.8249999999999993,0.15422471896795908,9,nr,1.935e-11
9.8375000000000004,0.15489664676760134,9,nr,8.652e-15
9.8499999999999996,0.1555434051528865,9,nr,4.093e-11
9.8625000000000007,0.1561659062551323,9,nr,2.876e-10
9.875,0.15676502522066385,9,nr,3.512e-16
9.8874999999999993,0.15734160172038342,9,nr,6.215e-16
9.9000000000000004,0.15789644177849216,9,nr,9.516e-15
9.9124999999999996,0.15843031923180223,9,nr,3.371e-10
9.9250000000000007,0.15894397710929767,9,nr,1.016e-10
9.9375,0.15943812923728096,9,nr,1.145e-11
9.9499999999999993,0.15991346139896465,9,nr,8.433e-15
9.9625000000000004,0.16037063265876048,9,nr,2.384e-11
9.9749999999999996,0.1608102765687473,9,nr,2.018e-10
9.9875000000000007,0.16123300237931834,9,nr,2.305e-10
10,0.16163939594698135,9,nr,2.146e-15
8.8874999999999993,14.99353888406293,10,nr,1.946e-15
8.9000000000000004,14.954564708683526,10,nr,1.647e-15
8.9124999999999996,14.915726658135457,10,nr,6.102e-15
8.9249999999999989,14.877025292625191,10,nr,3.923e-14
8.9375,14.838461127502352,10,nr,2.004e-14
8.9499999999999993,14.800034635898266,10,nr,2.733e-12
8.9625000000000004,14.761746251219854,10,nr,4.170e-14
8.9749999999999996,14.723596369522252,10,nr,1.057e-14
8.9874999999999989,14.685585351744811,10,nr,1.688e-14
9,14.647713525842924,10,nr,4.049e-14
9.0124999999999993,14.609981188805476,10,nr,1.168e-11
9.0250000000000004,14.572388608589865,10,nr,3.252e-14
9.0374999999999996,14.534936025943313,10,nr,9.342e-11
9.0499999999999989,14.497623656060521,10,nr,2.231e-14
9.0625,14.460451690448284,10,nr,1.246e-15
9.0749999999999993,14.423420298289805,10,nr,4.591e-15
9.0875000000000004,14.386529628065393,10,nr,3.786e-15
9.0999999999999996,14.349779808974597,10,nr,9.777e-15
9.1124999999999989,14.313170952318162,10,nr,1.774e-14
9.125,14.27670315282216,10,nr,1.893e-15
9.1374999999999993,14.240376489899798,10,nr,3.775e-11
9.1500000000000004,14.204191028913547,10,nr,1.212e-15
9.1624999999999996,14.168146822264108,10,nr,7.480e-15
9.1749999999999989,14.132243910604744,10,nr,6.774e-15
9.1875,14.096482323888818,10,nr,3.849e-15
9.1999999999999993,14.06086208243083,10,nr,6.545e-15
9.2125000000000004,14.025383197949189,10,nr,1.135e-10
9.2249999999999996,13.990045674429863,10,nr,1.551e-12
9.2374999999999989,13.954849509310661,10,nr,8.383e-11
9.25,13.919794694234351,10,nr,1.160e-10
9.2624999999999993,13.884881216012992,10,nr,2.905e-11
9.2750000000000004,13.850109057452821,10,nr,2.868e-12
9.2874999999999996,13.815478198318964,10,nr,2.939e-11
9.2999999999999989,13.780988616123583,10,nr,4.860e-11
9.3125,13.74664028695954,10,nr,1.452e-11
9.3249999999999993,13.712433186344155,10,nr,4.354e-11
9.3375000000000004,13.678367290011558,10,nr,8.827e-11
9.3499999999999996,13.644442574720781,10,nr,2.258e-11
9.3624999999999989,13.610659018979192,10,nr,5.074e-15
9.375,13.577016603915869,10,nr,1.978e-14
9.3874999999999993,13.543515314024193,10,nr,1.768e-15
9.4000000000000004,13.510155137950418,10,nr,8.061e-11
9.4124999999999996,13.47693606918927,10,nr,8.753e-16
9.4249999999999989,13.443858107032078,10,nr,1.722e-14
9.4375,13.410921257176344,10,nr,2.758e-15
9.4499999999999993,13.37812553259633,10,nr,1.204e-14
9.4625000000000004,13.34547095431769,10,nr,9.672e-16
9.4749999999999996,13.312957552217748,10,nr,2.188e-14
9.4874999999999989,13.280585365835918,10,nr,3.580e-16
9.5,13.248354445196487,10,nr,1.099e-16
9.5124999999999993,13.216264851645402,10,nr,2.564e-14
9.5250000000000004,13.184316658703265,10,nr,1.606e-14
9.5374999999999996,13.152509952936443,10,nr,6.468e-15
9.5499999999999989,13.120844834848473,10,nr,1.067e-14
9.5625,13.08932141979391,10,nr,1.811e-14
9.5749999999999993,13.057939838916864,10,nr,3.389e-14
9.5875000000000004,13.026700240116552,10,nr,1.025e-14
9.5999999999999996,12.995602789042445,10,nr,1.415e-14
9.6125000000000007,12.964647670121233,10,nr,1.501e-15
9.625,12.933835087618631,10,nr,2.565e-15
9.6374999999999993,12.903165266738563,10,nr,2.492e-14
9.6500000000000004,12.872638454762722,10,nr,4.593e-14
9.6624999999999996,12.842254922233556,10,nr,6.007e-14
9.6750000000000007,12.812014964183978,10,nr,3.273e-14
9.6875,12.781918901416926,10,nr,3.138e-14
9.6999999999999993,12.75196708183873,10,nr,4.209e-14
9.7125000000000004,12.722159881849796,10,nr,5.026e-14
9.7249999999999996,12.692497707796688,10,nr,9.364e-14
9.7375000000000007,12.662980997489639,10,nr,7.123e-14
9.75,12.6336102217905,10,nr,4.805e-14
9.7624999999999993,12.604385886275097,10,nr,1.812e-14
9.7750000000000004,12.575308532975585,10,nr,1.625e-14
9.7874999999999996,12.546378742207901,10,nr,3.681e-14
9.8000000000000007,12.517597134490019,10,nr,1.166e-13
9.8125,12.488964372556763,10,nr,2.434e-14
9.8249999999999993,12.460481163478232,10,nr,6.531e-15
9.8375000000000004,12.43214826088755,10,nr,8.699e-14
9.8499999999999996,12.403966467326219,10,nr,3.645e-14
9.8625000000000007,12.3759366367137,10,nr,4.855e-15
9.875,12.348059676950525,10,nr,1.098e-13
9.8874999999999993,12.320336552662184,10,nr,9.004e-15
9.9000000000000004,12.292768288094546,10,nr,1.289e-13
9.9124999999999996,12.265355970168862,10,nr,1.549e-14
9.9250000000000007,12.238100751708666,10,nr,1.017e-13
9.9375,12.211003854847572,10,nr,1.795e-14
9.9499999999999993,12.18406657463175,10,nr,3.083e-14
9.9625000000000004,12.157290282827629,10,nr,1.220e-13
9.9749999999999996,12.130676431949841,10,nr,1.444e-14
9.9875000000000007,12.10422655952164,10,nr,3.288e-14
10,12.077942292584485,10,nr,1.291e-13
9.7624999999999993,14.98627951614298,11,nr,2.639e-14
9.7750000000000004,14.951124095577754,11,nr,6.927e-15
9.7874999999999996,14.916140269232969,11,nr,6.889e-15
9.8000000000000007,14.881328581738279,11,nr,6.649e-15
9.8125,14.846689623426821,11,nr,4.627e-14
9.8249999999999993,14.812224032651427,11,nr,1.081e-13
9.8375000000000004,14.777932498227573,11,nr,1.299e-13
9.8499999999999996,14.743815762011225,11,nr,5.491e-14
9.8625000000000007,14.709874621608982,11,nr,4.908e-11
9.875,14.676109933320314,11,nr,1.751e-14
9.8874999999999993,14.642522615049979,11,nr,1.387e-13
9.9000000000000004,14.609113649657372,11,nr,3.169e-14
9.9124999999999996,14.575884088300016,11,nr,6.310e-15
9.9250000000000007,14.542835054056415,11,nr,1.547e-13
9.9375,14.509967745751371,11,nr,3.102e-12
9.9499999999999993,14.477283442018038,11,nr,1.338e-13
9.9625000000000004,14.444783505606221,11,nr,4.407e-11
9.9749999999999996,14.412469387894754,11,nr,1.377e-13
9.9875000000000007,14.380342633869484,11,nr,2.513e-15
10,14.348404887147563,11,nr,9.449e-14
0.78749999999999998,14.736706721079317,1,sr,5.919e-12
0.80000000000000004,14.263667473154262,1,sr,1.206e-12
0.8125,13.81326158332778,1,sr,1.688e-12
0.82499999999999996,13.384122770072496,1,sr,6.860e-13
0.83750000000000002,12.974985624745713,1,sr,0.000e+00
0.84999999999999998,12.584676796037492,1,sr,1.224e-13
0.86250000000000004,12.212107061906673,1,sr,6.501e-16
0.875,11.856264188286271,1,sr,5.049e-12
0.88749999999999996,11.516206486559476,1,sr,5.499e-12
0.90000000000000002,11.191056992596865,1,sr,1.107e-11
0.91249999999999998,10.879998199847549,1,sr,1.881e-15
0.92500000000000004,10.582267286741939,1,sr,9.392e-16
0.9375,10.297151786351288,1,sr,1.545e-15
0.94999999999999996,10.023985651714895,1,sr,1.056e-12
0.96250000000000002,9.7621456762077354,1,sr,1.516e-16
0.97499999999999998,9.5110482326616825,1,sr,2.407e-15
0.98750000000000004,9.2701462992156927,1,sr,1.154e-12
1,9.0389267433471936,1,sr,1.252e-12
1.0125,8.816907838802992,1,sr,1.911e-15
1.0249999999999999,8.6036369927601566,1,sr,1.818e-12
1.0375000000000001,8.3986886631848492,1,sr,1.771e-12
1.05,8.2016624482793112,1,sr,1.869e-15
1.0625,8.0121813319852624,1,sr,1.428e-15
1.075,7.8298900711029775,1,sr,2.268e-14
1.0874999999999999,7.654453711056199,1,sr,4.839e-13
1.1000000000000001,7.4855562186887159,1,sr,1.734e-11
1.1125,7.3228992217550539,1,sr,3.216e-12
1.125,7.1662008452999508,1,sr,1.517e-15
1.1375,7.0151946370710494,1,sr,3.730e-12
1.1499999999999999,6.8696285736878036,1,sr,2.725e-13
1.1625000000000001,6.729264141035987,1,sr,9.223e-13
1.175,6.5938754823998496,1,sr,1.821e-12
1.1875,6.4632486088087724,1,sr,3.185e-12
1.2,6.3371806663712125,1,sr,5.307e-16
1.2125000000000001,6.2154792559056045,1,sr,1.303e-11
1.2250000000000001,6.0979618008070133,1,sr,3.832e-12
1.2375,5.9844549588917362,1,sr,6.230e-13
1.25,5.8747940752372685,1,sr,1.056e-13
1.2625,5.7688226723801872,1,sr,2.254e-12
1.2750000000000001,5.6663919751687679,1,sr,2.429e-15
1.2875000000000001,5.5673604675104507,1,sr,5.082e-16
1.3,5.4715934786685416,1,sr,1.010e-15
1.3125,5.3789627967817903,1,sr,2.034e-12
1.325,5.2893463076402636,1,sr,9.896e-13
1.3375000000000001,5.2026276567779792,1,sr,4.910e-12
1.3500000000000001,5.1186959332710691,1,sr,2.972e-12
1.3625,5.0374453735203284,1,sr,7.353e-16
1.375,4.9587750837137552,1,sr,2.842e-12
1.3875,4.8825887795820009,1,sr,5.310e-12
1.4000000000000001,4.8087945421844802,1,sr,2.884e-12
1.4125000000000001,4.737304588645757,1,sr,4.787e-16
1.425,4.6680350568100559,1,sr,5.103e-12
1.4375,4.6009058028735712,1,sr,1.183e-16
1.45,4.5358402109652811,1,sr,8.305e-16
1.4625000000000001,4.4727650141086732,1,sr,5.781e-12
1.4750000000000001,4.411610125619176,1,sr,9.295e-16
1.4875,4.3523084802246581,1,sr,8.085e-16
1.5,4.294795884472161,1,sr,1.501e-13
1.5125,4.2390108755733262,1,sr,2.528e-12
1.5250000000000001,4.1848945883046138,1,sr,4.391e-14
1.5375000000000001,4.1323906293372765,1,sr,0.000e+00
1.55,4.081444958630839,1,sr,2.243e-16
1.5625,4.0320057773410118,1,sr,1.783e-15
1.575,3.9840234218903485,1,sr,2.670e-12
1.5875000000000001,3.9374502638212592,1,sr,4.406e-16
1.6000000000000001,3.8922406150062372,1,sr,0.000e+00
1.6125,3.8483506379952366,1,sr,5.516e-12
1.625,3.8057382611213089,1,sr,2.163e-16
1.6375,3.7643630979971108,1,sr,1.425e-12
1.6500000000000001,3.724186371366919,1,sr,2.167e-12
1.6625000000000001,3.6851708408170762,1,sr,1.330e-11
1.675,3.6472807341436435,1,sr,1.056e-16
1.6875,3.6104816825035622,1,sr,1.259e-15
1.7,3.5747406584889845,1,sr,2.944e-13
1.7125000000000001,3.5400259175842197,1,sr,3.462e-13
1.7250000000000001,3.5063069424349362,1,sr,1.030e-16
1.7375,3.4735543899003511,1,sr,5.311e-12
1.75,3.4417400407326717,1,sr,3.053e-16
1.7625,3.4108367516125875,1,sr,3.035e-16
1.7750000000000001,3.3808184096338754,1,sr,9.048e-16
1.7875000000000001,3.351659888865087,1,sr,0.000e+00
1.8,3.3233370090027985,1,sr,6.441e-12
1.8125,3.2958264960119132,1,sr,3.947e-16
1.825,3.2691059444659092,1,sr,2.845e-12
1.8375000000000001,3.2431537818027176,1,sr,7.218e-12
1.8500000000000001,3.2179492340746241,1,sr,7.831e-12
1.8625,3.19347229327663,1,sr,6.038e-12
1.875,3.1697036861474475,1,sr,4.166e-13
1.8875,3.1466248443115767,1,sr,4.751e-16
1.9000000000000001,3.1242178757635255,1,sr,2.353e-12
1.9125000000000001,3.1024655375336034,1,sr,7.588e-16
1.925,3.0813512094851481,1,sr,6.527e-16
1.9375,3.0608588692550689,1,sr,2.779e-16
1.95,3.040973068164659,1,sr,1.841e-16
1.9625000000000001,3.0216789081088264,1,sr,2.744e-16
1.9750000000000001,3.0029620193317754,1,sr,7.943e-12
1.9875,2.9848085391155927,1,sr,1.836e-13
2,2.9672050910937551,1,sr,4.487e-16
2.0125000000000002,2.9501387655480271,1,sr,1.420e-11
2.0250000000000004,2.9335971001031469,1,sr,5.494e-12
2.0375000000000001,2.917568061472875,1,sr,8.405e-12
2.0500000000000003,2.9020400273406159,1,sr,1.400e-15
2.0625000000000004,2.8870017690778118,1,sr,6.084e-16
2.0750000000000002,2.8724424349777782,1,sr,3.629e-16
2.0875000000000004,2.8583515338358851,1,sr,6.428e-12
2.1000000000000001,2.844718919083268,1,sr,3.661e-13
2.1125000000000003,2.8315347731598237,1,sr,0.000e+00
2.1250000000000004,2.8187895924176778,1,sr,4.325e-12
2.1375000000000002,2.8064741722477757,1,sr,4.183e-16
2.1500000000000004,2.7945795924361412,1,sr,7.465e-13
2.1625000000000001,2.7830972028856813,1,sr,6.941e-12
2.1750000000000003,2.7720186094958392,1,sr,5.746e-16
2.1875000000000004,2.7613356601191836,1,sr,3.263e-16
2.2000000000000002,2.7510404308513094,1,sr,1.621e-16
2.2125000000000004,2.7411252122766436,1,sr,3.223e-16
2.2250000000000001,2.7315824958559927,1,sr,1.601e-16
2.2375000000000003,2.7224049603512865,1,sr,0.000e+00
2.2500000000000004,2.7135854582611492,1,sr,4.663e-12
2.2625000000000002,2.7051170023091138,1,sr,1.056e-11
2.2750000000000004,2.6969927516780432,1,sr,3.317e-16
2.2875000000000001,2.6892059985887005,1,sr,1.912e-12
2.3000000000000003,2.6817501543530162,1,sr,6.177e-16
2.3125000000000004,2.6746187355750921,1,sr,5.104e-13
2.3250000000000002,2.6678053501722299,1,sr,6.116e-12
2.3375000000000004,2.6613036832712278,1,sr,4.552e-16
2.3500000000000001,2.6551074828429302,1,sr,8.457e-12
2.3625000000000003,2.649210545270746,1,sr,1.655e-12
2.3750000000000004,2.6436067008249853,1,sr,3.685e-12
2.3875000000000002,2.6382897987217988,1,sr,4.495e-12
2.4000000000000004,2.6332536922205421,1,sr,4.454e-12
2.4125000000000005,2.6284922234824464,1,sr,3.709e-12
2.4250000000000003,2.6239992082978412,1,sr,2.076e-12
2.4375000000000004,2.6197684206930951,1,sr,1.527e-13
2.4500000000000002,2.6157935774527776,1,sr,4.335e-16
2.4625000000000004,2.6120683226085362,1,sr,4.673e-16
2.4750000000000005,2.6085862119116157,1,sr,2.893e-12
2.4875000000000003,2.6053406974187467,1,sr,3.560e-17
2.5000000000000004,2.602325112138975,1,sr,2.481e-16
2.5125000000000002,2.5995326550152393,1,sr,4.465e-13
2.5250000000000004,2.5969563761580874,1,sr,2.078e-16
2.5375000000000005,2.5945891625372024,1,sr,3.229e-13
2.5500000000000003,2.5924237242522965,1,sr,1.393e-16
2.5625000000000004,2.5904525814851085,1,sr,3.975e-16
2.5750000000000002,2.5886680523205032,1,sr,1.858e-12
2.5875000000000004,2.5870622415998286,1,sr,1.722e-16
2.6000000000000005,2.585627030921672,1,sr,6.864e-17
2.6125000000000003,2.5843540700998187,1,sr,5.158e-13
2.6250000000000004,2.5832347701527261,1,sr,1.992e-12
2.6375000000000002,2.5822602981111871,1,sr,1.700e-16
2.6500000000000004,2.581421573779318,1,sr,4.407e-16
2.6625000000000005,2.5807092687646311,1,sr,1.123e-16
2.6750000000000003,2.5801138078752199,1,sr,5.068e-12
2.6875000000000004,2.5796253730854679,1,sr,1.249e-13
2.7000000000000002,2.5792339104453417,1,sr,4.003e-13
2.7125000000000004,2.5789291397416232,1,sr,6.114e-13
2.7250000000000005,2.5787005674124406,1,sr,7.199e-13
2.7375000000000003,2.5785375026121122,1,sr,7.457e-13
2.7500000000000004,2.5784290765718967,1,sr,7.175e-13
2.7625000000000002,2.5783642652786574,1,sr,6.575e-13
2.7750000000000004,2.5783319154557316,1,sr,5.820e-13
2.7875000000000005,2.5783207737773717,1,sr,5.013e-13
2.8000000000000003,2.5783195191912514,1,sr,4.219e-13
2.8125000000000004,2.578316798163744,1,sr,3.479e-13
2.8250000000000002,2.5783012626015624,1,sr,2.808e-13
2.8375000000000004,2.5782616101423281,1,sr,2.198e-13
2.8500000000000005,2.5781866264476174,1,sr,1.653e-13
2.8625000000000003,2.5780652290768762,1,sr,1.134e-13
2.8750000000000004,2.5778865124711343,1,sr,6.273e-14
2.8875000000000002,2.5776397935337765,1,sr,1.181e-14
2.9000000000000004,2.5773146572630452,1,sr,2.756e-16
2.9125000000000005,2.5769010018699525,1,sr,8.425e-17
2.9250000000000003,2.5763890828046692,1,sr,1.858e-16
2.9375000000000004,2.5757695551190722,1,sr,1.110e-16
2.9500000000000002,2.5750335136090494,1,sr,7.354e-14
2.9625000000000004,2.5741725302087426,1,sr,4.884e-14
2.9750000000000005,2.5731786881545835,1,sr,1.428e-13
2.9875000000000003,2.5720446124824465,1,sr,5.490e-16
3.0000000000000004,2.5707634964749233,1,sr,1.144e-11
3.0125000000000002,2.5693291239067952,1,sr,3.205e-14
3.0250000000000004,2.5677358864114104,1,sr,1.308e-13
3.0375000000000005,2.5659787966119363,1,sr,7.964e-12
3.0500000000000003,2.5640534960828956,1,sr,3.353e-14
3.0625000000000004,2.5619562589478271,1,sr,6.820e-12
3.0750000000000002,2.5596839904513282,1,sr,1.314e-15
3.0875000000000004,2.5572342214768895,1,sr,6.827e-14
3.1000000000000005,2.5546050984910402,1,sr,5.716e-14
3.1125000000000003,2.5517953697466762,1,sr,4.510e-14
3.1250000000000004,2.5488043677848746,1,sr,5.539e-12
3.1375000000000002,2.5456319887649617,1,sr,1.952e-14
3.1500000000000004,2.5422786688003511,1,sr,1.205e-13
3.1625000000000005,2.5387453580525361,1,sr,3.431e-12
3.1750000000000003,2.5350334926226932,1,sr,1.110e-16
3.1875000000000004,2.5311449649814315,1,sr,7.058e-14
3.2000000000000002,2.527082093069267,1,sr,1.210e-13
3.2125000000000004,2.5228475886671173,1,sr,3.769e-17
3.2250000000000005,2.5184445252811427,1,sr,3.035e-16
3.2375000000000003,2.5138763059231701,1,sr,4.714e-16
3.2500000000000004,2.5091466310850601,1,sr,2.306e-16
3.2625000000000002,2.5042594671864467,1,sr,7.736e-17
3.2750000000000004,2.4992190157373715,1,sr,1.557e-16
3.2875000000000005,2.4940296834251403,1,sr,3.136e-16
3.3000000000000003,2.4886960533013016,1,sr,8.751e-16
3.3125000000000004,2.4832228572126462,1,sr,8.738e-16
3.3250000000000002,2.477614949589674,1,sr,3.999e-16
3.3375000000000004,2.4718772826790381,1,sr,1.039e-12
3.3500000000000005,2.4660148832701827,1,sr,6.114e-13
3.3625000000000003,2.4600328309749915,1,sr,2.285e-15
3.3750000000000004,2.4539362380435756,1,sr,8.214e-16
3.3875000000000002,2.4477302307326778,1,sr,2.481e-16
3.4000000000000004,2.4414199322082473,1,sr,1.942e-12
3.4125000000000005,2.4350104469256619,1,sr,5.970e-16
3.4250000000000003,2.4285068464969362,1,sr,4.217e-16
3.4375000000000004,2.4219141569133011,1,sr,4.010e-12
3.4500000000000002,2.4152373471132171,1,sr,1.667e-13
3.4625000000000004,2.4084813188765146,1,sr,5.161e-16
3.4750000000000005,2.4016508978401809,1,sr,5.075e-12
3.4875000000000003,2.3947508256779941,1,sr,3.485e-16
3.5000000000000004,2.3877857533976132,1,sr,5.260e-16
3.5125000000000002,2.3807602355193636,1,sr,2.384e-12
3.5250000000000004,2.3736787252381366,1,sr,1.775e-16
3.5375000000000005,2.3665455704413136,1,sr,7.961e-12
3.5500000000000003,2.3593650104107073,1,sr,1.174e-15
3.5625000000000004,2.3521411734033153,1,sr,1.257e-11
3.5750000000000002,2.3448780746147819,1,sr,1.717e-11
3.5875000000000004,2.3375796151327513,1,sr,4.574e-16
3.6000000000000005,2.330249580883097,1,sr,6.034e-13
3.6125000000000003,2.3228916425673702,1,sr,1.018e-15
3.6250000000000004,2.3155093557180408,1,sr,2.621e-12
3.6375000000000002,2.3081061612180669,1,sr,7.488e-16
3.6500000000000004,2.3006853861875065,1,sr,5.065e-12
3.6625000000000005,2.2932502450887435,1,sr,6.624e-16
3.6750000000000003,2.2858038411975889,1,sr,7.548e-12
3.6875000000000004,2.2783491681582024,1,sr,9.564e-17
3.7000000000000002,2.2708891119019392,1,sr,1.006e-11
3.7125000000000004,2.2634264525275243,1,sr,3.104e-16
3.7250000000000005,2.255963866551645,1,sr,1.285e-11
3.7375000000000003,2.2485039290103934,1,sr,9.760e-17
3.7500000000000004,2.2410491159477575,1,sr,1.632e-11
3.7625000000000002,2.2336018066495278,1,sr,4.927e-16
3.7750000000000004,2.2261642862977564,1,sr,2.105e-11
3.7875000000000005,2.2187387482592835,1,sr,1.989e-16
3.8000000000000003,2.2113272968552189,1,sr,2.769e-11
3.8125000000000004,2.2039319496338758,1,sr,1.104e-15
3.8250000000000002,2.1965546401734581,1,sr,3.394e-11
3.8375000000000004,2.1891972205254384,1,sr,5.061e-16
3.8500000000000005,2.1818614635833318,1,sr,2.485e-11
3.8625000000000003,2.1745490658917812,1,sr,2.551e-16
3.8750000000000004,2.1672616498188586,1,sr,1.621e-11
3.8875000000000002,2.1600007662465388,1,sr,4.114e-16
3.9000000000000004,2.1527678967778003,1,sr,5.162e-16
3.9125000000000005,2.1455644562285499,1,sr,1.049e-11
3.9250000000000003,2.1383917948520095,1,sr,7.801e-16
3.9375000000000004,2.1312512007066116,1,sr,3.950e-11
3.9500000000000002,2.1241439016759736,1,sr,3.142e-16
3.9625000000000004,2.1170710679066596,1,sr,1.023e-11
3.9750000000000005,2.1100338136890144,1,sr,5.530e-14
3.9875000000000003,2.1030331995695586,1,sr,8.990e-16
4,2.0960702344065036,1,sr,3.649e-11
4.0125000000000002,2.0891458771675491,1,sr,5.853e-16
4.0250000000000004,2.0822610390366809,1,sr,1.520e-12
4.0375000000000005,2.0754165850315336,1,sr,8.003e-12
4.0500000000000007,2.0686133358514724,1,sr,1.717e-15
4.0625,2.0618520696215232,1,sr,9.310e-12
4.0750000000000002,2.055133523529669,1,sr,9.757e-13
4.0875000000000004,2.0484583954025819,1,sr,1.082e-16
4.1000000000000005,2.0418273453088407,1,sr,8.892e-12
4.1125000000000007,2.0352409970556082,1,sr,3.179e-12
4.125,2.0286999395902141,1,sr,2.614e-15
4.1375000000000002,2.0222047284675928,1,sr,5.457e-17
4.1500000000000004,2.015755887174798,1,sr,2.580e-11
4.1625000000000005,2.0093539083810108,1,sr,3.288e-16
4.1750000000000007,2.0029992553320808,1,sr,3.843e-16
4.1875,1.9966923629187689,1,sr,1.516e-11
4.2000000000000002,1.9904336389597648,1,sr,9.983e-12
4.2125000000000004,1.984223465210432,1,sr,4.691e-16
4.2250000000000005,1.978062198578699,1,sr,2.211e-16
4.2375000000000007,1.9719501720760577,1,sr,7.004e-12
4.25,1.9658876958922751,1,sr,3.401e-11
4.2625000000000002,1.9598750582273798,1,sr,2.259e-11
4.2750000000000004,1.9539125264852246,1,sr,1.973e-15
4.2875000000000005,1.9480003478703352,1,sr,4.451e-16
4.3000000000000007,1.9421387504472876,1,sr,7.943e-12
4.3125,1.9363279438946075,1,sr,4.501e-11
4.3250000000000002,1.930568120390771,1,sr,1.508e-11
4.3375000000000004,1.9248594551557456,1,sr,2.080e-11
4.3500000000000005,1.9192021075079253,1,sr,6.150e-16
4.3625000000000007,1.9135962212954476,1,sr,1.818e-16
4.375,1.9080419257334931,1,sr,1.330e-15
4.3875000000000002,1.9025393360006531,1,sr,1.335e-15
4.4000000000000004,1.8970885538629989,1,sr,2.849e-11
4.4125000000000005,1.8916896683220601,1,sr,4.433e-11
4.4250000000000007,1.8863427561847705,1,sr,4.697e-11
4.4375,1.8810478824528434,1,sr,3.164e-11
4.4500000000000002,1.8758051011461192,1,sr,1.984e-11
4.4625000000000004,1.8706144556137829,1,sr,1.186e-11
4.4750000000000005,1.8654759790748217,1,sr,7.066e-12
4.4875000000000007,1.8603896950883823,1,sr,4.567e-12
4.5,1.8553556180046511,1,sr,3.557e-12
4.5125000000000002,1.850373753396948,1,sr,3.570e-12
4.5250000000000004,1.845444098475679,1,sr,4.438e-12
4.5375000000000005,1.8405666424848282,1,sr,6.146e-12
4.5500000000000007,1.8357413670816312,1,sr,8.619e-12
4.5625,1.8309682467000552,1,sr,1.153e-11
4.5750000000000002,1.8262472488986818,1,sr,1.424e-11
4.5875000000000004,1.8215783346935466,1,sr,1.591e-11
4.6000000000000005,1.8169614588764353,1,sr,1.574e-11
4.6125000000000007,1.8123965703191087,1,sr,1.337e-11
4.625,1.8078836122568371,1,sr,7.068e-12
4.6375000000000002,1.803422522598938,1,sr,3.852e-13
4.6500000000000004,1.7990132341315499,1,sr,6.776e-13
4.6625000000000005,1.7946556748223714,1,sr,5.750e-14
4.6750000000000007,1.7903497680420926,1,sr,2.577e-12
4.6875,1.7860954328012673,1,sr,3.130e-11
4.7000000000000002,1.781892583906147,1,sr,1.648e-11
4.7125000000000004,1.7777411323078549,1,sr,3.249e-11
4.7250000000000005,1.7736409851592028,1,sr,2.239e-11
4.7375000000000007,1.7695920460432495,1,sr,3.421e-12
4.75,1.7655942151252506,1,sr,5.830e-11
4.7625000000000002,1.7616473894589071,1,sr,1.215e-15
4.7750000000000004,1.757751462899013,1,sr,5.463e-11
4.7875000000000005,1.753906326367197,1,sr,3.128e-11
4.8000000000000007,1.7501118681644996,1,sr,5.115e-12
4.8125000000000009,1.7463679737505649,1,sr,1.373e-15
4.8250000000000002,1.742674526141561,1,sr,2.797e-11
4.8375000000000004,1.739031405835195,1,sr,3.615e-11
4.8500000000000005,1.7354384911282372,1,sr,1.420e-15
4.8625000000000007,1.7318956579371829,1,sr,1.418e-15
4.8750000000000009,1.7284027801053927,1,sr,3.246e-11
4.8875000000000002,1.7249597293222918,1,sr,1.184e-13
4.9000000000000004,1.7215663753410912,1,sr,1.139e-15
4.9125000000000005,1.7182225859028712,1,sr,6.131e-12
4.9250000000000007,1.7149282268416561,1,sr,4.270e-13
4.9375000000000009,1.7116831621384048,1,sr,5.391e-17
4.9500000000000002,1.7084872539311029,1,sr,1.094e-11
4.9625000000000004,1.7053403625310153,1,sr,1.074e-16
4.9750000000000005,1.7022423464812038,1,sr,1.232e-15
4.9875000000000007,1.6991930624980687,1,sr,4.879e-11
5.0000000000000009,1.6961923655958606,1,sr,3.733e-16
5.0125000000000002,1.6932401088678166,1,sr,1.171e-15
5.0250000000000004,1.690336143672893,1,sr,6.901e-16
5.0375000000000005,1.687480319506439,1,sr,2.012e-15
5.0500000000000007,1.6846724839800193,1,sr,1.146e-11
5.0625000000000009,1.681912482800743,1,sr,6.325e-16
5.0750000000000002,1.6792001596440362,1,sr,5.865e-11
5.0875000000000004,1.6765353562627157,1,sr,7.342e-16
5.1000000000000005,1.6739179121500909,1,sr,1.966e-11
5.1125000000000007,1.6713476646686689,1,sr,1.305e-15
5.1250000000000009,1.6688244489181565,1,sr,2.503e-12
5.1375000000000002,1.6663480975689644,1,sr,1.869e-15
5.1500000000000004,1.6639184408067487,1,sr,1.154e-11
5.1625000000000005,1.6615353061654305,1,sr,1.652e-15
5.1750000000000007,1.659198518468646,1,sr,4.835e-11
5.1875000000000009,1.6569078995305497,1,sr,5.136e-16
5.2000000000000002,1.654663268225484,1,sr,1.509e-11
5.2125000000000004,1.6524644401403958,1,sr,4.087e-16
5.2250000000000005,1.6503112274343401,1,sr,2.038e-15
5.2375000000000007,1.6482034386916791,1,sr,2.032e-15
5.2500000000000009,1.6461408786862564,1,sr,1.013e-15
5.2625000000000002,1.6441233481852946,1,sr,2.989e-11
5.2750000000000004,1.6421506436558131,1,sr,1.209e-15
5.2875000000000005,1.6402225571540421,1,sr,5.023e-16
5.3000000000000007,1.6383388759406239,1,sr,1.202e-15
5.3125000000000009,1.6364993822783804,1,sr,6.992e-16
5.3250000000000002,1.6347038531325917,1,sr,1.277e-11
5.3375000000000004,1.6329520599046408,1,sr,2.185e-15
5.3500000000000005,1.6312437680669252,1,sr,9.902e-17
5.3625000000000007,1.6295787368860066,1,sr,2.465e-11
5.3750000000000009,1.6279567191129816,1,sr,9.845e-17
5.3875000000000002,1.6263774605282044,1,sr,1.571e-15
5.4000000000000004,1.6248406996850713,1,sr,3.920e-12
5.4125000000000005,1.6233461674847742,1,sr,9.760e-17
5.4250000000000007,1.6218935867765851,1,sr,1.362e-15
5.4375000000000009,1.6204826719685337,1,sr,1.067e-15
5.4500000000000002,1.6191131286076517,1,sr,2.179e-11
5.4625000000000004,1.6177846528973288,1,sr,1.254e-15
5.4750000000000005,1.6164969313493562,1,sr,3.848e-16
5.4875000000000007,1.6152496402233183,1,sr,5.755e-16
5.5000000000000009,1.6140424451086737,1,sr,1.163e-11
5.5125000000000002,1.6128750004025409,1,sr,1.907e-15
5.5250000000000004,1.6117469488672698,1,sr,3.804e-16
5.5375000000000005,1.6106579210693188,1,sr,9.484e-16
5.5500000000000007,1.6096075348800731,1,sr,2.004e-11
5.5625000000000009,1.6085953949922858,1,sr,1.320e-15
5.5750000000000002,1.6076210922923901,1,sr,3.762e-16
5.5875000000000004,1.606684203415687,1,sr,1.131e-15
5.6000000000000005,1.6057842901546446,1,sr,1.310e-15
5.6125000000000007,1.6049208989201056,1,sr,8.703e-13
5.6250000000000009,1.6040935602059434,1,sr,2.509e-11
5.6375000000000002,1.6033017879748437,1,sr,1.438e-15
5.6500000000000004,1.6025450792364326,1,sr,1.666e-15
5.6625000000000005,1.6018229133810826,1,sr,1.293e-15
5.6750000000000007,1.6011347517048191,1,sr,6.907e-16
5.6875000000000009,1.6004800368704002,1,sr,4.593e-17
5.7000000000000002,1.5998581923914537,1,sr,2.418e-12
5.7125000000000004,1.5992686221145658,1,sr,4.887e-11
5.7250000000000005,1.5987107098471276,1,sr,2.010e-15
5.7375000000000007,1.5981838186668851,1,sr,4.550e-16
5.7500000000000009,1.597687290723514,1,sr,1.816e-16
5.7625000000000002,1.5972204467123456,1,sr,8.677e-16
5.7750000000000004,1.5967825855249131,1,sr,9.943e-16
5.7875000000000005,1.5963729839117624,1,sr,1.430e-16
5.8000000000000007,1.595990896185927,1,sr,6.752e-16
5.8125000000000009,1.5956355539713056,1,sr,1.348e-16
5.8250000000000002,1.595306166000297,1,sr,9.864e-16
5.8375000000000004,1.5950019179651449,1,sr,1.821e-14
5.8500000000000005,1.5947219724240276,1,sr,6.540e-12
5.8625000000000007,1.594465468779322,1,sr,2.102e-11
5.8750000000000009,1.5942315233178337,1,sr,3.788e-11
5.8875000000000002,1.5940192293669613,1,sr,4.225e-11
5.9000000000000004,1.593827657281994,1,sr,2.818e-11
5.9125000000000005,1.5936558550134257,1,sr,1.703e-11
5.9250000000000007,1.5935028482583313,1,sr,8.818e-12
5.9375000000000009,1.5933676409496198,1,sr,3.271e-12
5.9500000000000002,1.5932492157866891,1,sr,1.545e-15
5.9625000000000004,1.5931465348613782,1,sr,5.070e-16
5.9750000000000005,1.5930585403775332,1,sr,5.065e-16
5.9875000000000007,1.592984155477192,1,sr,5.060e-16
6.0000000000000009,1.5929222851633529,1,sr,1.408e-12
6.0125000000000002,1.5928718173247602,1,sr,3.802e-12
6.0250000000000004,1.5928316238666853,1,sr,6.575e-12
6.0375000000000005,1.592800561944604,1,sr,9.596e-12
6.0500000000000007,1.5927774752999813,1,sr,1.277e-11
6.0625000000000009,1.5927611956975292,1,sr,1.604e-11
6.0750000000000002,1.592750544461484,1,sr,1.934e-11
6.0875000000000004,1.5927443341078578,1,sr,2.263e-11
6.1000000000000005,1.5927413700688058,1,sr,2.590e-11
6.1125000000000007,1.5927404525044182,1,sr,2.912e-11
6.1250000000000009,1.5927403781964082,1,sr,3.228e-11
6.1375000000000002,1.5927399425173294,1,sr,3.536e-11
6.1500000000000004,1.5927379414681564,1,sr,3.835e-11
6.1625000000000005,1.5927331737762906,1,sr,4.125e-11
6.1750000000000007,1.5927244430453049,1,sr,4.405e-11
6.1875000000000009,1.5927105599470632,1,sr,4.676e-11
6.2000000000000002,1.5926903443962355,1,sr,4.457e-11
6.2125000000000004,1.5926626279966873,1,sr,4.216e-11
6.2250000000000005,1.5926262559987439,1,sr,3.982e-11
6.2375000000000007,1.5925800897559936,1,sr,3.755e-11
6.2500000000000009,1.5925230089199971,1,sr,3.530e-11
6.2625000000000002,1.5924539136785765,1,sr,1.541e-15
6.2750000000000004,1.5923717268699784,1,sr,2.204e-17
6.2875000000000005,1.5922753962289269,1,sr,4.413e-17
6.3000000000000007,1.5921638963918952,1,sr,5.524e-16
6.3125000000000009,1.5920362309241987,1,sr,1.283e-15
6.3250000000000002,1.5918914342473005,1,sr,1.108e-16
6.3375000000000004,1.5917285734746411,1,sr,9.320e-16
6.3500000000000005,1.5915467501463239,1,sr,5.334e-16
6.3625000000000007,1.5913451018536613,1,sr,1.781e-16
6.3750000000000009,1.5911228037454281,1,sr,4.460e-16
6.3875000000000002,1.5908790699069773,1,sr,3.072e-12
6.4000000000000004,1.5906131546352376,1,sr,3.608e-11
6.4125000000000005,1.5903243534466509,1,sr,7.465e-12
6.4250000000000007,1.5900120042275947,1,sr,7.103e-15
6.4375000000000009,1.589675487906137,1,sr,2.783e-13
6.4500000000000002,1.5893142291866409,1,sr,6.252e-13
6.4625000000000004,1.5889276970811017,1,sr,3.621e-13
6.4750000000000005,1.588515405287181,1,sr,8.240e-13
6.4875000000000007,1.5880769124200689,1,sr,1.439e-11
6.5000000000000009,1.5876118221592772,1,sr,4.831e-11
6.5125000000000002,1.5871197830171115,1,sr,7.487e-12
6.5250000000000004,1.5866004884408615,1,sr,7.753e-12
6.5375000000000005,1.586053676241413,1,sr,5.632e-12
6.5500000000000007,1.5854791282579164,1,sr,1.841e-12
6.5625000000000009,1.5848766697659058,1,sr,2.961e-12
6.5750000000000002,1.5842461687959632,1,sr,4.630e-17
6.5875000000000004,1.5835875353278124,1,sr,6.035e-16
6.6000000000000005,1.5829007204129735,1,sr,8.380e-16
6.6125000000000007,1.5821857151965193,1,sr,3.241e-11
6.6250000000000009,1.5814425497858884,1,sr,2.499e-11
6.6375000000000002,1.5806712922016877,1,sr,8.825e-12
6.6500000000000004,1.5798720471046594,1,sr,1.163e-11
6.6625000000000005,1.5790449545502949,1,sr,9.447e-17
6.6750000000000007,1.5781901886156302,1,sr,9.475e-16
6.6875000000000009,1.5773079560714527,1,sr,5.220e-11
6.7000000000000002,1.576398495085346,1,sr,4.342e-11
6.7125000000000004,1.5754620734775768,1,sr,8.085e-12
6.7250000000000005,1.5744989876754525,1,sr,1.918e-16
6.7375000000000007,1.5735095609828311,1,sr,3.848e-16
6.7500000000000009,1.5724941421857768,1,sr,2.410e-11
6.7625000000000002,1.5714531041138,1,sr,5.111e-11
6.7750000000000004,1.5703868421842642,1,sr,8.618e-12
6.7875000000000005,1.5692957728221253,1,sr,1.363e-15
6.8000000000000007,1.5681803322264278,1,sr,1.954e-16
6.8125000000000009,1.5670409748249063,1,sr,9.798e-17
6.8250000000000002,1.565878171945142,1,sr,4.675e-11
6.8375000000000004,1.5646924103582189,1,sr,2.957e-16
6.8500000000000005,1.5634841911411947,1,sr,1.582e-15
6.8625000000000007,1.5622540281970054,1,sr,1.388e-15
6.8750000000000009,1.5610024470734869,1,sr,5.494e-11
6.8875000000000002,1.5597299838375176,1,sr,1.497e-15
6.9000000000000004,1.5584371836872253,1,sr,1.001e-15
6.9125000000000005,1.5571246000363643,1,sr,1.706e-15
6.9250000000000007,1.5557927933439766,1,sr,6.244e-11
6.9375000000000009,1.5544423299757191,1,sr,3.028e-16
6.9500000000000002,1.5530737814431497,1,sr,2.126e-15
6.9625000000000004,1.551687723215853,1,sr,1.624e-15
6.9750000000000005,1.5502847339377235,1,sr,1.213e-11
6.9875000000000007,1.5488653945199868,1,sr,2.144e-15
7.0000000000000009,1.5474302873692982,1,sr,3.072e-16
7.0125000000000002,1.5459799955641045,1,sr,1.973e-11
7.0250000000000004,1.544515102183547,1,sr,1.132e-15
7.0375000000000005,1.5430361895465219,1,sr,2.064e-15
7.0500000000000007,1.5415438386380531,1,sr,1.966e-15
7.0625000000000009,1.5400386284706162,1,sr,3.259e-13
7.0750000000000002,1.5385211355266581,1,sr,2.080e-16
7.0875000000000004,1.5369919332341075,1,sr,2.086e-16
7.1000000000000005,1.535451591490794,1,sr,4.155e-11
7.1125000000000007,1.533900676141825,1,sr,5.764e-16
7.1250000000000009,1.532339748702011,1,sr,3.677e-16
7.1375000000000002,1.5307693658178156,1,sr,3.611e-11
7.1500000000000004,1.5291900790441277,1,sr,7.388e-16
7.1625000000000005,1.5276024343872823,1,sr,1.005e-15
7.1750000000000007,1.5260069721305765,1,sr,3.181e-16
7.1875000000000009,1.5244042265078082,1,sr,6.906e-16
7.2000000000000002,1.5227947254748966,1,sr,1.331e-15
7.2125000000000004,1.521178990494461,1,sr,4.802e-16
7.2250000000000005,1.5195575363440288,1,sr,1.657e-15
7.2375000000000007,1.5179308709465793,1,sr,9.106e-16
7.2500000000000009,1.5162994952221955,1,sr,1.127e-15
7.2625000000000002,1.5146639029596189,1,sr,1.237e-15
7.2750000000000004,1.5130245807065075,1,sr,1.077e-16
7.2875000000000005,1.5113820076772932,1,sr,9.714e-16
7.3000000000000007,1.5097366556775189,1,sr,1.243e-15
7.3125000000000009,1.5080889890436056,1,sr,3.195e-15
7.3250000000000002,1.5064394645970345,1,sr,1.248e-15
7.3375000000000004,1.5047885316119751,1,sr,1.087e-16
7.3500000000000005,1.5031366317954022,1,sr,5.986e-16
7.3625000000000007,1.5014841992788366,1,sr,1.635e-15
7.3750000000000009,1.4998316606308264,1,sr,3.409e-11
7.3875000000000002,1.4981794348194284,1,sr,6.558e-16
7.4000000000000004,1.4965279333337129,1,sr,2.572e-15
7.4125000000000005,1.4948775600943263,1,sr,6.786e-11
7.4250000000000007,1.4932287116390277,1,sr,6.035e-16
7.4375000000000009,1.4915817769618851,1,sr,6.592e-16
7.4500000000000002,1.4899371377554831,1,sr,1.656e-11
7.4625000000000004,1.4882951683937218,1,sr,5.780e-16
7.4750000000000005,1.4866562359667583,1,sr,6.613e-16
7.4875000000000007,1.4850207003952136,1,sr,1.459e-13
7.5000000000000009,1.4833889144778594,1,sr,9.110e-16
7.5125000000000002,1.4817612239719078,1,sr,1.299e-15
7.5250000000000004,1.4801379676727477,1,sr,5.863e-12
7.5375000000000005,1.4785194774874986,1,sr,5.535e-17
7.5500000000000007,1.4769060785351311,1,sr,1.025e-15
7.5625000000000009,1.4752980892230059,1,sr,2.414e-11
7.5750000000000002,1.4736958213100404,1,sr,1.803e-15
7.5875000000000004,1.472099580060338,1,sr,6.937e-16
7.6000000000000005,1.4705096642841209,1,sr,5.960e-11
7.6125000000000007,1.4689263663819665,1,sr,1.097e-15
7.6250000000000009,1.467349972590946,1,sr,6.668e-16
7.6375000000000002,1.4657807628966137,1,sr,7.578e-11
7.6500000000000004,1.4642190113069911,1,sr,1.905e-15
7.6625000000000005,1.4626649857274925,1,sr,6.698e-16
7.6750000000000007,1.4611189482507014,1,sr,1.751e-11
7.6875000000000009,1.4595811551706914,1,sr,1.488e-15
7.7000000000000002,1.4580518570486121,1,sr,4.452e-16
7.7125000000000004,1.4565312988496646,1,sr,1.275e-15
7.7250000000000005,1.4550197200099571,1,sr,5.656e-14
7.7375000000000007,1.4535173545299283,1,sr,2.858e-15
7.7500000000000009,1.4520244310622146,1,sr,2.779e-15
7.7625000000000002,1.4505411730043101,1,sr,2.464e-11
7.7750000000000004,1.4490677985518172,1,sr,1.433e-15
7.7875000000000005,1.4476045208456976,1,sr,2.363e-16
7.8000000000000007,1.4461515480043587,1,sr,5.399e-11
7.8125000000000009,1.4447090831627931,1,sr,1.428e-11
7.8250000000000002,1.443277324722867,1,sr,8.297e-11
7.8375000000000004,1.4418564661597362,1,sr,4.352e-11
7.8500000000000005,1.4404466963584528,1,sr,2.687e-12
7.8625000000000007,1.4390481995572311,1,sr,1.406e-12
7.8750000000000009,1.4376611554067062,1,sr,5.742e-12
7.8875000000000002,1.4362857390931285,1,sr,1.015e-11
7.9000000000000004,1.434922121359248,1,sr,9.365e-14
7.9125000000000005,1.4335704686013087,1,sr,3.898e-11
7.9250000000000007,1.4322309429471261,1,sr,3.181e-15
7.9375000000000009,1.430903702215794,1,sr,6.102e-11
7.9500000000000002,1.4295889001455624,1,sr,9.739e-12
7.9625000000000004,1.4282866862661288,1,sr,3.353e-11
7.9750000000000005,1.4269972060480451,1,sr,1.406e-15
7.9875000000000007,1.4257206009845982,1,sr,9.365e-16
8,1.4244570085485992,1,sr,3.684e-11
8.0124999999999993,1.4232065623280914,1,sr,1.649e-16
8.0250000000000004,1.421969391967526,1,sr,5.493e-16
8.0374999999999996,1.4207456232998179,1,sr,8.230e-16
8.0499999999999989,1.4195353783262021,1,sr,4.266e-11
8.0625,1.4183387753130789,1,sr,2.956e-15
8.0749999999999993,1.4171559287163866,1,sr,2.078e-15
8.0875000000000004,1.41598694931712,1,sr,5.462e-16
8.0999999999999996,1.4148319441914814,1,sr,8.307e-12
8.1124999999999989,1.413691016754836,1,sr,3.813e-16
8.125,1.4125642667608358,1,sr,2.992e-15
8.1374999999999993,1.4114517903392425,1,sr,3.043e-15
8.1500000000000004,1.4103536799995462,1,sr,7.054e-16
8.1624999999999996,1.4092700246516892,1,sr,3.042e-11
8.1749999999999989,1.408200909575851,1,sr,2.705e-16
8.1875,1.4071464165036753,1,sr,5.403e-16
8.1999999999999993,1.4061066235436646,1,sr,5.395e-16
8.2125000000000004,1.4050816052253969,1,sr,2.964e-11
8.2249999999999996,1.4040714324500014,1,sr,2.366e-15
8.2374999999999989,1.4030761725568737,1,sr,9.666e-16
8.25,1.4020958892380009,1,sr,1.716e-15
8.2624999999999993,1.4011306425608254,1,sr,1.820e-15
8.2750000000000004,1.4001804889402507,1,sr,1.098e-11
8.2874999999999996,1.3992454811314008,1,sr,1.867e-15
8.2999999999999989,1.3983256681773195,1,sr,1.811e-15
8.3125,1.3974210954087694,1,sr,3.669e-15
8.3249999999999993,1.3965318043989263,1,sr,6.900e-16
8.3375000000000004,1.3956578329312304,1,sr,2.331e-15
8.3499999999999996,1.394799214954654,1,sr,2.475e-11
8.3624999999999989,1.3939559805732742,1,sr,4.224e-16
8.375,1.3931281559376818,1,sr,2.424e-15
8.3874999999999993,1.3923157632589729,1,sr,2.420e-15
8.4000000000000004,1.391518820724561,1,sr,2.205e-15
8.4124999999999996,1.3907373424482379,1,sr,6.289e-16
8.4249999999999989,1.3899713384102035,1,sr,5.908e-13
8.4375,1.3892208143944347,1,sr,1.253e-15
8.4499999999999993,1.3884857719202006,1,sr,6.254e-16
8.4625000000000004,1.3877662081730799,1,sr,2.393e-15
8.4749999999999996,1.3870621159301735,1,sr,2.907e-15
8.4874999999999989,1.386373483482759,1,sr,2.073e-15
8.5,1.3857002945553327,1,sr,5.172e-16
8.5124999999999993,1.3850425282266743,1,sr,2.064e-11
8.5250000000000004,1.3844001588152279,1,sr,2.988e-15
8.5374999999999996,1.3837731558421309,1,sr,7.199e-16
8.5499999999999989,1.3831614838832278,1,sr,2.669e-15
8.5625,1.3825651024989183,1,sr,5.839e-15
8.5749999999999993,1.3819839661287125,1,sr,5.419e-15
8.5875000000000004,1.3814180239883764,1,sr,1.535e-15
8.5999999999999996,1.3808672199643908,1,sr,8.147e-16
8.6124999999999989,1.380331492505934,1,sr,7.115e-16
8.625,1.3798107745074388,1,sr,2.663e-11
8.6374999999999993,1.3793049932316623,1,sr,5.062e-16
8.6500000000000004,1.378814070124265,1,sr,8.084e-16
8.6624999999999996,1.378337920768874,1,sr,4.034e-15
8.6749999999999989,1.3778764547341482,1,sr,5.033e-15
8.6875,1.3774295754623818,1,sr,4.320e-15
8.6999999999999993,1.3769971801502201,1,sr,3.109e-15
8.7125000000000004,1.3765791596288834,1,sr,4.004e-16
8.7249999999999996,1.3761753982443241,1,sr,1.399e-15
8.7374999999999989,1.3757857737376527,1,sr,4.986e-16
8.75,1.3754101571262671,1,sr,3.981e-16
8.7624999999999993,1.3750484125952844,1,sr,3.338e-11
8.7750000000000004,1.3747003973189502,1,sr,6.034e-11
8.7874999999999996,1.3743659615214012,1,sr,7.919e-16
8.7999999999999989,1.3740449481073689,1,sr,1.779e-15
8.8125,1.373737192765998,1,sr,2.811e-15
8.8249999999999993,1.3734425237741055,1,sr,5.514e-15
8.8375000000000004,1.3731607619126873,1,sr,3.391e-15
8.8499999999999996,1.3728917203718061,1,sr,6.084e-15
8.8624999999999989,1.3726352046611303,1,sr,6.515e-15
8.875,1.3723910125268151,1,sr,6.211e-15
8.8874999999999993,1.3721589338754459,1,sr,5.176e-15
8.9000000000000004,1.3719387507057321,1,sr,1.657e-15
8.9124999999999996,1.3717302370487667,1,sr,1.460e-15
8.9249999999999989,1.3715331589175668,1,sr,1.944e-15
8.9375,1.371347274266707,1,sr,4.367e-16
8.9499999999999993,1.3711723329628305,1,sr,4.361e-16
8.9625000000000004,1.3710080767668515,1,sr,2.177e-15
8.9749999999999996,1.3708542393286551,1,sr,4.832e-16
8.9874999999999989,1.3707105461951099,1,sr,8.686e-16
9,1.3705767148322037,1,sr,1.446e-16
9.0124999999999993,1.3704524546621004,1,sr,9.626e-17
9.0250000000000004,1.3703374671159168,1,sr,0.000e+00
9.0374999999999996,1.3702314457029852,1,sr,1.921e-16
9.0499999999999989,1.3701340760973477,1,sr,4.796e-17
9.0625,1.3700450362488861,1,sr,2.293e-11
9.0749999999999993,1.3699639964728387,1,sr,6.514e-13
9.0875000000000004,1.3698906196582099,1,sr,5.712e-12
9.0999999999999996,1.3698245613656008,1,sr,1.397e-11
9.1124999999999989,1.3697654700419197,1,sr,2.378e-11
9.125,1.3697129872169485,1,sr,3.396e-11
9.1374999999999993,1.369666747728187,1,sr,4.374e-11
9.1500000000000004,1.3696263799672899,1,sr,5.260e-11
9.1624999999999996,1.3695915061483614,1,sr,6.025e-11
9.1749999999999989,1.3695617425982562,1,sr,6.654e-11
9.1875,1.3695367000689438,1,sr,7.144e-11
9.1999999999999993,1.3695159840719076,1,sr,7.498e-11
9.2125000000000004,1.3694991952344202,1,sr,7.726e-11
9.2249999999999996,1.3694859296774464,1,sr,7.841e-11
9.2374999999999989,1.3694757794147843,1,sr,7.858e-11
9.25,1.3694683327729711,1,sr,7.793e-11
9.2624999999999993,1.3694631748313164,1,sr,7.661e-11
9.2750000000000004,1.3694598878813451,1,sr,7.477e-11
9.2874999999999996,1.369458051904763,1,sr,7.257e-11
9.2999999999999989,1.3694572450689755,1,sr,7.013e-11
9.3125,1.3694570442390415,1,sr,6.757e-11
9.3249999999999993,1.3694570255048228,1,sr,6.500e-11
9.3375000000000004,1.3694567647219924,1,sr,6.251e-11
9.3499999999999996,1.3694558380654234,1,sr,6.017e-11
9.3624999999999989,1.3694538225934039,1,sr,5.806e-11
9.375,1.3694502968210016,1,sr,5.621e-11
9.3874999999999993,1.3694448413008058,1,sr,5.468e-11
9.4000000000000004,1.3694370392092214,1,sr,5.349e-11
9.4124999999999996,1.3694264769363809,1,sr,5.265e-11
9.4249999999999989,1.3694127446777007,1,sr,5.219e-11
9.4375,1.3693954370250545,1,sr,5.211e-11
9.4499999999999993,1.3693741535554911,1,sr,5.240e-11
9.4625000000000004,1.3693484994154088,1,sr,5.303e-11
9.4749999999999996,1.3693180858980858,1,sr,5.399e-11
9.4874999999999989,1.3692825310124674,1,sr,5.524e-11
9.5,1.3692414600411369,1,sr,5.671e-11
9.5124999999999993,1.3691945060854172,1,sr,5.830e-11
9.5250000000000004,1.3691413105956025,1,sr,5.994e-11
9.5374999999999996,1.3690815238843943,1,sr,6.146e-11
9.5499999999999989,1.3690148056216611,1,sr,6.272e-11
9.5625,1.3689408253087625,1,sr,6.352e-11
9.5749999999999993,1.3688592627307477,1,sr,6.362e-11
9.5875000000000004,1.3687698083848616,1,sr,6.279e-11
9.5999999999999996,1.368672163883935,1,sr,6.077e-11
9.6125000000000007,1.3685660423333148,1,sr,5.730e-11
9.625,1.3684511686801879,1,sr,5.215e-11
9.6374999999999993,1.3683272800342512,1,sr,4.514e-11
9.6500000000000004,1.368194125958859,1,sr,3.615e-11
9.6624999999999996,1.3680514687319218,1,sr,2.520e-11
9.6750000000000007,1.3678990835759959,1,sr,1.247e-11
9.6875,1.3677367588570968,1,sr,1.504e-12
9.6999999999999993,1.3675642962466397,1,sr,3.775e-12
9.7125000000000004,1.3673815108855429,1,sr,3.184e-11
9.7249999999999996,1.3671882314315371,1,sr,4.592e-11
9.7375000000000007,1.3669843001896518,1,sr,5.772e-11
9.75,1.3667695731256675,1,sr,6.588e-11
9.7624999999999993,1.3665439198837137,1,sr,6.906e-11
9.7750000000000004,1.366307223768344,1,sr,6.617e-11
9.7874999999999996,1.3660593816976234,1,sr,5.680e-11
9.8000000000000007,1.3658003041280999,1,sr,4.161e-11
9.8125,1.3655299149526459,1,sr,2.307e-11
9.8249999999999993,1.365248151372251,1,sr,6.321e-12
9.8375000000000004,1.3649549637422749,1,sr,2.162e-12
9.8499999999999996,1.3646503154069927,1,sr,4.905e-11
9.8625000000000007,1.3643341824316819,1,sr,1.094e-15
9.875,1.3640065535211032,1,sr,5.480e-16
9.8874999999999993,1.3636674296436813,1,sr,1.198e-15
9.9000000000000004,1.3633168238390825,1,sr,2.001e-16
9.9124999999999996,1.3629547609298269,1,sr,3.007e-16
9.9250000000000007,1.36258127723066,1,sr,6.026e-16
9.9375,1.3621964202440424,1,sr,1.107e-15
9.9499999999999993,1.361800248343223,1,sr,1.916e-15
9.9625000000000004,1.3613928304443326,1,sr,3.031e-16
9.9749999999999996,1.3609742456679779,1,sr,3.746e-12
9.9875000000000007,1.3605445830177965,1,sr,7.685e-11
10,1.3601039409223123,1,sr,3.509e-12
1.6375,14.807714425520906,2,sr,1.106e-11
1.6500000000000001,14.60132543804192,2,sr,1.375e-15
1.6625000000000001,14.399931533473206,2,sr,2.927e-14
1.675,14.203388492968889,2,sr,8.451e-12
1.6875,14.011557681189105,2,sr,3.096e-16
1.7,13.82430580820348,2,sr,2.494e-12
1.7125000000000001,13.641504704113771,2,sr,9.136e-16
1.7250000000000001,13.463031105221127,2,sr,9.829e-12
1.7375,13.288766451527632,2,sr,5.894e-12
1.75,13.118596694516027,2,sr,6.890e-12
1.7625,12.952412115090706,2,sr,3.433e-15
1.7750000000000001,12.790107150735802,2,sr,1.073e-11
1.7875000000000001,12.631580231621204,2,sr,2.505e-15
1.8,12.4767336252456,2,sr,3.153e-15
1.8125,12.325473288788729,2,sr,0.000e+00
1.825,12.177708729227765,2,sr,9.663e-12
1.8375000000000001,12.033352870600684,2,sr,7.521e-12
1.8500000000000001,11.892321927931846,2,sr,1.104e-15
1.8625,11.754535287728775,2,sr,1.056e-12
1.875,11.619915394628016,2,sr,3.817e-14
1.8875,11.488387643743488,2,sr,6.831e-12
1.9000000000000001,11.359880278702573,2,sr,7.397e-14
1.9125000000000001,11.234324294743429,2,sr,1.871e-12
1.925,11.111653347064124,2,sr,8.670e-16
1.9375,10.991803663725131,2,sr,2.574e-16
1.95,10.874713963208833,2,sr,3.710e-13
1.9625000000000001,10.760325376238406,2,sr,2.521e-16
1.9750000000000001,10.648581371698635,2,sr,4.988e-12
1.9875,10.539427686517509,2,sr,1.205e-12
2,10.432812259113128,2,sr,6.909e-12
2.0125000000000002,10.328685166574649,2,sr,4.150e-12
2.0250000000000004,10.226998564947376,2,sr,1.273e-15
2.0375000000000001,10.1277066328194,2,sr,6.385e-12
2.0500000000000003,10.03076551793022,2,sr,4.664e-16
2.0625000000000004,9.9361332863595617,2,sr,1.229e-15
2.0750000000000002,9.8437698746134519,2,sr,3.197e-12
2.0875000000000004,9.7536370439993441,2,sr,3.516e-12
2.1000000000000001,9.6656983372854768,2,sr,7.413e-17
2.1125000000000003,9.5799190374425756,2,sr,2.175e-14
2.1250000000000004,9.4962661283083829,2,sr,7.233e-17
2.1375000000000002,9.4147082568478559,2,sr,2.275e-13
2.1500000000000004,9.3352156968960713,2,sr,7.054e-17
2.1625000000000001,9.2577603140786593,2,sr,4.229e-12
2.1750000000000003,9.182315531742141,2,sr,2.063e-16
2.1875000000000004,9.1088562973874865,2,sr,1.949e-12
2.2000000000000002,9.0373590496731531,2,sr,5.358e-16
2.2125000000000004,8.9678016852013549,2,sr,3.430e-12
2.2250000000000001,8.9001635251140083,2,sr,5.640e-12
2.2375000000000003,8.8344252807693575,2,sr,5.244e-13
2.2500000000000004,8.7705690181417495,2,sr,1.650e-15
2.2625000000000002,8.7085781205531987,2,sr,1.863e-12
2.2750000000000004,8.6484372489135612,2,sr,1.953e-12
2.2875000000000001,8.5901322989582454,2,sr,7.819e-12
2.3000000000000003,8.5336503545935436,2,sr,1.446e-12
2.3125000000000004,8.4789796370296706,2,sr,9.181e-13
2.3250000000000002,8.4261094478804743,2,sr,1.254e-16
2.3375000000000004,8.3750301061386576,2,sr,3.451e-13
2.3500000000000001,8.3257328773526016,2,sr,3.399e-16
2.3625000000000003,8.2782098939244921,2,sr,1.377e-12
2.3750000000000004,8.2324540651539397,2,sr,3.851e-16
2.3875000000000002,8.1884589754458474,2,sr,1.011e-12
2.4000000000000004,8.1462187691960004,2,sr,1.549e-15
2.4125000000000005,8.1057280203578319,2,sr,4.211e-16
2.4250000000000003,8.0669815849887883,2,sr,2.593e-16
2.4375000000000004,8.0299744345976602,2,sr,3.578e-16
2.4500000000000002,7.9947014682386346,2,sr,4.502e-14
2.4625000000000004,7.9611573011310499,2,sr,1.141e-15
2.4750000000000005,7.9293360275807956,2,sr,1.554e-13
2.4875000000000003,7.8992309560252512,2,sr,1.776e-13
2.5000000000000004,7.8708343141173263,2,sr,9.502e-17
2.5125000000000002,7.844136922009624,2,sr,1.717e-13
2.5250000000000004,7.8191278323528879,2,sr,1.553e-13
2.5375000000000005,7.7957939360144177,2,sr,4.554e-17
2.5500000000000003,7.7741195332875126,2,sr,1.215e-13
2.5625000000000004,7.7540858712966854,2,sr,1.120e-13
2.5750000000000002,7.7356706495225218,2,sr,1.750e-16
2.5875000000000004,7.7188474969407377,2,sr,1.164e-13
2.6000000000000005,7.7035854261213972,2,sr,1.299e-13
2.6125000000000003,7.6898482718350936,2,sr,1.918e-15
2.6250000000000004,7.6775941242850063,2,sr,1.333e-13
2.6375000000000002,7.6667747699130171,2,sr,6.181e-17
2.6500000000000004,7.657335155750328,2,sr,2.039e-16
2.6625000000000005,7.6492128964748431,2,sr,1.803e-14
2.6750000000000003,7.6423378463077221,2,sr,2.601e-16
2.6875000000000004,7.6366317606014107,2,sr,2.579e-16
2.7000000000000002,7.6320080739776079,2,sr,2.854e-16
2.7125000000000004,7.6283718228776012,2,sr,9.577e-16
2.7250000000000005,7.6256197400015706,2,sr,3.885e-17
2.7375000000000003,7.6236405459537213,2,sr,1.098e-14
2.7500000000000004,7.622315459180383,2,sr,9.620e-18
2.7625000000000002,7.6215189387993716,2,sr,2.397e-17
2.7750000000000004,7.6211196661660132,2,sr,4.304e-16
2.7875000000000005,7.6209817602577088,2,sr,5.611e-17
2.8000000000000003,7.6209662096787101,2,sr,1.533e-12
2.8125000000000004,7.6209324911704499,2,sr,3.643e-12
2.8250000000000002,7.6207403317939058,2,sr,2.021e-12
2.8375000000000004,7.6202515606001819,2,sr,1.587e-13
2.8500000000000005,7.6193319880432249,2,sr,3.776e-15
2.8625000000000003,7.6178532448657776,2,sr,9.832e-15
2.8750000000000004,7.6156945135331995,2,sr,1.990e-14
2.8875000000000002,7.6127440882784629,2,sr,2.126e-13
2.9000000000000004,7.6089007088292187,2,sr,5.722e-13
2.9125000000000005,7.6040746249558513,2,sr,1.180e-12
2.9250000000000003,7.5981883637345895,2,sr,1.982e-12
2.9375000000000004,7.5911771871132618,2,sr,1.944e-14
2.9500000000000002,7.5829892435332997,2,sr,1.512e-16
2.9625000000000004,7.5735854305812609,2,sr,1.038e-16
2.9750000000000005,7.562938998374646,2,sr,8.409e-17
2.9875000000000003,7.5510349311744909,2,sr,2.700e-14
3.0000000000000004,7.5378691503099029,2,sr,4.315e-17
3.0125000000000002,7.5234475834059014,2,sr,1.750e-16
3.0250000000000004,7.5077851440983441,2,sr,1.109e-16
3.0375000000000005,7.4909046633172656,2,sr,1.584e-14
3.0500000000000003,7.4728358085146249,2,sr,6.042e-16
3.0625000000000004,7.4536140215151985,2,sr,7.044e-16
3.0750000000000002,7.4332794995777274,2,sr,3.296e-16
3.0875000000000004,7.4118762382160348,2,sr,6.283e-14
3.1000000000000005,7.3894511487101289,2,sr,5.342e-16
3.1125000000000003,7.3660532582599032,2,sr,8.513e-14
3.1250000000000004,7.3417329964995943,2,sr,2.192e-13
3.1375000000000002,7.3165415686909414,2,sr,2.629e-13
3.1500000000000004,7.2905304132527293,2,sr,6.721e-14
3.1625000000000005,7.2637507393560483,2,sr,1.050e-16
3.1750000000000003,7.2362531389879869,2,sr,4.288e-13
3.1875000000000004,7.2080872670882901,2,sr,3.251e-16
3.2000000000000002,7.179301582995528,2,sr,1.101e-16
3.2125000000000004,7.149943146304107,2,sr,1.252e-12
3.2250000000000005,7.1200574605178417,2,sr,2.159e-15
3.2375000000000003,7.0896883580572538,2,sr,9.856e-16
3.2500000000000004,7.0588779208440293,2,sr,3.509e-16
3.2625000000000002,7.0276664309503039,2,sr,1.133e-15
3.2750000000000004,6.9960923465254199,2,sr,1.424e-12
3.2875000000000005,6.9641922986299249,2,sr,6.112e-17
3.3000000000000003,6.932001105248359,2,sr,3.711e-12
3.3125000000000004,6.8995517989984494,2,sr,3.145e-16
3.3250000000000002,6.8668756659547983,2,sr,4.574e-12
3.3375000000000004,6.8340022927334543,2,sr,0.000e+00
3.3500000000000005,6.800959620239488,2,sr,2.544e-12
3.3625000000000003,6.7677740018102561,2,sr,5.980e-16
3.3750000000000004,6.7344702647522432,2,sr,1.347e-15
3.3875000000000002,6.7010717737035312,2,sr,4.184e-12
3.4000000000000004,6.6676004950003378,2,sr,1.455e-15
3.4125000000000005,6.6340770612758355,2,sr,2.100e-16
3.4250000000000003,6.6005208354295579,2,sr,1.740e-12
3.4375000000000004,6.5669499736905435,2,sr,1.246e-11
3.4500000000000002,6.5333814871508169,2,sr,3.197e-15
3.4625000000000004,6.4998313018067586,2,sr,6.614e-16
3.4750000000000005,6.4663143163340298,2,sr,1.084e-11
3.4875000000000003,6.4328444579231814,2,sr,9.777e-16
3.5000000000000004,6.3994347360097317,2,sr,3.043e-16
3.5125000000000002,6.3660972934586315,2,sr,1.088e-11
3.5250000000000004,6.332843455580103,2,sr,6.999e-16
3.5375000000000005,6.2996837769557974,2,sr,1.415e-15
3.5500000000000003,6.2666280857005567,2,sr,2.035e-11
3.5625000000000004,6.2336855258333079,2,sr,1.204e-15
3.5750000000000002,6.2008645970397209,2,sr,1.102e-11
3.5875000000000004,6.1681731927340113,2,sr,2.047e-15
3.6000000000000005,6.1356186359142049,2,sr,7.256e-12
3.6125000000000003,6.1032077129064204,2,sr,7.515e-16
3.6250000000000004,6.0709467055202788,2,sr,1.655e-11
3.6375000000000002,6.0388414210805568,2,sr,2.978e-15
3.6500000000000004,6.0068972211172964,2,sr,7.659e-12
3.6625000000000005,5.9751190480918286,2,sr,4.523e-13
3.6750000000000003,5.943511450721723,2,sr,1.485e-15
3.6875000000000004,5.9120786078943155,2,sr,0.000e+00
3.7000000000000002,5.8808243511069849,2,sr,1.882e-11
3.7125000000000004,5.8497521855465457,2,sr,1.792e-16
3.7250000000000005,5.8188653101702243,2,sr,4.517e-16
3.7375000000000003,5.7881666362842257,2,sr,1.730e-15
3.7500000000000004,5.7576588052702427,2,sr,3.211e-15
3.7625000000000002,5.7273442051729706,2,sr,1.479e-15
3.7750000000000004,5.6972249863258142,2,sr,4.657e-16
3.7875000000000005,5.6673030760554681,2,sr,2.158e-15
3.8000000000000003,5.6375801925196827,2,sr,0.000e+00
3.8125000000000004,5.6080578577295324,2,sr,1.617e-15
3.8250000000000002,5.5787374098048517,2,sr,5.747e-16
3.8375000000000004,5.5496200145085472,2,sr,9.642e-17
3.8500000000000005,5.5207066761206152,2,sr,2.474e-11
3.8625000000000003,5.4919982475696774,2,sr,9.766e-17
3.8750000000000004,5.4634954402289235,2,sr,8.844e-16
3.8875000000000002,5.4351988328000882,2,sr,2.697e-12
3.9000000000000004,5.407108879920874,2,sr,9.944e-16
3.9125000000000005,5.3792259201973973,2,sr,1.000e-16
3.9250000000000003,5.3515501837506765,2,sr,5.028e-16
3.9375000000000004,5.324081799351557,2,sr,1.314e-15
3.9500000000000002,5.2968208011322018,2,sr,2.795e-15
3.9625000000000004,5.2697671349117314,2,sr,2.759e-15
3.9750000000000005,5.2429206641574684,2,sr,3.594e-16
3.9875000000000003,5.2162811756035374,2,sr,2.854e-13
4,5.1898483845484531,2,sr,2.592e-16
4.0125000000000002,5.1636219398474799,2,sr,2.135e-15
4.0250000000000004,5.1376014286237615,2,sr,2.197e-15
4.0375000000000005,5.1117863807092458,2,sr,3.047e-15
4.0500000000000007,5.0861762728300146,2,sr,8.702e-12
4.0625,5.0607705326077541,2,sr,4.223e-11
4.0750000000000002,5.0355685421374492,2,sr,2.543e-11
4.0875000000000004,5.0105696417372219,2,sr,2.571e-11
4.1000000000000005,4.9857731331057211,2,sr,4.346e-11
4.1125000000000007,4.9611782824606134,2,sr,1.039e-11
4.125,4.9367843236711639,2,sr,1.187e-15
4.1375000000000002,4.9125904608241218,2,sr,5.630e-15
4.1500000000000004,4.8885958710275563,2,sr,5.431e-17
4.1625000000000005,4.8647997068592952,2,sr,1.961e-15
4.1750000000000007,4.8412010987283045,2,sr,1.328e-11
4.1875,4.8177991571420575,2,sr,3.287e-15
4.2000000000000002,4.7945929747512324,2,sr,3.296e-16
4.2125000000000004,4.771581628415035,2,sr,3.855e-16
4.2250000000000005,4.7487641810576156,2,sr,7.177e-16
4.2375000000000007,4.72613968344998,2,sr,2.808e-11
4.25,4.7037071759716271,2,sr,3.438e-15
4.2625000000000002,4.6814656900753562,2,sr,4.313e-12
4.2750000000000004,4.6594142499530289,2,sr,1.175e-15
4.2875000000000005,4.6375518738857862,2,sr,2.315e-15
4.3000000000000007,4.6158775756632551,2,sr,4.430e-11
4.3125,4.5943903657629432,2,sr,3.722e-15
4.3250000000000002,4.5730892527869429,2,sr,3.083e-15
4.3375000000000004,4.5519732444188259,2,sr,1.789e-16
4.3500000000000005,4.5310413486552852,2,sr,4.871e-11
4.3625000000000007,4.5102925747265807,2,sr,5.011e-12
4.375,4.4897259343296447,2,sr,5.274e-11
4.3875000000000002,4.469340442258245,2,sr,1.945e-15
4.4000000000000004,4.4491351176327987,2,sr,3.455e-15
4.4125000000000005,4.4291089845109424,2,sr,2.681e-15
4.4250000000000007,4.4092610728234263,2,sr,6.849e-16
4.4375,4.3895904191090791,2,sr,4.998e-11
4.4500000000000002,4.370096067370091,2,sr,2.849e-13
4.4625000000000004,4.3507770695676067,2,sr,1.222e-11
4.4750000000000005,4.3316324865096005,2,sr,3.027e-11
4.4875000000000007,4.312661388377018,2,sr,1.446e-15
4.5,4.2938628554305245,2,sr,3.896e-11
4.5125000000000002,4.2752359785860277,2,sr,1.593e-13
4.5250000000000004,4.2567798598792548,2,sr,1.818e-12
4.5375000000000005,4.2384936131676296,2,sr,1.253e-13
4.5500000000000007,4.2203763645821404,2,sr,2.369e-12
4.5625,4.2024272530238811,2,sr,3.951e-11
4.5750000000000002,4.1846454307514174,2,sr,1.709e-12
4.5875000000000004,4.167030063677795,2,sr,4.647e-16
4.6000000000000005,4.1495803319924534,2,sr,4.322e-12
4.6125000000000007,4.1322954305344393,2,sr,2.925e-15
4.625,4.1151745692201205,2,sr,1.035e-11
4.6375000000000002,4.0982169734760001,2,sr,4.705e-11
4.6500000000000004,4.0814218845775603,2,sr,5.767e-15
4.6625000000000005,4.0647885601987284,2,sr,2.553e-12
4.6750000000000007,4.0483162746334873,2,sr,2.594e-11
4.6875,4.0320043191991015,2,sr,2.675e-15
4.7000000000000002,4.0158520027020161,2,sr,5.756e-15
4.7125000000000004,3.9998586516788572,2,sr,1.671e-12
4.7250000000000005,3.9840236108302491,2,sr,5.728e-11
4.7375000000000007,3.9683462432242451,2,sr,2.128e-15
4.75,3.9528259308836766,2,sr,1.296e-15
4.7625000000000002,3.9374620748706319,2,sr,1.321e-15
4.7750000000000004,3.9222540957348091,2,sr,1.811e-15
4.7875000000000005,3.907201433810318,2,sr,3.613e-15
4.8000000000000007,3.8923035495322145,2,sr,4.368e-16
4.8125000000000009,3.8775599237487612,2,sr,2.178e-16
4.8250000000000002,3.8629700580295774,2,sr,2.606e-15
4.8375000000000004,3.8485334749698894,2,sr,3.410e-15
4.8500000000000005,3.834249718513679,2,sr,5.247e-11
4.8625000000000007,3.8201183541587405,2,sr,5.066e-11
4.8750000000000009,3.8061389693667547,2,sr,1.823e-15
4.8875000000000002,3.7923111738451634,2,sr,4.809e-16
4.9000000000000004,3.7786345997257169,2,sr,5.858e-16
4.9125000000000005,3.7651089019564314,2,sr,5.408e-11
4.9250000000000007,3.751733758436651,2,sr,3.753e-15
4.9375000000000009,3.738508870526827,2,sr,2.001e-15
4.9500000000000002,3.7254339630761555,2,sr,1.102e-15
4.9625000000000004,3.7125087848018907,2,sr,1.149e-15
4.9750000000000005,3.699733108513616,2,sr,1.216e-11
4.9875000000000007,3.6871067313869412,2,sr,3.057e-15
5.0000000000000009,3.6746294751363049,2,sr,2.297e-11
5.0125000000000002,3.6623011863511601,2,sr,2.569e-16
5.0250000000000004,3.650121736577526,2,sr,1.101e-11
5.0375000000000005,3.6380910226608005,2,sr,1.374e-15
5.0500000000000007,3.6262089668370687,2,sr,1.520e-15
5.0625000000000009,3.6144755169534521,2,sr,4.441e-11
5.0750000000000002,3.6028906467108954,2,sr,3.011e-15
5.0875000000000004,3.5914543556065248,2,sr,1.198e-15
5.1000000000000005,3.5801666692680292,2,sr,3.281e-15
5.1125000000000007,3.5690276394527691,2,sr,9.885e-16
5.1250000000000009,3.5580373441471886,2,sr,1.475e-15
5.1375000000000002,3.5471958876177188,2,sr,9.781e-16
5.1500000000000004,3.5365034004310791,2,sr,1.848e-15
5.1625000000000005,3.5259600394406871,2,sr,3.870e-16
5.1750000000000007,3.5155659877356151,2,sr,1.635e-15
5.1875000000000009,3.5053214545482247,2,sr,7.652e-16
5.2000000000000002,3.4952266751162995,2,sr,1.807e-15
5.2125000000000004,3.4852819104950812,2,sr,3.782e-16
5.2250000000000005,3.4754874473143307,2,sr,6.579e-16
5.2375000000000007,3.4658435974750343,2,sr,1.219e-15
5.2500000000000009,3.4563506977800529,2,sr,1.114e-15
5.2625000000000002,3.447009109492476,2,sr,1.476e-15
5.2750000000000004,3.4378192178150178,2,sr,2.751e-15
5.2875000000000005,3.4287814312832947,2,sr,2.096e-15
5.3000000000000007,3.4198961810643023,2,sr,1.741e-12
5.3125000000000009,3.4111639201585446,2,sr,3.597e-16
5.3250000000000002,3.4025851224768724,2,sr,1.072e-15
5.3375000000000004,3.3941602818223351,2,sr,1.098e-11
5.3500000000000005,3.3858899106898579,2,sr,3.526e-16
5.3625000000000007,3.3777745390239486,2,sr,2.627e-16
5.3750000000000009,3.3698147126955895,2,sr,4.639e-12
5.3875000000000002,3.3620109919242633,2,sr,2.418e-15
5.4000000000000004,3.3543639494689987,2,sr,4.098e-11
5.4125000000000005,3.3468741685418166,2,sr,2.554e-16
5.4250000000000007,3.3395422408299078,2,sr,2.238e-11
5.4375000000000009,3.3323687639054582,2,sr,1.763e-15
5.4500000000000002,3.3253543385598188,2,sr,5.834e-16
5.4625000000000004,3.3184995660129144,2,sr,2.317e-15
5.4750000000000005,3.3118050446729845,2,sr,6.571e-16
5.4875000000000007,3.3052713666926623,2,sr,2.446e-16
5.5000000000000009,3.2988991142075386,2,sr,1.295e-15
5.5125000000000002,3.2926888552526701,2,sr,1.607e-16
5.5250000000000004,3.2866411393384789,2,sr,1.356e-15
5.5375000000000005,3.2807564926673836,2,sr,7.914e-16
5.5500000000000007,3.2750354129787387,2,sr,8.975e-12
5.5625000000000009,3.2694783639473899,2,sr,1.832e-11
5.5750000000000002,3.264085769356484,2,sr,2.574e-11
5.5875000000000004,3.2588580064200436,2,sr,1.027e-11
5.6000000000000005,3.2537953992435482,2,sr,7.960e-12
5.6125000000000007,3.2488982113160758,2,sr,1.695e-11
5.6250000000000009,3.2441666377259049,2,sr,3.149e-11
5.6375000000000002,3.2396007970861245,2,sr,8.327e-12
5.6500000000000004,3.2352007224642443,2,sr,1.406e-15
5.6625000000000005,3.2309663523520351,2,sr,5.875e-16
5.6750000000000007,3.2268975208442119,2,sr,1.093e-15
5.6875000000000009,3.2229939473864562,2,sr,9.473e-16
5.7000000000000002,3.2192552260443534,2,sr,1.837e-11
5.7125000000000004,3.2156808143941897,2,sr,5.114e-16
5.7250000000000005,3.2122700217559967,2,sr,7.168e-16
5.7375000000000007,3.2090219973018805,2,sr,2.310e-11
5.7500000000000009,3.2059357176996031,2,sr,6.284e-16
5.7625000000000002,3.2030099742599356,2,sr,1.190e-11
5.7750000000000004,3.2002433601547171,2,sr,1.378e-15
5.7875000000000005,3.1976342573471763,2,sr,1.396e-11
5.8000000000000007,3.1951808232875569,2,sr,6.797e-17
5.8125000000000009,3.1928809779769449,2,sr,2.075e-11
5.8250000000000002,3.1907323907622351,2,sr,6.376e-16
5.8375000000000004,3.1887324678733169,2,sr,1.742e-11
5.8500000000000005,3.1868783400413618,2,sr,6.962e-16
5.8625000000000007,3.1851668507645208,2,sr,6.592e-17
5.8750000000000009,3.183594545541713,2,sr,1.473e-11
5.8875000000000002,3.1821576619326883,2,sr,9.127e-16
5.9000000000000004,3.1808521206712981,2,sr,1.200e-15
5.9125000000000005,3.1796735184217031,2,sr,9.557e-13
5.9250000000000007,3.1786171219206407,2,sr,9.054e-12
5.9375000000000009,3.1776778640545253,2,sr,1.224e-11
5.9500000000000002,3.1768503419275174,2,sr,7.639e-16
5.9625000000000004,3.1761288171782147,2,sr,4.121e-16
5.9750000000000005,3.1755072188885376,2,sr,2.053e-16
5.9875000000000007,3.1749791490341224,2,sr,7.237e-16
6.0000000000000009,3.1745378908440105,2,sr,6.203e-13
6.0125000000000002,3.174176420142826,2,sr,1.358e-12
6.0250000000000004,3.1738874197952049,2,sr,1.709e-12
6.0375000000000005,3.1736632973289205,2,sr,1.692e-12
6.0500000000000007,3.1734962057642293,2,sr,1.448e-12
6.0625000000000009,3.1733780676242831,2,sr,1.102e-12
6.0750000000000002,3.1733006020473615,2,sr,7.357e-13
6.0875000000000004,3.1732553548630555,2,sr,3.964e-13
6.1000000000000005,3.1732337314340615,2,sr,1.083e-13
6.1125000000000007,3.1732270320047822,2,sr,1.189e-13
6.1250000000000009,3.1732264892391475,2,sr,2.871e-13
6.1375000000000002,3.1732233075749519,2,sr,3.992e-13
6.1500000000000004,3.1732087039724104,2,sr,4.650e-13
6.1625000000000005,3.1731739495925573,2,sr,4.879e-13
6.1750000000000007,3.1731104119080977,2,sr,4.750e-13
6.1875000000000009,3.1730095967269505,2,sr,4.273e-13
6.2000000000000002,3.1728631895980675,2,sr,3.454e-13
6.2125000000000004,3.1726630960708384,2,sr,2.272e-13
6.2250000000000005,3.172401480296664,2,sr,2.876e-12
6.2375000000000007,3.1720708014648289,2,sr,7.624e-14
6.2500000000000009,3.1716638476846377,2,sr,1.884e-13
6.2625000000000002,3.1711737668118958,2,sr,1.992e-13
6.2750000000000004,3.1705940939791923,2,sr,9.014e-14
6.2875000000000005,3.1699187754909088,2,sr,5.290e-13
6.3000000000000007,3.1691421888997251,2,sr,9.584e-16
6.3125000000000009,3.1682591591146934,2,sr,2.506e-16
6.3250000000000002,3.1672649704961175,2,sr,5.335e-13
6.3375000000000004,3.1661553749310549,2,sr,1.830e-13
6.3500000000000005,3.1649265959640034,2,sr,2.049e-12
6.3625000000000007,3.1635753291443152,2,sr,7.213e-16
6.3750000000000009,3.162098738730553,2,sr,8.066e-13
6.3875000000000002,3.1604944510582671,2,sr,1.977e-13
6.4000000000000004,3.1587605447943621,2,sr,3.204e-16
6.4125000000000005,3.1568955384046231,2,sr,3.083e-12
6.4250000000000007,3.1548983751382318,2,sr,1.110e-11
6.4375000000000009,3.1527684059857508,2,sr,4.769e-16
6.4500000000000002,3.1505053706540243,2,sr,1.065e-12
6.4625000000000004,3.1481093773275042,2,sr,7.945e-16
6.4750000000000005,3.1455808811662398,2,sr,2.103e-12
6.4875000000000007,3.1429206620335233,2,sr,2.804e-16
6.5000000000000009,3.1401298017441546,2,sr,1.878e-13
6.5125000000000002,3.1372096610493023,2,sr,2.097e-11
6.5250000000000004,3.1341618565582685,2,sr,7.168e-17
6.5375000000000005,3.130988238128888,2,sr,1.191e-11
6.5500000000000007,3.127690866294913,2,sr,5.095e-16
6.5625000000000009,3.1242719906577112,2,sr,1.110e-16
6.5750000000000002,3.1207340287262082,2,sr,1.130e-11
6.5875000000000004,3.1170795456776386,2,sr,2.206e-11
6.6000000000000005,3.1133112352027594,2,sr,5.257e-16
6.6125000000000007,3.1094319009515927,2,sr,6.055e-16
6.6250000000000009,3.1054444394571687,2,sr,7.654e-12
6.6375000000000002,3.1013518237947073,2,sr,2.482e-11
6.6500000000000004,3.0971570885992601,2,sr,2.325e-16
6.6625000000000005,3.0928633157986947,2,sr,1.328e-15
6.6750000000000007,3.0884736218213513,2,sr,7.871e-17
6.6875000000000009,3.0839911455736493,2,sr,8.726e-16
6.7000000000000002,3.0794190375390431,2,sr,1.199e-15
6.7125000000000004,3.0747604498420746,2,sr,1.772e-15
6.7250000000000005,3.0700185272528064,2,sr,3.207e-14
6.7375000000000007,3.0651963990888613,2,sr,3.931e-12
6.7500000000000009,3.0602971719574277,2,sr,9.349e-12
6.7625000000000002,3.0553239233045293,2,sr,1.188e-11
6.7750000000000004,3.0502796957133436,2,sr,9.738e-12
6.7875000000000005,3.045167491898904,2,sr,3.938e-12
6.8000000000000007,3.0399902703527681,2,sr,1.012e-12
6.8125000000000009,3.0347509415871947,2,sr,9.408e-16
6.8250000000000002,3.0294523649289706,2,sr,4.307e-16
6.8375000000000004,3.0240973458396465,2,sr,1.133e-15
6.8500000000000005,3.018688633686522,2,sr,5.242e-16
6.8625000000000007,3.0132289199439564,2,sr,9.741e-16
6.8750000000000009,3.0077208367803023,2,sr,3.543e-15
6.8875000000000002,3.0021669559943724,2,sr,3.747e-15
6.9000000000000004,2.996569788267184,2,sr,2.424e-15
6.9125000000000005,2.9909317826968906,2,sr,1.898e-15
6.9250000000000007,2.9852553265949999,2,sr,1.734e-11
6.9375000000000009,2.9795427454616421,2,sr,1.110e-16
6.9500000000000002,2.9737963032782315,2,sr,1.474e-15
6.9625000000000004,2.9680182028210211,2,sr,3.059e-15
6.9750000000000005,2.9622105862470605,2,sr,4.570e-15
6.9875000000000007,2.9563755357690225,2,sr,2.440e-15
7.0000000000000009,2.9505150744398465,2,sr,3.791e-11
7.0125000000000002,2.9446311671323961,2,sr,9.495e-16
7.0250000000000004,2.9387257213712985,2,sr,3.438e-15
7.0375000000000005,2.9328005885500019,2,sr,2.497e-15
7.0500000000000007,2.9268575649744148,2,sr,6.276e-15
7.0625000000000009,2.9208983930500652,2,sr,3.204e-15
7.0750000000000002,2.9149247625065571,2,sr,3.415e-11
7.0875000000000004,2.9089383115754046,2,sr,2.257e-15
7.1000000000000005,2.9029406283857604,2,sr,4.043e-15
7.1125000000000007,2.8969332521169355,2,sr,6.542e-15
7.1250000000000009,2.8909176743556508,2,sr,2.390e-15
7.1375000000000002,2.88489534037996,2,sr,4.003e-16
7.1500000000000004,2.8788676504559478,2,sr,7.541e-16
7.1625000000000005,2.8728359611298875,2,sr,4.747e-15
7.1750000000000007,2.866801586512191,2,sr,6.848e-15
7.1875000000000009,2.8607657995499594,2,sr,3.821e-15
7.2000000000000002,2.854729833285286,2,sr,9.211e-16
7.2125000000000004,2.8486948820970328,2,sr,4.162e-15
7.2250000000000005,2.8426621029239891,2,sr,4.592e-15
7.2375000000000007,2.8366326164677398,2,sr,3.937e-15
7.2500000000000009,2.830607508373872,2,sr,1.456e-15
7.2625000000000002,2.8245878303902732,2,sr,5.741e-16
7.2750000000000004,2.8185746015017292,2,sr,5.238e-16
7.2875000000000005,2.8125688090399996,2,sr,5.257e-15
7.3000000000000007,2.8065714097688828,2,sr,4.695e-15
7.3125000000000009,2.8005833309439221,2,sr,3.546e-15
7.3250000000000002,2.794605471346435,2,sr,1.168e-15
7.3375000000000004,2.7886387022918599,2,sr,1.758e-15
7.3500000000000005,2.7826838686123585,2,sr,3.739e-15
7.3625000000000007,2.7767417896137809,2,sr,1.929e-15
7.3750000000000009,2.7708132600072028,2,sr,8.596e-16
7.3875000000000002,2.764899050830516,2,sr,5.196e-11
7.4000000000000004,2.7589999102534501,2,sr,5.401e-16
7.4125000000000005,2.7531165645873319,2,sr,1.679e-15
7.4250000000000007,2.7472497189650387,2,sr,2.225e-15
7.4375000000000009,2.7414000582265632,2,sr,5.984e-16
7.4500000000000002,2.7355682476862282,2,sr,1.208e-11
7.4625000000000004,2.7297549339130995,2,sr,1.530e-15
7.4750000000000005,2.7239607454377581,2,sr,3.148e-15
7.4875000000000007,2.7181862935060437,2,sr,1.783e-15
7.5000000000000009,2.7124321727602592,2,sr,7.225e-15
7.5125000000000002,2.7066989619204143,2,sr,3.660e-15
7.5250000000000004,2.7009872244420392,2,sr,2.756e-17
7.5375000000000005,2.6952975091657065,2,sr,4.076e-11
7.5500000000000007,2.6896303508810182,2,sr,2.046e-15
7.5625000000000009,2.6839862710388882,2,sr,1.356e-15
7.5750000000000002,2.6783657782239105,2,sr,9.699e-16
7.5875000000000004,2.6727693687760965,2,sr,1.859e-15
7.6000000000000005,2.6671975273292765,2,sr,1.513e-15
7.6125000000000007,2.661650727344417,2,sr,1.112e-15
7.6250000000000009,2.6561294316272739,2,sr,8.901e-16
7.6375000000000002,2.6506340928061225,2,sr,9.404e-11
7.6500000000000004,2.6451651539450727,2,sr,6.785e-12
7.6625000000000005,2.6397230487840866,2,sr,8.735e-11
7.6750000000000007,2.6343082023499256,2,sr,1.401e-15
7.6875000000000009,2.6289210314894382,2,sr,1.378e-15
7.7000000000000002,2.6235619451085039,2,sr,2.486e-15
7.7125000000000004,2.6182313447055563,2,sr,1.365e-15
7.7250000000000005,2.6129296247578342,2,sr,2.165e-15
7.7375000000000007,2.6076571731230325,2,sr,1.661e-11
7.7500000000000009,2.602414371424703,2,sr,8.067e-11
7.7625000000000002,2.5972015953686816,2,sr,8.659e-12
7.7750000000000004,2.5920192152574035,2,sr,1.361e-11
7.7875000000000005,2.5868675962136933,2,sr,6.228e-11
7.8000000000000007,2.581747098487488,2,sr,8.428e-16
7.8125000000000009,2.5766580779746047,2,sr,3.660e-15
7.8250000000000002,2.5716008863626558,2,sr,1.404e-15
7.8375000000000004,2.566575871529714,2,sr,2.584e-15
7.8500000000000005,2.561583377834916,2,sr,1.185e-15
7.8625000000000007,2.5566237464161907,2,sr,4.798e-15
7.8750000000000009,2.5516973154793381,2,sr,5.818e-16
7.8875000000000002,2.5468044205786806,2,sr,1.993e-15
7.9000000000000004,2.5419453948893818,2,sr,1.050e-15
7.9125000000000005,2.5371205694716155,2,sr,1.877e-15
7.9250000000000007,2.5323302735266573,2,sr,6.615e-16
7.9375000000000009,2.5275748346450131,2,sr,5.504e-17
7.9500000000000002,2.5228545790466352,2,sr,1.704e-15
7.9625000000000004,2.5181698318132959,2,sr,3.017e-16
7.9750000000000005,2.5135209171131256,2,sr,3.833e-15
7.9875000000000007,2.5089081584173147,2,sr,9.839e-16
8,2.5043318787089923,2,sr,2.728e-16
8.0124999999999993,2.499792400677368,2,sr,2.647e-11
8.0250000000000004,2.4952900469448203,2,sr,2.934e-15
8.0374999999999996,2.490825140183698,2,sr,4.336e-16
8.0499999999999989,2.4863980033612298,2,sr,1.136e-15
8.0625,2.4820089598738848,2,sr,4.100e-15
8.0749999999999993,2.4776583337141074,2,sr,5.328e-15
8.0875000000000004,2.4733464496215016,2,sr,4.026e-15
8.0999999999999996,2.4690736332250753,2,sr,2.195e-15
8.1124999999999989,2.4648402111705852,2,sr,2.143e-11
8.125,2.4606465112721798,2,sr,1.065e-16
8.1374999999999993,2.456492862569565,2,sr,4.779e-16
8.1500000000000004,2.4523795954876833,2,sr,9.106e-15
8.1624999999999996,2.4483070419011388,2,sr,5.806e-16
8.1749999999999989,2.4442755352212706,2,sr,8.945e-16
8.1875,2.4402854104660126,2,sr,1.731e-15
8.1999999999999993,2.436337004317513,2,sr,1.412e-15
8.2125000000000004,2.4324306551670252,2,sr,9.274e-15
8.2249999999999996,2.4285667031463944,2,sr,6.958e-15
8.2374999999999989,2.4247454901284007,2,sr,6.207e-11
8.25,2.4209673598145307,2,sr,1.547e-16
8.2624999999999993,2.4172326575516738,2,sr,6.833e-15
8.2750000000000004,2.4135417304729909,2,sr,4.863e-15
8.2874999999999996,2.4098949273627843,2,sr,1.148e-11
8.2999999999999989,2.4062925986246291,2,sr,1.422e-15
8.3125,2.4027350961648928,2,sr,1.720e-14
8.3249999999999993,2.3992227733202518,2,sr,9.072e-16
8.3375000000000004,2.3957559847155259,2,sr,2.209e-15
8.3499999999999996,2.3923350861180603,2,sr,1.080e-14
8.3624999999999989,2.388960434265031,2,sr,5.277e-15
8.375,2.3856323866654043,2,sr,1.983e-16
8.3874999999999993,2.3823513013753321,2,sr,1.096e-14
8.4000000000000004,2.3791175367453565,2,sr,9.829e-16
8.4124999999999996,2.3759314511379532,2,sr,5.871e-16
8.4249999999999989,2.3727934026138882,2,sr,1.422e-14
8.4375,2.3697037485612769,2,sr,8.027e-11
8.4499999999999993,2.3666628454358127,2,sr,6.178e-15
8.4625000000000004,2.3636710481001364,2,sr,8.744e-15
8.4749999999999996,2.3607287096106755,2,sr,7.651e-16
8.4874999999999989,2.3578361805999832,2,sr,1.418e-14
8.5,2.3549938087624867,2,sr,3.837e-14
8.5124999999999993,2.3522019382718904,2,sr,1.009e-14
8.5250000000000004,2.3494609091520178,2,sr,1.501e-15
8.5374999999999996,2.3467710565994926,2,sr,4.108e-15
8.5499999999999989,2.344132710255773,2,sr,5.388e-15
8.5625,2.341546193426463,2,sr,2.588e-15
8.5749999999999993,2.3390118222458764,2,sr,6.530e-15
8.5875000000000004,2.3365299047845185,2,sr,3.752e-15
8.5999999999999996,2.3341007400975564,2,sr,3.095e-15
8.6124999999999989,2.3317246172120258,2,sr,2.989e-15
8.625,2.3294018140509243,2,sr,9.913e-16
8.6374999999999993,2.3271325962921279,2,sr,1.013e-14
8.6500000000000004,2.3249172161587808,2,sr,4.826e-12
8.6624999999999996,2.3227559111510709,2,sr,1.313e-14
8.6749999999999989,2.3206489026828554,2,sr,1.677e-15
8.6875,2.3185963946804367,2,sr,7.639e-15
8.6999999999999993,2.3165985720837381,2,sr,4.630e-15
8.7125000000000004,2.3146555992612896,2,sr,6.391e-11
8.7249999999999996,2.3127676184890871,2,sr,1.011e-14
8.7374999999999989,2.3109347480079667,2,sr,3.010e-15
8.75,2.3091570804717749,2,sr,1.967e-15
8.7624999999999993,2.3074346809752675,2,sr,7.489e-15
8.7750000000000004,2.3057675851504826,2,sr,1.862e-15
8.7874999999999996,2.304155797171116,2,sr,1.684e-15
8.7999999999999989,2.3025992876910166,2,sr,1.031e-14
8.8125,2.301097991720173,2,sr,1.671e-15
8.8249999999999993,2.2996518064247113,2,sr,4.549e-11
8.8375000000000004,2.2982605889814085,2,sr,6.189e-15
8.8499999999999996,2.2969241541167658,2,sr,2.135e-15
8.8624999999999989,2.2956422719648444,2,sr,6.536e-16
8.875,2.2944146656359763,2,sr,2.676e-11
8.8874999999999993,2.2932410088056701,2,sr,5.016e-15
8.9000000000000004,2.2921209234382092,2,sr,3.784e-15
8.9124999999999996,2.2910539772926248,2,sr,5.208e-16
8.9249999999999989,2.2900396816165127,2,sr,2.393e-11
8.9375,2.2890774887422718,2,sr,1.111e-15
8.9499999999999993,2.2881667898902833,2,sr,2.887e-15
8.9625000000000004,2.2873069128316601,2,sr,2.636e-15
8.9749999999999996,2.2864971197829123,2,sr,9.791e-16
8.9874999999999989,2.2857366053401025,2,sr,1.915e-16
9,2.2850244945475522,2,sr,7.091e-12
9.0124999999999993,2.2843598411149402,2,sr,5.321e-11
9.0250000000000004,2.2837416257056655,2,sr,1.425e-15
9.0374999999999996,2.2831687547097079,2,sr,2.303e-16
9.0499999999999989,2.2826400588038345,2,sr,1.529e-16
9.0625,2.2821542920902531,2,sr,1.829e-15
9.0749999999999993,2.2817101313619799,2,sr,7.214e-16
9.0875000000000004,2.2813061756834148,2,sr,1.287e-15
9.0999999999999996,2.2809409462872408,2,sr,1.873e-16
9.1124999999999989,2.2806128868116877,2,sr,1.504e-16
9.125,2.2803203639010783,2,sr,6.374e-16
9.1374999999999993,2.2800616682019479,2,sr,2.315e-11
9.1500000000000004,2.279835015695951,2,sr,2.020e-12
9.1624999999999996,2.2796385496206111,2,sr,8.142e-12
9.1749999999999989,2.2794703426061393,2,sr,1.477e-11
9.1875,2.2793283994163134,2,sr,2.019e-11
9.1999999999999993,2.2792106600791207,2,sr,2.387e-11
9.2125000000000004,2.2791150034829362,2,sr,2.582e-11
9.2249999999999996,2.2790392514252233,2,sr,2.634e-11
9.2374999999999989,2.2789811731070482,2,sr,2.576e-11
9.25,2.2789384900615772,2,sr,2.441e-11
9.2624999999999993,2.2789088814994827,2,sr,2.257e-11
9.2750000000000004,2.2788899900488069,2,sr,2.046e-11
9.2874999999999996,2.278879427861495,2,sr,1.827e-11
9.2999999999999989,2.2788747830535647,2,sr,1.610e-11
9.3125,2.278873626440868,2,sr,1.404e-11
9.3249999999999993,2.2788735185276816,2,sr,1.215e-11
9.3375000000000004,2.2788720167011007,2,sr,1.044e-11
9.3499999999999996,2.2788666825804276,2,sr,8.908e-12
9.3624999999999989,2.2788550894676591,2,sr,7.548e-12
9.375,2.2788348298427006,2,sr,6.324e-12
9.3874999999999993,2.2788035228453203,2,sr,5.195e-12
9.4000000000000004,2.2787588216849919,2,sr,4.099e-12
9.4124999999999996,2.2786984209198415,2,sr,2.973e-12
9.4249999999999989,2.2786200635468039,2,sr,1.732e-12
9.4375,2.2785215478468701,2,sr,2.799e-13
9.4499999999999993,2.2784007339248546,2,sr,1.318e-11
9.4625000000000004,2.2782555499538035,2,sr,2.558e-11
9.4749999999999996,2.2780839978522733,2,sr,2.122e-15
9.4874999999999989,2.2778841588399072,2,sr,7.547e-16
9.5,2.2776541981796905,2,sr,5.988e-16
9.5124999999999993,2.2773923696495051,2,sr,1.652e-11
9.5250000000000004,2.2770970193704754,2,sr,1.944e-11
9.5374999999999996,2.2767665891764834,2,sr,2.077e-11
9.5499999999999989,2.27639961936113,2,sr,1.936e-11
9.5625,2.2759947508979392,2,sr,1.435e-11
9.5749999999999993,2.2755507270964239,2,sr,6.378e-12
9.5875000000000004,2.275066394707403,2,sr,1.353e-13
9.5999999999999996,2.2745407044862662,2,sr,1.658e-15
9.6125000000000007,2.2739727112323904,2,sr,1.120e-15
9.625,2.2733615733409271,2,sr,1.014e-15
9.6374999999999993,2.272706551871277,2,sr,1.051e-15
9.6500000000000004,2.2720070091633624,2,sr,2.480e-11
9.6624999999999996,2.2712624070834924,2,sr,5.340e-11
9.6750000000000007,2.2704723048752942,2,sr,1.471e-11
9.6875,2.2696363565032716,2,sr,1.943e-15
9.6999999999999993,2.2687543080809096,2,sr,7.970e-16
9.7125000000000004,2.2678259946284509,2,sr,7.208e-16
9.7249999999999996,2.2668513368199563,2,sr,2.817e-16
9.7375000000000007,2.2658303374536062,2,sr,5.672e-11
9.75,2.2647630779068035,2,sr,1.626e-16
9.7624999999999993,2.2636497141258598,2,sr,4.086e-16
9.7750000000000004,2.262490472980248,2,sr,2.300e-15
9.7874999999999996,2.2612856482150754,2,sr,2.890e-15
9.8000000000000007,2.2600355965090646,2,sr,2.836e-13
9.8125,2.2587407335044971,2,sr,1.168e-15
9.8249999999999993,2.2574015298585386,2,sr,0.000e+00
9.8375000000000004,2.2560185073342081,2,sr,3.036e-15
9.8499999999999996,2.2545922349544933,2,sr,2.544e-15
9.8625000000000007,2.2531233252347285,2,sr,2.558e-16
9.875,2.2516124305091685,2,sr,3.345e-15
9.8874999999999993,2.2500602393650824,2,sr,1.444e-12
9.9000000000000004,2.2484674731917593,2,sr,5.459e-15
9.9124999999999996,2.2468348828639333,2,sr,8.015e-15
9.9250000000000007,2.245163245553345,2,sr,1.259e-11
9.9375,2.2434533616617309,2,sr,7.045e-16
9.9499999999999993,2.2417060519576189,2,sr,6.729e-15
9.9625000000000004,2.2399221547802148,2,sr,1.782e-11
9.9749999999999996,2.2381025234188776,2,sr,2.685e-15
9.9875000000000007,2.2362480237007354,2,sr,5.758e-15
10,2.2343595316125344,2,sr,3.256e-15
2.9750000000000005,14.963981892503391,3,sr,3.248e-16
2.9875000000000003,14.922674357456794,3,sr,3.502e-16
3.0000000000000004,14.877956425652743,3,sr,1.019e-16
3.0125000000000002,14.830002168926434,3,sr,1.780e-16
3.0250000000000004,14.779000026997437,3,sr,6.502e-16
3.0375000000000005,14.725147107507297,3,sr,3.279e-16
3.0500000000000003,14.668644437094848,3,sr,5.968e-16
3.0625000000000004,14.60969311276328,3,sr,5.635e-13
3.0750000000000002,14.548491270397857,3,sr,2.736e-16
3.0875000000000004,14.485231770869728,3,sr,8.642e-15
3.1000000000000005,14.420100499065976,3,sr,1.801e-15
3.1125000000000003,14.353275174364086,3,sr,5.026e-16
3.1250000000000004,14.28492457866143,3,sr,1.058e-12
3.1375000000000002,14.215208118545036,3,sr,1.814e-14
3.1500000000000004,14.144275649320329,3,sr,2.284e-15
3.1625000000000005,14.072267500085873,3,sr,9.701e-13
3.1750000000000003,13.999314649117908,3,sr,7.483e-16
3.1875000000000004,13.925539008568752,3,sr,2.077e-13
3.2000000000000002,13.851053785271787,3,sr,7.324e-13
3.2125000000000004,13.7759638916746,3,sr,7.512e-13
3.2250000000000005,13.700366386487714,3,sr,1.653e-13
3.2375000000000003,13.624350929463079,3,sr,9.840e-16
3.2500000000000004,13.548000238542739,3,sr,6.337e-16
3.2625000000000002,13.47139054073256,3,sr,2.234e-12
3.2750000000000004,13.394592010411465,3,sr,1.645e-16
3.2875000000000005,13.317669190891177,3,sr,1.456e-15
3.3000000000000003,13.240681396183913,3,sr,1.132e-12
3.3125000000000004,13.163683091474718,3,sr,3.067e-15
3.3250000000000002,13.086724251402925,3,sr,5.317e-12
3.3375000000000004,13.009850695820184,3,sr,3.008e-13
3.3500000000000005,12.933104403629434,3,sr,1.157e-15
3.3625000000000003,12.856523804862576,3,sr,6.552e-12
3.3750000000000004,12.78014405214927,3,sr,1.277e-13
3.3875000000000002,12.703997272601466,3,sr,1.693e-16
3.4000000000000004,12.62811280080185,3,sr,1.168e-15
3.4125000000000005,12.552517394450343,3,sr,7.984e-16
3.4250000000000003,12.477235433550888,3,sr,1.478e-11
3.4375000000000004,12.40228910413752,3,sr,1.459e-11
3.4500000000000002,12.327698568289696,3,sr,2.615e-15
3.4625000000000004,12.253482120112203,3,sr,6.378e-16
3.4750000000000005,12.179656330352913,3,sr,6.463e-16
3.4875000000000003,12.106236179262494,3,sr,1.303e-11
3.5000000000000004,12.033235179106123,3,sr,3.778e-15
3.5125000000000002,11.96066548734918,3,sr,5.882e-12
3.5250000000000004,11.888538010594472,3,sr,1.941e-15
3.5375000000000005,11.816862500773949,3,sr,1.136e-11
3.5500000000000003,11.745647643689532,3,sr,7.043e-12
3.5625000000000004,11.674901140561662,3,sr,1.235e-11
3.5750000000000002,11.604629783536495,3,sr,4.691e-16
3.5875000000000004,11.534839525220715,3,sr,1.191e-15
3.6000000000000005,11.465535542799858,3,sr,6.678e-12
3.6125000000000003,11.396722297346431,3,sr,6.638e-12
3.6250000000000004,11.328403588682564,3,sr,1.801e-15
3.6375000000000002,11.260582605856298,3,sr,9.353e-12
3.6500000000000004,11.193261973990195,3,sr,5.006e-16
3.6625000000000005,11.126443797594529,3,sr,9.323e-12
3.6750000000000003,11.060129700555734,3,sr,6.709e-13
3.6875000000000004,10.994320863138707,3,sr,4.297e-16
3.7000000000000002,10.929018056375925,3,sr,8.675e-16
3.7125000000000004,10.864221673785563,3,sr,2.802e-15
3.7250000000000005,10.799931760801316,3,sr,2.153e-11
3.7375000000000003,10.736148042135884,3,sr,1.604e-11
3.7500000000000004,10.672869946960295,3,sr,3.149e-15
3.7625000000000002,10.610096632420683,3,sr,5.359e-13
3.7750000000000004,10.547827005452161,3,sr,6.125e-15
3.7875000000000005,10.486059742928882,3,sr,1.817e-11
3.8000000000000003,10.424793310509138,3,sr,2.137e-15
3.8125000000000004,10.364025979923049,3,sr,4.810e-16
3.8250000000000002,10.303755845307036,3,sr,1.792e-15
3.8375000000000004,10.24398083818067,3,sr,3.041e-15
3.8500000000000005,10.184698741450115,3,sr,5.072e-15
3.8625000000000003,10.125907202397904,3,sr,2.607e-11
3.8750000000000004,10.067603744873633,3,sr,1.941e-15
3.8875000000000002,10.009785780367089,3,sr,5.861e-16
3.9000000000000004,9.9524506186662904,3,sr,2.065e-15
3.9125000000000005,9.8955954775322574,3,sr,2.537e-11
3.9250000000000003,9.8392174917106665,3,sr,9.956e-17
3.9375000000000004,9.7833137215504298,3,sr,4.908e-15
3.9500000000000002,9.7278811607083675,3,sr,5.038e-16
3.9625000000000004,9.6729167435647216,3,sr,4.458e-15
3.9750000000000005,9.6184173520373601,3,sr,1.274e-15
3.9875000000000003,9.564379821946547,3,sr,1.024e-15
4,9.5108009489252083,3,sr,3.555e-11
4.0125000000000002,9.4576774940522057,3,sr,2.070e-15
4.0250000000000004,9.4050061887945144,3,sr,2.392e-15
4.0375000000000005,9.3527837400210618,3,sr,1.150e-15
4.0500000000000007,9.3010068343670991,3,sr,1.493e-11
4.0625,9.2496721424722708,3,sr,7.014e-15
4.0750000000000002,9.1987763227895716,3,sr,5.774e-15
4.0875000000000004,9.1483160252992253,3,sr,5.160e-15
4.1000000000000005,9.0982878948516586,3,sr,6.730e-15
4.1125000000000007,9.0486885743325267,3,sr,5.416e-15
4.125,8.9995147076065898,3,sr,1.076e-15
4.1375000000000002,8.9507629422387467,3,sr,4.705e-11
4.1500000000000004,8.9024299321766058,3,sr,0.000e+00
4.1625000000000005,8.854512339894816,3,sr,5.548e-15
4.1750000000000007,8.8070068388665348,3,sr,2.783e-15
4.1875,8.7599101155062638,3,sr,2.621e-11
4.2000000000000002,8.7132188711977978,3,sr,4.941e-15
4.2125000000000004,8.6669298239719286,3,sr,3.689e-15
4.2250000000000005,8.6210397103106544,3,sr,2.772e-11
4.2375000000000007,8.5755452867356681,3,sr,2.550e-11
4.25,8.530443331103104,3,sr,1.720e-11
4.2625000000000002,8.4857306442100704,3,sr,4.019e-11
4.2750000000000004,8.4414040508710215,3,sr,2.699e-12
4.2875000000000005,8.3974604013030412,3,sr,6.421e-15
4.3000000000000007,8.3538965720691287,3,sr,1.119e-15
4.3125,8.3107094672376611,3,sr,3.319e-11
4.3250000000000002,8.2678960192575808,3,sr,1.516e-15
4.3375000000000004,8.2254531900328924,3,sr,1.365e-11
4.3500000000000005,8.1833779715952915,3,sr,3.378e-15
4.3625000000000007,8.1416673870362661,3,sr,2.011e-11
4.375,8.1003184912309383,3,sr,5.789e-12
4.3875000000000002,8.0593283714737378,3,sr,7.986e-16
4.4000000000000004,8.0186941482544363,3,sr,2.007e-15
4.4125000000000005,7.9784129758149653,3,sr,3.013e-15
4.4250000000000007,7.9384820427641696,3,sr,3.206e-15
4.4375,7.8988985726361891,3,sr,4.031e-15
4.4500000000000002,7.8596598244134981,3,sr,2.078e-11
4.4625000000000004,7.820763093082256,3,sr,9.688e-12
4.4750000000000005,7.7822057100171786,3,sr,3.133e-11
4.4875000000000007,7.7439850434970019,3,sr,2.557e-11
4.5,7.7060984992517794,3,sr,1.960e-12
4.5125000000000002,7.668543520671526,3,sr,1.514e-12
4.5250000000000004,7.6313175894027809,3,sr,1.056e-11
4.5375000000000005,7.5944182256563799,3,sr,2.447e-12
4.5500000000000007,7.5578429886443761,3,sr,3.348e-11
4.5625,7.5215894769825464,3,sr,5.230e-16
4.5750000000000002,7.48565532894151,3,sr,4.154e-11
4.5875000000000004,7.4500382230422053,3,sr,4.531e-13
4.6000000000000005,7.4147358781801218,3,sr,2.985e-12
4.6125000000000007,7.3797460541945048,3,sr,3.233e-12
4.625,7.3450665521472009,3,sr,2.870e-12
4.6375000000000002,7.3106952147102877,3,sr,1.853e-15
4.6500000000000004,7.2766299265660264,3,sr,5.971e-15
4.6625000000000005,7.2428686147758023,3,sr,8.478e-15
4.6750000000000007,7.2094092491706165,3,sr,2.634e-11
4.6875,7.1762498428088017,3,sr,2.567e-15
4.7000000000000002,7.1433884522783924,3,sr,4.563e-15
4.7125000000000004,7.1108231782342521,3,sr,1.582e-15
4.7250000000000005,7.0785521657815718,3,sr,8.307e-17
4.7375000000000007,7.046573604941015,3,sr,8.287e-17
4.75,7.0148857311183219,3,sr,1.751e-12
4.7625000000000002,6.9834868255960476,3,sr,3.627e-15
4.7750000000000004,6.9523752160332339,3,sr,5.206e-15
4.7875000000000005,6.9215492770005156,3,sr,6.556e-16
4.8000000000000007,6.8910074305259554,3,sr,4.466e-15
4.8125000000000009,6.8607481466686524,3,sr,1.194e-15
4.8250000000000002,6.8307699441163665,3,sr,1.515e-15
4.8375000000000004,6.8010713908092244,3,sr,2.696e-15
4.8500000000000005,6.7716511045909726,3,sr,4.621e-15
4.8625000000000007,6.7425077538891953,3,sr,1.552e-15
4.8750000000000009,6.7136400584258125,3,sr,5.866e-16
4.8875000000000002,6.6850467899650843,3,sr,1.280e-11
4.9000000000000004,6.6567267730605932,3,sr,5.765e-15
4.9125000000000005,6.6286788859221319,3,sr,2.212e-15
4.9250000000000007,6.6009020612047937,3,sr,1.363e-15
4.9375000000000009,6.5733952869206878,3,sr,5.482e-15
4.9500000000000002,6.5461576073552656,3,sr,7.275e-16
4.9625000000000004,6.5191881240312393,3,sr,3.985e-12
4.9750000000000005,6.4924859967028565,3,sr,6.794e-15
4.9875000000000007,6.4660504444203903,3,sr,1.075e-15
5.0000000000000009,6.4398807466004291,3,sr,3.109e-12
5.0125000000000002,6.4139762441775323,3,sr,4.612e-15
5.0250000000000004,6.3883363407692713,3,sr,7.561e-16
5.0375000000000005,6.3629605039196191,3,sr,5.565e-15
5.0500000000000007,6.3378482663687077,3,sr,3.639e-15
5.0625000000000009,6.3129992273804936,3,sr,2.181e-15
5.0750000000000002,6.2884130541187622,3,sr,2.660e-15
5.0875000000000004,6.2640894830735663,3,sr,2.938e-16
5.1000000000000005,6.2400283215425514,3,sr,8.191e-12
5.1125000000000007,6.2162294491384378,3,sr,1.161e-15
5.1250000000000009,6.1926928194092437,3,sr,5.862e-15
5.1375000000000002,6.1694184614459058,3,sr,3.754e-11
5.1500000000000004,6.1464064814846671,3,sr,7.586e-16
5.1625000000000005,6.1236570648255571,3,sr,3.861e-15
5.1750000000000007,6.1011704774124542,3,sr,1.496e-15
5.1875000000000009,6.0789470677504625,3,sr,1.393e-15
5.2000000000000002,6.0569872687488129,3,sr,4.148e-15
5.2125000000000004,6.0352915996224414,3,sr,1.281e-15
5.2250000000000005,6.0138606678287001,3,sr,2.725e-16
5.2375000000000007,5.9926951710343745,3,sr,2.524e-15
5.2500000000000009,5.9717958991071738,3,sr,4.739e-15
5.2625000000000002,5.95116373612482,3,sr,2.218e-15
5.2750000000000004,5.9307996623935439,3,sr,7.040e-16
5.2875000000000005,5.910704756466636,3,sr,1.484e-15
5.3000000000000007,5.8908801971518479,3,sr,1.558e-15
5.3125000000000009,5.8713272654950215,3,sr,2.060e-15
5.3250000000000002,5.8520473467251115,3,sr,1.532e-15
5.3375000000000004,5.8330419321437743,3,sr,2.530e-15
5.3500000000000005,5.8143126209558051,3,sr,2.426e-11
5.3625000000000007,5.7958611219088718,3,sr,3.065e-15
5.3750000000000009,5.777689255045976,3,sr,2.383e-15
5.3875000000000002,5.7597989529912788,3,sr,5.047e-12
5.4000000000000004,5.742192262308488,3,sr,8.058e-17
5.4125000000000005,5.7248713444940478,3,sr,1.963e-12
5.4250000000000007,5.7078384768026202,3,sr,2.690e-15
5.4375000000000009,5.6910960526952525,3,sr,2.898e-15
5.4500000000000002,5.6746465819696441,3,sr,1.181e-11
5.4625000000000004,5.6584926905037998,3,sr,2.302e-15
5.4750000000000005,5.6426371193991169,3,sr,1.671e-15
5.4875000000000007,5.627082723745235,3,sr,1.729e-15
5.5000000000000009,5.6118324706254006,3,sr,5.952e-16
5.5125000000000002,5.5968894364566086,3,sr,1.767e-15
5.5250000000000004,5.5822568035069207,3,sr,5.099e-16
5.5375000000000005,5.5679378554920023,3,sr,5.766e-16
5.5500000000000007,5.5539359721410975,3,sr,8.714e-12
5.5625000000000009,5.5402546225526859,3,sr,2.821e-16
5.5750000000000002,5.5268973573554039,3,sr,2.723e-15
5.5875000000000004,5.5138677992731724,3,sr,1.021e-11
5.6000000000000005,5.5011696321252295,3,sr,0.000e+00
5.6125000000000007,5.4888065881326487,3,sr,1.084e-11
5.6250000000000009,5.4767824330024526,3,sr,6.671e-17
5.6375000000000002,5.4651009491161604,3,sr,5.936e-16
5.6500000000000004,5.4537659160783711,3,sr,1.459e-11
5.6625000000000005,5.442781088722402,3,sr,5.802e-16
5.6750000000000007,5.4321501724267263,3,sr,3.824e-16
5.6875000000000009,5.4218767950716833,3,sr,3.150e-16
5.7000000000000002,5.4119644758981202,3,sr,2.183e-15
5.7125000000000004,5.4024165907299402,3,sr,4.926e-16
5.7250000000000005,5.3932363334501243,3,sr,1.218e-11
5.7375000000000007,5.3844266734020101,3,sr,5.786e-12
5.7500000000000009,5.3759903088617227,3,sr,4.165e-16
5.7625000000000002,5.36792961582369,3,sr,1.473e-11
5.7750000000000004,5.36024659257557,3,sr,1.105e-15
5.7875000000000005,5.352942799879659,3,sr,1.845e-11
5.8000000000000007,5.3460192962330186,3,sr,1.479e-15
5.8125000000000009,5.3394765693477186,3,sr,2.554e-12
5.8250000000000002,5.3333144628976896,3,sr,1.278e-11
5.8375000000000004,5.3275320998274038,3,sr,1.399e-11
5.8500000000000005,5.3221278020958094,3,sr,1.799e-15
5.8625000000000007,5.3170990077447886,3,sr,1.457e-15
5.8750000000000009,5.3124421862421709,3,sr,1.416e-15
5.8875000000000002,5.3081527527988248,3,sr,6.558e-12
5.9000000000000004,5.304224983262749,3,sr,1.731e-12
5.9125000000000005,5.3006519307763993,3,sr,1.117e-15
5.9250000000000007,5.2974253462115559,3,sr,2.136e-15
5.9375000000000009,5.2945356040746763,3,sr,3.703e-13
5.9500000000000002,5.2919716361417635,3,sr,2.785e-16
5.9625000000000004,5.2897208751165925,3,sr,7.888e-14
5.9750000000000005,5.287769210770966,3,sr,1.124e-12
5.9875000000000007,5.2861009610740872,3,sr,1.983e-16
6.0000000000000009,5.2846988607916305,3,sr,1.204e-14
6.0125000000000002,5.2835440700060818,3,sr,1.025e-13
6.0250000000000004,5.2826162046770611,3,sr,4.377e-13
6.0375000000000005,5.2818933911247647,3,sr,1.395e-15
6.0500000000000007,5.2813523458219827,3,sr,3.382e-16
6.0625000000000009,5.2809684812872737,3,sr,1.083e-16
6.0750000000000002,5.2807160382223044,3,sr,7.503e-16
6.0875000000000004,5.2805682432182603,3,sr,4.373e-16
6.1000000000000005,5.2804974905241657,3,sr,3.993e-12
6.1125000000000007,5.2804755455284997,3,sr,1.238e-11
6.1250000000000009,5.2804737667499424,3,sr,1.040e-11
6.1375000000000002,5.2804633419907789,3,sr,5.887e-12
6.1500000000000004,5.280415534804459,3,sr,2.315e-12
6.1625000000000005,5.2803019350033047,3,sr,3.900e-13
6.1750000000000007,5.2800947084612089,3,sr,1.455e-15
6.1875000000000009,5.2797668403014937,3,sr,7.847e-14
6.2000000000000002,5.2792923660434212,3,sr,3.871e-12
6.2125000000000004,5.2786465856428881,3,sr,5.230e-16
6.2250000000000005,5.27780625577791,3,sr,4.156e-16
6.2375000000000007,5.2767497568503305,3,sr,8.165e-13
6.2500000000000009,5.2754572316196944,3,sr,1.267e-13
6.2625000000000002,5.2739106936954174,3,sr,1.146e-15
6.2750000000000004,5.2720941049984562,3,sr,1.294e-12
6.2875000000000005,5.2699934222652729,3,sr,1.105e-14
6.3000000000000007,5.2675966135650691,3,sr,8.158e-16
6.3125000000000009,5.264893646671565,3,sr,4.487e-12
6.3250000000000002,5.2618764516918297,3,sr,9.077e-13
6.3375000000000004,5.258538860779602,3,sr,2.620e-16
6.3500000000000005,5.2548765283614856,3,sr,1.045e-11
6.3625000000000007,5.2508868352107605,3,sr,1.099e-13
6.3750000000000009,5.2465687795988973,3,sr,7.925e-13
6.3875000000000002,5.2419228593841867,3,sr,1.790e-12
6.4000000000000004,5.2369509476763447,3,sr,2.837e-12
6.4125000000000005,5.2316561652826001,3,sr,3.531e-12
6.4250000000000007,5.2260427524026563,3,sr,2.667e-12
6.4375000000000009,5.2201159418123071,3,sr,6.740e-14
6.4500000000000002,5.2138818353938943,3,sr,1.851e-15
6.4625000000000004,5.2073472855129417,3,sr,1.257e-11
6.4750000000000005,5.2005197823496827,3,sr,2.162e-12
6.4875000000000007,5.1934073482905836,3,sr,3.189e-16
6.5000000000000009,5.186018439523143,3,sr,9.464e-12
6.5125000000000002,5.178361855518423,3,sr,4.899e-16
6.5250000000000004,5.1704466565239455,3,sr,3.303e-12
6.5375000000000005,5.1622820886784062,3,sr,1.446e-11
6.5500000000000007,5.1538775170978202,3,sr,7.068e-16
6.5625000000000009,5.1452423660088913,3,sr,1.634e-12
6.5750000000000002,5.1363860662284999,3,sr,1.893e-11
6.5875000000000004,5.1273180091358048,3,sr,9.863e-16
6.6000000000000005,5.1180475065846549,3,sr,1.335e-15
6.6125000000000007,5.1085837568418597,3,sr,6.159e-16
6.6250000000000009,5.0989358154407647,3,sr,1.838e-15
6.6375000000000002,5.0891125708530369,3,sr,8.954e-16
6.6500000000000004,5.0791227243939199,3,sr,7.663e-16
6.6625000000000005,5.068974773937784,3,sr,1.621e-15
6.6750000000000007,5.0586770010274789,3,sr,9.975e-16
6.6875000000000009,5.0482374609883021,3,sr,2.954e-15
6.7000000000000002,5.0376639756857626,3,sr,1.967e-15
6.7125000000000004,5.0269641285955258,3,sr,1.624e-15
6.7250000000000005,5.0161452618828672,3,sr,2.754e-15
6.7375000000000007,5.0052144752207841,3,sr,5.669e-12
6.7500000000000009,4.9941786260726184,3,sr,3.496e-15
6.7625000000000002,4.9830443312968589,3,sr,4.739e-16
6.7750000000000004,4.9718179697429496,3,sr,1.707e-15
6.7875000000000005,4.9605056858183127,3,sr,3.806e-11
6.8000000000000007,4.9491133936281075,3,sr,1.345e-15
6.8125000000000009,4.937646782066401,3,sr,5.594e-16
6.8250000000000002,4.9261113199197313,3,sr,1.614e-16
6.8375000000000004,4.9145122616934227,3,sr,1.227e-15
6.8500000000000005,4.902854653580583,3,sr,2.960e-15
6.8625000000000007,4.8911433396580994,3,sr,2.987e-15
6.8750000000000009,4.8793829682187813,3,sr,3.181e-15
6.8875000000000002,4.8675779981815541,3,sr,4.392e-15
6.9000000000000004,4.8557327055306452,3,sr,2.812e-15
6.9125000000000005,4.8438511897420113,3,sr,1.117e-15
6.9250000000000007,4.8319373801620813,3,sr,5.374e-15
6.9375000000000009,4.8199950423096256,3,sr,5.005e-13
6.9500000000000002,4.8080277840783943,3,sr,3.612e-15
6.9625000000000004,4.7960390618161615,3,sr,2.842e-15
6.9750000000000005,4.7840321862729702,3,sr,1.253e-15
6.9875000000000007,4.7720103283979549,3,sr,6.945e-15
7.0000000000000009,4.7599765249751638,3,sr,1.232e-11
7.0125000000000002,4.7479336841275437,3,sr,5.859e-15
7.0250000000000004,4.7358845905714224,3,sr,5.902e-15
7.0375000000000005,4.7238319108074274,3,sr,9.288e-17
7.0500000000000007,4.711778198057532,3,sr,2.525e-15
7.0625000000000009,4.6997258970616418,3,sr,5.085e-15
7.0750000000000002,4.6876773486967993,3,sr,1.460e-14
7.0875000000000004,4.6756347944263679,3,sr,2.099e-15
7.1000000000000005,4.6636003805819124,3,sr,5.570e-15
7.1125000000000007,4.6515761624807466,3,sr,1.179e-14
7.1250000000000009,4.6395641083832091,3,sr,8.263e-15
7.1375000000000002,4.6275661032933728,3,sr,1.545e-14
7.1500000000000004,4.6155839526078566,3,sr,3.344e-15
7.1625000000000005,4.6036193856171712,3,sr,6.677e-15
7.1750000000000007,4.5916740588642595,3,sr,6.963e-15
7.1875000000000009,4.5797495593652426,3,sr,1.150e-15
7.2000000000000002,4.5678474076969975,3,sr,9.249e-15
7.2125000000000004,4.5559690609566497,3,sr,6.063e-16
7.2250000000000005,4.5441159155977271,3,sr,1.777e-15
7.2375000000000007,4.5322893101477177,3,sr,1.577e-14
7.2500000000000009,4.5204905278119316,3,sr,2.563e-15
7.2625000000000002,4.508720798968108,3,sr,5.665e-15
7.2750000000000004,4.4969813035564838,3,sr,1.148e-14
7.2875000000000005,4.4852731733879008,3,sr,5.721e-11
7.3000000000000007,4.4735974942465013,3,sr,7.878e-15
7.3125000000000009,4.4619553081744563,3,sr,6.077e-15
7.3250000000000002,4.4503476152822437,3,sr,7.078e-11
7.3375000000000004,4.4387753758801063,3,sr,2.481e-15
7.3500000000000005,4.4272395120918286,3,sr,1.685e-14
7.3625000000000007,4.4157409098481466,3,sr,4.573e-15
7.3750000000000009,4.4042804204789725,3,sr,5.336e-17
7.3875000000000002,4.3928588623675564,3,sr,2.570e-15
7.4000000000000004,4.3814770225164743,3,sr,1.530e-14
7.4125000000000005,4.3701356580547621,3,sr,1.444e-11
7.4250000000000007,4.3588354976596664,3,sr,5.942e-16
7.4375000000000009,4.3475772429841602,3,sr,3.521e-15
7.4500000000000002,4.3363615699459599,3,sr,2.607e-15
7.4625000000000004,4.3251891300347935,3,sr,2.548e-11
7.4750000000000005,4.3140605515020152,3,sr,4.312e-15
7.4875000000000007,4.30297644061522,3,sr,5.963e-15
7.5000000000000009,4.2919373827244911,3,sr,8.060e-15
7.5125000000000002,4.2809439433940151,3,sr,2.527e-15
7.5250000000000004,4.2699966694501592,3,sr,8.227e-14
7.5375000000000005,4.2590960899986285,3,sr,1.654e-15
7.5500000000000007,4.2482427174048576,3,sr,8.977e-15
7.5625000000000009,4.2374370482403263,3,sr,5.782e-15
7.5750000000000002,4.226679564195809,3,sr,1.828e-15
7.5875000000000004,4.2159707329636387,3,sr,5.603e-15
7.6000000000000005,4.2053110091007886,3,sr,3.859e-11
7.6125000000000007,4.1947008348026644,3,sr,1.613e-15
7.6250000000000009,4.1841406408038644,3,sr,1.392e-17
7.6375000000000002,4.1736308470494841,3,sr,2.911e-15
7.6500000000000004,4.1631718634961352,3,sr,3.150e-15
7.6625000000000005,4.1527640908292911,3,sr,6.206e-16
7.6750000000000007,4.1424079211698022,3,sr,4.046e-15
7.6875000000000009,4.1321037387604989,3,sr,3.162e-15
7.7000000000000002,4.1218519206340982,3,sr,5.571e-15
7.7125000000000004,4.1116528372464476,3,sr,6.603e-11
7.7250000000000005,4.101506853209421,3,sr,5.571e-11
7.7375000000000007,4.0914143276668895,3,sr,3.012e-12
7.7500000000000009,4.0813756152118899,3,sr,1.185e-11
7.7625000000000002,4.0713910662693795,3,sr,5.259e-11
7.7750000000000004,4.0614610276719629,3,sr,3.395e-16
7.7875000000000005,4.0515858433715133,3,sr,8.283e-15
7.8000000000000007,4.0417658548443995,3,sr,4.738e-16
7.8125000000000009,4.0320014017053749,3,sr,1.119e-16
7.8250000000000002,4.0222928222282119,3,sr,2.437e-15
7.8375000000000004,4.0126404538709579,3,sr,3.308e-15
7.8500000000000005,4.0030446337930199,3,sr,5.623e-15
7.8625000000000007,3.9935056993647584,3,sr,6.683e-15
7.8750000000000009,3.9840239886702418,3,sr,4.985e-16
7.8875000000000002,3.9745998409868095,3,sr,6.626e-11
7.9000000000000004,3.9652335973604376,3,sr,2.430e-15
7.9125000000000005,3.9559256009223627,3,sr,2.509e-15
7.9250000000000007,3.9466761975392428,3,sr,1.734e-15
7.9375000000000009,3.9374857362056144,3,sr,5.328e-15
7.9500000000000002,3.9283545695341693,3,sr,5.647e-15
7.9625000000000004,3.9192830542258963,3,sr,2.079e-15
7.9750000000000005,3.9102715515374777,3,sr,1.419e-15
7.9875000000000007,3.901320427746263,3,sr,3.649e-15
8,3.8924300546131909,3,sr,2.988e-15
8.0124999999999993,3.883600809844002,3,sr,6.015e-15
8.0250000000000004,3.8748330775424078,3,sr,2.512e-11
8.0374999999999996,3.8661272487015323,3,sr,9.700e-16
8.0499999999999989,3.8574837215958127,3,sr,5.965e-15
8.0625,3.8489029023035037,3,sr,2.411e-15
8.0749999999999993,3.8403852051299916,3,sr,1.015e-15
8.0875000000000004,3.8319310530699822,3,sr,4.685e-15
8.0999999999999996,3.8235408782625955,3,sr,9.551e-16
8.1124999999999989,3.8152151224459439,3,sr,3.437e-15
8.125,3.8069542374111842,3,sr,6.797e-15
8.1374999999999993,3.7987586854558746,3,sr,7.612e-15
8.1500000000000004,3.7906289398364432,3,sr,1.307e-15
8.1624999999999996,3.7825654852196675,3,sr,1.787e-14
8.1749999999999989,3.7745688181326051,3,sr,3.995e-15
8.1875,3.766639447410864,3,sr,1.395e-14
8.1999999999999993,3.7587778946444952,3,sr,7.976e-15
8.2125000000000004,3.7509846946210161,3,sr,1.025e-16
8.2249999999999996,3.7432603957649944,3,sr,9.947e-15
8.2374999999999989,3.7356055605731759,3,sr,2.082e-15
8.25,3.7280207660444997,3,sr,1.719e-14
8.2624999999999993,3.7205066041037229,3,sr,3.823e-15
8.2750000000000004,3.7130636820177165,3,sr,2.093e-14
8.2874999999999996,3.7056926228028213,3,sr,9.963e-16
8.2999999999999989,3.6983940656220735,3,sr,1.933e-14
8.3125,3.6911686661702805,3,sr,6.016e-15
8.3249999999999993,3.6840170970454151,3,sr,4.905e-15
8.3375000000000004,3.6769400481038566,3,sr,1.512e-14
8.3499999999999996,3.6699382267960918,3,sr,4.698e-12
8.3624999999999989,3.6630123584900711,3,sr,2.441e-14
8.375,3.6561631867492177,3,sr,6.718e-15
8.3874999999999993,3.649391473612595,3,sr,9.540e-17
8.4000000000000004,3.6426979998228792,3,sr,2.779e-14
8.4124999999999996,3.6360835650290344,3,sr,3.959e-15
8.4249999999999989,3.6295489879492924,3,sr,1.780e-15
8.4375,3.6230951064911641,3,sr,2.002e-14
8.4499999999999993,3.6167227778237407,3,sr,1.129e-14
8.4625000000000004,3.6104328783968147,3,sr,2.299e-15
8.4749999999999996,3.6042263039006852,3,sr,3.015e-15
8.4874999999999989,3.5981039691605541,3,sr,2.541e-14
8.5,3.5920668079582589,3,sr,1.452e-14
8.5124999999999993,3.586115772774062,3,sr,3.313e-15
8.5250000000000004,3.5802518344399532,3,sr,5.516e-15
8.5374999999999996,3.5744759816960761,3,sr,3.182e-15
8.5499999999999989,3.5687892206404888,3,sr,9.474e-15
8.5625,3.5631925740621142,3,sr,1.690e-14
8.5749999999999993,3.5576870806460135,3,sr,2.482e-14
8.5875000000000004,3.5522737940391163,3,sr,1.657e-14
8.5999999999999996,3.5469537817640711,3,sr,9.375e-15
8.6124999999999989,3.5417281239675615,3,sr,8.882e-15
8.625,3.5365979119893041,3,sr,5.961e-15
8.6374999999999993,3.5315642467364183,3,sr,5.167e-15
8.6500000000000004,3.5266282368474444,3,sr,3.308e-15
8.6624999999999996,3.5217909966293219,3,sr,5.827e-15
8.6749999999999989,3.5170536437498412,3,sr,8.632e-15
8.6875,3.5124172966673721,3,sr,1.236e-14
8.6999999999999993,3.5078830717789469,3,sr,1.347e-14
8.7125000000000004,3.5034520802670874,3,sr,8.273e-15
8.7249999999999996,3.4991254246255514,3,sr,4.419e-15
8.7374999999999989,3.4949041948414137,3,sr,4.253e-12
8.75,3.4907894642264257,3,sr,1.398e-15
8.7624999999999993,3.4867822848369321,3,sr,3.159e-15
8.7750000000000004,3.4828836825287439,3,sr,7.873e-15
8.7874999999999996,3.4790946515603922,3,sr,2.881e-15
8.7999999999999989,3.475416148765984,3,sr,6.769e-16
8.8125,3.4718490872665262,3,sr,2.837e-15
8.8249999999999993,3.4683943297058839,3,sr,3.404e-15
8.8375000000000004,3.4650526809752717,3,sr,4.437e-11
8.8499999999999996,3.4618248805721428,3,sr,4.444e-15
8.8624999999999989,3.4587115941165458,3,sr,2.312e-15
8.875,3.4557134048046203,3,sr,1.438e-15
8.8874999999999993,3.4528308040186624,3,sr,6.115e-15
8.9000000000000004,3.450064181556515,3,sr,2.704e-11
8.9124999999999996,3.4474138154413065,3,sr,1.470e-15
8.9249999999999989,3.444879861047025,3,sr,2.428e-12
8.9375,3.4424623400942109,3,sr,0.000e+00
8.9499999999999993,3.4401611290152645,3,sr,1.577e-15
8.9625000000000004,3.4379759470969384,3,sr,4.142e-15
8.9749999999999996,3.4359063443140725,3,sr,1.688e-15
8.9874999999999989,3.4339516889786035,3,sr,6.532e-12
9,3.4321111552576467,3,sr,4.648e-16
9.0124999999999993,3.4303837107494046,3,sr,6.594e-17
9.0250000000000004,3.428768104106088,3,sr,9.785e-12
9.0374999999999996,3.4272628529334592,3,sr,6.830e-16
9.0499999999999989,3.4258662321633095,3,sr,5.170e-16
9.0625,3.4245762628723719,3,sr,8.593e-12
9.0749999999999993,3.4233907019860328,3,sr,1.677e-11
9.0875000000000004,3.4223070327365495,3,sr,1.332e-15
9.0999999999999996,3.4213224565452403,3,sr,7.569e-16
9.1124999999999989,3.4204338859535737,3,sr,1.675e-16
9.125,3.4196379393162677,3,sr,3.091e-12
9.1374999999999993,3.4189309372058303,3,sr,1.619e-11
9.1500000000000004,3.4183089008399241,3,sr,2.364e-11
9.1624999999999996,3.417767552661791,3,sr,2.331e-11
9.1749999999999989,3.4173023193483996,3,sr,3.063e-16
9.1875,3.4169083373006766,3,sr,2.136e-16
9.1999999999999993,3.4165804609748869,3,sr,7.682e-16
9.2125000000000004,3.4163132738615301,3,sr,3.940e-16
9.2249999999999996,3.4161011024228958,3,sr,1.420e-15
9.2374999999999989,3.4159380329183855,3,sr,4.823e-16
9.25,3.4158179311123456,3,sr,3.384e-16
9.2624999999999993,3.4157344647899164,3,sr,1.726e-16
9.2750000000000004,3.4156811289510194,3,sr,6.596e-16
9.2874999999999996,3.415651273495969,3,sr,5.278e-16
9.2999999999999989,3.4156381331601762,3,sr,6.546e-16
9.3125,3.4156348594016439,3,sr,1.595e-15
9.3249999999999993,3.4156345538954658,3,sr,1.832e-16
9.3375000000000004,3.4156303032381148,3,sr,1.069e-11
9.3499999999999996,3.4156152145134495,3,sr,2.910e-11
9.3624999999999989,3.415582450959616,3,sr,1.048e-11
9.375,3.4155252679454882,3,sr,1.468e-12
9.3874999999999993,3.415437047908418,3,sr,2.553e-14
9.4000000000000004,3.4153113344595987,3,sr,5.472e-14
9.4124999999999996,3.4151418649352623,3,sr,1.978e-14
9.4249999999999989,3.4149226010094083,3,sr,7.983e-13
9.4375,3.4146477569852922,3,sr,2.682e-11
9.4499999999999993,3.4143118255577454,3,sr,4.123e-16
9.4625000000000004,3.413909600387679,3,sr,1.288e-15
9.4749999999999996,3.4134361959273023,3,sr,2.063e-15
9.4874999999999989,3.412887063685111,3,sr,0.000e+00
9.5,3.4122580052431268,3,sr,1.403e-12
9.5124999999999993,3.4115451818766158,3,sr,1.047e-13
9.5250000000000004,3.4107451208129915,3,sr,5.912e-13
9.5374999999999996,3.4098547182777663,3,sr,3.305e-11
9.5499999999999989,3.4088712392901983,3,sr,1.685e-15
9.5625,3.4077923148638454,3,sr,1.920e-16
9.5749999999999993,3.4066159360825421,3,sr,1.375e-11
9.5875000000000004,3.4053404460007055,3,sr,1.567e-12
9.5999999999999996,3.4039645293575806,3,sr,1.110e-15
9.6125000000000007,3.4024872002783466,3,sr,3.966e-11
9.625,3.4009077883399899,3,sr,1.752e-11
9.6374999999999993,3.3992259235718851,3,sr,1.134e-15
9.6500000000000004,3.3974415200761556,3,sr,1.302e-11
9.6624999999999996,3.3955547590708308,3,sr,1.359e-11
9.6750000000000007,3.3935660712512394,3,sr,1.160e-15
9.6875,3.3914761190738765,3,sr,6.726e-12
9.6999999999999993,3.3892857787103119,3,sr,4.853e-16
9.7125000000000004,3.3869961222016318,3,sr,1.328e-15
9.7249999999999996,3.3846083998919201,3,sr,4.371e-16
9.7375000000000007,3.382124023214248,3,sr,1.634e-15
9.75,3.379544548019195,3,sr,8.595e-16
9.7624999999999993,3.3768716585180201,3,sr,4.622e-15
9.7750000000000004,3.3741071519224737,3,sr,1.165e-15
9.7874999999999996,3.3712529238408897,3,sr,2.203e-16
9.8000000000000007,3.3683109544735532,3,sr,8.219e-16
9.8125,3.3652832956439478,3,sr,1.902e-11
9.8249999999999993,3.3621720586185262,3,sr,5.722e-15
9.8375000000000004,3.3589794029038207,3,sr,8.350e-16
9.8499999999999996,3.3557075257042435,3,sr,1.531e-16
9.8625000000000007,3.3523586523352411,3,sr,9.261e-15
9.875,3.3489350273839293,3,sr,7.781e-16
9.8874999999999993,3.3454389066327224,3,sr,4.543e-11
9.9000000000000004,3.3418725498384614,3,sr,8.463e-15
9.9124999999999996,3.3382382139334155,3,sr,3.987e-15
9.9250000000000007,3.3345381472755968,3,sr,1.849e-15
9.9375,3.3307745842456415,3,sr,4.051e-15
9.9499999999999993,3.3269497405496078,3,sr,1.282e-14
9.9625000000000004,3.3230658090558118,3,sr,9.054e-15
9.9749999999999996,3.3191249561456702,3,sr,2.655e-15
9.9875000000000007,3.3151293185456212,3,sr,1.324e-11
10,3.3110810005692226,3,sr,7.329e-15
3.1125000000000003,-9.3854667160234175,4,sr,7.268e-14
3.1250000000000004,-8.624698588563799,4,sr,9.539e-17
3.1375000000000002,-7.9465158350708336,4,sr,1.052e-19
3.1500000000000004,-7.3393859076991816,4,sr,1.288e-16
3.1625000000000005,-6.7937211118055183,4,sr,5.961e-16
3.1750000000000003,-6.3014978908874486,4,sr,6.362e-17
3.1875000000000004,-5.8559603075938531,4,sr,8.659e-14
3.2000000000000002,-5.4513870942122704,4,sr,1.690e-16
3.2125000000000004,-5.0829071613792278,4,sr,2.296e-15
3.2250000000000005,-4.7463523781070736,4,sr,2.393e-16
3.2375000000000003,-4.4381392596952978,4,sr,3.459e-15
3.2500000000000004,-4.1551732537321859,4,sr,1.329e-13
3.2625000000000002,-3.8947708224228794,4,sr,8.698e-17
3.2750000000000004,-3.6545956376292792,4,sr,8.679e-16
3.2875000000000005,-3.4326060409099997,4,sr,1.031e-14
3.3000000000000003,-3.2270115515286806,4,sr,2.355e-16
3.3125000000000004,-3.0362366843048112,4,sr,8.781e-17
3.3250000000000002,-2.8588907060584572,4,sr,9.572e-15
3.3375000000000004,-2.6937422421163912,4,sr,1.405e-14
3.3500000000000005,-2.5396978637892569,4,sr,1.580e-15
3.3625000000000003,-2.3957839590896599,4,sr,1.066e-16
3.3750000000000004,-2.2611313235919348,4,sr,2.257e-16
3.3875000000000002,-2.1349620147028872,4,sr,1.312e-16
3.4000000000000004,-2.0165780971252989,4,sr,2.371e-16
3.4125000000000005,-1.905351974769564,4,sr,7.513e-13
3.4250000000000003,-1.8007180585873297,4,sr,5.131e-17
3.4375000000000004,-1.7021655632655048,4,sr,6.837e-17
3.4500000000000002,-1.6092322615066574,4,sr,3.689e-14
3.4625000000000004,-1.5214990528874097,4,sr,1.120e-16
3.4750000000000005,-1.4385852282024809,4,sr,1.254e-13
3.4875000000000003,-1.3601443293174638,4,sr,1.653e-12
3.5000000000000004,-1.2858605203537836,4,sr,3.616e-17
3.5125000000000002,-1.2154453995392309,4,sr,2.134e-16
3.5250000000000004,-1.1486351912236037,4,sr,2.253e-13
3.5375000000000005,-1.0851882674681799,4,sr,4.377e-12
3.5500000000000003,-1.0248829556735042,4,sr,3.965e-15
3.5625000000000004,-0.96751559475669158,4,sr,5.563e-13
3.5750000000000002,-0.91289880894022979,4,sr,6.092e-13
3.5875000000000004,-0.86085997099695288,4,sr,6.199e-17
3.6000000000000005,-0.811239832020618,4,sr,2.311e-16
3.6125000000000003,-0.76389129729014782,4,sr,4.611e-13
3.6250000000000004,-0.71867833069147746,4,sr,6.689e-13
3.6375000000000002,-0.6754749725206064,4,sr,1.994e-16
3.6500000000000004,-0.63416445745434902,4,sr,4.439e-13
3.6625000000000005,-0.59463842122914112,4,sr,1.176e-13
3.6750000000000003,-0.55679618590566837,4,sr,2.746e-16
3.6875000000000004,-0.52054411503571441,4,sr,2.059e-16
3.7000000000000002,-0.48579503098086779,4,sr,2.817e-17
3.7125000000000004,-0.45246768765494078,4,sr,4.239e-16
3.7250000000000005,-0.42048629274981258,4,sr,2.059e-16
3.7375000000000003,-0.38978007421134125,4,sr,9.305e-14
3.7500000000000004,-0.3602828863498464,4,sr,1.939e-16
3.7625000000000002,-0.33193285149647689,4,sr,1.026e-16
3.7750000000000004,-0.3046720335979356,4,sr,2.770e-13
3.7875000000000005,-0.27844614052819061,4,sr,3.770e-12
3.8000000000000003,-0.25320425231088683,4,sr,4.839e-12
3.8125000000000004,-0.22889857261892363,4,sr,2.988e-12
3.8250000000000002,-0.20548420139699247,4,sr,1.319e-16
3.8375000000000004,-0.1829189265233602,4,sr,7.333e-12
3.8500000000000005,-0.16116303284418429,4,sr,5.275e-16
3.8625000000000003,-0.14017912657877338,4,sr,1.990e-16
3.8750000000000004,-0.11993197426544415,4,sr,3.003e-14
3.8875000000000002,-0.10038835437136467,4,sr,4.785e-16
3.9000000000000004,-0.08151692073234286,4,sr,6.412e-17
3.9125000000000005,-0.063288076647747257,4,sr,1.118e-11
3.9250000000000003,-0.045673858835749523,4,sr,3.334e-16
3.9375000000000004,-0.028647829972764462,4,sr,1.028e-11
3.9500000000000002,-0.012184979846588171,4,sr,2.768e-16
3.9750000000000005,0.019144634010342294,4,sr,1.935e-16
3.9875000000000003,0.034055075303529449,4,sr,2.971e-16
4,0.048489844674720659,4,sr,1.602e-16
4.0125000000000002,0.062468065262543913,4,sr,8.883e-12
4.0250000000000004,0.076007892125577139,4,sr,1.238e-11
4.0375000000000005,0.089126570500777255,4,sr,1.244e-16
4.0500000000000007,0.10184049046397571,4,sr,9.282e-12
4.0625,0.11416523739235053,4,sr,2.028e-16
4.0750000000000002,0.12611563913330895,4,sr,1.968e-11
4.0875000000000004,0.13770580996097478,4,sr,8.764e-17
4.1000000000000005,0.14894919177679153,4,sr,1.240e-16
4.1125000000000007,0.15985859218485071,4,sr,1.572e-16
4.125,0.17044622039387991,4,sr,5.818e-12
4.1375000000000002,0.18072372062329589,4,sr,1.451e-11
4.1500000000000004,0.1907022033901386,4,sr,1.481e-11
4.1625000000000005,0.20039227481166935,4,sr,5.694e-12
4.1750000000000007,0.20980406403358773,4,sr,0.000e+00
4.1875,0.2189472489075846,4,sr,1.285e-16
4.2000000000000002,0.22783108009669029,4,sr,6.912e-16
4.2125000000000004,0.23646440370239991,4,sr,9.242e-17
4.2250000000000005,0.24485568248923242,4,sr,2.119e-16
4.2375000000000007,0.25301301582734209,4,sr,2.629e-16
4.25,0.26094415842060642,4,sr,1.831e-11
4.2625000000000002,0.26865653801050038,4,sr,1.740e-16
4.2750000000000004,0.27615727180571276,4,sr,5.448e-16
4.2875000000000005,0.28345318225006666,4,sr,2.528e-16
4.3000000000000007,0.29055081166720925,4,sr,2.133e-11
4.3125,0.29745643605185623,4,sr,1.205e-15
4.3250000000000002,0.30417607830153037,4,sr,2.216e-16
4.3375000000000004,0.31071552035622629,4,sr,2.895e-11
4.3500000000000005,0.31708031501938305,4,sr,1.287e-15
4.3625000000000007,0.32327579671550216,4,sr,5.450e-16
4.375,0.32930709207756842,4,sr,2.985e-16
4.3875000000000002,0.33517912965220537,4,sr,3.947e-12
4.4000000000000004,0.3408966491811804,4,sr,2.749e-13
4.4125000000000005,0.34646421040180214,4,sr,1.022e-15
4.4250000000000007,0.35188620132168702,4,sr,1.712e-15
4.4375,0.35716684609534893,4,sr,2.480e-15
4.4500000000000002,0.3623102124674748,4,sr,2.326e-15
4.4625000000000004,0.36732021883006144,4,sr,2.589e-15
4.4750000000000005,0.37220064091272093,4,sr,2.661e-15
4.4875000000000007,0.37695511812798876,4,sr,2.445e-15
4.5,0.38158715959187833,4,sr,1.977e-15
4.5125000000000002,0.38610014983858321,4,sr,1.145e-15
4.5250000000000004,0.39049735422220005,4,sr,4.561e-11
4.5375000000000005,0.39478192419557639,4,sr,1.811e-16
4.5500000000000007,0.39895690196105221,4,sr,5.909e-16
4.5625,0.40302522537539914,4,sr,2.112e-15
4.5750000000000002,0.40698973225469404,4,sr,3.423e-15
4.5875000000000004,0.41085316461256033,4,sr,6.616e-16
4.6000000000000005,0.41461817267006684,4,sr,3.383e-16
4.6125000000000007,0.41828731867334318,4,sr,2.414e-15
4.625,0.42186308052932453,4,sr,3.235e-15
4.6375000000000002,0.42534785528622338,4,sr,3.578e-11
4.6500000000000004,0.4287439623511009,4,sr,2.733e-16
4.6625000000000005,0.43205364680372632,4,sr,4.605e-15
4.6750000000000007,0.43527908224267969,4,sr,2.667e-11
4.6875,0.43842237367238496,4,sr,1.655e-15
4.7000000000000002,0.44148556033696124,4,sr,3.818e-15
4.7125000000000004,0.44447061820944256,4,sr,2.776e-17
4.7250000000000005,0.44737946254108124,4,sr,6.016e-15
4.7375000000000007,0.45021395023581073,4,sr,1.934e-11
4.75,0.45297588208270789,4,sr,4.038e-15
4.7625000000000002,0.45566700500726842,4,sr,9.569e-16
4.7750000000000004,0.45828901406783656,4,sr,2.260e-15
4.7875000000000005,0.4608435544806021,4,sr,6.805e-16
4.8000000000000007,0.46333222351054809,4,sr,2.334e-15
4.8125000000000009,0.46575657228824635,4,sr,4.571e-16
4.8250000000000002,0.46811810754864464,4,sr,4.072e-15
4.8375000000000004,0.47041829327778895,4,sr,4.839e-11
4.8500000000000005,0.47265855239553495,4,sr,6.879e-15
4.8625000000000007,0.47484026810442315,4,sr,1.606e-16
4.8750000000000009,0.47696478552990862,4,sr,6.876e-15
4.8875000000000002,0.479033413033018,4,sr,2.925e-16
4.9000000000000004,0.48104742357147151,4,sr,2.937e-15
4.9125000000000005,0.48300805598766894,4,sr,4.247e-15
4.9250000000000007,0.48491651625124527,4,sr,2.228e-11
4.9375000000000009,0.4867739786065482,4,sr,6.899e-15
4.9500000000000002,0.48858158678389479,4,sr,2.030e-15
4.9625000000000004,0.49034045504077928,4,sr,7.748e-11
4.9750000000000005,0.49205166912132675,4,sr,8.430e-15
4.9875000000000007,0.49371628750391633,4,sr,1.512e-15
5.0000000000000009,0.49533534214157443,4,sr,8.002e-11
5.0125000000000002,0.49690983938974009,4,sr,7.560e-15
5.0250000000000004,0.4984407611209154,4,sr,3.183e-15
5.0375000000000005,0.49992906535588794,4,sr,8.011e-11
5.0500000000000007,0.50137568709065139,4,sr,4.321e-15
5.0625000000000009,0.50278153930297287,4,sr,6.508e-15
5.0750000000000002,0.5041475134723663,4,sr,6.322e-16
5.0875000000000004,0.50547448043021703,4,sr,5.535e-12
5.1000000000000005,0.50676329104723139,4,sr,6.401e-15
5.1125000000000007,0.50801477689451335,4,sr,4.412e-15
5.1250000000000009,0.50922975091088341,4,sr,2.763e-16
5.1375000000000002,0.51040900800883005,4,sr,4.793e-11
5.1500000000000004,0.51155332574568091,4,sr,4.146e-15
5.1625000000000005,0.51266346477309721,4,sr,5.635e-15
5.1750000000000007,0.51374016952877344,4,sr,1.864e-15
5.1875000000000009,0.51478416870991095,4,sr,1.936e-16
5.2000000000000002,0.51579617580608217,4,sr,6.480e-16
5.2125000000000004,0.51677688960009982,4,sr,4.749e-15
5.2250000000000005,0.51772699465083305,4,sr,4.769e-15
5.2375000000000007,0.51864716175870407,4,sr,1.115e-15
5.2500000000000009,0.51953804841464024,4,sr,6.674e-16
5.2625000000000002,0.52040029921519559,4,sr,7.178e-11
5.2750000000000004,0.52123454636988331,4,sr,1.857e-15
5.2875000000000005,0.52204140992533143,4,sr,4.127e-15
5.3000000000000007,0.52282149833353253,4,sr,3.140e-15
5.3125000000000009,0.52357540873808772,4,sr,1.140e-15
5.3250000000000002,0.5243037273550335,4,sr,3.365e-16
5.3375000000000004,0.52500702982341163,4,sr,4.215e-14
5.3500000000000005,0.52568588154395812,4,sr,7.456e-16
5.3625000000000007,0.52634083800659859,4,sr,6.122e-16
5.3750000000000009,0.52697244510686836,4,sr,1.642e-15
5.3875000000000002,0.52758123945205559,4,sr,2.537e-15
5.4000000000000004,0.52816774865728322,4,sr,1.650e-15
5.4125000000000005,0.52873249163203284,4,sr,0.000e+00
5.4250000000000007,0.52927597885746835,4,sr,9.688e-16
5.4375000000000009,0.52979871267194401,4,sr,7.641e-11
5.4500000000000002,0.53030118745602972,4,sr,4.456e-11
5.4625000000000004,0.5307838900051578,4,sr,4.192e-16
5.4750000000000005,0.53124729970238826,4,sr,1.402e-16
5.4875000000000007,0.53169188874185136,4,sr,0.000e+00
5.5000000000000009,0.53211812239064749,4,sr,0.000e+00
5.5125000000000002,0.53252645920194652,4,sr,1.278e-15
5.5250000000000004,0.53291735123139905,4,sr,7.095e-17
5.5375000000000005,0.53329124424731356,4,sr,3.558e-16
5.5500000000000007,0.53364857793486165,4,sr,4.996e-16
5.5625000000000009,0.53398978609874781,4,sr,2.008e-11
5.5750000000000002,0.53431529682157819,4,sr,6.686e-11
5.5875000000000004,0.53462553276043001,4,sr,9.698e-12
5.6000000000000005,0.53492091115984819,4,sr,1.046e-14
5.6125000000000007,0.53520184416952088,4,sr,2.987e-12
5.6250000000000009,0.53546873896877911,4,sr,3.643e-11
5.6375000000000002,0.53572199788759745,4,sr,1.062e-10
5.6500000000000004,0.53596201874758198,4,sr,5.831e-16
5.6625000000000005,0.53618919473938786,4,sr,5.115e-16
5.6750000000000007,0.53640391482922756,4,sr,5.127e-16
5.6875000000000009,0.53660656379859595,4,sr,2.936e-16
5.7000000000000002,0.53679752241578171,4,sr,1.332e-16
5.7125000000000004,0.53697716758278835,4,sr,8.186e-16
5.7250000000000005,0.53714587247913936,4,sr,8.203e-16
5.7375000000000007,0.53730400670271228,4,sr,3.702e-16
5.7500000000000009,0.53745193640774658,4,sr,5.674e-16
5.7625000000000002,0.53759002444016335,4,sr,3.347e-15
5.7750000000000004,0.5377186304703232,4,sr,3.574e-15
5.7875000000000005,0.53783811112335744,4,sr,1.719e-15
5.8000000000000007,0.53794882010718037,4,sr,3.438e-15
5.8125000000000009,0.53805110833830316,4,sr,5.203e-15
5.8250000000000002,0.53814532406555693,4,sr,4.988e-15
5.8375000000000004,0.53823181299182565,4,sr,4.994e-15
5.8500000000000005,0.53831091839388623,4,sr,6.205e-15
5.8625000000000007,0.53838298124044504,4,sr,5.875e-15
5.8750000000000009,0.53844834030846078,4,sr,7.882e-15
5.8875000000000002,0.53850733229782588,4,sr,8.497e-15
5.9000000000000004,0.53856029194448807,4,sr,9.718e-15
5.9125000000000005,0.53860755213207323,4,sr,9.503e-15
5.9250000000000007,0.53864944400207515,4,sr,1.046e-14
5.9375000000000009,0.53868629706266613,4,sr,1.017e-14
5.9500000000000002,0.5387184392961788,4,sr,1.056e-14
5.9625000000000004,0.53874619726530115,4,sr,1.230e-14
5.9750000000000005,0.5387698962180214,4,sr,1.204e-14
5.9875000000000007,0.53878986019135378,4,sr,1.424e-14
6.0000000000000009,0.53880641211386393,4,sr,1.461e-14
6.0125000000000002,0.53881987390701425,4,sr,1.700e-14
6.0250000000000004,0.53883056658533079,4,sr,1.745e-14
6.0375000000000005,0.53883881035539805,4,sr,1.851e-14
6.0500000000000007,0.53884492471366641,4,sr,2.076e-14
6.0625000000000009,0.53884922854305906,4,sr,2.299e-14
6.0750000000000002,0.5388520402083512,4,sr,2.571e-14
6.0875000000000004,0.53885367765028658,4,sr,2.807e-14
6.1000000000000005,0.53885445847838254,4,sr,2.903e-14
6.1125000000000007,0.53885470006237091,4,sr,3.206e-14
6.1250000000000009,0.53885471962220521,4,sr,3.356e-14
6.1375000000000002,0.53885483431655801,4,sr,3.583e-14
6.1500000000000004,0.53885536132971368,4,sr,3.920e-14
6.1625000000000005,0.53885661795675621,4,sr,4.132e-14
6.1750000000000007,0.53885892168693328,4,sr,4.185e-14
6.1875000000000009,0.53886259028506511,4,sr,4.762e-14
6.2000000000000002,0.5388679418708503,4,sr,4.702e-14
6.2125000000000004,0.53887529499591102,4,sr,5.118e-14
6.2250000000000005,0.5388849687183892,4,sr,5.230e-14
6.2375000000000007,0.538897282674908,4,sr,5.253e-14
6.2500000000000009,0.53891255714967512,4,sr,5.594e-14
6.2625000000000002,0.53893111314049424,4,sr,5.491e-14
6.2750000000000004,0.53895327242143665,4,sr,5.399e-14
6.2875000000000005,0.53897935760188465,4,sr,5.367e-14
6.3000000000000007,0.53900969218165629,4,sr,5.155e-14
6.3125000000000009,0.53904460060188697,4,sr,5.045e-14
6.3250000000000002,0.53908440829131732,4,sr,4.838e-14
6.3375000000000004,0.53912944170761601,4,sr,4.250e-14
6.3500000000000005,0.53918002837333834,4,sr,3.735e-14
6.3625000000000007,0.53923649690608866,4,sr,3.205e-14
6.3750000000000009,0.53929917704243158,4,sr,2.711e-14
6.3875000000000002,0.53936839965506511,4,sr,2.124e-14
6.4000000000000004,0.53944449676273321,4,sr,1.546e-14
6.4125000000000005,0.53952780153233026,4,sr,1.094e-14
6.4250000000000007,0.5396186482726093,4,sr,6.547e-15
6.4375000000000009,0.53971737241888051,4,sr,3.062e-15
6.4500000000000002,0.5398243105225986,4,sr,7.662e-11
6.4625000000000004,0.53993980013891085,4,sr,2.282e-11
6.4750000000000005,0.54006417994757849,4,sr,1.262e-15
6.4875000000000007,0.54019778950566677,4,sr,2.593e-16
6.5000000000000009,0.54034096929298236,4,sr,1.330e-15
6.5125000000000002,0.54049406059143634,4,sr,2.065e-15
6.5250000000000004,0.54065740539075258,4,sr,4.782e-15
6.5375000000000005,0.5408313462746015,4,sr,1.079e-14
6.5500000000000007,0.54101622629058543,4,sr,2.233e-14
6.5625000000000009,0.5412123888031124,4,sr,3.906e-14
6.5750000000000002,0.54142017732817149,4,sr,6.627e-14
6.5875000000000004,0.54163993534900035,4,sr,9.914e-14
6.6000000000000005,0.54187200611160757,4,sr,1.430e-13
6.6125000000000007,0.54211673239910518,4,sr,1.944e-13
6.6250000000000009,0.54237445628378445,4,sr,2.500e-13
6.6375000000000002,0.5426455188559911,4,sr,2.728e-13
6.6500000000000004,0.54293025992803012,4,sr,2.454e-13
6.6625000000000005,0.54322901771378018,4,sr,1.993e-13
6.6750000000000007,0.54354212848069883,4,sr,1.415e-13
6.6875000000000009,0.54386992617489038,4,sr,8.204e-14
6.7000000000000002,0.54421274201760483,4,sr,3.428e-14
6.7125000000000004,0.54457090407235864,4,sr,7.043e-15
6.7250000000000005,0.54494473677891853,4,sr,1.367e-11
6.7375000000000007,0.54533456047370499,4,sr,6.296e-16
6.7500000000000009,0.54574069083495735,4,sr,5.576e-15
6.7625000000000002,0.54616343835373538,4,sr,2.368e-14
6.7750000000000004,0.54660310772868193,4,sr,6.145e-14
6.7875000000000005,0.547059997245263,4,sr,1.171e-13
6.8000000000000007,0.54753439811912596,4,sr,1.759e-13
6.8125000000000009,0.54802659380610597,4,sr,1.434e-13
6.8250000000000002,0.54853685928033369,4,sr,8.733e-14
6.8375000000000004,0.54906546027952574,4,sr,3.151e-14
6.8500000000000005,0.54961265251932734,4,sr,2.841e-15
6.8625000000000007,0.55017868087741695,4,sr,2.695e-16
6.8750000000000009,0.55076377854886061,4,sr,3.423e-15
6.8875000000000002,0.55136816617448237,4,sr,2.306e-14
6.9000000000000004,0.55199205094434511,4,sr,6.304e-14
6.9125000000000005,0.55263562567889657,4,sr,9.899e-14
6.9250000000000007,0.55329906789036998,4,sr,6.590e-14
6.9375000000000009,0.55398253882847059,4,sr,2.236e-14
6.9500000000000002,0.55468618251804647,4,sr,2.047e-11
6.9625000000000004,0.55541012475922724,4,sr,5.217e-16
6.9750000000000005,0.55615447219737346,4,sr,6.559e-15
6.9875000000000007,0.55691931129627126,4,sr,3.156e-14
7.0000000000000009,0.55770470739166145,4,sr,5.268e-14
7.0125000000000002,0.55851070372781542,4,sr,2.854e-14
7.0250000000000004,0.55933732051816598,4,sr,4.598e-15
7.0375000000000005,0.56018455403114076,4,sr,5.723e-16
7.0500000000000007,0.56105237570850475,4,sr,3.166e-15
7.0625000000000009,0.56194073132329492,4,sr,1.747e-14
7.0750000000000002,0.56284954018476585,4,sr,2.656e-14
7.0875000000000004,0.56377869439782313,4,sr,9.129e-15
7.1000000000000005,0.56472805816743787,4,sr,6.725e-11
7.1125000000000007,0.56569746727721493,4,sr,2.481e-16
7.1250000000000009,0.56668672838438661,4,sr,6.917e-15
7.1375000000000002,0.56769561874777175,4,sr,1.513e-14
7.1500000000000004,0.56872388578653621,4,sr,5.329e-15
7.1625000000000005,0.56977124683328462,4,sr,3.336e-11
7.1750000000000007,0.57083738902787617,4,sr,6.077e-17
7.1875000000000009,0.57192196918874261,4,sr,4.178e-15
7.2000000000000002,0.57302461397736904,4,sr,6.210e-15
7.2125000000000004,0.57414492004940954,4,sr,1.802e-15
7.2250000000000005,0.57528245438227643,4,sr,5.385e-16
7.2375000000000007,0.57643675471935185,4,sr,8.346e-16
7.2500000000000009,0.57760733014112908,4,sr,3.564e-15
7.2625000000000002,0.57879366176351521,4,sr,8.285e-16
7.2750000000000004,0.57999520356246481,4,sr,8.138e-15
7.2875000000000005,0.58121138332290523,4,sr,1.234e-15
7.3000000000000007,0.58244160370875542,4,sr,1.230e-15
7.3125000000000009,0.58368524344974559,4,sr,5.837e-17
7.3250000000000002,0.5849416586392463,4,sr,8.147e-13
7.3375000000000004,0.58621018413817938,4,sr,1.160e-15
7.3500000000000005,0.58749013507257641,4,sr,5.204e-16
7.3625000000000007,0.58878080842786318,4,sr,1.293e-11
7.3750000000000009,0.59008148470684718,4,sr,3.506e-11
7.3875000000000002,0.59139142965328506,4,sr,4.586e-16
7.4000000000000004,0.59270989610895009,4,sr,6.386e-16
7.4125000000000005,0.59403612575139286,4,sr,8.068e-11
7.4250000000000007,0.59536935113070744,4,sr,1.110e-16
7.4375000000000009,0.59670879733104321,4,sr,2.270e-16
7.4500000000000002,0.598053684121854,4,sr,3.940e-11
7.4625000000000004,0.59940322769258803,4,sr,2.209e-11
7.4750000000000005,0.60075664271781204,4,sr,8.807e-16
7.4875000000000007,0.60211314405872751,4,sr,2.531e-16
7.5000000000000009,0.60347194870968868,4,sr,4.928e-11
7.5125000000000002,0.60483227762297886,4,sr,6.759e-13
7.5250000000000004,0.60619335733564905,4,sr,5.385e-11
7.5375000000000005,0.6075544217102874,4,sr,7.945e-12
7.5500000000000007,0.60891471363842231,4,sr,1.095e-11
7.5625000000000009,0.61027348642824941,4,sr,1.084e-12
7.5750000000000002,0.61163000533366296,4,sr,4.547e-11
7.5875000000000004,0.61298354885923301,4,sr,7.224e-16
7.6000000000000005,0.614333410139831,4,sr,4.024e-16
7.6125000000000007,0.61567889799810072,4,sr,2.941e-11
7.6250000000000009,0.61701933803538578,4,sr,1.921e-11
7.6375000000000002,0.61835407370130113,4,sr,3.322e-16
7.6500000000000004,0.6196824670393154,4,sr,2.644e-11
7.6625000000000005,0.62100389949740942,4,sr,7.423e-11
7.6750000000000007,0.62231777274210076,4,sr,9.329e-16
7.6875000000000009,0.62362350896377305,4,sr,5.112e-16
7.7000000000000002,0.62492055159297089,4,sr,2.006e-11
7.7125000000000004,0.62620836560768245,4,sr,4.661e-17
7.7250000000000005,0.62748643779966573,4,sr,6.957e-16
7.7375000000000007,0.62875427704407805,4,sr,9.478e-16
7.7500000000000009,0.63001141440646957,4,sr,4.194e-14
7.7625000000000002,0.63125740320571233,4,sr,6.839e-16
7.7750000000000004,0.63249181899959384,4,sr,2.626e-16
7.7875000000000005,0.63371425950286608,4,sr,2.904e-16
7.8000000000000007,0.63492434443245926,4,sr,4.030e-11
7.8125000000000009,0.63612171535811457,4,sr,3.737e-16
7.8250000000000002,0.63730603534251962,4,sr,1.551e-15
7.8375000000000004,0.63847698874384906,4,sr,5.822e-16
7.8500000000000005,0.63963428081733997,4,sr,2.359e-16
7.8625000000000007,0.64077763734138204,4,sr,1.144e-16
7.8750000000000009,0.64190680419895152,4,sr,2.810e-15
7.8875000000000002,0.64302154692921953,4,sr,3.564e-15
7.9000000000000004,0.64412165025341783,4,sr,2.786e-17
7.9125000000000005,0.64520691758624593,4,sr,2.964e-11
7.9250000000000007,0.64627717048510225,4,sr,2.178e-15
7.9375000000000009,0.64733224819473101,4,sr,6.153e-15
7.9500000000000002,0.64837200703371556,4,sr,5.710e-16
7.9625000000000004,0.64939631988262725,4,sr,2.757e-16
7.9750000000000005,0.65040507560389249,4,sr,7.797e-11
7.9875000000000007,0.65139817857808124,4,sr,2.813e-15
8,0.65237554795921471,4,sr,7.439e-15
8.0124999999999993,0.65333711730530619,4,sr,3.105e-15
8.0250000000000004,0.6542828339319714,4,sr,6.875e-16
8.0374999999999996,0.65521265839414478,4,sr,4.659e-11
8.0499999999999989,0.65612656389095958,4,sr,2.610e-15
8.0625,0.65702453584074794,4,sr,7.106e-15
8.0749999999999993,0.65790657124927032,4,sr,6.436e-15
8.0875000000000004,0.65877267825027674,4,sr,6.848e-16
8.0999999999999996,0.65962287559251942,4,sr,1.086e-15
8.1124999999999989,0.66045719214950671,4,sr,3.438e-16
8.125,0.66127566644189439,4,sr,3.904e-15
8.1374999999999993,0.66207834617301353,4,sr,8.802e-15
8.1500000000000004,0.66286528777794063,4,sr,8.935e-15
8.1624999999999996,0.66363655598640137,4,sr,2.888e-15
8.1749999999999989,0.66439222339980397,4,sr,7.526e-16
8.1875,0.66513237008785742,4,sr,2.537e-11
8.1999999999999993,0.66585708316697578,4,sr,1.977e-15
8.2125000000000004,0.66656645647428459,4,sr,7.459e-15
8.2249999999999996,0.66726059014743189,4,sr,1.110e-14
8.2374999999999989,0.66793959029984351,4,sr,7.727e-15
8.25,0.66860356867739945,4,sr,2.757e-15
8.2624999999999993,0.66925264233435366,4,sr,1.176e-16
8.2750000000000004,0.66988693332667859,4,sr,1.926e-11
8.2874999999999996,0.6705065683951682,4,sr,1.004e-15
8.2999999999999989,0.67111167872043365,4,sr,4.796e-15
8.3125,0.67170239961208711,4,sr,8.013e-15
8.3249999999999993,0.67227887026919153,4,sr,1.023e-14
8.3375000000000004,0.67284123352921199,4,sr,7.513e-15
8.3499999999999996,0.67338963563257437,4,sr,3.648e-15
8.3624999999999989,0.67392422599861923,4,sr,9.585e-16
8.375,0.67444515701250063,4,sr,6.605e-16
8.3874999999999993,0.67495258381594914,4,sr,3.529e-11
8.4000000000000004,0.6754466641490342,4,sr,9.653e-16
8.4124999999999996,0.67592755809998895,4,sr,1.512e-15
8.4249999999999989,0.67639542800036556,4,sr,4.607e-15
8.4375,0.67685043822753532,4,sr,7.291e-15
8.4499999999999993,0.67729275505675957,4,sr,7.856e-15
8.4625000000000004,0.67772254651495589,4,sr,6.409e-15
8.4749999999999996,0.67813998224259664,4,sr,3.917e-15
8.4874999999999989,0.67854523336344719,4,sr,1.659e-15
8.5,0.6789384723617552,4,sr,3.073e-16
8.5124999999999993,0.67931987296662144,4,sr,2.464e-16
8.5250000000000004,0.67968961004322259,4,sr,8.644e-16
8.5374999999999996,0.68004785949119029,4,sr,3.361e-12
8.5499999999999989,0.68039479813129922,4,sr,8.046e-11
8.5625,0.68073060369320315,4,sr,1.554e-15
8.5749999999999993,0.68105545458174432,4,sr,7.558e-16
8.5875000000000004,0.68136952994451938,4,sr,9.990e-16
8.5999999999999996,0.68167300952593213,4,sr,2.253e-15
8.6124999999999989,0.68196607361282247,4,sr,3.762e-15
8.625,0.68224890297046092,4,sr,2.702e-15
8.6374999999999993,0.68252167878301684,4,sr,2.645e-15
8.6500000000000004,0.6827845825982819,4,sr,1.456e-15
8.6624999999999996,0.6830377962764469,4,sr,1.075e-15
8.6749999999999989,0.6832815019427152,4,sr,6.337e-17
8.6875,0.68351588194357027,4,sr,0.000e+00
8.6999999999999993,0.68374111880650756,4,sr,1.277e-15
8.7125000000000004,0.68395739520305399,4,sr,3.983e-16
8.7249999999999996,0.68416489391490531,4,sr,2.786e-16
8.7374999999999989,0.68436379780301371,4,sr,1.216e-15
8.75,0.68455428978427924,4,sr,2.914e-11
8.7624999999999993,0.6847365527682302,4,sr,8.432e-11
8.7750000000000004,0.6849107697499317,4,sr,8.263e-12
8.7874999999999996,0.68507712360959527,4,sr,8.541e-13
8.7999999999999989,0.68523579724241457,4,sr,8.588e-12
8.8125,0.68538697348392674,4,sr,2.153e-11
8.8249999999999993,0.68553083510263413,4,sr,3.142e-11
8.8375000000000004,0.68566756478857993,4,sr,2.579e-11
8.8499999999999996,0.68579734514252244,4,sr,1.080e-11
8.8624999999999989,0.68592035866679646,4,sr,9.570e-11
8.875,0.68603678770776799,4,sr,6.802e-11
8.8874999999999993,0.68614681462329108,4,sr,5.226e-16
8.9000000000000004,0.68625062153068206,4,sr,3.271e-16
8.9124999999999996,0.68634839048575069,4,sr,1.185e-15
8.9249999999999989,0.68644030341151507,4,sr,1.640e-15
8.9375,0.68652654210798636,4,sr,1.314e-15
8.9499999999999993,0.68660728825219219,4,sr,1.974e-16
8.9625000000000004,0.68668272339913949,4,sr,7.246e-16
8.9749999999999996,0.68675302898365198,4,sr,4.617e-16
8.9874999999999989,0.68681838632299597,4,sr,1.123e-15
9,0.68687897662023278,4,sr,3.041e-15
9.0124999999999993,0.68693498096822114,4,sr,2.251e-15
9.0250000000000004,0.68698658035419968,4,sr,4.839e-15
9.0374999999999996,0.68703395566488679,4,sr,2.620e-15
9.0499999999999989,0.68707728769202359,4,sr,5.578e-15
9.0625,0.687116757138303,4,sr,4.588e-15
9.0749999999999993,0.6871525446236072,4,sr,8.050e-15
9.0875000000000004,0.68718483069150227,4,sr,7.658e-15
9.0999999999999996,0.68721379581591313,4,sr,6.364e-15
9.1124999999999989,0.68723962040792075,4,sr,1.137e-14
9.125,0.68726248482261587,4,sr,1.398e-14
9.1374999999999993,0.68728256936594134,4,sr,1.323e-14
9.1500000000000004,0.68730005430145735,4,sr,1.527e-14
9.1624999999999996,0.68731511985696847,4,sr,1.849e-14
9.1749999999999989,0.68732794623093674,4,sr,2.130e-14
9.1875,0.68733871359861909,4,sr,2.412e-14
9.1999999999999993,0.68734760211785351,4,sr,2.534e-14
9.2125000000000004,0.68735479193442972,4,sr,3.056e-14
9.2249999999999996,0.68736046318696409,4,sr,3.468e-14
9.2374999999999989,0.68736479601120926,4,sr,3.938e-14
9.25,0.68736797054372067,4,sr,4.043e-14
9.2624999999999993,0.68737016692479835,4,sr,4.611e-14
9.2750000000000004,0.68737156530063104,4,sr,5.050e-14
9.2874999999999996,0.68737234582454776,4,sr,5.400e-14
9.2999999999999989,0.68737268865730106,4,sr,5.859e-14
9.3125,0.68737277396629026,4,sr,6.356e-14
9.3249999999999993,0.68737278192362983,4,sr,6.798e-14
9.3375000000000004,0.68737289270297408,4,sr,7.220e-14
9.3499999999999996,0.68737328647499485,4,sr,7.770e-14
9.3624999999999989,0.68737414340141989,4,sr,8.250e-14
9.375,0.68737564362751746,4,sr,8.936e-14
9.3874999999999993,0.68737796727292866,4,sr,9.569e-14
9.4000000000000004,0.68738129442073259,4,sr,9.935e-14
9.4124999999999996,0.68738580510462943,4,sr,1.065e-13
9.4249999999999989,0.68739167929412726,4,sr,1.098e-13
9.4375,0.68739909687760548,4,sr,1.164e-13
9.4499999999999993,0.68740823764313563,4,sr,1.243e-13
9.4625000000000004,0.68741928125692719,4,sr,1.310e-13
9.4749999999999996,0.68743240723926413,4,sr,1.402e-13
9.4874999999999989,0.68744779493780228,4,sr,1.470e-13
9.5,0.68746562349808304,4,sr,1.532e-13
9.5124999999999993,0.68748607183112209,4,sr,1.638e-13
9.5250000000000004,0.68750931857798192,4,sr,1.784e-13
9.5374999999999996,0.68753554207085954,4,sr,1.865e-13
9.5499999999999989,0.68756492029132521,4,sr,1.872e-13
9.5625,0.68759763082452308,4,sr,1.938e-13
9.5749999999999993,0.68763385080993711,4,sr,1.981e-13
9.5875000000000004,0.68767375688827703,4,sr,2.024e-13
9.5999999999999996,0.68771752514435713,4,sr,2.016e-13
9.6125000000000007,0.68776533104582105,4,sr,2.026e-13
9.625,0.68781734937754169,4,sr,2.029e-13
9.6374999999999993,0.68787375417154373,4,sr,2.002e-13
9.6500000000000004,0.68793471863228606,4,sr,1.981e-13
9.6624999999999996,0.68800041505714227,4,sr,1.936e-13
9.6750000000000007,0.68807101475193388,4,sr,1.861e-13
9.6875,0.68814668794135425,4,sr,1.783e-13
9.6999999999999993,0.68822760367414004,4,sr,1.667e-13
9.7125000000000004,0.68831392972285144,4,sr,1.583e-13
9.7249999999999996,0.68840583247811737,4,sr,1.443e-13
9.7375000000000007,0.68850347683722923,4,sr,1.289e-13
9.75,0.68860702608695401,4,sr,1.120e-13
9.7624999999999993,0.68871664178046854,4,sr,9.544e-14
9.7750000000000004,0.68883248360831184,4,sr,7.838e-14
9.7874999999999996,0.6889547092632794,4,sr,6.215e-14
9.8000000000000007,0.6890834742991927,4,sr,4.443e-14
9.8125,0.68921893198349238,4,sr,3.025e-14
9.8249999999999993,0.68936123314362663,4,sr,1.749e-14
9.8375000000000004,0.68951052600723117,4,sr,9.016e-15
9.8499999999999996,0.68966695603610695,4,sr,1.739e-15
9.8625000000000007,0.68983066577484742,4,sr,1.282e-10
9.875,0.69000179456860067,4,sr,3.170e-13
9.8874999999999993,0.69018047858659226,4,sr,7.028e-16
9.9000000000000004,0.69036685042447443,4,sr,5.739e-16
9.9124999999999996,0.69056103901200061,4,sr,2.163e-15
9.9250000000000007,0.69076316939114801,4,sr,5.714e-15
9.9375,0.69097336250946706,4,sr,1.140e-14
9.9499999999999993,0.6911917350084914,4,sr,2.156e-14
9.9625000000000004,0.69141839900747581,4,sr,3.463e-14
9.9749999999999996,0.69165346188282983,4,sr,5.702e-14
9.9875000000000007,0.69189702604364867,4,sr,8.082e-14
10,0.69214918870380349,4,sr,1.090e-13
4.0125000000000002,14.976116695248356,5,sr,3.819e-15
4.0250000000000004,14.889213307243296,5,sr,2.594e-16
4.0375000000000005,14.803074574583205,5,sr,6.986e-15
4.0500000000000007,14.717693383911165,5,sr,7.649e-15
4.0625,14.633062659705468,5,sr,8.211e-15
4.0750000000000002,14.549175367547418,5,sr,3.754e-15
4.0875000000000004,14.466024517110116,5,sr,9.494e-12
4.1000000000000005,14.383603164924185,5,sr,8.907e-15
4.1125000000000007,14.301904416831798,5,sr,2.838e-15
4.125,14.220921430313087,5,sr,2.456e-11
4.1375000000000002,14.14064741663203,5,sr,3.986e-11
4.1500000000000004,14.061075642506992,5,sr,8.215e-12
4.1625000000000005,13.982199432194376,5,sr,4.240e-15
4.1750000000000007,13.904012168746162,5,sr,7.526e-15
4.1875,13.826507295589964,5,sr,2.681e-15
4.2000000000000002,13.74967831777392,5,sr,7.739e-15
4.2125000000000004,13.673518803131863,5,sr,3.853e-15
4.2250000000000005,13.59802238332855,5,sr,1.107e-14
4.2375000000000007,13.523182754798194,5,sr,7.887e-15
4.25,13.448993679584737,5,sr,4.245e-15
4.2625000000000002,13.375448986100182,5,sr,1.806e-11
4.2750000000000004,13.302542569748971,5,sr,7.665e-15
4.2875000000000005,13.230268393606735,5,sr,6.489e-12
4.3000000000000007,13.158620488841118,5,sr,5.709e-15
4.3125,13.087592955241728,5,sr,6.589e-15
4.3250000000000002,13.01717996158072,5,sr,7.640e-15
4.3375000000000004,12.947375745974302,5,sr,5.739e-15
4.3500000000000005,12.878174616178445,5,sr,8.311e-16
4.3625000000000007,12.809570949844394,5,sr,1.458e-14
4.375,12.741559194721479,5,sr,3.175e-11
4.3875000000000002,12.674133868909879,5,sr,1.038e-14
4.4000000000000004,12.607289560862109,5,sr,2.098e-11
4.4125000000000005,12.541020929709317,5,sr,3.298e-11
4.4250000000000007,12.475322705129321,5,sr,3.736e-12
4.4375,12.410189687670867,5,sr,1.114e-12
4.4500000000000002,12.345616748644874,5,sr,8.089e-12
4.4625000000000004,12.281598830239185,5,sr,2.761e-11
4.4750000000000005,12.218130945535112,5,sr,2.975e-11
4.4875000000000007,12.155208178559526,5,sr,1.265e-13
4.5,12.09282568433623,5,sr,9.132e-13
4.5125000000000002,12.03097868883664,5,sr,3.319e-12
4.5250000000000004,11.96966248904962,5,sr,5.979e-13
4.5375000000000005,11.908872452998464,5,sr,1.303e-11
4.5500000000000007,11.848604019770004,5,sr,2.679e-11
4.5625,11.788852699547917,5,sr,2.670e-11
4.5750000000000002,11.729614073648492,5,sr,5.087e-12
4.5875000000000004,11.670883794557618,5,sr,8.262e-15
4.6000000000000005,11.612657586044561,5,sr,1.860e-11
4.6125000000000007,11.554931243179627,5,sr,2.890e-13
4.625,11.497700632511251,5,sr,1.016e-14
4.6375000000000002,11.440961692104928,5,sr,1.826e-15
4.6500000000000004,11.384710431718236,5,sr,6.845e-12
4.6625000000000005,11.328942932987026,5,sr,4.663e-11
4.6750000000000007,11.273655349487733,5,sr,9.167e-12
4.6875,11.218843907166205,5,sr,2.282e-11
4.7000000000000002,11.164504904348332,5,sr,2.520e-11
4.7125000000000004,11.110634712226119,5,sr,3.331e-16
4.7250000000000005,11.057229774961186,5,sr,7.863e-15
4.7375000000000007,11.004286610154759,5,sr,5.667e-11
4.75,10.951801809286485,5,sr,5.287e-15
4.7625000000000002,10.899772037901593,5,sr,7.807e-12
4.7750000000000004,10.848194036333537,5,sr,9.417e-15
4.7875000000000005,10.797064620059228,5,sr,8.078e-15
4.8000000000000007,10.746380680313997,5,sr,4.189e-15
4.8125000000000009,10.696139184682655,5,sr,2.385e-15
4.8250000000000002,10.646337177763805,5,sr,4.862e-16
4.8375000000000004,10.596971781886781,5,sr,5.113e-15
4.8500000000000005,10.548040197887609,5,sr,1.930e-15
4.8625000000000007,10.499539705930223,5,sr,3.765e-11
4.8750000000000009,10.451467666493045,5,sr,4.308e-15
4.8875000000000002,10.403821521173818,5,sr,3.707e-15
4.9000000000000004,10.356598793900128,5,sr,1.091e-14
4.9125000000000005,10.309797091961331,5,sr,8.787e-12
4.9250000000000007,10.263414107243877,5,sr,3.344e-15
4.9375000000000009,10.217447617473566,5,sr,2.756e-15
4.9500000000000002,10.17189548762504,5,sr,1.552e-16
4.9625000000000004,10.126755671363263,5,sr,1.699e-15
4.9750000000000005,10.082026212605347,5,sr,4.096e-16
4.9875000000000007,10.037705247179396,5,sr,4.991e-15
5.0000000000000009,9.9937910045893794,5,sr,3.748e-15
5.0125000000000002,9.9502818098912122,5,sr,5.287e-15
5.0250000000000004,9.907176085685272,5,sr,3.705e-15
5.0375000000000005,9.864472354254028,5,sr,4.649e-11
5.0500000000000007,9.8221692396906963,5,sr,3.958e-15
5.0625000000000009,9.780265470504208,5,sr,5.897e-16
5.0750000000000002,9.7387598819084449,5,sr,4.883e-16
5.0875000000000004,9.6976514186005929,5,sr,1.649e-15
5.1000000000000005,9.6569391375565647,5,sr,1.927e-16
5.1125000000000007,9.6166222110101174,5,sr,3.445e-15
5.1250000000000009,9.5766999296002133,5,sr,1.140e-15
5.1375000000000002,9.5371717056941172,5,sr,1.604e-15
5.1500000000000004,9.4980370768939864,5,sr,3.652e-15
5.1625000000000005,9.459295709739088,5,sr,7.803e-12
5.1750000000000007,9.4209474035818435,5,sr,1.752e-15
5.1875000000000009,9.3829920947354992,5,sr,6.680e-15
5.2000000000000002,9.3454298607522777,5,sr,7.079e-15
5.2125000000000004,9.3082609249896571,5,sr,9.902e-16
5.2250000000000005,9.2714856613833305,5,sr,3.392e-15
5.2375000000000007,9.2351045994647851,5,sr,3.540e-15
5.2500000000000009,9.1991184296270436,5,sr,8.773e-17
5.2625000000000002,9.1635280086459918,5,sr,5.044e-15
5.2750000000000004,9.1283343654642479,5,sr,7.755e-16
5.2875000000000005,9.0935387072437823,5,sr,1.793e-15
5.3000000000000007,9.0591424256926345,5,sr,2.876e-15
5.3125000000000009,9.0251471036699211,5,sr,1.843e-15
5.3250000000000002,8.99155452207191,5,sr,2.323e-15
5.3375000000000004,8.9583666670001563,5,sr,3.450e-15
5.3500000000000005,8.9255857372105432,5,sr,6.505e-16
5.3625000000000007,8.8932141518394339,5,sr,6.116e-15
5.3750000000000009,8.8612545584000166,5,sr,4.937e-15
5.3875000000000002,8.8297098410308266,5,sr,1.002e-11
5.4000000000000004,8.7985831290320391,5,sr,1.718e-15
5.4125000000000005,8.7678778055164592,5,sr,6.166e-16
5.4250000000000007,8.7375975164024631,5,sr,3.356e-15
5.4375000000000009,8.7077461794603526,5,sr,2.637e-15
5.4500000000000002,8.6783279935215685,5,sr,3.501e-15
5.4625000000000004,8.6493474477702428,5,sr,2.890e-11
5.4750000000000005,8.62080933089395,5,sr,1.091e-15
5.4875000000000007,8.592718740510394,5,sr,3.593e-15
5.5000000000000009,8.5650810919451246,5,sr,4.160e-12
5.5125000000000002,8.5379021270984392,5,sr,2.313e-15
5.5250000000000004,8.5111879226946474,5,sr,1.665e-15
5.5375000000000005,8.4849448980463507,5,sr,2.019e-13
5.5500000000000007,8.4591798220176031,5,sr,2.149e-11
5.5625000000000009,8.433899818900759,5,sr,5.990e-12
5.5750000000000002,8.409112373342051,5,sr,1.949e-11
5.5875000000000004,8.3848253332817748,5,sr,1.505e-12
5.6000000000000005,8.3610469115037969,5,sr,1.406e-15
5.6125000000000007,8.3377856844546887,5,sr,3.719e-15
5.6250000000000009,8.3150505886514061,5,sr,1.350e-11
5.6375000000000002,8.2928509136096071,5,sr,1.287e-15
5.6500000000000004,8.2711962911788124,5,sr,1.268e-15
5.6625000000000005,8.2500966800609774,5,sr,3.325e-13
5.6750000000000007,8.2295623452803763,5,sr,4.704e-12
5.6875000000000009,8.2096038314735171,5,sr,3.568e-12
5.7000000000000002,8.1902319290872025,5,sr,1.766e-15
5.7125000000000004,8.1714576325237172,5,sr,1.240e-15
5.7250000000000005,8.1532920890720906,5,sr,1.144e-11
5.7375000000000007,8.1357465372371554,5,sr,2.505e-15
5.7500000000000009,8.1188322335004752,5,sr,1.268e-11
5.7625000000000002,8.1025603656712448,5,sr,1.155e-11
5.7750000000000004,8.0869419513995453,5,sr,5.204e-16
5.7875000000000005,8.0719877210196067,5,sr,6.663e-16
5.8000000000000007,8.0577079820588082,5,sr,1.479e-11
5.8125000000000009,8.0441124651017795,5,sr,4.456e-12
5.8250000000000002,8.0312101487478973,5,sr,1.176e-15
5.8375000000000004,8.0190090633729643,5,sr,3.920e-12
5.8500000000000005,8.0075160723447834,5,sr,8.244e-12
5.8625000000000007,7.9967366305570931,5,sr,8.437e-16
5.8750000000000009,7.9866745204557343,5,sr,6.469e-16
5.8875000000000002,7.9773315668349563,5,sr,1.868e-15
5.9000000000000004,7.9687073320047954,5,sr,2.270e-12
5.9125000000000005,7.9607987947523586,5,sr,6.429e-16
5.9250000000000007,7.9536000173668908,5,sr,1.538e-12
5.9375000000000009,7.9471018069162396,5,sr,6.482e-16
5.9500000000000002,7.9412913781983594,5,sr,4.910e-16
5.9625000000000004,7.9361520279784044,5,sr,2.110e-16
5.9750000000000005,7.9316628315037292,5,sr,6.261e-17
5.9875000000000007,7.9277983741209512,5,sr,1.347e-13
6.0000000000000009,7.9245285320606174,5,sr,9.616e-15
6.0125000000000002,7.9218183173544388,5,sr,6.083e-17
6.0250000000000004,7.9196278021055644,5,sr,3.232e-14
6.0375000000000005,7.9179121367192957,5,sr,4.958e-13
6.0500000000000007,7.9166216751305978,5,sr,5.159e-16
6.0625000000000009,7.9157022173984029,5,sr,1.930e-16
6.0750000000000002,7.9150953761561782,5,sr,8.055e-13
6.0875000000000004,7.914739068596166,5,sr,2.221e-14
6.1000000000000005,7.9145681299204673,5,sr,4.799e-14
6.1125000000000007,7.9145150378481404,5,sr,5.023e-14
6.1250000000000009,7.9145107315580709,5,sr,3.881e-14
6.1375000000000002,7.9144855024189624,5,sr,2.687e-14
6.1500000000000004,7.9143699289817375,5,sr,1.415e-14
6.1625000000000005,7.9140958252292606,5,sr,2.928e-13
6.1750000000000007,7.9135971694636771,5,sr,6.740e-12
6.1875000000000009,7.9128109817945385,5,sr,2.079e-16
6.2000000000000002,7.9116781202812687,5,sr,3.719e-13
6.2125000000000004,7.9101439711217045,5,sr,7.204e-15
6.2250000000000005,7.9081590129385768,5,sr,7.888e-16
6.2375000000000007,7.9056792430324405,5,sr,1.728e-13
6.2500000000000009,7.9026664600656886,5,sr,8.859e-16
6.2625000000000002,7.8990884047187704,5,sr,1.187e-15
6.2750000000000004,7.8949187659848388,5,sr,1.549e-12
6.2875000000000005,7.890137065798883,5,sr,8.457e-15
6.3000000000000007,7.8847284383003391,5,sr,1.165e-15
6.3125000000000009,7.878683322478679,5,sr,1.092e-15
6.3250000000000002,7.8719970876303398,5,sr,3.293e-14
6.3375000000000004,7.8646696109961098,5,sr,4.939e-16
6.3500000000000005,7.8567048256535612,5,sr,7.814e-13
6.3625000000000007,7.8481102548804973,5,sr,8.780e-16
6.3750000000000009,7.8388965469373524,5,sr,8.442e-16
6.3875000000000002,7.8290770216388212,5,sr,1.047e-15
6.4000000000000004,7.8186672376858928,5,sr,9.669e-16
6.4125000000000005,7.8076845872798923,5,sr,2.111e-15
6.4250000000000007,7.7961479224567842,5,sr,4.077e-12
6.4375000000000009,7.7840772156738014,5,sr,1.064e-15
6.4500000000000002,7.7714932558470817,5,sr,8.801e-12
6.4625000000000004,7.7584173793499067,5,sr,5.225e-16
6.4750000000000005,7.7448712353712441,5,sr,1.221e-15
6.4875000000000007,7.7308765832711259,5,sr,7.296e-12
6.5000000000000009,7.716455120159484,5,sr,1.752e-11
6.5125000000000002,7.7016283359378797,5,sr,1.635e-11
6.5250000000000004,7.6864173935231195,5,sr,1.780e-11
6.5375000000000005,7.6708430308705218,5,sr,1.273e-11
6.5500000000000007,7.6549254829929758,5,sr,1.808e-11
6.5625000000000009,7.6386844213207157,5,sr,1.064e-15
6.5750000000000002,7.6221389078431443,5,sr,0.000e+00
6.5875000000000004,7.6053073620252887,5,sr,3.641e-12
6.6000000000000005,7.5882075388427488,5,sr,3.089e-16
6.6125000000000007,7.5708565159756578,5,sr,2.324e-11
6.6250000000000009,7.5532706888012111,5,sr,7.628e-16
6.6375000000000002,7.5354657714967912,5,sr,1.232e-11
6.6500000000000004,7.517456803725131,5,sr,2.484e-15
6.6625000000000005,7.4992581613620333,5,sr,2.852e-15
6.6750000000000007,7.4808835704668919,5,sr,9.810e-12
6.6875000000000009,7.4623461240492617,5,sr,4.765e-15
6.7000000000000002,7.4436583006128263,5,sr,1.379e-16
6.7125000000000004,7.4248319843133839,5,sr,5.379e-15
6.7250000000000005,7.4058784859853262,5,sr,1.316e-16
6.7375000000000007,7.3868085648393409,5,sr,3.510e-15
6.7500000000000009,7.3676324504678776,5,sr,5.512e-15
6.7625000000000002,7.3483598649162891,5,sr,1.248e-15
6.7750000000000004,7.3290000446171852,5,sr,2.490e-16
6.7875000000000005,7.3095617620255871,5,sr,3.909e-15
6.8000000000000007,7.2900533468274311,5,sr,6.062e-13
6.8125000000000009,7.2704827065973392,5,sr,3.553e-11
6.8250000000000002,7.2508573469947608,5,sr,4.277e-15
6.8375000000000004,7.2311843909626772,5,sr,3.144e-15
6.8500000000000005,7.2114705976838112,5,sr,2.384e-16
6.8625000000000007,7.1917223804828012,5,sr,8.913e-15
6.8750000000000009,7.171945824131825,5,sr,9.086e-15
6.8875000000000002,7.152146701399853,5,sr,1.024e-14
6.9000000000000004,7.1323304888715207,5,sr,5.380e-15
6.9125000000000005,7.1125023820453919,5,sr,1.036e-14
6.9250000000000007,7.0926673097258179,5,sr,7.848e-15
6.9375000000000009,7.0728299477262109,5,sr,1.533e-14
6.9500000000000002,7.0529947319043869,5,sr,6.361e-15
6.9625000000000004,7.0331658705522493,5,sr,9.715e-15
6.9750000000000005,7.0133473561637114,5,sr,1.488e-15
6.9875000000000007,6.9935429766054824,5,sr,6.179e-15
7.0000000000000009,6.9737563257157227,5,sr,1.869e-15
7.0125000000000002,6.9539908133558885,5,sr,5.385e-16
7.0250000000000004,6.9342496749406433,5,sr,3.258e-15
7.0375000000000005,6.9145359804706921,5,sr,6.749e-15
7.0500000000000007,6.8948526430926247,5,sr,1.842e-15
7.0625000000000009,6.8752024272195529,5,sr,2.466e-11
7.0750000000000002,6.8555879561639292,5,sr,5.692e-15
7.0875000000000004,6.8360117195189565,5,sr,5.169e-15
7.1000000000000005,6.8164760799524675,5,sr,7.099e-15
7.1125000000000007,6.79698327979093,5,sr,2.554e-14
7.1250000000000009,6.7775354471987121,5,sr,1.094e-14
7.1375000000000002,6.7581346020424746,5,sr,1.758e-14
7.1500000000000004,6.7387826614484956,5,sr,6.805e-16
7.1625000000000005,6.7194814450694746,5,sr,4.696e-15
7.1750000000000007,6.7002326800919407,5,sr,4.148e-11
7.1875000000000009,6.6810380058949033,5,sr,4.604e-15
7.2000000000000002,6.6618989786877085,5,sr,1.469e-14
7.2125000000000004,6.6428170756181943,5,sr,1.673e-14
7.2250000000000005,6.6237936988865593,5,sr,4.332e-15
7.2375000000000007,6.6048301795638107,5,sr,6.074e-15
7.2500000000000009,6.5859277812306454,5,sr,4.630e-15
7.2625000000000002,6.5670877034328834,5,sr,1.647e-14
7.2750000000000004,6.5483110849637898,5,sr,1.799e-15
7.2875000000000005,6.529599006982906,5,sr,1.038e-14
7.3000000000000007,6.5109524959807894,5,sr,2.749e-15
7.3125000000000009,6.4923725265980963,5,sr,1.798e-14
7.3250000000000002,6.4738600243074584,5,sr,3.401e-15
7.3375000000000004,6.4554158679589762,5,sr,2.168e-11
7.3500000000000005,6.4370408922435729,5,sr,1.124e-14
7.3625000000000007,6.4187358899408276,5,sr,7.150e-15
7.3750000000000009,6.4005016141913034,5,sr,6.592e-15
7.3875000000000002,6.3823387805661307,5,sr,6.029e-15
7.4000000000000004,6.3642480690796406,5,sr,2.677e-15
7.4125000000000005,6.3462301261038219,5,sr,3.814e-15
7.4250000000000007,6.3282855661965263,5,sr,1.509e-15
7.4375000000000009,6.3104149738353961,5,sr,4.481e-11
7.4500000000000002,6.2926189051519588,5,sr,2.548e-15
7.4625000000000004,6.2748978894138929,5,sr,4.605e-11
7.4750000000000005,6.2572524306176245,5,sr,6.649e-15
7.4875000000000007,6.2396830090188242,5,sr,1.311e-15
7.5000000000000009,6.2221900824196013,5,sr,2.875e-15
7.5125000000000002,6.2047740875803594,5,sr,2.525e-15
7.5250000000000004,6.1874354414998844,5,sr,5.033e-15
7.5375000000000005,6.1701745426629619,5,sr,1.933e-11
7.5500000000000007,6.1529917722088125,5,sr,8.393e-15
7.5625000000000009,6.1358874951331748,5,sr,5.503e-15
7.5750000000000002,6.1188620613434406,5,sr,9.667e-15
7.5875000000000004,6.1019158067527064,5,sr,3.079e-15
7.6000000000000005,6.0850490543054478,5,sr,1.125e-12
7.6125000000000007,6.0682621149717946,5,sr,3.587e-15
7.6250000000000009,6.0515552887135398,5,sr,2.188e-15
7.6375000000000002,6.0349288654105466,5,sr,1.186e-11
7.6500000000000004,6.0183831257816038,5,sr,3.458e-15
7.6625000000000005,6.0019183422304412,5,sr,7.884e-15
7.6750000000000007,5.985534779741128,5,sr,4.636e-11
7.6875000000000009,5.9692326966320772,5,sr,2.949e-15
7.7000000000000002,5.9530123454870703,5,sr,6.248e-15
7.7125000000000004,5.9368739738067342,5,sr,6.635e-11
7.7250000000000005,5.9208178249232049,5,sr,2.248e-12
7.7375000000000007,5.904844138574286,5,sr,7.793e-14
7.7500000000000009,5.888953151807887,5,sr,5.849e-12
7.7625000000000002,5.8731450996413752,5,sr,8.577e-11
7.7750000000000004,5.8574202156936162,5,sr,1.759e-15
7.7875000000000005,5.8417787330901563,5,sr,3.181e-15
7.8000000000000007,5.8262208849431349,5,sr,3.612e-15
7.8125000000000009,5.8107469051416079,5,sr,3.622e-15
7.8250000000000002,5.7953570290047631,5,sr,1.271e-15
7.8375000000000004,5.7800514939523548,5,sr,6.327e-12
7.8500000000000005,5.7648305401575586,5,sr,1.116e-11
7.8625000000000007,5.7496944112270194,5,sr,3.945e-11
7.8750000000000009,5.7346433548484468,5,sr,5.901e-11
7.8875000000000002,5.7196776234431939,5,sr,5.390e-11
7.9000000000000004,5.7047974748174548,5,sr,2.426e-11
7.9125000000000005,5.6900031728135048,5,sr,7.468e-14
7.9250000000000007,5.6752949879760708,5,sr,2.447e-15
7.9375000000000009,5.6606731982192446,5,sr,2.744e-15
7.9500000000000002,5.6461380894708686,5,sr,9.581e-16
7.9625000000000004,5.6316899563450198,5,sr,2.403e-15
7.9750000000000005,5.6173291028135424,5,sr,3.460e-15
7.9875000000000007,5.6030558428839274,5,sr,3.315e-15
8,5.5888705012844664,5,sr,3.902e-15
8.0124999999999993,5.574773414144425,5,sr,5.061e-11
8.0250000000000004,5.5607649297630557,5,sr,1.509e-15
8.0374999999999996,5.546845409189606,5,sr,4.297e-16
8.0499999999999989,5.5330152270799813,5,sr,1.842e-14
8.0625,5.5192747723662325,5,sr,1.654e-15
8.0749999999999993,5.5056244490187094,5,sr,7.977e-16
8.0875000000000004,5.4920646768086732,5,sr,1.272e-14
8.0999999999999996,5.4785958920857709,5,sr,1.425e-14
8.1124999999999989,5.4652185485709959,5,sr,1.299e-14
8.125,5.4519331181662789,5,sr,2.776e-15
8.1374999999999993,5.4387400917812752,5,sr,8.711e-15
8.1500000000000004,5.4256399801783299,5,sr,1.018e-14
8.1624999999999996,5.4126333148364507,5,sr,2.632e-14
8.1749999999999989,5.3997206488566638,5,sr,7.739e-11
8.1875,5.3869025577568506,5,sr,1.660e-14
8.1999999999999993,5.3741796406152433,5,sr,4.794e-15
8.2125000000000004,5.3615525207986536,5,sr,4.568e-16
8.2249999999999996,5.3490218470407394,5,sr,8.333e-15
8.2374999999999989,5.3365882944117429,5,sr,1.472e-14
8.25,5.3242525653332731,5,sr,5.997e-16
8.2624999999999993,5.3120153906163363,5,sr,2.142e-14
8.2750000000000004,5.2998775305167829,5,sr,2.064e-11
8.2874999999999996,5.287839775851543,5,sr,2.959e-14
8.2999999999999989,5.2759029490449514,5,sr,3.225e-15
8.3125,5.2640679053228094,5,sr,8.258e-15
8.3249999999999993,5.2523355338354927,5,sr,2.153e-14
8.3375000000000004,5.2407067588405241,5,sr,4.127e-15
8.3499999999999996,5.229182540899628,5,sr,5.150e-15
8.3624999999999989,5.2177638780955631,5,sr,3.032e-14
8.375,5.2064518072668458,5,sr,4.801e-15
8.3874999999999993,5.1952474052585975,5,sr,7.293e-15
8.4000000000000004,5.18415179018678,5,sr,7.243e-15
8.4124999999999996,5.1731661227132557,5,sr,2.370e-14
8.4249999999999989,5.1622916073279637,5,sr,3.507e-14
8.4375,5.151529493634408,5,sr,9.817e-15
8.4499999999999993,5.1408810776333054,5,sr,1.895e-15
8.4625000000000004,5.1303477029994138,5,sr,2.868e-15
8.4749999999999996,5.1199307623429471,5,sr,5.172e-12
8.4874999999999989,5.1096316984652583,5,sr,1.018e-11
8.5,5.0994520055348662,5,sr,1.925e-15
8.5124999999999993,5.0893932303185121,5,sr,2.430e-15
8.5250000000000004,5.0794569732597301,5,sr,1.725e-15
8.5374999999999996,5.0696448895728388,5,sr,2.506e-11
8.5499999999999989,5.059958690177714,5,sr,1.534e-12
8.5625,5.0504001426970486,5,sr,9.233e-16
8.5749999999999993,5.0409710721402883,5,sr,2.330e-15
8.5875000000000004,5.0316733616173543,5,sr,7.423e-15
8.5999999999999996,5.0225089528338618,5,sr,2.199e-14
8.6124999999999989,5.0134798464239951,5,sr,8.993e-15
8.625,5.004588102085445,5,sr,1.288e-11
8.6374999999999993,4.9958358384468085,5,sr,3.261e-15
8.6500000000000004,4.9872252327514657,5,sr,1.473e-14
8.6624999999999996,4.9787585201242299,5,sr,9.444e-15
8.6749999999999989,4.9704379925754116,5,sr,7.810e-16
8.6875,4.962265997579383,5,sr,1.692e-14
8.6999999999999993,4.9542449362166208,5,sr,2.881e-15
8.7125000000000004,4.9463772608191601,5,sr,6.081e-15
8.7249999999999996,4.9386654720601086,5,sr,4.088e-15
8.7374999999999989,4.9311121154222457,5,sr,1.766e-15
8.75,4.9237197769761085,5,sr,7.429e-15
8.7624999999999993,4.9164910783919149,5,sr,4.759e-15
8.7750000000000004,4.9094286711047577,5,sr,3.567e-16
8.7874999999999996,4.9025352295466469,5,sr,9.320e-15
8.7999999999999989,4.8958134433540934,5,sr,2.865e-15
8.8125,4.8892660084549346,5,sr,2.074e-16
8.8249999999999993,4.8828956169335305,5,sr,7.184e-15
8.8375000000000004,4.8767049455701805,5,sr,1.625e-15
8.8499999999999996,4.8706966429477552,5,sr,5.894e-15
8.8624999999999989,4.8648733150151484,5,sr,3.246e-12
8.875,4.8592375090138438,5,sr,2.622e-15
8.8874999999999993,4.8537916956198979,5,sr,1.751e-15
8.9000000000000004,4.8485382492712414,5,sr,1.283e-16
8.9124999999999996,4.8434794265176953,5,sr,1.206e-15
8.9249999999999989,4.8386173423553673,5,sr,2.764e-15
8.9375,4.833953944466912,5,sr,2.486e-15
8.9499999999999993,4.8294909853099304,5,sr,2.287e-11
8.9625000000000004,4.8252299921504802,5,sr,1.826e-16
8.9749999999999996,4.8211722347158368,5,sr,0.000e+00
8.9874999999999989,4.8173186910917005,5,sr,3.181e-16
9,4.8136700113966882,5,sr,9.509e-16
9.0124999999999993,4.810226479733192,5,sr,7.099e-16
9.0250000000000004,4.8069879745206263,5,sr,3.472e-16
9.0374999999999996,4.8039539275424765,5,sr,3.033e-11
9.0499999999999989,4.8011232819027034,5,sr,2.753e-15
9.0625,4.7984944498820781,5,sr,2.259e-11
9.0749999999999993,4.7960652702393158,5,sr,7.524e-16
9.0875000000000004,4.7938329668410153,5,sr,1.849e-11
9.0999999999999996,4.79179410827693,5,sr,9.860e-16
9.1124999999999989,4.7899445697813983,5,sr,4.556e-14
9.125,4.7882794984920114,5,sr,1.488e-11
9.1374999999999993,4.7867932826852373,5,sr,9.899e-16
9.1500000000000004,4.7854795260575012,5,sr,2.072e-15
9.1624999999999996,4.7843310284796443,5,sr,1.369e-12
9.1749999999999989,4.7833397738442294,5,sr,2.684e-12
9.1875,4.7824969263260702,5,sr,9.568e-13
9.1999999999999993,4.7817928359368231,5,sr,1.504e-15
9.2125000000000004,4.781217054281873,5,sr,1.290e-16
9.2249999999999996,4.7807583612042368,5,sr,5.265e-16
9.2374999999999989,4.7804048028441954,5,sr,1.369e-15
9.25,4.7801437414074863,5,sr,1.587e-11
9.2624999999999993,4.7799619165182596,5,sr,5.122e-15
9.2750000000000004,4.779845518180708,5,sr,7.300e-14
9.2874999999999996,4.779780270134987,5,sr,1.355e-13
9.2999999999999989,4.7797515231909422,5,sr,1.531e-13
9.3125,4.7797443568874058,5,sr,1.390e-13
9.3249999999999993,4.7797436879759765,5,sr,1.107e-13
9.3375000000000004,4.7797343838367077,5,sr,7.773e-14
9.3499999999999996,4.7797013787433231,5,sr,4.730e-14
9.3624999999999989,4.7796297907580092,5,sr,2.749e-14
9.375,4.7795050369732959,5,sr,3.148e-12
9.3874999999999993,4.7793129448446212,5,sr,2.058e-11
9.4000000000000004,4.7790398575427417,5,sr,1.101e-15
9.4124999999999996,4.7786727310286139,5,sr,4.626e-16
9.4249999999999989,4.7781992217561715,5,sr,5.810e-16
9.4375,4.7776077629274916,5,sr,1.531e-15
9.4499999999999993,4.7768876286505746,5,sr,5.571e-12
9.4625000000000004,4.7760289851983639,5,sr,2.769e-12
9.4749999999999996,4.7750229289747521,5,sr,2.908e-16
9.4874999999999989,4.7738615113620044,5,sr,1.065e-16
9.5,4.7725377507264506,5,sr,1.099e-15
9.5124999999999993,4.7710456322686365,5,sr,1.440e-12
9.5250000000000004,4.7693800966566329,5,sr,5.994e-16
9.5374999999999996,4.7675370185048651,5,sr,6.320e-16
9.5499999999999989,4.7655131759860581,5,sr,6.916e-13
9.5625,4.7633062128468451,5,sr,1.063e-15
9.5749999999999993,4.7609145942225783,5,sr,5.238e-12
9.5875000000000004,4.7583375575288267,5,sr,5.703e-16
9.5999999999999996,4.7555750598324202,5,sr,4.705e-12
9.6125000000000007,4.7526277227163334,5,sr,8.726e-16
9.625,4.7494967759725384,5,sr,1.175e-16
9.6374999999999993,4.7461840009040941,5,sr,3.047e-11
9.6500000000000004,4.7426916740916614,5,sr,1.380e-15
9.6624999999999996,4.7390225127402346,5,sr,2.608e-15
9.6750000000000007,4.735179621434674,5,sr,1.972e-12
9.6875,4.7311664415483046,5,sr,1.164e-11
9.6999999999999993,4.7269867032716384,5,sr,2.005e-15
9.7125000000000004,4.7226443804617979,5,sr,5.700e-16
9.7249999999999996,4.7181436487802761,5,sr,1.089e-15
9.7375000000000007,4.7134888468994491,5,sr,1.300e-15
9.75,4.7086844409733661,5,sr,3.665e-15
9.7624999999999993,4.7037349922803315,5,sr,3.309e-16
9.7750000000000004,4.6986451279650989,5,sr,1.539e-15
9.7874999999999996,4.6934195147657238,5,sr,1.488e-15
9.8000000000000007,4.6880628355841063,5,sr,5.060e-15
9.8125,4.6825797687407498,5,sr,5.460e-15
9.8249999999999993,4.6769749697421146,5,sr,6.288e-15
9.8375000000000004,4.6712530553824694,5,sr,1.412e-15
9.8499999999999996,4.6654185899778859,5,sr,4.340e-11
9.8625000000000007,4.6594760737066787,5,sr,7.213e-17
9.875,4.6534299324221591,5,sr,3.863e-15
9.8874999999999993,4.6472845095348614,5,sr,1.723e-14
9.9000000000000004,4.6410440590383706,5,sr,5.060e-15
9.9124999999999996,4.6347127399863872,5,sr,3.007e-15
9.9250000000000007,4.6282946121263837,5,sr,8.352e-15
9.9375,4.6217936325797151,5,sr,2.009e-14
9.9499999999999993,4.6152136534597634,5,sr,3.104e-11
9.9625000000000004,4.6085584202241927,5,sr,5.710e-15
9.9749999999999996,4.6018315709353868,5,sr,2.053e-14
9.9875000000000007,4.595036635876915,5,sr,1.210e-12
10,4.588177037898328,5,sr,1.488e-14
4.8875000000000002,14.948811219146275,6,sr,7.032e-15
4.9000000000000004,14.878455047383488,6,sr,1.037e-14
4.9125000000000005,14.808698961339598,6,sr,6.339e-15
4.9250000000000007,14.739538996830275,6,sr,4.324e-11
4.9375000000000009,14.670971306033691,6,sr,1.612e-15
4.9500000000000002,14.602992158836587,6,sr,3.612e-16
4.9625000000000004,14.535597944712585,6,sr,2.823e-15
4.9750000000000005,14.468785174445509,6,sr,3.574e-15
4.9875000000000007,14.402550482122342,6,sr,4.569e-15
5.0000000000000009,14.336890627265326,6,sr,3.735e-15
5.0125000000000002,14.271802497131878,6,sr,2.509e-15
5.0250000000000004,14.207283109191852,6,sr,5.286e-15
5.0375000000000005,14.143329613792272,6,sr,2.329e-15
5.0500000000000007,14.07993929701963,6,sr,9.277e-13
5.0625000000000009,14.017109583774571,6,sr,1.663e-15
5.0750000000000002,13.954838041058101,6,sr,6.228e-12
5.0875000000000004,13.893122381520733,6,sr,5.983e-15
5.1000000000000005,13.831960467205224,6,sr,4.216e-15
5.1125000000000007,13.771350313618703,6,sr,4.947e-15
5.1250000000000009,13.711290094034982,6,sr,1.142e-14
5.1375000000000002,13.651778144110908,6,sr,4.685e-16
5.1500000000000004,13.592812966811943,6,sr,2.510e-15
5.1625000000000005,13.534393237681696,6,sr,2.308e-11
5.1750000000000007,13.476517810385005,6,sr,6.496e-15
5.1875000000000009,13.419185722815712,6,sr,3.629e-16
5.2000000000000002,13.362396203340996,6,sr,4.769e-15
5.2125000000000004,13.30614867765602,6,sr,7.135e-16
5.2250000000000005,13.250442776003483,6,sr,7.779e-15
5.2375000000000007,13.19527834087431,6,sr,6.219e-15
5.2500000000000009,13.14065543520414,6,sr,0.000e+00
5.2625000000000002,13.086574351094686,6,sr,9.972e-15
5.2750000000000004,13.033035619090262,6,sr,2.980e-15
5.2875000000000005,12.980040018054252,6,sr,1.969e-11
5.3000000000000007,12.927588585589046,6,sr,3.672e-15
5.3125000000000009,12.875682629302663,6,sr,2.643e-15
5.3250000000000002,12.824323738521514,6,sr,1.655e-11
5.3375000000000004,12.773513796854296,6,sr,8.088e-17
5.3500000000000005,12.723254995614415,6,sr,2.960e-15
5.3625000000000007,12.673549847831721,6,sr,5.538e-16
5.3750000000000009,12.624401203297483,6,sr,2.858e-11
5.3875000000000002,12.575812264294683,6,sr,4.641e-15
5.4000000000000004,12.527786602574995,6,sr,7.337e-15
5.4125000000000005,12.480328176866607,6,sr,7.930e-15
5.4250000000000007,12.433441351687359,6,sr,1.417e-15
5.4375000000000009,12.387130917049049,6,sr,3.242e-15
5.4500000000000002,12.341402109226594,6,sr,0.000e+00
5.4625000000000004,12.296260632589872,6,sr,1.436e-16
5.4750000000000005,12.251712682508852,6,sr,2.552e-15
5.4875000000000007,12.207764969331505,6,sr,1.119e-15
5.5000000000000009,12.16442474340054,6,sr,2.134e-11
5.5125000000000002,12.121699821215611,6,sr,8.846e-16
5.5250000000000004,12.079598612262451,6,sr,9.849e-12
5.5375000000000005,12.038130147188401,6,sr,6.614e-16
5.5500000000000007,11.99730410631674,6,sr,4.629e-15
5.5625000000000009,11.95713084909813,6,sr,1.606e-15
5.5750000000000002,11.917621443822105,6,sr,6.326e-15
5.5875000000000004,11.878787697551806,6,sr,2.479e-12
5.6000000000000005,11.84064218586308,6,sr,3.067e-16
5.6125000000000007,11.803198282038846,6,sr,2.297e-15
5.6250000000000009,11.76647018510368,6,sr,4.160e-16
5.6375000000000002,11.730472946157393,6,sr,1.929e-15
5.6500000000000004,11.695222492169457,6,sr,2.052e-16
5.6625000000000005,11.660735646307083,6,sr,7.352e-16
5.6750000000000007,11.627030143652473,6,sr,2.113e-15
5.6875000000000009,11.594124640923008,6,sr,1.266e-11
5.7000000000000002,11.562038718690136,6,sr,9.669e-16
5.7125000000000004,11.530792873788741,6,sr,2.692e-15
5.7250000000000005,11.50040850027492,6,sr,1.815e-15
5.7375000000000007,11.47090785564661,6,sr,8.657e-16
5.7500000000000009,11.442314009622097,6,sr,8.001e-16
5.7625000000000002,11.414650771797678,6,sr,1.282e-12
5.7750000000000004,11.387942594187162,6,sr,1.217e-11
5.7875000000000005,11.362214443863675,6,sr,2.130e-15
5.8000000000000007,11.337491641127473,6,sr,5.574e-16
5.8125000000000009,11.313799656715739,6,sr,5.811e-12
5.8250000000000002,11.291163862858008,6,sr,4.027e-16
5.8375000000000004,11.269609231012245,6,sr,6.602e-13
5.8500000000000005,11.249159970218155,6,sr,2.094e-12
5.8625000000000007,11.229839099085265,6,sr,8.678e-14
5.8750000000000009,11.21166794548899,6,sr,7.062e-16
5.8875000000000002,11.194665568800886,6,sr,2.341e-13
5.9000000000000004,11.178848100893735,6,sr,1.521e-12
5.9125000000000005,11.164228004717303,6,sr,6.478e-13
5.9250000000000007,11.15081325236681,6,sr,8.123e-16
5.9375000000000009,11.138606429109258,6,sr,8.756e-13
5.9500000000000002,11.127603775276887,6,sr,9.528e-13
5.9625000000000004,11.117794184742381,6,sr,6.134e-13
5.9750000000000005,11.109158186619403,6,sr,1.143e-13
5.9875000000000007,11.101666945409436,6,sr,7.152e-17
6.0000000000000009,11.095281323811063,6,sr,7.057e-17
6.0125000000000002,11.089951060847524,6,sr,7.143e-16
6.0250000000000004,11.085614124936223,6,sr,6.545e-16
6.0375000000000005,11.082196305692433,6,sr,1.400e-16
6.0500000000000007,11.0796111083129,6,sr,2.659e-14
6.0625000000000009,11.077760009019318,6,sr,3.291e-13
6.0750000000000002,11.076533118277879,6,sr,6.181e-16
6.0875000000000004,11.075810280027049,6,sr,2.569e-16
6.1000000000000005,11.075462610340642,6,sr,4.252e-12
6.1125000000000007,11.075354449449813,6,sr,1.353e-12
6.1250000000000009,11.075345669823122,6,sr,5.038e-13
6.1375000000000002,11.075294252030805,6,sr,5.866e-14
6.1500000000000004,11.075059015813698,6,sr,4.469e-16
6.1625000000000005,11.07450237656583,6,sr,6.781e-13
6.1750000000000007,11.07349299229697,6,sr,1.003e-16
6.1875000000000009,11.071908172770923,6,sr,2.401e-13
6.2000000000000002,11.06963594097456,6,sr,4.227e-12
6.2125000000000004,11.066576664507998,6,sr,3.011e-13
6.2250000000000005,11.062644207447978,6,sr,5.665e-16
6.2375000000000007,11.057766588652896,6,sr,2.077e-15
6.2500000000000009,11.051886163971631,6,sr,4.083e-13
6.2625000000000002,11.044959377493981,6,sr,3.012e-13
6.2750000000000004,11.036956146119682,6,sr,3.012e-13
6.2875000000000005,11.027858953271576,6,sr,3.543e-16
6.3000000000000007,11.017661731223608,6,sr,9.358e-16
6.3125000000000009,11.006368608827509,6,sr,1.923e-13
6.3250000000000002,10.99399259383835,6,sr,9.820e-16
6.3375000000000004,10.980554248547559,6,sr,1.831e-13
6.3500000000000005,10.966080405456491,6,sr,8.189e-13
6.3625000000000007,10.95060295777194,6,sr,4.594e-13
6.3750000000000009,10.934157748381452,6,sr,1.354e-15
6.3875000000000002,10.91678357128743,6,sr,3.840e-12
6.4000000000000004,10.898521291544171,6,sr,1.934e-15
6.4125000000000005,10.879413083805215,6,sr,9.860e-16
6.4250000000000007,10.85950178463527,6,sr,1.005e-15
6.4375000000000009,10.838830351284473,6,sr,1.304e-15
6.4500000000000002,10.817441417330821,6,sr,1.373e-11
6.4625000000000004,10.795376934723071,6,sr,1.285e-12
6.4750000000000005,10.772677892129584,6,sr,2.169e-15
6.4875000000000007,10.749384098511094,6,sr,2.059e-15
6.5000000000000009,10.725534023007372,6,sr,3.978e-12
6.5125000000000002,10.701164681825629,6,sr,1.626e-11
6.5250000000000004,10.676311564236725,6,sr,1.425e-11
6.5375000000000005,10.651008591090564,6,sr,1.764e-11
6.5500000000000007,10.625288098562411,6,sr,2.300e-12
6.5625000000000009,10.59918084372946,6,sr,3.916e-16
6.5750000000000002,10.572716025631671,6,sr,5.691e-16
6.5875000000000004,10.545921319330757,6,sr,1.791e-11
6.6000000000000005,10.518822919438717,6,sr,2.472e-15
6.6125000000000007,10.49144559022837,6,sr,2.214e-15
6.6250000000000009,10.463812720929552,6,sr,3.405e-15
6.6375000000000002,10.435946383773302,6,sr,7.853e-12
6.6500000000000004,10.407867393896163,6,sr,3.138e-16
6.6625000000000005,10.379595369708305,6,sr,1.529e-15
6.6750000000000007,10.3511487931662,6,sr,2.588e-16
6.6875000000000009,10.322545069018533,6,sr,3.808e-15
6.7000000000000002,10.293800582691828,6,sr,2.198e-15
6.7125000000000004,10.26493075639787,6,sr,4.448e-12
6.7250000000000005,10.235950103184541,6,sr,2.399e-15
6.7375000000000007,10.206872278831099,6,sr,3.613e-15
6.7500000000000009,10.177710131352892,6,sr,5.743e-16
6.7625000000000002,10.148475748189526,6,sr,3.069e-15
6.7750000000000004,10.119180500988374,6,sr,3.760e-15
6.7875000000000005,10.089835088029954,6,sr,6.592e-16
6.8000000000000007,10.06044957431264,6,sr,3.647e-11
6.8125000000000009,10.031033429532004,6,sr,3.754e-15
6.8250000000000002,10.00159556351786,6,sr,8.968e-15
6.8375000000000004,9.972144360072086,6,sr,4.307e-15
6.8500000000000005,9.9426877084424685,6,sr,3.579e-15
6.8625000000000007,9.9132330330421023,6,sr,4.800e-15
6.8750000000000009,9.8837873213396321,6,sr,1.830e-15
6.8875000000000002,9.8543571500411655,6,sr,8.045e-16
6.9000000000000004,9.8249487096761747,6,sr,3.177e-11
6.9125000000000005,9.7955678275580258,6,sr,5.670e-15
6.9250000000000007,9.7662199895747932,6,sr,2.740e-15
6.9375000000000009,9.7369103602861475,6,sr,8.218e-15
6.9500000000000002,9.7076438020191915,6,sr,7.791e-15
6.9625000000000004,9.6784248926753556,6,sr,1.539e-15
6.9750000000000005,9.649257942445125,6,sr,1.985e-15
6.9875000000000007,9.6201470094886794,6,sr,1.107e-11
7.0000000000000009,9.5910959146125272,6,sr,8.615e-15
7.0125000000000002,9.5621082551144578,6,sr,2.262e-14
7.0250000000000004,9.5331874176729503,6,sr,9.841e-15
7.0375000000000005,9.5043365905190047,6,sr,1.804e-15
7.0500000000000007,9.4755587748328391,6,sr,3.366e-15
7.0625000000000009,9.4468567954502021,6,sr,1.586e-14
7.0750000000000002,9.4182333109188061,6,sr,1.238e-14
7.0875000000000004,9.3896908229470757,6,sr,5.588e-16
7.1000000000000005,9.3612316852852224,6,sr,1.408e-15
7.1125000000000007,9.3328581120753284,6,sr,6.428e-15
7.1250000000000009,9.3045721857052417,6,sr,3.237e-15
7.1375000000000002,9.2763758641985827,6,sr,1.802e-14
7.1500000000000004,9.2482709881708161,6,sr,1.293e-14
7.1625000000000005,9.2202592873990508,6,sr,5.289e-11
7.1750000000000007,9.1923423868954206,6,sr,3.100e-14
7.1875000000000009,9.1645218129176733,6,sr,1.117e-14
7.2000000000000002,9.1367989982574862,6,sr,1.208e-14
7.2125000000000004,9.1091752875103182,6,sr,4.732e-15
7.2250000000000005,9.0816519419368618,6,sr,1.934e-14
7.2375000000000007,9.0542301440714255,6,sr,1.914e-15
7.2500000000000009,9.0269110020747352,6,sr,1.540e-14
7.2625000000000002,8.9996955538475358,6,sr,8.657e-16
7.2750000000000004,8.9725847709197808,6,sr,2.088e-14
7.2875000000000005,8.945579562129705,6,sr,4.218e-15
7.3000000000000007,8.9186807771057932,6,sr,2.171e-15
7.3125000000000009,8.891889209563848,6,sr,1.626e-14
7.3250000000000002,8.8652056004432769,6,sr,3.987e-11
7.3375000000000004,8.8386306408060413,6,sr,7.598e-15
7.3500000000000005,8.8121649747695781,6,sr,9.262e-15
7.3625000000000007,8.7858092020479273,6,sr,4.967e-15
7.3750000000000009,8.7595638805448353,6,sr,4.297e-15
7.3875000000000002,8.7334295287462353,6,sr,1.299e-14
7.4000000000000004,8.7074066280066482,6,sr,1.037e-14
7.4125000000000005,8.6814956247244783,6,sr,7.722e-15
7.4250000000000007,8.6556969324128321,6,sr,3.013e-15
7.4375000000000009,8.630010933672434,6,sr,1.183e-13
7.4500000000000002,8.6044379820722945,6,sr,1.029e-15
7.4625000000000004,8.5789784039445056,6,sr,4.561e-15
7.4750000000000005,8.5536325000972813,6,sr,4.030e-15
7.4875000000000007,8.5284005474524047,6,sr,4.067e-15
7.5000000000000009,8.5032828006110801,6,sr,9.715e-15
7.5125000000000002,8.4782794933528258,6,sr,1.380e-14
7.5250000000000004,8.4533908400716058,6,sr,6.186e-15
7.5375000000000005,8.428617037153094,6,sr,0.000e+00
7.5500000000000007,8.4039582642968238,6,sr,4.140e-16
7.5625000000000009,8.3794146857867347,6,sr,1.106e-16
7.5750000000000002,8.354986451713204,6,sr,1.063e-12
7.5875000000000004,8.3306736991516619,6,sr,1.684e-14
7.6000000000000005,8.3064765532948961,6,sr,1.347e-15
7.6125000000000007,8.2823951285518156,6,sr,6.647e-15
7.6250000000000009,8.2584295296053973,6,sr,2.130e-15
7.6375000000000002,8.2345798524384826,6,sr,9.616e-15
7.6500000000000004,8.2108461853195145,6,sr,3.182e-11
7.6625000000000005,8.1872286098088214,6,sr,3.547e-15
7.6750000000000007,8.163727201614094,6,sr,7.416e-15
7.6875000000000009,8.140342031589995,6,sr,1.381e-11
7.7000000000000002,8.1170731665699858,6,sr,3.319e-15
7.7125000000000004,8.0939206702986439,6,sr,7.133e-11
7.7250000000000005,8.0708846041542941,6,sr,8.342e-12
7.7375000000000007,8.0479650281971882,6,sr,8.529e-12
7.7500000000000009,8.0251620017716441,6,sr,2.952e-12
7.7625000000000002,8.0024755844433955,6,sr,1.067e-15
7.7750000000000004,7.9799058367513203,6,sr,8.041e-13
7.7875000000000005,7.9574528209992543,6,sr,4.620e-15
7.8000000000000007,7.9351166020368122,6,sr,1.677e-11
7.8125000000000009,7.9128972480097719,6,sr,1.142e-14
7.8250000000000002,7.8907948311670042,6,sr,1.729e-15
7.8375000000000004,7.8688094285798318,6,sr,1.322e-14
7.8500000000000005,7.8469411229231119,6,sr,1.020e-15
7.8625000000000007,7.8251900032176707,6,sr,4.935e-11
7.8750000000000009,7.8035561656534282,6,sr,5.094e-15
7.8875000000000002,7.7820397142263626,6,sr,9.701e-15
7.9000000000000004,7.7606407616309721,6,sr,4.856e-15
7.9125000000000005,7.7393594299695208,6,sr,3.690e-15
7.9250000000000007,7.7181958515437126,6,sr,6.595e-16
7.9375000000000009,7.6971501696421898,6,sr,7.595e-15
7.9500000000000002,7.6762225393380312,6,sr,3.665e-15
7.9625000000000004,7.6554131282976572,6,sr,4.611e-15
7.9750000000000005,7.6347221175841611,6,sr,7.168e-11
7.9875000000000007,7.6141497025871594,6,sr,1.846e-15
8,7.5936960936888998,6,sr,1.137e-15
8.0124999999999993,7.5733615173213922,6,sr,1.025e-15
8.0250000000000004,7.5531462167630705,6,sr,7.584e-15
8.0374999999999996,7.5330504530685696,6,sr,6.434e-15
8.0499999999999989,7.5130745060026483,6,sr,2.084e-15
8.0625,7.4932186749987872,6,sr,1.427e-14
8.0749999999999993,7.4734832801441637,6,sr,1.379e-15
8.0875000000000004,7.453868663192929,6,sr,9.775e-15
8.0999999999999996,7.4343751886096454,6,sr,9.473e-16
8.1124999999999989,7.4150032446449234,6,sr,2.822e-13
8.125,7.3957532444447098,6,sr,1.044e-15
8.1374999999999993,7.3766256271969439,6,sr,7.534e-15
8.1500000000000004,7.3576208593149293,6,sr,2.912e-14
8.1624999999999996,7.3387394356622648,6,sr,6.178e-15
8.1749999999999989,7.3199818808199799,6,sr,4.984e-13
8.1875,7.3013487503993826,6,sr,1.020e-15
8.1999999999999993,7.2828406324001724,6,sr,3.759e-14
8.2125000000000004,7.2644581486209203,6,sr,1.968e-15
8.2249999999999996,7.2462019561197177,6,sr,3.513e-16
8.2374999999999989,7.2280727487299909,6,sr,3.269e-14
8.25,7.2100712586333913,6,sr,1.042e-15
8.2624999999999993,7.1921982579923709,6,sr,3.360e-14
8.2750000000000004,7.174454560644838,6,sr,6.571e-15
8.2874999999999996,7.1568410238636275,6,sr,2.739e-14
8.2999999999999989,7.13935855018351,6,sr,2.228e-15
8.3125,7.1220080892979345,6,sr,2.531e-14
8.3249999999999993,7.1047906400094991,6,sr,5.939e-11
8.3375000000000004,7.0877072523695555,6,sr,4.692e-14
8.3499999999999996,7.0707590296093743,6,sr,5.754e-15
8.3624999999999989,7.0539471305324737,6,sr,1.742e-14
8.375,7.0372727717024928,6,sr,3.320e-14
8.3874999999999993,7.0207372298297051,6,sr,9.231e-16
8.4000000000000004,7.004341844223573,6,sr,5.956e-15
8.4124999999999996,6.9880880193326851,6,sr,3.464e-14
8.4249999999999989,6.9719772273723501,6,sr,2.860e-14
8.4375,6.9560110110411832,6,sr,5.907e-15
8.4499999999999993,6.9401909863260132,6,sr,3.018e-15
8.4625000000000004,6.9245188453952577,6,sr,1.057e-15
8.4749999999999996,6.908996359579012,6,sr,7.421e-15
8.4874999999999989,6.8936253824337719,6,sr,1.956e-14
8.5,6.8784078528886363,6,sr,2.523e-14
8.5124999999999993,6.8633457984684219,6,sr,2.798e-14
8.5250000000000004,6.8484413385878282,6,sr,1.669e-14
8.5374999999999996,6.8336966879092156,6,sr,2.004e-14
8.5499999999999989,6.8191141597543705,6,sr,1.108e-14
8.5625,6.8046961695782135,6,sr,4.587e-11
8.5749999999999993,6.7904452383542715,6,sr,3.894e-15
8.5875000000000004,6.776363996262325,6,sr,1.285e-15
8.5999999999999996,6.7624551859786672,6,sr,2.235e-14
8.6124999999999989,6.7487216662237923,6,sr,1.464e-14
8.625,6.7351664151312232,6,sr,4.675e-16
8.6374999999999993,6.7217925335400706,6,sr,1.419e-14
8.6500000000000004,6.7086032481521825,6,sr,1.312e-14
8.6624999999999996,6.6956019145085079,6,sr,1.736e-15
8.6749999999999989,6.6827920197319424,6,sr,1.776e-14
8.6875,6.6701771849753202,6,sr,3.321e-15
8.6999999999999993,6.6577611675050221,6,sr,1.839e-14
8.7125000000000004,6.645547862339396,6,sr,7.936e-16
8.7249999999999996,6.6335413033510351,6,sr,7.846e-15
8.7374999999999989,6.6217456637281371,6,sr,4.229e-16
8.75,6.6101652556773303,6,sr,3.065e-15
8.7624999999999993,6.5988045292341555,6,sr,1.445e-15
8.7750000000000004,6.5876680700311869,6,sr,8.976e-15
8.7874999999999996,6.5767605958551618,6,sr,1.343e-15
8.7999999999999989,6.566086951804996,6,sr,1.857e-15
8.8125,6.5556521038411564,6,sr,2.162e-15
8.8249999999999993,6.5454611304948402,6,sr,3.687e-15
8.8375000000000004,6.5355192124814891,6,sr,1.469e-15
8.8499999999999996,6.5258316199392388,6,sr,2.964e-15
8.8624999999999989,6.5164036969880978,6,sr,1.681e-15
8.875,6.5072408432813429,6,sr,4.179e-15
8.8874999999999993,6.4983484921972954,6,sr,4.549e-15
8.9000000000000004,6.4897320852912248,6,sr,9.147e-12
8.9124999999999996,6.4813970426647796,6,sr,2.363e-15
8.9249999999999989,6.473348728702585,6,sr,1.808e-15
8.9375,6.4655924130076103,6,sr,1.496e-15
8.9499999999999993,6.4581332258839392,6,sr,1.198e-15
8.9625000000000004,6.4509761081175965,6,sr,1.345e-15
8.9749999999999996,6.4441257546580211,6,sr,1.951e-11
8.9874999999999989,6.4375865517672199,6,sr,1.474e-15
9,6.4313625077459831,6,sr,2.210e-15
9.0124999999999993,6.4254571764791422,6,sr,4.790e-16
9.0250000000000004,6.4198735743668305,6,sr,6.199e-13
9.0374999999999996,6.4146140904053386,6,sr,4.415e-12
9.0499999999999989,6.4096803898719452,6,sr,2.629e-12
9.0625,6.405073312075241,6,sr,2.127e-11
9.0749999999999993,6.4007927632309132,6,sr,9.006e-16
9.0875000000000004,6.3968376050944151,6,sr,1.335e-15
9.0999999999999996,6.39320554159832,6,sr,1.701e-11
9.1124999999999989,6.3898930047574529,6,sr,1.103e-13
9.125,6.3868950421789537,6,sr,8.374e-16
9.1374999999999993,6.3842052093746613,6,sr,2.305e-12
9.1500000000000004,6.381815469342996,6,sr,3.753e-16
9.1624999999999996,6.3797161031951815,6,sr,1.234e-13
9.1749999999999989,6.3778956355146414,6,sr,5.788e-13
9.1875,6.3763407782794594,6,sr,5.484e-16
9.1999999999999993,6.3750363973493149,6,sr,1.615e-12
9.2125000000000004,6.3739655053333886,6,sr,1.360e-12
9.2249999999999996,6.3731092843620356,6,sr,3.366e-12
9.2374999999999989,6.3724471416744493,6,sr,1.318e-15
9.25,6.3719568003165179,6,sr,1.263e-15
9.2624999999999993,6.3716144260156602,6,sr,6.509e-16
9.2750000000000004,6.3713947903821007,6,sr,2.762e-16
9.2874999999999996,6.3712714690328847,6,sr,7.240e-16
9.2999999999999989,6.3712170719255869,6,sr,1.257e-15
9.3125,6.3712035017296262,6,sr,0.000e+00
9.3249999999999993,6.3712022347254367,6,sr,3.930e-12
9.3375000000000004,6.3711846176203117,6,sr,6.414e-12
9.3499999999999996,6.3711221725647444,6,sr,8.894e-14
9.3624999999999989,6.3709869026678465,6,sr,4.346e-13
9.375,6.3707515892900233,6,sr,5.156e-13
9.3874999999999993,6.3703900735771839,6,sr,2.363e-13
9.4000000000000004,6.369877514721046,6,sr,2.366e-12
9.4124999999999996,6.3691906187569174,6,sr,3.025e-16
9.4249999999999989,6.3683078328370701,6,sr,1.083e-15
9.4375,6.367209501576431,6,sr,5.135e-12
9.4499999999999993,6.3658779834617967,6,sr,1.833e-12
9.4625000000000004,6.3642977268674459,6,sr,2.078e-16
9.4749999999999996,6.3624553068677727,6,sr,5.025e-12
9.4874999999999989,6.3603394250329117,6,sr,2.706e-13
9.5,6.3579408754465803,6,sr,1.188e-15
9.5124999999999993,6.3552524812185229,6,sr,4.992e-14
9.5250000000000004,6.352269005826499,6,sr,7.736e-13
9.5374999999999996,6.3489870441727696,6,sr,1.890e-15
9.5499999999999989,6.3454048981095648,6,sr,6.602e-13
9.5625,6.3415224409841811,6,sr,8.456e-12
9.5749999999999993,6.3373409754383543,6,sr,1.691e-11
9.5875000000000004,6.3328630882686765,6,sr,8.248e-16
9.5999999999999996,6.3280925057058877,6,sr,2.611e-16
9.6125000000000007,6.3230339515422838,6,sr,6.347e-16
9.625,6.3176930107305775,6,sr,1.608e-16
9.6374999999999993,6.3120759998487896,6,sr,3.041e-15
9.6500000000000004,6.3061898457537424,6,sr,1.866e-11
9.6624999999999996,6.3000419733321351,6,sr,9.990e-14
9.6750000000000007,6.2936402024672438,6,sr,1.300e-15
9.6875,6.2869926549455668,6,sr,1.203e-15
9.6999999999999993,6.2801076706556538,6,sr,1.040e-12
9.7125000000000004,6.2729937331438643,6,sr,5.413e-16
9.7249999999999996,6.2656594039972076,6,sr,2.768e-11
9.7375000000000007,6.2581132656704845,6,sr,1.209e-16
9.75,6.2503638717969121,6,sr,1.855e-11
9.7624999999999993,6.2424197049664532,6,sr,6.768e-15
9.7750000000000004,6.2342891409109233,6,sr,4.404e-16
9.7874999999999996,6.2259804184462091,6,sr,8.286e-16
9.8000000000000007,6.2175016148701072,6,sr,6.909e-15
9.8125,6.2088606259875245,6,sr,3.990e-15
9.8249999999999993,6.2000651503072008,6,sr,1.338e-12
9.8375000000000004,6.1911226768842615,6,sr,2.751e-15
9.8499999999999996,6.1820404763576109,6,sr,1.447e-14
9.8625000000000007,6.1728255947289457,6,sr,5.571e-15
9.875,6.1634848495251315,6,sr,1.114e-15
9.8874999999999993,6.1540248279814644,6,sr,4.932e-15
9.9000000000000004,6.1444518869419129,6,sr,6.513e-16
9.9124999999999996,6.1347721542015075,6,sr,7.936e-16
9.9250000000000007,6.1249915310473639,6,sr,2.798e-12
9.9375,6.1151156957995587,6,sr,9.236e-12
9.9499999999999993,6.105150108115744,6,sr,1.656e-11
9.9625000000000004,6.0951000139858591,6,sr,8.074e-12
9.9749999999999996,6.0849704511957476,6,sr,4.056e-11
9.9875000000000007,6.0747662552527597,6,sr,1.852e-15
10,6.064492065340449,6,sr,1.949e-15
5.8750000000000009,14.991986198285419,7,sr,1.457e-15
5.8875000000000002,14.964478928973508,7,sr,4.534e-13
5.9000000000000004,14.938701812886745,7,sr,1.538e-12
5.9125000000000005,14.914696865730189,7,sr,1.056e-13
5.9250000000000007,14.892501161203278,7,sr,1.568e-12
5.9375000000000009,14.872145135157815,7,sr,3.440e-17
5.9500000000000002,14.853650648210637,7,sr,5.249e-13
5.9625000000000004,14.837028819595593,7,sr,3.303e-17
5.9750000000000005,14.822277664294473,7,sr,4.536e-16
5.9875000000000007,14.809379591187749,7,sr,3.613e-14
6.0000000000000009,14.798298850057845,7,sr,4.323e-14
6.0125000000000002,14.78897904943088,7,sr,1.999e-14
6.0250000000000004,14.7813409020142,7,sr,3.226e-16
6.0375000000000005,14.775280385728843,7,sr,4.497e-12
6.0500000000000007,14.770667530232206,7,sr,1.918e-16
6.0625000000000009,14.767346043585846,7,sr,5.403e-16
6.0750000000000002,14.765133976880854,7,sr,5.951e-13
6.0875000000000004,14.763825576739308,7,sr,8.586e-14
6.1000000000000005,14.763194400356086,7,sr,1.170e-13
6.1125000000000007,14.762997664389941,7,sr,9.157e-14
6.1250000000000009,14.76298168072627,7,sr,5.131e-14
6.1375000000000002,14.76288811313551,7,sr,6.387e-15
6.1500000000000004,14.762460688901134,7,sr,4.214e-14
6.1625000000000005,14.761451936372699,7,sr,6.458e-14
6.1750000000000007,14.759629506000888,7,sr,1.441e-12
6.1875000000000009,14.756781672614323,7,sr,1.575e-13
6.2000000000000002,14.752721703818651,7,sr,3.569e-16
6.2125000000000004,14.747290899079635,7,sr,2.470e-13
6.2250000000000005,14.740360234955254,7,sr,1.807e-14
6.2375000000000007,14.731830675436683,7,sr,2.159e-13
6.2500000000000009,14.721632305447464,7,sr,1.650e-13
6.2625000000000002,14.709722511497787,7,sr,5.290e-13
6.2750000000000004,14.696083464468471,7,sr,1.108e-14
6.2875000000000005,14.680719159289563,7,sr,3.561e-14
6.3000000000000007,14.663652242449757,7,sr,7.197e-16
6.3125000000000009,14.644920820076679,7,sr,2.467e-12
6.3250000000000002,14.624575394554205,7,sr,3.580e-17
6.3375000000000004,14.6026760329675,7,sr,8.053e-16
6.3500000000000005,14.579289831134782,7,sr,1.161e-15
6.3625000000000007,14.5544887034045,7,sr,3.446e-16
6.3750000000000009,14.528347503508678,7,sr,3.917e-17
6.3875000000000002,14.500942463546336,7,sr,1.882e-12
6.4000000000000004,14.472349926576397,7,sr,6.297e-12
6.4125000000000005,14.442645341777371,7,sr,6.288e-16
6.4250000000000007,14.411902488625715,7,sr,8.654e-12
6.4375000000000009,14.3801928959259,7,sr,2.632e-13
6.4500000000000002,14.347585424613214,7,sr,2.195e-15
6.4625000000000004,14.314145984371955,7,sr,1.053e-15
6.4750000000000005,14.279937359074781,7,sr,9.953e-12
6.4875000000000007,14.245019118551433,7,sr,7.691e-15
6.5000000000000009,14.209447597563058,7,sr,1.853e-15
6.5125000000000002,14.173275926824042,7,sr,9.957e-16
6.5250000000000004,14.136554102458948,7,sr,5.774e-12
6.5375000000000005,14.099329083769208,7,sr,1.244e-15
6.5500000000000007,14.061644910522364,7,sr,7.398e-16
6.5625000000000009,14.023542833350785,7,sr,4.309e-16
6.5750000000000002,13.985061451679396,7,sr,1.488e-13
6.5875000000000004,13.946236855278459,7,sr,5.607e-13
6.6000000000000005,13.907102766279271,7,sr,3.075e-15
6.6125000000000007,13.867690679314254,7,sr,9.342e-16
6.6250000000000009,13.828029998112587,7,sr,1.239e-15
6.6375000000000002,13.788148167320527,7,sr,2.701e-15
6.6500000000000004,13.748070798748719,7,sr,0.000e+00
6.6625000000000005,13.707821791531408,7,sr,0.000e+00
6.6750000000000007,13.667423445920623,7,sr,5.741e-15
6.6875000000000009,13.626896570615067,7,sr,2.118e-15
6.7000000000000002,13.586260583655188,7,sr,3.320e-15
6.7125000000000004,13.545533606988807,7,sr,2.846e-11
6.7250000000000005,13.504732555075002,7,sr,5.972e-15
6.7375000000000007,13.46387321726081,7,sr,2.590e-15
6.7500000000000009,13.422970335057366,7,sr,3.523e-15
6.7625000000000002,13.382037673758113,7,sr,2.525e-15
6.7750000000000004,13.341088089211384,7,sr,2.202e-15
6.7875000000000005,13.300133589882163,7,sr,3.666e-12
6.8000000000000007,13.259185394507194,7,sr,2.921e-15
6.8125000000000009,13.218253985687612,7,sr,4.953e-15
6.8250000000000002,13.177349159606695,7,sr,3.521e-15
6.8375000000000004,13.136480072229594,7,sr,4.852e-15
6.8500000000000005,13.095655282182383,7,sr,3.302e-15
6.8625000000000007,13.054882790566353,7,sr,3.572e-15
6.8750000000000009,13.014170077928068,7,sr,2.043e-15
6.8875000000000002,12.97352413859392,7,sr,6.041e-15
6.9000000000000004,12.932951512564069,7,sr,8.359e-15
6.9125000000000005,12.892458315147099,7,sr,1.024e-14
6.9250000000000007,12.852050264503799,7,sr,8.296e-15
6.9375000000000009,12.811732707256274,7,sr,6.641e-15
6.9500000000000002,12.771510642307222,7,sr,8.135e-15
6.9625000000000004,12.731388743003166,7,sr,8.471e-15
6.9750000000000005,12.691371377765471,7,sr,6.588e-15
6.9875000000000007,12.651462629303523,7,sr,1.624e-14
7.0000000000000009,12.611666312515672,7,sr,7.064e-15
7.0125000000000002,12.571985991175334,7,sr,1.672e-14
7.0250000000000004,12.53242499349235,7,sr,1.376e-14
7.0375000000000005,12.49298642663244,7,sr,1.227e-14
7.0500000000000007,12.453673190271315,7,sr,1.897e-15
7.0625000000000009,12.414487989254278,7,sr,2.733e-16
7.0750000000000002,12.37543334542471,7,sr,3.355e-12
7.0875000000000004,12.336511608691675,7,sr,2.000e-14
7.1000000000000005,12.297724967362624,7,sr,1.745e-14
7.1125000000000007,12.259075457841236,7,sr,4.043e-15
7.1250000000000009,12.220564973689072,7,sr,3.410e-15
7.1375000000000002,12.182195274123645,7,sr,1.746e-14
7.1500000000000004,12.143967991983828,7,sr,1.541e-15
7.1625000000000005,12.105884641201015,7,sr,8.611e-15
7.1750000000000007,12.067946623810753,7,sr,1.568e-14
7.1875000000000009,12.030155236544152,7,sr,2.142e-11
7.2000000000000002,11.992511676974948,7,sr,2.304e-14
7.2125000000000004,11.955017049411099,7,sr,2.742e-13
7.2250000000000005,11.917672370286216,7,sr,1.823e-14
7.2375000000000007,11.880478573345583,7,sr,2.662e-15
7.2500000000000009,11.843436514483692,7,sr,1.354e-14
7.2625000000000002,11.806546976310397,7,sr,1.031e-14
7.2750000000000004,11.76981067245497,7,sr,8.220e-15
7.2875000000000005,11.733228251625833,7,sr,1.088e-14
7.3000000000000007,11.69680030144221,7,sr,1.372e-14
7.3125000000000009,11.660527352052553,7,sr,8.137e-15
7.3250000000000002,11.624409879553701,7,sr,7.550e-15
7.3375000000000004,11.588448309223841,7,sr,7.532e-15
7.3500000000000005,11.552643018581231,7,sr,8.668e-15
7.3625000000000007,11.516994340280011,7,sr,1.393e-14
7.3750000000000009,11.481502564853599,7,sr,1.038e-14
7.3875000000000002,11.446167943315393,7,sr,5.956e-15
7.4000000000000004,11.410990689625979,7,sr,1.004e-14
7.4125000000000005,11.375970983035408,7,sr,1.607e-15
7.4250000000000007,11.341108970308408,7,sr,3.225e-15
7.4375000000000009,11.306404767840116,7,sr,1.521e-14
7.4500000000000002,11.271858463669247,7,sr,4.112e-15
7.4625000000000004,11.237470119395237,7,sr,5.427e-16
7.4750000000000005,11.203239772005595,7,sr,2.721e-15
7.4875000000000007,11.16916743561908,7,sr,4.393e-15
7.5000000000000009,11.135253103163825,7,sr,4.921e-11
7.5125000000000002,11.101496747900395,7,sr,6.608e-15
7.5250000000000004,11.067898325079605,7,sr,1.869e-15
7.5375000000000005,11.034457773264636,7,sr,4.434e-15
7.5500000000000007,11.001175015796647,7,sr,6.817e-15
7.5625000000000009,10.968049962122958,7,sr,9.152e-15
7.5750000000000002,10.935082509087593,7,sr,4.026e-12
7.5875000000000004,10.902272542166823,7,sr,9.154e-15
7.6000000000000005,10.869619936675484,7,sr,5.793e-15
7.6125000000000007,10.837124558909915,7,sr,4.979e-15
7.6250000000000009,10.804786267283436,7,sr,5.900e-11
7.6375000000000002,10.772604913326902,7,sr,1.200e-14
7.6500000000000004,10.740580342910176,7,sr,8.398e-11
7.6625000000000005,10.708712396994031,7,sr,5.291e-15
7.6750000000000007,10.677000912912039,7,sr,1.673e-14
7.6875000000000009,10.645445725104601,7,sr,2.245e-11
7.7000000000000002,10.614046666137277,7,sr,8.636e-15
7.7125000000000004,10.582803567665559,7,sr,4.459e-11
7.7250000000000005,10.551716261219852,7,sr,4.090e-12
7.7375000000000007,10.520784579226515,7,sr,4.597e-12
7.7500000000000009,10.490008355760191,7,sr,8.719e-15
7.7625000000000002,10.45938742745191,7,sr,2.098e-11
7.7750000000000004,10.428921634363716,7,sr,8.357e-11
7.7875000000000005,10.398610820669829,7,sr,1.090e-14
7.8000000000000007,10.368454835750537,7,sr,1.604e-15
7.8125000000000009,10.338453534777436,7,sr,2.452e-15
7.8250000000000002,10.308606779646325,7,sr,2.547e-15
7.8375000000000004,10.27891443977607,7,sr,7.563e-15
7.8500000000000005,10.249376392939256,7,sr,3.896e-11
7.8625000000000007,10.219992526035741,7,sr,3.544e-14
7.8750000000000009,10.190762736019186,7,sr,5.924e-15
7.8875000000000002,10.16168693063122,7,sr,2.404e-15
7.9000000000000004,10.132765029292296,7,sr,1.007e-14
7.9125000000000005,10.103996963942716,7,sr,3.248e-15
7.9250000000000007,10.075382679905145,7,sr,6.126e-15
7.9375000000000009,10.046922136760596,7,sr,2.795e-15
7.9500000000000002,10.01861530923982,7,sr,1.039e-14
7.9625000000000004,9.9904621881320868,7,sr,9.162e-15
7.9750000000000005,9.9624627812133699,7,sr,5.847e-15
7.9875000000000007,9.9346171142082174,7,sr,4.662e-11
8,9.9069252317019583,7,sr,4.326e-16
8.0124999999999993,9.8793871982618846,7,sr,1.078e-15
8.0250000000000004,9.8520030993423084,7,sr,6.770e-15
8.0374999999999996,9.8247730423866244,7,sr,6.224e-11
8.0499999999999989,9.7976971579885301,7,sr,7.256e-15
8.0625,9.7707756008518274,7,sr,4.625e-15
8.0749999999999993,9.7440085511203662,7,sr,1.551e-14
8.0875000000000004,9.7173962154995319,7,sr,1.978e-14
8.0999999999999996,9.6909388285211371,7,sr,5.147e-15
8.1124999999999989,9.6646366538402066,7,sr,7.824e-12
8.125,9.638489985568631,7,sr,1.791e-14
8.1374999999999993,9.6124991496940524,7,sr,3.016e-14
8.1500000000000004,9.5866645055117363,7,sr,1.264e-14
8.1624999999999996,9.5609864471488137,7,sr,5.800e-15
8.1749999999999989,9.5354654051388383,7,sr,4.597e-15
8.1875,9.5101018480660784,7,sr,5.132e-15
8.1999999999999993,9.4848962842762337,7,sr,1.663e-11
8.2125000000000004,9.4598492636818587,7,sr,3.452e-11
8.2249999999999996,9.4349613796353839,7,sr,2.372e-12
8.2374999999999989,9.4102332708353664,7,sr,1.491e-15
8.25,9.3856656234428293,7,sr,6.915e-16
8.2624999999999993,9.3612591731825692,7,sr,4.713e-15
8.2750000000000004,9.3370147075901251,7,sr,3.171e-14
8.2874999999999996,9.3129330683583955,7,sr,3.083e-14
8.2999999999999989,9.2890151537946206,7,sr,8.860e-15
8.3125,9.2652619213949947,7,sr,8.609e-16
8.3249999999999993,9.2416743905425243,7,sr,1.558e-14
8.3375000000000004,9.2182536453351283,7,sr,4.725e-14
8.3499999999999996,9.1950008375503618,7,sr,3.511e-14
8.3624999999999989,9.171917189754101,7,sr,3.104e-14
8.375,9.14900399856006,7,sr,8.302e-15
8.3874999999999993,9.1262626380474643,7,sr,5.949e-15
8.4000000000000004,9.1036945633449022,7,sr,1.616e-14
8.4124999999999996,9.0813013143874937,7,sr,1.153e-14
8.4249999999999989,9.0590845198556433,7,sr,1.161e-14
8.4375,9.0370459013028537,7,sr,2.011e-14
8.4499999999999993,9.0151872774809636,7,sr,6.059e-15
8.4625000000000004,8.9935105688700041,7,sr,2.542e-14
8.4749999999999996,8.9720178024208614,7,sr,2.855e-14
8.4874999999999989,8.9507111165178603,7,sr,6.155e-15
8.5,8.9295927661679535,7,sr,6.030e-16
8.5124999999999993,8.9086651284234399,7,sr,1.451e-14
8.5250000000000004,8.8879307080432248,7,sr,3.555e-14
8.5374999999999996,8.8673921433975789,7,sr,3.100e-14
8.5499999999999989,8.8470522126196478,7,sr,1.962e-14
8.5625,8.8269138400050515,7,sr,1.740e-14
8.5749999999999993,8.8069801026599368,7,sr,2.249e-14
8.5875000000000004,8.78725423739421,7,sr,1.925e-14
8.5999999999999996,8.7677396478546061,7,sr,1.912e-14
8.6124999999999989,8.748439911888088,7,sr,2.122e-14
8.625,8.7293587891224327,7,sr,9.158e-16
8.6374999999999993,8.7105002287449089,7,sr,4.904e-15
8.6500000000000004,8.6918683774544263,7,sr,1.119e-14
8.6624999999999996,8.6734675875553471,7,sr,1.201e-14
8.6749999999999989,8.6553024251519748,7,sr,5.607e-15
8.6875,8.6373776783936425,7,sr,1.791e-14
8.6999999999999993,8.6196983656854957,7,sr,3.997e-11
8.7125000000000004,8.6022697439439497,7,sr,1.017e-14
8.7249999999999996,8.5850973163401534,7,sr,8.311e-16
8.7374999999999989,8.5681868401950929,7,sr,1.162e-14
8.75,8.5515443341199333,7,sr,2.901e-15
8.7624999999999993,8.5351760847094944,7,sr,9.986e-16
8.7750000000000004,8.5190886524485858,7,sr,5.370e-16
8.7874999999999996,8.5032888766360468,7,sr,5.830e-15
8.7999999999999989,8.4877838790717082,7,sr,7.092e-15
8.8125,8.4725810662100987,7,sr,4.220e-15
8.8249999999999993,8.4576881294374129,7,sr,1.049e-14
8.8375000000000004,8.4431130430754404,7,sr,4.774e-15
8.8499999999999996,8.4288640596577675,7,sr,2.111e-15
8.8624999999999989,8.4149497019580455,7,sr,4.408e-13
8.875,8.4013787511825999,7,sr,1.702e-15
8.8874999999999993,8.3881602306532788,7,sr,2.712e-15
8.9000000000000004,8.3753033842443614,7,sr,9.092e-16
8.9124999999999996,8.3628176487281785,7,sr,4.421e-15
8.9249999999999989,8.3507126191156331,7,sr,1.653e-15
8.9375,8.3389980059817983,7,sr,5.970e-16
8.9499999999999993,8.3276835836863512,7,sr,3.741e-15
8.9625000000000004,8.3167791283245318,7,sr,9.997e-16
8.9749999999999996,8.3062943441853889,7,sr,2.745e-15
8.9874999999999989,8.2962387774577735,7,sr,1.173e-15
9,8.2866217159213686,7,sr,5.524e-16
9.0124999999999993,8.2774520734007471,7,sr,5.439e-16
9.0250000000000004,8.2687382578742437,7,sr,1.299e-11
9.0374999999999996,8.2604880221850721,7,sr,1.055e-15
9.0499999999999989,8.2527082969828776,7,sr,3.545e-12
9.0625,8.2454050050410821,7,sr,1.303e-15
9.0749999999999993,8.2385828577258025,7,sr,1.722e-11
9.0875000000000004,8.2322451341538958,7,sr,4.066e-16
9.0999999999999996,8.2263934444815821,7,sr,4.009e-16
9.1124999999999989,8.2210274806058621,7,sr,6.590e-16
9.125,8.2161447572934634,7,sr,1.279e-15
9.1374999999999993,8.2117403492154271,7,sr,1.198e-15
9.1500000000000004,8.2078066301265569,7,sr,3.834e-12
9.1624999999999996,8.2043330220681749,7,sr,4.392e-13
9.1749999999999989,8.2013057636743021,7,sr,1.156e-15
9.1875,8.1987077081893638,7,sr,4.527e-13
9.1999999999999993,8.196518162378263,7,sr,5.057e-16
9.2125000000000004,8.1947127783073697,7,sr,1.102e-13
9.2249999999999996,8.1932635097280286,7,sr,2.319e-12
9.2374999999999989,8.1921386440249666,7,sr,4.343e-16
9.25,8.1913029190854711,7,sr,9.807e-18
9.2624999999999993,8.1907177316994222,7,sr,3.870e-16
9.2750000000000004,8.1903414409143629,7,sr,6.841e-12
9.2874999999999996,8.190129765480842,7,sr,2.130e-12
9.2999999999999989,8.1900362695664803,7,sr,9.734e-14
9.3125,8.1900129267636022,7,sr,5.945e-15
9.3249999999999993,8.190010746663976,7,sr,6.894e-16
9.3375000000000004,8.1899804451041156,7,sr,5.315e-17
9.3499999999999996,8.1898731355665539,7,sr,6.788e-14
9.3624999999999989,8.1896410176690839,7,sr,2.816e-12
9.375,8.1892380384750094,7,sr,4.393e-16
9.3874999999999993,8.1886205036227651,7,sr,3.986e-16
9.4000000000000004,8.1877476184091886,7,sr,5.741e-16
9.4124999999999996,8.1865819426881163,7,sr,2.562e-12
9.4249999999999989,8.1850897486436285,7,sr,1.834e-14
9.4375,8.1832412755057717,7,sr,8.514e-16
9.4499999999999993,8.1810108807458342,7,sr,1.609e-12
9.4625000000000004,8.1783770917320098,7,sr,7.039e-16
9.4749999999999996,8.1753225659461446,7,sr,1.737e-13
9.4874999999999989,8.1718339708754488,7,sr,1.808e-12
9.5,8.167901796514009,7,sr,8.450e-16
9.5124999999999993,8.1635201144295522,7,sr,1.088e-15
9.5250000000000004,8.1586862974549597,7,sr,2.207e-16
9.5374999999999996,8.1534007132246007,7,sr,2.373e-15
9.5499999999999989,8.1476664036820274,7,sr,4.544e-16
9.5625,8.1414887610402804,7,sr,1.018e-11
9.5749999999999993,8.1348752088305254,7,sr,5.619e-16
9.5875000000000004,8.1278348952229447,7,sr,4.280e-16
9.5999999999999996,8.1203784033775399,7,sr,2.661e-12
9.6125000000000007,8.1125174828663393,7,sr,1.134e-15
9.625,8.1042648042161378,7,sr,1.545e-15
9.6374999999999993,8.0956337376672582,7,sr,1.264e-11
9.6500000000000004,8.086638156321138,7,sr,2.264e-15
9.6624999999999996,8.0772922633366875,7,sr,1.359e-15
9.6750000000000007,8.0676104416697978,7,sr,1.699e-15
9.6875,8.0576071253611783,7,sr,0.000e+00
9.6999999999999993,8.0472966904307359,7,sr,4.933e-16
9.7125000000000004,8.0366933636770206,7,sr,6.514e-15
9.7249999999999996,8.0258111475401162,7,sr,2.893e-12
9.7375000000000007,8.0146637592469787,7,sr,5.743e-16
9.75,8.0032645824674589,7,sr,2.158e-15
9.7624999999999993,7.9916266299451886,7,sr,4.381e-15
9.7750000000000004,7.9797625155281677,7,sr,1.202e-15
9.7874999999999996,7.9676844342880688,7,sr,8.174e-15
9.8000000000000007,7.9554041495127485,7,sr,3.688e-11
9.8125,7.9429329853114927,7,sr,3.770e-15
9.8249999999999993,7.9302818244030835,7,sr,2.341e-11
9.8375000000000004,7.9174611092777889,7,sr,1.105e-14
9.8499999999999996,7.9044808471730947,7,sr,2.621e-15
9.8625000000000007,7.8913506171971584,7,sr,8.969e-15
9.875,7.8780795797460286,7,sr,8.821e-15
9.8874999999999993,7.8646764874178992,7,sr,2.389e-15
9.9000000000000004,7.8511496971363659,7,sr,7.952e-15
9.9124999999999996,7.8375071831380847,7,sr,2.858e-14
9.9250000000000007,7.8237565505495734,7,sr,3.405e-15
9.9375,7.8099050493242661,7,sr,1.437e-16
9.9499999999999993,7.7959595883518258,7,sr,9.747e-15
9.9625000000000004,7.7819267495855442,7,sr,3.644e-14
9.9749999999999996,7.7678128020638963,7,sr,2.705e-14
9.9875000000000007,7.7536237157266212,7,sr,6.483e-15
10,7.7393651749480119,7,sr,1.525e-15
6.4375000000000009,-9.3201489072143051,8,sr,9.288e-15
6.4500000000000002,-8.5747399143443772,8,sr,6.168e-18
6.4625000000000004,-7.9098067454164571,8,sr,1.613e-16
6.4750000000000005,-7.3141811040430609,8,sr,3.683e-16
6.4875000000000007,-6.7785674421509867,8,sr,6.053e-16
6.5000000000000009,-6.2951783883169856,8,sr,4.721e-14
6.5125000000000002,-5.8574503681628451,8,sr,1.669e-16
6.5250000000000004,-5.4598198733724344,8,sr,4.626e-17
6.5375000000000005,-5.0975460352809865,8,sr,2.942e-15
6.5500000000000007,-4.7665688658217329,8,sr,7.465e-18
6.5625000000000009,-4.4633952006936788,8,sr,3.626e-15
6.5750000000000002,-4.1850063262848343,8,sr,9.492e-18
6.5875000000000004,-3.9287827038829866,8,sr,4.443e-15
6.6000000000000005,-3.6924422679200921,8,sr,1.104e-17
6.6125000000000007,-3.4739895712278028,8,sr,5.101e-15
6.6250000000000009,-3.271673651501692,8,sr,3.937e-17
6.6375000000000002,-3.0839529506243784,8,sr,9.141e-15
6.6500000000000004,-2.9094659691506171,8,sr,3.575e-15
6.6625000000000005,-2.7470066088745044,8,sr,1.472e-16
6.6750000000000007,-2.5955033666625571,8,sr,1.144e-17
6.6875000000000009,-2.454001707095486,8,sr,1.999e-14
6.7000000000000002,-2.3216490707310409,8,sr,2.342e-16
6.7125000000000004,-2.1976820770251457,8,sr,7.206e-14
6.7250000000000005,-2.0814155622592598,8,sr,2.924e-16
6.7375000000000007,-1.9722331577618106,8,sr,2.589e-16
6.7500000000000009,-1.8695791659542143,8,sr,1.242e-14
6.7625000000000002,-1.7729515338142801,8,sr,1.465e-13
6.7750000000000004,-1.681895757542194,8,sr,4.324e-16
6.7875000000000005,-1.5959995799687883,8,sr,1.190e-16
6.8000000000000007,-1.5148883650363631,8,sr,2.321e-15
6.8125000000000009,-1.4382210522642369,8,sr,2.695e-13
6.8250000000000002,-1.3656866095576679,8,sr,2.343e-16
6.8375000000000004,-1.2970009153572224,8,sr,1.409e-16
6.8500000000000005,-1.2319040117792579,8,sr,2.447e-16
6.8625000000000007,-1.1701576790929813,8,sr,4.499e-12
6.8750000000000009,-1.1115432891376302,8,sr,1.273e-16
6.8875000000000002,-1.0558599020161261,8,sr,4.657e-16
6.9000000000000004,-1.0029225743400245,8,sr,9.704e-13
6.9125000000000005,-0.95256085325024398,8,sr,1.204e-12
6.9250000000000007,-0.90461743280593454,8,sr,1.127e-13
6.9375000000000009,-0.85894695318344816,8,sr,7.284e-13
6.9500000000000002,-0.81541492560454898,8,sr,1.861e-16
6.9625000000000004,-0.77389676804114627,8,sr,1.058e-12
6.9750000000000005,-0.73427693898645485,8,sr,6.371e-13
6.9875000000000007,-0.69644815789569126,8,sr,1.323e-16
7.0000000000000009,-0.66031070264037817,8,sr,1.175e-16
7.0125000000000002,-0.62577177533905981,8,sr,5.618e-17
7.0250000000000004,-0.59274492905162324,8,sr,4.620e-12
7.0375000000000005,-0.56114954885136814,8,sr,2.898e-16
7.0500000000000007,-0.53091038120983391,8,sr,2.986e-16
7.0625000000000009,-0.50195710702009233,8,sr,1.102e-16
7.0750000000000002,-0.47422395331549583,8,sr,2.307e-12
7.0875000000000004,-0.44764933997267431,8,sr,9.602e-12
7.1000000000000005,-0.42217555781953808,8,sr,5.371e-17
7.1125000000000007,-0.3977484747533781,8,sr,1.257e-11
7.1250000000000009,-0.37431726779675961,8,sr,3.282e-12
7.1375000000000002,-0.35183417752561741,8,sr,6.856e-17
7.1500000000000004,-0.33025428380043342,8,sr,1.457e-16
7.1625000000000005,-0.30953530003759061,8,sr,2.547e-12
7.1750000000000007,-0.2896373846137133,8,sr,1.862e-12
7.1875000000000009,-0.27052296771681894,8,sr,2.835e-16
7.2000000000000002,-0.25215659230110599,8,sr,1.323e-16
7.2125000000000004,-0.23450476783320365,8,sr,4.945e-12
7.2250000000000005,-0.21753583572539603,8,sr,3.366e-16
7.2375000000000007,-0.2012198453146353,8,sr,5.908e-17
7.2500000000000009,-0.18552843969436103,8,sr,9.378e-18
7.2625000000000002,-0.17043475031893035,8,sr,1.200e-16
7.2750000000000004,-0.15591329977466029,8,sr,2.718e-16
7.2875000000000005,-0.14193991198391223,8,sr,3.300e-16
7.3000000000000007,-0.12849162922898605,8,sr,6.035e-16
7.3125000000000009,-0.1155466354323465,8,sr,2.522e-16
7.3250000000000002,-0.10308418518046972,8,sr,1.389e-15
7.3375000000000004,-0.091084538024124653,8,sr,4.016e-17
7.3500000000000005,-0.079528897610183613,8,sr,1.981e-11
7.3625000000000007,-0.068399355386905891,8,sr,2.210e-15
7.3750000000000009,-0.057678838131953555,8,sr,3.775e-15
7.3875000000000002,-0.04735105963423613,8,sr,3.955e-15
7.4000000000000004,-0.037400475572743286,8,sr,4.995e-15
7.4125000000000005,-0.027812241711968905,8,sr,6.535e-15
7.4250000000000007,-0.018572175029926915,8,sr,4.537e-15
7.4375000000000009,-0.0096667175460175211,8,sr,2.616e-11
7.4625000000000004,0.0071916758306367545,8,sr,1.330e-14
7.4750000000000005,0.015168893855782637,8,sr,1.053e-11
7.4875000000000007,0.02286012328715601,8,sr,1.399e-14
7.5000000000000009,0.030276258005975165,8,sr,3.459e-11
7.5125000000000002,0.037427737397666194,8,sr,2.857e-14
7.5250000000000004,0.044324568849648062,8,sr,4.899e-16
7.5375000000000005,0.050976348364816661,8,sr,1.023e-14
7.5500000000000007,0.057392280201658423,8,sr,4.864e-14
7.5625000000000009,0.063581195184936531,8,sr,1.240e-14
7.5750000000000002,0.069551567930706201,8,sr,1.690e-16
7.5875000000000004,0.075311533050487212,8,sr,9.378e-13
7.6000000000000005,0.080868900415708989,8,sr,1.833e-14
7.6125000000000007,0.086231169545922179,8,sr,4.645e-14
7.6250000000000009,0.091405543202754916,8,sr,7.070e-14
7.6375000000000002,0.096398940234294531,8,sr,8.256e-14
7.6500000000000004,0.1012180077349924,8,sr,7.391e-14
7.6625000000000005,0.10586913256850998,8,sr,4.079e-14
7.6750000000000007,0.11035845230019904,8,sr,4.865e-15
7.6875000000000009,0.11469186558139122,8,sr,3.312e-16
7.7000000000000002,0.1188750420239461,8,sr,3.434e-14
7.7125000000000004,0.12291343159999145,8,sr,2.658e-13
7.7250000000000005,0.12681227359829386,8,sr,3.691e-13
7.7375000000000007,0.13057660516868086,8,sr,3.629e-14
7.7500000000000009,0.13421126947547865,8,sr,1.774e-14
7.7625000000000002,0.137720923491431,8,sr,5.915e-13
7.7750000000000004,0.14111004544683345,8,sr,2.724e-13
7.7875000000000005,0.14438294196107598,8,sr,1.115e-14
7.8000000000000007,0.1475437548663239,8,sr,1.057e-12
7.8125000000000009,0.15059646774729418,8,sr,9.199e-14
7.8250000000000002,0.15354491221217012,8,sr,3.340e-13
7.8375000000000004,0.15639277389976167,8,sr,8.437e-13
7.8500000000000005,0.15914359824999205,8,sr,7.156e-14
7.8625000000000007,0.16180079603397038,8,sr,1.649e-12
7.8750000000000009,0.16436764867152986,8,sr,3.042e-14
7.8875000000000002,0.16684731332630931,8,sr,2.183e-12
7.9000000000000004,0.16924282781198527,8,sr,7.591e-14
7.9125000000000005,0.1715571152902739,8,sr,2.152e-12
7.9250000000000007,0.17379298880005714,8,sr,4.914e-13
7.9375000000000009,0.17595315559252678,8,sr,9.982e-13
7.9500000000000002,0.17804022131261066,8,sr,2.717e-12
7.9625000000000004,0.1800566940155279,8,sr,7.448e-11
7.9750000000000005,0.18200498795268033,8,sr,5.334e-12
7.9875000000000007,0.18388742742236505,8,sr,6.506e-13
8,0.18570625016910558,8,sr,8.238e-13
8.0124999999999993,0.1874636108868849,8,sr,8.289e-12
8.0250000000000004,0.18916158448753687,8,sr,3.304e-13
8.0374999999999996,0.19080216924306037,8,sr,1.518e-12
8.0499999999999989,0.1923872898303231,8,sr,1.104e-11
8.0625,0.19391880024092453,8,sr,1.075e-12
8.0749999999999993,0.19539848656195433,8,sr,3.196e-13
8.0875000000000004,0.19682806967861793,8,sr,1.150e-11
8.0999999999999996,0.19820920785156584,8,sr,6.968e-12
8.1124999999999989,0.1995434991727835,8,sr,6.754e-14
8.125,0.20083248397070322,8,sr,3.073e-12
8.1374999999999993,0.20207764707260095,8,sr,1.862e-11
8.1500000000000004,0.20328042001271635,8,sr,8.646e-12
8.1624999999999996,0.20444218310624132,8,sr,1.987e-13
8.1749999999999989,0.20556426750420373,8,sr,1.548e-12
8.1875,0.20664795710485656,8,sr,1.867e-11
8.1999999999999993,0.20769449043492103,8,sr,2.474e-11
8.2125000000000004,0.20870506239532086,8,sr,5.236e-12
8.2249999999999996,0.20968082602542978,8,sr,3.472e-14
8.2374999999999989,0.21062289410862631,8,sr,2.792e-12
8.25,0.21153234075967325,8,sr,2.296e-11
8.2624999999999993,0.2124102029429753,8,sr,4.130e-11
8.2750000000000004,0.2132574819255858,8,sr,1.784e-11
8.2874999999999996,0.21407514463758776,8,sr,2.466e-12
8.2999999999999989,0.21486412506175265,8,sr,8.761e-16
8.3125,0.21562532547638266,8,sr,3.902e-12
8.3249999999999993,0.21635961769691581,8,sr,2.536e-11
8.3375000000000004,0.21706784425931458,8,sr,5.107e-11
8.3499999999999996,0.21775081956073652,8,sr,4.648e-11
8.3624999999999989,0.21840933089630038,8,sr,1.963e-11
8.375,0.2190441395792137,8,sr,3.950e-12
8.3874999999999993,0.21965598188803179,8,sr,9.698e-14
8.4000000000000004,0.22024557003982237,8,sr,3.863e-13
8.4124999999999996,0.22081359311207799,8,sr,1.037e-11
8.4249999999999989,0.22136071792825579,8,sr,3.433e-11
8.4375,0.22188758990713989,8,sr,6.165e-11
8.4499999999999993,0.22239483387642317,8,sr,7.927e-11
8.4625000000000004,0.22288305486595497,8,sr,5.521e-11
8.4749999999999996,0.22335283880788853,8,sr,2.946e-11
8.4874999999999989,0.22380475333966823,8,sr,1.131e-11
8.5,0.22423934843970209,8,sr,2.471e-12
8.5124999999999993,0.22465715710677719,8,sr,1.310e-13
8.5250000000000004,0.22505869599921013,8,sr,7.044e-15
8.5374999999999996,0.22544446604871124,8,sr,2.436e-12
8.5499999999999989,0.22581495305006716,8,sr,1.220e-11
8.5625,0.22617062822829365,8,sr,2.895e-11
8.5749999999999993,0.22651194878310149,8,sr,4.916e-11
8.5875000000000004,0.22683935841227459,8,sr,6.851e-11
8.5999999999999996,0.2271532878149583,8,sr,8.334e-11
8.6124999999999989,0.22745415517569598,8,sr,9.136e-11
8.625,0.2277423666416187,8,sr,6.891e-11
8.6374999999999993,0.22801831672215286,8,sr,5.134e-11
8.6500000000000004,0.22828238879498056,8,sr,3.541e-11
8.6624999999999996,0.22853495546960478,8,sr,2.241e-11
8.6749999999999989,0.22877637899964245,8,sr,1.279e-11
8.6875,0.22900701166735388,8,sr,6.406e-12
8.6999999999999993,0.22922719615400394,8,sr,2.674e-12
8.7125000000000004,0.22943726589667043,8,sr,8.446e-13
8.7249999999999996,0.22963754543208872,8,sr,1.605e-13
8.7374999999999989,0.2298283507281017,8,sr,8.216e-15
8.75,0.2300099895050717,8,sr,2.828e-11
8.7624999999999993,0.23018276153506564,8,sr,9.688e-14
8.7750000000000004,0.23034695895743268,8,sr,5.741e-13
8.7874999999999996,0.23050286654776572,8,sr,1.507e-12
8.7999999999999989,0.2306507620041835,8,sr,2.809e-12
8.8125,0.23079091621327824,8,sr,4.314e-12
8.8249999999999993,0.23092359350886141,8,sr,5.850e-12
8.8375000000000004,0.23104905192210326,8,sr,7.259e-12
8.8499999999999996,0.23116754342345427,8,sr,8.427e-12
8.8624999999999989,0.23127931415672578,8,sr,9.277e-12
8.875,0.23138460466569263,8,sr,9.775e-12
8.8874999999999993,0.23148365011356364,8,sr,9.912e-12
8.9000000000000004,0.23157668049565658,8,sr,9.720e-12
8.9124999999999996,0.23166392084560047,8,sr,9.239e-12
8.9249999999999989,0.23174559143537496,8,sr,8.529e-12
8.9375,0.23182190796948746,8,sr,7.649e-12
8.9499999999999993,0.23189308177357681,8,sr,6.661e-12
8.9625000000000004,0.23195931997772265,8,sr,5.627e-12
8.9749999999999996,0.23202082569473054,8,sr,4.598e-12
8.9874999999999989,0.23207779819365276,8,sr,3.619e-12
9,0.23213043306879802,8,sr,2.727e-12
9.0124999999999993,0.2321789224044736,8,sr,1.950e-12
9.0250000000000004,0.23222345493569693,8,sr,1.308e-12
9.0374999999999996,0.23226421620510765,8,sr,8.003e-13
9.0499999999999989,0.23230138871630085,8,sr,4.349e-13
9.0625,0.2323351520838014,8,sr,1.937e-13
9.0749999999999993,0.23236568317988845,8,sr,6.169e-14
9.0875000000000004,0.23239315627847823,8,sr,1.006e-14
9.0999999999999996,0.23241774319626474,8,sr,4.607e-16
9.1124999999999989,0.23243961343131475,8,sr,4.733e-15
9.125,0.23245893429931122,8,sr,3.807e-14
9.1374999999999993,0.23247587106763004,8,sr,8.979e-14
9.1500000000000004,0.23249058708744177,8,sr,1.140e-13
9.1624999999999996,0.23250324392406985,8,sr,1.100e-12
9.1749999999999989,0.23251400148551735,8,sr,1.968e-12
9.1875,0.23252301814990153,8,sr,3.218e-12
9.1999999999999993,0.2325304508913299,8,sr,4.937e-12
9.2125000000000004,0.23253645540480927,8,sr,7.204e-12
9.2249999999999996,0.23254118623021103,8,sr,1.011e-11
9.2374999999999989,0.23254479687548504,8,sr,1.374e-11
9.25,0.23254743993929139,8,sr,1.818e-11
9.2624999999999993,0.23254926723321809,8,sr,2.352e-11
9.2750000000000004,0.23255042990375466,8,sr,2.985e-11
9.2874999999999996,0.23255107855418736,8,sr,3.724e-11
9.2999999999999989,0.23255136336658688,8,sr,4.576e-11
9.3125,0.23255143422405611,8,sr,5.548e-11
9.3249999999999993,0.23255144083340756,8,sr,6.648e-11
9.3375000000000004,0.23255153284844191,8,sr,7.878e-11
9.3499999999999996,0.23255185999399938,8,sr,9.244e-11
9.3624999999999989,0.23255257219095543,8,sr,1.075e-10
9.375,0.23255381968233912,8,sr,1.239e-10
9.3874999999999993,0.23255575316074767,8,sr,1.417e-10
9.4000000000000004,0.23255852389723794,8,sr,1.609e-10
9.4124999999999996,0.23256228387187569,8,sr,1.815e-10
9.4249999999999989,0.23256718590612638,8,sr,2.033e-10
9.4375,0.23257338379727285,8,sr,2.263e-10
9.4499999999999993,0.2325810324550491,8,sr,2.505e-10
9.4625000000000004,0.23259028804068363,8,sr,2.757e-10
9.4749999999999996,0.2326013081085426,8,sr,3.018e-10
9.4874999999999989,0.2326142517505751,8,sr,3.286e-10
9.5,0.23262927974375697,8,sr,3.559e-10
9.5124999999999993,0.23264655470073825,8,sr,3.835e-10
9.5250000000000004,0.23266624122389901,8,sr,4.111e-10
9.5374999999999996,0.23268850606302255,8,sr,4.385e-10
9.5499999999999989,0.23271351827679587,8,sr,4.653e-10
9.5625,0.23274144934835042,8,sr,4.537e-10
9.5749999999999993,0.23277247355505748,8,sr,4.246e-10
9.5875000000000004,0.23280676784279164,8,sr,3.971e-10
9.5999999999999996,0.23284451220488181,8,sr,3.719e-10
9.6125000000000007,0.23288588981595984,8,sr,3.493e-10
9.625,0.23293108722092609,8,sr,3.301e-10
9.6374999999999993,0.23298029452924018,8,sr,3.149e-10
9.6500000000000004,0.23303370561474621,8,sr,3.043e-10
9.6624999999999996,0.23309151832123631,8,sr,2.990e-10
9.6750000000000007,0.23315393467394857,8,sr,2.995e-10
9.6875,0.23322116109718491,8,sr,3.065e-10
9.6999999999999993,0.23329340863822914,8,sr,3.203e-10
9.7125000000000004,0.23337089319772372,8,sr,3.411e-10
9.7249999999999996,0.23345383576665246,8,sr,3.691e-10
9.7375000000000007,0.23354246267005382,8,sr,4.039e-10
9.75,0.23363700586756514,8,sr,4.074e-10
9.7624999999999993,0.23373770301086733,8,sr,3.536e-10
9.7750000000000004,0.23384479800806751,8,sr,2.961e-10
9.7874999999999996,0.23395854109501474,8,sr,2.370e-10
9.8000000000000007,0.23407918916349549,8,sr,1.789e-10
9.8125,0.2342070060462034,8,sr,1.248e-10
9.8249999999999993,0.23434226280831008,8,sr,7.769e-11
9.8375000000000004,0.23448523804539295,8,sr,4.062e-11
9.8499999999999996,0.23463621818738867,8,sr,1.563e-11
9.8625000000000007,0.23479549780814526,8,sr,3.023e-12
9.875,0.23496337994003375,8,sr,1.887e-14
9.8874999999999993,0.23514017639302578,8,sr,4.194e-14
9.9000000000000004,0.23532620807789276,8,sr,1.117e-12
9.9124999999999996,0.23552180533154099,8,sr,6.454e-12
9.9250000000000007,0.23572730824383545,8,sr,2.127e-11
9.9375,0.23594306698485815,8,sr,5.187e-11
9.9499999999999993,0.2361694421308308,8,sr,1.044e-10
9.9625000000000004,0.23640680498687097,8,sr,1.831e-10
9.9749999999999996,0.23665553790445956,8,sr,2.889e-10
9.9875000000000007,0.23691603464117109,8,sr,2.664e-10
10,0.23718870045985346,8,sr,1.159e-10
7.2625000000000002,14.987643143774196,9,sr,1.440e-14
7.2750000000000004,14.939992654423392,9,sr,1.536e-12
7.2875000000000005,14.892551352816769,9,sr,2.629e-14
7.3000000000000007,14.845319495608134,9,sr,5.885e-11
7.3125000000000009,14.798297282200858,9,sr,9.782e-15
7.3250000000000002,14.751484858175314,9,sr,5.980e-15
7.3375000000000004,14.704882318892704,9,sr,6.792e-16
7.3500000000000005,14.658489712625974,9,sr,3.306e-15
7.3625000000000007,14.612307043626599,9,sr,7.589e-15
7.3750000000000009,14.566334275007092,9,sr,6.192e-15
7.3875000000000002,14.520571331469,9,sr,1.424e-14
7.4000000000000004,14.475018101886739,9,sr,3.358e-13
7.4125000000000005,14.429674441755983,9,sr,2.570e-15
7.4250000000000007,14.384540175517603,9,sr,1.155e-14
7.4375000000000009,14.339615098761897,9,sr,5.660e-15
7.4500000000000002,14.294898980329087,9,sr,1.669e-11
7.4625000000000004,14.25039156426339,9,sr,5.174e-11
7.4750000000000005,14.206092571829778,9,sr,5.440e-17
7.4875000000000007,14.162001703127563,9,sr,6.110e-15
7.5000000000000009,14.118118638982862,9,sr,1.479e-14
7.5125000000000002,14.074443042515737,9,sr,2.577e-15
7.5250000000000004,14.030974560726637,9,sr,1.388e-14
7.5375000000000005,13.98771282600014,9,sr,5.783e-16
7.5500000000000007,13.944657457545327,9,sr,4.884e-15
7.5625000000000009,13.901808062777084,9,sr,5.723e-15
7.5750000000000002,13.859164238642508,9,sr,2.576e-15
7.5875000000000004,13.81672557289626,9,sr,1.082e-15
7.6000000000000005,13.774491645328647,9,sr,5.446e-15
7.6125000000000007,13.732462028949843,9,sr,1.349e-15
7.6250000000000009,13.690636291118951,9,sr,5.631e-11
7.6375000000000002,13.64901399472396,9,sr,8.363e-15
7.6500000000000004,13.607594699106867,9,sr,1.590e-15
7.6625000000000005,13.566377961251492,9,sr,1.620e-15
7.6750000000000007,13.525363336727708,9,sr,2.184e-11
7.6875000000000009,13.484550380685279,9,sr,8.216e-11
7.7000000000000002,13.443938648767393,9,sr,1.408e-14
7.7125000000000004,13.403527698225917,9,sr,7.302e-11
7.7250000000000005,13.363317088570442,9,sr,8.034e-12
7.7375000000000007,13.323306382751641,9,sr,2.388e-13
7.7500000000000009,13.283495147850982,9,sr,6.410e-11
7.7625000000000002,13.243882956095307,9,sr,8.071e-11
7.7750000000000004,13.204469385651674,9,sr,3.326e-11
7.7875000000000005,13.165254021505977,9,sr,6.552e-11
7.8000000000000007,13.126236456277631,9,sr,2.343e-15
7.8125000000000009,13.087416291239563,9,sr,1.084e-14
7.8250000000000002,13.048793136984077,9,sr,7.948e-15
7.8375000000000004,13.010366614369239,9,sr,6.799e-15
7.8500000000000005,12.972136355359737,9,sr,1.070e-14
7.8625000000000007,12.934102003889139,9,sr,1.941e-16
7.8750000000000009,12.89626321672902,9,sr,5.010e-15
7.8875000000000002,12.858619664366955,9,sr,1.053e-14
7.9000000000000004,12.821171031895537,9,sr,1.851e-14
7.9125000000000005,12.783917019914545,9,sr,4.404e-16
7.9250000000000007,12.746857345448401,9,sr,1.373e-15
7.9375000000000009,12.709991742881105,9,sr,5.444e-14
7.9500000000000002,12.673319964911105,9,sr,1.399e-14
7.9625000000000004,12.636841783528046,9,sr,7.005e-15
7.9750000000000005,12.600556991014381,9,sr,9.786e-16
7.9875000000000007,12.564465400973775,9,sr,4.120e-15
8,12.528566849389247,9,sr,4.323e-15
8.0124999999999993,12.492861195713541,9,sr,1.670e-15
8.0250000000000004,12.457348323994637,9,sr,1.219e-14
8.0374999999999996,12.422028144039233,9,sr,3.852e-15
8.0499999999999989,12.386900592617199,9,sr,2.665e-16
8.0625,12.351965634710288,9,sr,1.158e-14
8.0749999999999993,12.317223264808343,9,sr,2.629e-14
8.0875000000000004,12.282673508256492,9,sr,2.728e-14
8.0999999999999996,12.248316422656993,9,sr,2.643e-14
8.1124999999999989,12.214152099329667,9,sr,4.073e-15
8.125,12.180180664834838,9,sr,1.351e-15
8.1374999999999993,12.146402282563152,9,sr,8.743e-15
8.1500000000000004,12.112817154396732,9,sr,2.775e-14
8.1624999999999996,12.079425522446455,9,sr,1.332e-15
8.1749999999999989,12.046227670870437,9,sr,3.822e-15
8.1875,12.013223927778892,9,sr,2.220e-14
8.1999999999999993,11.980414667231106,9,sr,4.940e-15
8.2125000000000004,11.947800311330541,9,sr,4.957e-14
8.2249999999999996,11.915381332424092,9,sr,1.395e-15
8.2374999999999989,11.883158255412605,9,sr,3.284e-14
8.25,11.851131660179176,9,sr,1.103e-14
8.2624999999999993,11.819302184143364,9,sr,8.366e-15
8.2750000000000004,11.787670524948535,9,sr,4.141e-14
8.2874999999999996,11.756237443291361,9,sr,1.139e-14
8.2999999999999989,11.72500376590231,9,sr,6.830e-13
8.3125,11.693970388684887,9,sr,8.286e-15
8.3249999999999993,11.663138280028567,9,sr,4.501e-14
8.3375000000000004,11.632508484297976,9,sr,5.313e-14
8.3499999999999996,11.602082125517393,9,sr,3.335e-14
8.3624999999999989,11.571860411257781,9,sr,2.302e-14
8.375,11.541844636739985,9,sr,1.568e-14
8.3874999999999993,11.512036189167734,9,sr,3.730e-14
8.4000000000000004,11.482436552303717,9,sr,5.838e-14
8.4124999999999996,11.453047311303736,9,sr,4.492e-14
8.4249999999999989,11.423870157823915,9,sr,2.227e-14
8.4375,11.394906895413779,9,sr,1.076e-11
8.4499999999999993,11.366159445239477,9,sr,7.232e-15
8.4625000000000004,11.3376298520706,9,sr,3.393e-14
8.4749999999999996,11.30932029069009,9,sr,8.040e-15
8.4874999999999989,11.281233072605174,9,sr,1.694e-15
8.5,11.253370653163497,9,sr,2.961e-14
8.5124999999999993,11.225735639066787,9,sr,6.312e-15
8.5250000000000004,11.198330796306918,9,sr,2.738e-14
8.5374999999999996,11.171159058544973,9,sr,3.580e-15
8.5499999999999989,11.144223535955284,9,sr,8.613e-15
8.5625,11.117527524554852,9,sr,3.862e-14
8.5749999999999993,11.091074516039443,9,sr,7.875e-17
8.5875000000000004,11.064868208140007,9,sr,1.349e-11
8.5999999999999996,11.038912515562188,9,sr,8.545e-15
8.6124999999999989,11.013211581393712,9,sr,1.841e-14
8.625,10.987769789215376,9,sr,2.616e-14
8.6374999999999993,10.962591775705823,9,sr,2.704e-14
8.6500000000000004,10.937682443880091,9,sr,2.480e-14
8.6624999999999996,10.913046976919336,9,sr,1.753e-14
8.6749999999999989,10.888690852592857,9,sr,2.503e-15
8.6875,10.864619858272095,9,sr,2.408e-11
8.6999999999999993,10.84084010641693,9,sr,2.998e-15
8.7125000000000004,10.817358050781094,9,sr,1.368e-14
8.7249999999999996,10.794180502808034,9,sr,1.898e-15
8.7374999999999989,10.771314648617563,9,sr,4.145e-15
8.75,10.748768066201125,9,sr,5.339e-15
8.7624999999999993,10.726548742793593,9,sr,2.404e-15
8.7750000000000004,10.704665092226314,9,sr,3.101e-11
8.7874999999999996,10.683125972205925,9,sr,3.595e-15
8.7999999999999989,10.661940700827262,9,sr,7.704e-15
8.8125,10.641119072746202,9,sr,7.341e-16
8.8249999999999993,10.620671373900791,9,sr,1.747e-15
8.8375000000000004,10.60060839476507,9,sr,2.964e-16
8.8499999999999996,10.580941441438851,9,sr,2.100e-15
8.8624999999999989,10.561682343937099,9,sr,1.955e-15
8.875,10.542843460897005,9,sr,2.825e-15
8.8874999999999993,10.524437679798261,9,sr,2.217e-11
8.9000000000000004,10.506478411473127,9,sr,5.242e-15
8.9124999999999996,10.488979578051044,9,sr,3.221e-16
8.9249999999999989,10.471955592179693,9,sr,2.533e-15
8.9375,10.455421326517401,9,sr,1.711e-15
8.9499999999999993,10.439392071128092,9,sr,2.176e-11
8.9625000000000004,10.423883476887678,9,sr,1.702e-15
8.9749999999999996,10.408911481957963,9,sr,2.449e-12
8.9874999999999989,10.394492219382613,9,sr,1.053e-11
9,10.380641902199919,9,sr,1.424e-15
9.0124999999999993,10.367376683038655,9,sr,1.492e-15
9.0250000000000004,10.354712485252424,9,sr,2.327e-12
9.0374999999999996,10.342664801799382,9,sr,4.499e-17
9.0499999999999989,10.331248458815626,9,sr,1.149e-15
9.0625,10.320477340913099,9,sr,2.041e-15
9.0749999999999993,10.310364075651632,9,sr,1.280e-16
9.0875000000000004,10.300919675632196,9,sr,9.646e-16
9.0999999999999996,10.29215313780348,9,sr,1.196e-15
9.1124999999999989,10.284071001273102,9,sr,4.074e-12
9.125,10.27667686715726,9,sr,7.979e-17
9.1374999999999993,10.269970886554137,9,sr,1.748e-15
9.1500000000000004,10.263949226368004,9,sr,1.647e-12
9.1624999999999996,10.258603526018698,9,sr,1.349e-12
9.1749999999999989,10.253920362460697,9,sr,3.513e-13
9.1875,10.24988074502968,9,sr,2.782e-15
9.1999999999999993,10.246459665533619,9,sr,9.344e-16
9.2125000000000004,10.243625732263844,9,sr,1.002e-12
9.2249999999999996,10.241340918598453,9,sr,9.144e-16
9.2374999999999989,10.239560457115804,9,sr,2.174e-13
9.25,10.238232907866346,9,sr,1.791e-12
9.2624999999999993,10.237300424656208,9,sr,6.738e-16
9.2750000000000004,10.236699235293212,9,sr,3.307e-16
9.2874999999999996,10.236360340960704,9,sr,7.974e-16
9.2999999999999989,10.236210427227828,9,sr,3.695e-16
9.3125,10.236172964884666,9,sr,6.753e-13
9.3249999999999993,10.236169464895562,9,sr,4.443e-12
9.3375000000000004,10.236120839220163,9,sr,4.470e-14
9.3499999999999996,10.23594881035206,9,sr,2.169e-13
9.3624999999999989,10.235577306852832,9,sr,1.757e-13
9.375,10.234933783078358,9,sr,2.814e-13
9.3874999999999993,10.233950405995158,9,sr,4.411e-16
9.4000000000000004,10.232565062056366,9,sr,1.124e-16
9.4124999999999996,10.230722150211896,9,sr,6.159e-13
9.4249999999999989,10.228373142076567,9,sr,1.616e-15
9.4375,10.225476905397889,9,sr,3.165e-13
9.4499999999999993,10.22199980082169,9,sr,2.279e-12
9.4625000000000004,10.217915573219461,9,sr,1.433e-15
9.4749999999999996,10.213205067006719,9,sr,5.283e-16
9.4874999999999989,10.207855799870478,9,sr,0.000e+00
9.5,10.201861430728446,9,sr,9.388e-13
9.5124999999999993,10.195221156947335,9,sr,8.538e-14
9.5250000000000004,10.187939072749769,9,sr,4.486e-16
9.5374999999999996,10.180023516342859,9,sr,3.402e-15
9.5499999999999989,10.171486428391928,9,sr,8.409e-12
9.5625,10.162342739148357,9,sr,1.634e-11
9.5749999999999993,10.15260979684097,9,sr,1.750e-16
9.5875000000000004,10.142306845504837,9,sr,1.004e-11
9.5999999999999996,10.131454556377008,9,sr,1.501e-11
9.6125000000000007,10.120074614722331,9,sr,1.538e-13
9.625,10.108189360923012,9,sr,1.223e-15
9.6374999999999993,10.095821483734923,9,sr,1.997e-11
9.6500000000000004,10.082993761546147,9,sr,8.292e-16
9.6624999999999996,10.069728848176574,9,sr,1.540e-15
9.6750000000000007,10.056049097732711,9,sr,3.243e-13
9.6875,10.041976424710295,9,sr,2.265e-15
9.6999999999999993,10.027532194370213,9,sr,1.572e-15
9.7125000000000004,10.012737139323516,9,sr,3.733e-16
9.7249999999999996,9.9976112983915648,9,sr,6.511e-16
9.7375000000000007,9.9821739742222846,9,sr,4.416e-15
9.75,9.9664437065217637,9,sr,1.404e-15
9.7624999999999993,9.9504382581674413,9,sr,3.047e-11
9.7750000000000004,9.934174611639131,9,sr,4.935e-15
9.7874999999999996,9.9176689742106898,9,sr,8.259e-16
9.8000000000000007,9.9009367893059981,9,sr,6.097e-16
9.8125,9.8839927533743754,9,sr,2.802e-15
9.8249999999999993,9.8668508365366474,9,sr,7.425e-15
9.8375000000000004,9.8495243061344606,9,sr,1.571e-15
9.8499999999999996,9.8320257523039896,9,sr,1.154e-14
9.8625000000000007,9.8143671148747824,9,sr,4.337e-15
9.875,9.7965597110258962,9,sr,9.919e-15
9.8874999999999993,9.7786142632436874,9,sr,7.397e-15
9.9000000000000004,9.7605409272187487,9,sr,2.312e-16
9.9124999999999996,9.7423493193984552,9,sr,2.282e-14
9.9250000000000007,9.724048543976016,9,sr,7.642e-16
9.9375,9.7056472191509435,9,sr,8.449e-16
9.9499999999999993,9.6871535025401396,9,sr,3.260e-14
9.9625000000000004,9.6685751156542725,9,sr,6.360e-15
9.9749999999999996,9.6499193673833314,9,sr,1.244e-15
9.9875000000000007,9.631193176459389,9,sr,1.630e-14
10,9.612403092882019,9,sr,4.719e-14
8.1374999999999993,14.978357505128805,10,sr,2.113e-14
8.1500000000000004,14.936103815986382,10,sr,5.656e-16
8.1624999999999996,14.894084387847013,10,sr,2.558e-16
8.1749999999999989,14.852299314690292,10,sr,2.188e-14
8.1875,14.810748739570387,10,sr,1.623e-15
8.1999999999999993,14.769432856832305,10,sr,1.062e-14
8.2125000000000004,14.728351914444952,10,sr,1.611e-14
8.2249999999999996,14.687506216458901,10,sr,3.844e-14
8.2374999999999989,14.6468961255972,10,sr,1.265e-14
8.25,14.606522065988512,10,sr,1.498e-14
8.2624999999999993,14.566384526051865,10,sr,1.249e-14
8.2750000000000004,14.526484061543588,10,sr,7.659e-15
8.2874999999999996,14.486821298777391,10,sr,1.512e-14
8.2999999999999989,14.447396938029136,10,sr,5.412e-14
8.3125,14.408211757139137,10,sr,4.196e-14
8.3249999999999993,14.369266615325007,10,sr,1.235e-14
8.3375000000000004,14.330562457220017,10,sr,9.419e-16
8.3499999999999996,14.292100317151576,10,sr,3.341e-14
8.3624999999999989,14.253881323676783,10,sr,1.897e-14
8.375,14.215906704392182,10,sr,4.567e-16
8.3874999999999993,14.178177791036964,10,sr,5.200e-14
8.4000000000000004,14.140696024908861,10,sr,1.177e-14
8.4124999999999996,14.103462962615097,10,sr,3.401e-14
8.4249999999999989,14.0664802821801,10,sr,1.836e-14
8.4375,14.029749789557508,10,sr,5.782e-11
8.4499999999999993,13.993273425417623,10,sr,3.492e-14
8.4625000000000004,13.957053272699914,10,sr,3.631e-14
8.4749999999999996,13.921091564191338,10,sr,2.295e-15
8.4874999999999989,13.885390690929812,10,sr,5.891e-15
8.5,13.849953211004909,10,sr,2.380e-12
8.5124999999999993,13.814781858931273,10,sr,4.648e-11
8.5250000000000004,13.779879555721184,10,sr,1.418e-11
8.5374999999999996,13.745249419360007,10,sr,7.184e-15
8.5499999999999989,13.710894776251221,10,sr,5.588e-15
8.5625,13.676819173220993,10,sr,2.431e-14
8.5749999999999993,13.643026390319683,10,sr,2.778e-14
8.5875000000000004,13.609520454458979,10,sr,2.082e-15
8.5999999999999996,13.576305653910905,10,sr,9.146e-16
8.6124999999999989,13.543386553723956,10,sr,1.438e-14
8.625,13.510768012107926,10,sr,7.436e-16
8.6374999999999993,13.478455197838468,10,sr,1.645e-14
8.6500000000000004,13.446453608731748,10,sr,4.784e-15
8.6624999999999996,13.414769091223357,10,sr,2.867e-11
8.6749999999999989,13.383407861208143,10,sr,2.103e-14
8.6875,13.352376525852179,10,sr,1.302e-14
8.6999999999999993,13.32168210696633,10,sr,5.012e-15
8.7125000000000004,13.291332065415878,10,sr,1.110e-16
8.7249999999999996,13.261334326915129,10,sr,2.935e-15
8.7374999999999989,13.231697309097061,10,sr,7.165e-15
8.75,13.202429949855492,10,sr,1.198e-14
8.7624999999999993,13.17354173691581,10,sr,2.934e-15
8.7750000000000004,13.145042738538095,10,sr,2.822e-11
8.7874999999999996,13.116943635375785,10,sr,2.410e-15
8.7999999999999989,13.089255752904773,10,sr,3.345e-15
8.8125,13.061991094890328,10,sr,4.787e-15
8.8249999999999993,13.035162376889474,10,sr,3.118e-15
8.8375000000000004,13.008783059806422,10,sr,3.066e-15
8.8499999999999996,12.982867382847896,10,sr,3.582e-15
8.8624999999999989,12.957430395245209,10,sr,3.632e-15
8.875,12.932487985924253,10,sr,4.281e-15
8.8874999999999993,12.908056910104616,10,sr,1.617e-15
8.9000000000000004,12.884154811572403,10,sr,2.276e-15
8.9124999999999996,12.860800239091134,10,sr,1.351e-15
8.9249999999999989,12.838012655086462,10,sr,1.428e-15
8.9375,12.815812434359087,10,sr,1.101e-15
8.9499999999999993,12.794220850155227,10,sr,1.305e-11
8.9625000000000004,12.773260044306916,10,sr,2.359e-15
8.9749999999999996,12.752952978006563,10,sr,1.227e-15
8.9874999999999989,12.733323358339906,10,sr,4.628e-17
9,12.71439553605452,10,sr,1.151e-11
9.0124999999999993,12.696194368647907,10,sr,1.467e-15
9.0250000000000004,12.678745042174535,10,sr,9.298e-12
9.0374999999999996,12.66207284515519,10,sr,4.271e-17
9.0499999999999989,12.646202886773233,10,sr,6.278e-16
9.0625,12.631159751327946,10,sr,2.625e-15
9.0749999999999993,12.616967081413179,10,sr,2.453e-15
9.0875000000000004,12.603647082122292,10,sr,1.064e-11
9.0999999999999996,12.591219940200011,10,sr,1.391e-15
9.1124999999999989,12.579703153421709,10,sr,5.143e-13
9.125,12.56911076958691,10,sr,2.620e-12
9.1374999999999993,12.559452537615435,10,sr,8.330e-13
9.1500000000000004,12.550732980047302,10,sr,1.470e-15
9.1624999999999996,12.542950403345742,10,sr,2.059e-12
9.1749999999999989,12.536095871350319,10,sr,1.369e-15
9.1875,12.530152177427942,10,sr,4.382e-12
9.1999999999999993,12.525092862030132,10,sr,5.396e-12
9.2125000000000004,12.520881332221068,10,sr,3.811e-16
9.2249999999999996,12.517470149817235,10,sr,5.727e-16
9.2374999999999989,12.514800558837837,10,sr,3.438e-14
9.25,12.512802324900617,10,sr,1.440e-12
9.2624999999999993,12.511393951757841,10,sr,1.025e-15
9.2750000000000004,12.510483326182033,10,sr,1.089e-15
9.2874999999999996,12.509968819154835,10,sr,1.460e-15
9.2999999999999989,12.509740841182621,10,sr,3.169e-14
9.3125,12.509683813948246,10,sr,2.840e-14
9.3249999999999993,12.509678484013593,10,sr,1.107e-14
9.3375000000000004,12.509604471175106,10,sr,1.418e-13
9.3499999999999996,12.509342919324013,10,sr,4.202e-12
9.3624999999999989,12.508779105269943,10,sr,3.395e-16
9.375,12.507804862700374,10,sr,6.928e-16
9.3874999999999993,12.506320695458616,10,sr,8.758e-13
9.4000000000000004,12.50423748199734,10,sr,4.376e-16
9.4124999999999996,12.501477709679158,10,sr,1.248e-12
9.4249999999999989,12.49797621644359,10,sr,1.263e-15
9.4375,12.493680453994807,10,sr,5.730e-16
9.4499999999999993,12.48855031753191,10,sr,1.900e-15
9.4625000000000004,12.482557608671177,10,sr,1.739e-16
9.4749999999999996,12.475685210811285,10,sr,3.330e-14
9.4874999999999989,12.467926059630905,10,sr,1.297e-15
9.5,12.459281987674624,10,sr,2.569e-16
9.5124999999999993,12.449762513043643,10,sr,7.856e-16
9.5250000000000004,12.439383630228889,10,sr,2.063e-15
9.5374999999999996,12.428166648012118,10,sr,2.179e-15
9.5499999999999989,12.416137106567708,10,sr,6.583e-12
9.5625,12.403323794303153,10,sr,1.301e-15
9.5749999999999993,12.389757875608376,10,sr,2.771e-15
9.5875000000000004,12.375472132424003,10,sr,3.445e-12
9.5999999999999996,12.36050031758324,10,sr,4.787e-12
9.6125000000000007,12.34487661341894,10,sr,1.099e-15
9.625,12.328635186865435,10,sr,2.738e-15
9.6374999999999993,12.311809830857543,10,sr,2.290e-16
9.6500000000000004,12.294433681579456,10,sr,2.991e-15
9.6624999999999996,12.276539001047491,10,sr,1.001e-15
9.6750000000000007,12.258157015233138,10,sr,2.918e-16
9.6875,12.23931779870402,10,sr,8.432e-16
9.6999999999999993,12.220050197710405,10,sr,2.405e-13
9.7125000000000004,12.200381784637777,10,sr,1.403e-11
9.7249999999999996,12.180338837614785,10,sr,1.295e-11
9.7375000000000007,12.15994634024907,10,sr,1.295e-11
9.75,12.139227996784845,10,sr,5.341e-15
9.7624999999999993,12.118206259296109,10,sr,6.660e-16
9.7750000000000004,12.096902363609898,10,sr,4.632e-15
9.7874999999999996,12.075336371742372,10,sr,2.395e-11
9.8000000000000007,12.053527218533153,10,sr,2.632e-15
9.8125,12.031492761322809,10,sr,6.960e-15
9.8249999999999993,12.009249830734388,10,sr,8.468e-16
9.8375000000000004,11.986814282203577,10,sr,9.406e-15
9.8499999999999996,11.964201047094097,10,sr,4.436e-15
9.8625000000000007,11.941424182938677,10,sr,1.415e-14
9.875,11.918496922350343,10,sr,4.254e-15
9.8874999999999993,11.895431720287897,10,sr,4.321e-15
9.9000000000000004,11.872240299458566,10,sr,1.714e-14
9.9124999999999996,11.848933693717045,10,sr,4.044e-15
9.9250000000000007,11.825522289381787,10,sr,7.111e-15
9.9375,11.802015864436907,10,sr,3.266e-14
9.9499999999999993,11.77842362562407,10,sr,9.773e-15
9.9625000000000004,11.754754243456436,10,sr,2.423e-15
9.9749999999999996,11.73101588520788,10,sr,1.957e-14
9.9875000000000007,11.707216245944052,10,sr,4.961e-14
10,11.683362577673487,10,sr,2.357e-14
9.4124999999999996,14.99870800603097,11,sr,1.004e-15
9.4249999999999989,14.993710189433729,11,sr,3.225e-16
9.4375,14.987610552304064,11,sr,4.373e-16
9.4499999999999993,14.980365930684128,11,sr,5.164e-14
9.4625000000000004,14.971950943077553,11,sr,1.341e-13
9.4749999999999996,14.962356183890895,11,sr,6.395e-13
9.4874999999999989,14.951586182761867,11,sr,1.313e-12
9.5,14.939657275222185,11,sr,2.865e-15
9.5124999999999993,14.926595501676198,11,sr,3.850e-12
9.5250000000000004,14.912434621089501,11,sr,7.440e-12
9.5374999999999996,14.897214297222474,11,sr,1.015e-11
9.5499999999999989,14.880978490093367,11,sr,5.587e-12
9.5625,14.86377406576745,11,sr,1.778e-15
9.5749999999999993,14.845649622594406,11,sr,4.860e-12
9.5875000000000004,14.826654522014284,11,sr,7.728e-12
9.5999999999999996,14.806838106129661,11,sr,4.675e-13
9.6125000000000007,14.786249080088929,11,sr,8.487e-12
9.625,14.764935037844474,11,sr,1.192e-11
9.6374999999999993,14.742942108554089,11,sr,4.019e-15
9.6500000000000004,14.720314704422545,11,sr,4.481e-12
9.6624999999999996,14.697095350580122,11,sr,1.107e-15
9.6750000000000007,14.673324581932139,11,sr,2.027e-15
9.6875,14.6490408925659,11,sr,1.829e-15
9.6999999999999993,14.624280726403274,11,sr,9.338e-16
9.7125000000000004,14.599078499276549,11,sr,4.414e-15
9.7249999999999996,14.573466644512399,11,sr,1.587e-15
9.7375000000000007,14.547475675564048,11,sr,5.273e-15
9.75,14.52113426051549,11,sr,1.810e-15
9.7624999999999993,14.494469304354203,11,sr,2.713e-16
9.7750000000000004,14.467506035798634,11,sr,1.100e-14
9.7874999999999996,14.44026809620863,11,sr,1.571e-11
9.8000000000000007,14.412777628599169,11,sr,7.916e-15
9.8125,14.385055365609519,11,sr,9.162e-13
9.8249999999999993,14.357120714948918,11,sr,1.129e-14
9.8375000000000004,14.328991842044545,11,sr,4.375e-16
9.8499999999999996,14.300685749109677,11,sr,5.717e-15
9.8625000000000007,14.272218350435583,11,sr,1.712e-14
9.875,14.243604543713079,11,sr,1.110e-16
9.8874999999999993,14.214858277329148,11,sr,7.485e-15
9.9000000000000004,14.185992613659563,11,sr,4.653e-15
9.9124999999999996,14.157019788437609,11,sr,2.322e-14
9.9250000000000007,14.127951266321615,11,sr,1.999e-14
9.9375,14.09879779281281,11,sr,8.567e-15
9.9499999999999993,14.069569442694313,11,sr,1.880e-15
9.9625000000000004,14.04027566515312,11,sr,3.770e-11
9.9749999999999996,14.010925325904534,11,sr,1.844e-14
9.9875000000000007,13.981526746108155,11,sr,4.159e-14
10,13.952087738922517,11,sr,6.086e-14
9.625,-9.9326969608819322,12,sr,1.567e-16
9.6374999999999993,-9.1202718162170324,12,sr,3.320e-14
9.6500000000000004,-8.3979154909536078,12,sr,2.763e-16
9.6624999999999996,-7.7528039650000471,12,sr,4.760e-16
9.6750000000000007,-7.1743174836951082,12,sr,1.767e-16
9.6875,-6.6536010582712368,12,sr,7.060e-16
9.6999999999999993,-6.1832239050891076,12,sr,1.226e-15
9.7125000000000004,-5.7569131641280826,12,sr,2.803e-16
9.7249999999999996,-5.3693439421992446,12,sr,5.964e-16
9.7375000000000007,-5.0159724652179882,12,sr,2.274e-16
9.75,-4.6929025126883319,12,sr,3.923e-15
9.7624999999999993,-4.396777757647115,12,sr,3.119e-16
9.7750000000000004,-4.1246944249967505,12,sr,4.470e-16
9.7874999999999996,-3.8741300010919972,12,sr,2.730e-15
9.8000000000000007,-3.6428847097730315,12,sr,1.075e-14
9.8125,-3.4290332073884087,12,sr,5.679e-15
9.8249999999999993,-3.2308845072700283,12,sr,9.195e-17
9.8375000000000004,-3.0469485695168248,12,sr,1.486e-16
9.8499999999999996,-2.8759083186151706,12,sr,1.473e-16
9.8625000000000007,-2.7165961040182394,12,sr,1.921e-17
9.875,-2.5679738153839708,12,sr,3.977e-14
9.8874999999999993,-2.4291160181010465,12,sr,1.799e-14
9.9000000000000004,-2.2991955959649273,12,sr,1.881e-14
9.9124999999999996,-2.1774714839189806,12,sr,2.652e-17
9.9250000000000007,-2.0632781502181441,12,sr,7.832e-14
9.9375,-1.9560165486057077,12,sr,3.338e-16
9.9499999999999993,-1.8551463102916719,12,sr,1.243e-12
9.9625000000000004,-1.7601789852820828,12,sr,2.131e-12
9.9749999999999996,-1.6706721749854387,12,sr,1.775e-16
9.9875000000000007,-1.5862244242710173,12,sr,2.535e-17
10,-1.5064707624705211,12,sr,2.339e-16
