q_e,eps_ratio,branch_id,type,residual
0.012500000000000001,1,0,nr,3.782e-16
0.025000000000000001,1,0,nr,3.782e-16
0.037500000000000006,1,0,nr,3.782e-16
0.050000000000000003,1,0,nr,3.782e-16
0.0625,1,0,nr,3.782e-16
0.074999999999999997,1,0,nr,3.782e-16
0.087500000000000008,1,0,nr,3.782e-16
0.10000000000000001,1,0,nr,3.782e-16
0.1125,1,0,nr,3.782e-16
0.125,1,0,nr,3.782e-16
0.13750000000000001,1,0,nr,3.782e-16
0.15000000000000002,1,0,nr,3.782e-16
0.16250000000000003,1,0,nr,3.782e-16
0.17500000000000002,1,0,nr,3.782e-16
0.18750000000000003,1,0,nr,3.782e-16
0.20000000000000001,1,0,nr,3.782e-16
0.21250000000000002,1,0,nr,3.782e-16
0.22500000000000003,1,0,nr,3.782e-16
0.23750000000000002,1,0,nr,3.782e-16
0.25,1,0,nr,3.782e-16
0.26250000000000001,1,0,nr,3.782e-16
0.27500000000000002,1,0,nr,3.782e-16
0.28750000000000003,1,0,nr,3.782e-16
0.30000000000000004,1,0,nr,3.782e-16
0.31250000000000006,1,0,nr,3.782e-16
0.32500000000000001,1,0,nr,3.782e-16
0.33750000000000002,1,0,nr,3.782e-16
0.35000000000000003,1,0,nr,3.782e-16
0.36250000000000004,1,0,nr,3.782e-16
0.37500000000000006,1,0,nr,3.782e-16
0.38750000000000001,1,0,nr,3.782e-16
0.40000000000000002,1,0,nr,3.782e-16
0.41250000000000003,1,0,nr,3.782e-16
0.42500000000000004,1,0,nr,3.782e-16
0.43750000000000006,1,0,nr,3.782e-16
0.45000000000000001,1,0,nr,3.782e-16
0.46250000000000002,1,0,nr,3.782e-16
0.47500000000000003,1,0,nr,3.782e-16
0.48750000000000004,1,0,nr,3.782e-16
0.5,1,0,nr,3.782e-16
0.51249999999999996,1,0,nr,3.782e-16
0.52500000000000002,1,0,nr,3.782e-16
0.53749999999999998,1,0,nr,3.782e-16
0.54999999999999993,1,0,nr,3.782e-16
0.5625,1,0,nr,3.782e-16
0.57499999999999996,1,0,nr,3.782e-16
0.58750000000000002,1,0,nr,3.782e-16
0.59999999999999998,1,0,nr,3.782e-16
0.61250000000000004,1,0,nr,3.782e-16
0.625,1,0,nr,3.782e-16
0.63749999999999996,1,0,nr,3.782e-16
0.65000000000000002,1,0,nr,3.782e-16
0.66249999999999998,1,0,nr,3.782e-16
0.67500000000000004,1,0,nr,3.782e-16
0.6875,1,0,nr,3.782e-16
0.69999999999999996,1,0,nr,3.782e-16
0.71250000000000002,1,0,nr,3.782e-16
0.72499999999999998,1,0,nr,3.782e-16
0.73750000000000004,1,0,nr,3.782e-16
0.75,1,0,nr,3.782e-16
0.76249999999999996,1,0,nr,3.782e-16
0.77500000000000002,1,0,nr,3.782e-16
0.78749999999999998,1,0,nr,3.782e-16
0.80000000000000004,1,0,nr,3.782e-16
0.8125,1,0,nr,3.782e-16
0.82499999999999996,1,0,nr,3.782e-16
0.83750000000000002,1,0,nr,3.782e-16
0.84999999999999998,1,0,nr,3.782e-16
0.86250000000000004,1,0,nr,3.782e-16
0.875,1,0,nr,3.782e-16
0.88749999999999996,1,0,nr,3.782e-16
0.90000000000000002,1,0,nr,3.782e-16
0.91249999999999998,1,0,nr,3.782e-16
0.92500000000000004,1,0,nr,3.782e-16
0.9375,1,0,nr,3.782e-16
0.94999999999999996,1,0,nr,3.782e-16
0.96250000000000002,1,0,nr,3.782e-16
0.97499999999999998,1,0,nr,3.782e-16
0.98750000000000004,1,0,nr,3.782e-16
1,1,0,nr,3.782e-16
1.0125,1,0,nr,3.782e-16
1.0249999999999999,1,0,nr,3.782e-16
1.0375000000000001,1,0,nr,3.782e-16
1.05,1,0,nr,3.782e-16
1.0625,1,0,nr,3.782e-16
1.075,1,0,nr,3.782e-16
1.0874999999999999,1,0,nr,3.782e-16
1.1000000000000001,1,0,nr,3.782e-16
1.1125,1,0,nr,3.782e-16
1.125,1,0,nr,3.782e-16
1.1375,1,0,nr,3.782e-16
1.1499999999999999,1,0,nr,3.782e-16
1.1625000000000001,1,0,nr,3.782e-16
1.175,1,0,nr,3.782e-16
1.1875,1,0,nr,3.782e-16
1.2,1,0,nr,3.782e-16
1.2125000000000001,1,0,nr,3.782e-16
1.2250000000000001,1,0,nr,3.782e-16
1.2375,1,0,nr,3.782e-16
1.25,1,0,nr,3.782e-16
1.2625,1,0,nr,3.782e-16
1.2750000000000001,1,0,nr,3.782e-16
1.2875000000000001,1,0,nr,3.782e-16
1.3,1,0,nr,3.782e-16
1.3125,1,0,nr,3.782e-16
1.325,1,0,nr,3.782e-16
1.3375000000000001,1,0,nr,3.782e-16
1.3500000000000001,1,0,nr,3.782e-16
1.3625,1,0,nr,3.782e-16
1.375,1,0,nr,3.782e-16
1.3875,1,0,nr,3.782e-16
1.4000000000000001,1,0,nr,3.782e-16
1.4125000000000001,1,0,nr,3.782e-16
1.425,1,0,nr,3.782e-16
1.4375,1,0,nr,3.782e-16
1.45,1,0,nr,3.782e-16
1.4625000000000001,1,0,nr,3.782e-16
1.4750000000000001,1,0,nr,3.782e-16
1.4875,1,0,nr,3.782e-16
1.5,1,0,nr,3.782e-16
1.5125,1,0,nr,3.782e-16
1.5250000000000001,1,0,nr,3.782e-16
1.5375000000000001,1,0,nr,3.782e-16
1.55,1,0,nr,3.782e-16
1.5625,1,0,nr,3.782e-16
1.575,1,0,nr,3.782e-16
1.5875000000000001,1,0,nr,3.782e-16
1.6000000000000001,1,0,nr,3.782e-16
1.6125,1,0,nr,3.782e-16
1.625,1,0,nr,3.782e-16
1.6375,1,0,nr,3.782e-16
1.6500000000000001,1,0,nr,3.782e-16
1.6625000000000001,1,0,nr,3.782e-16
1.675,1,0,nr,3.782e-16
1.6875,1,0,nr,3.782e-16
1.7,1,0,nr,3.782e-16
1.7125000000000001,1,0,nr,3.782e-16
1.7250000000000001,1,0,nr,3.782e-16
1.7375,1,0,nr,3.782e-16
1.75,1,0,nr,3.782e-16
1.7625,1,0,nr,3.782e-16
1.7750000000000001,1,0,nr,3.782e-16
1.7875000000000001,1,0,nr,3.782e-16
1.8,1,0,nr,3.782e-16
1.8125,1,0,nr,3.782e-16
1.825,1,0,nr,3.782e-16
1.8375000000000001,1,0,nr,3.782e-16
1.8500000000000001,1,0,nr,3.782e-16
1.8625,1,0,nr,3.782e-16
1.875,1,0,nr,3.782e-16
1.8875,1,0,nr,3.782e-16
1.9000000000000001,1,0,nr,3.782e-16
1.9125000000000001,1,0,nr,3.782e-16
1.925,1,0,nr,3.782e-16
1.9375,1,0,nr,3.782e-16
1.95,1,0,nr,3.782e-16
1.9625000000000001,1,0,nr,3.782e-16
1.9750000000000001,1,0,nr,3.782e-16
1.9875,1,0,nr,3.782e-16
2,1,0,nr,3.782e-16
2.0125000000000002,1,0,nr,3.782e-16
2.0250000000000004,1,0,nr,3.782e-16
2.0375000000000001,1,0,nr,3.782e-16
2.0500000000000003,1,0,nr,3.782e-16
2.0625000000000004,1,0,nr,3.782e-16
2.0750000000000002,1,0,nr,3.782e-16
2.0875000000000004,1,0,nr,3.782e-16
2.1000000000000001,1,0,nr,3.782e-16
2.1125000000000003,1,0,nr,3.782e-16
2.1250000000000004,1,0,nr,3.782e-16
2.1375000000000002,1,0,nr,3.782e-16
2.1500000000000004,1,0,nr,3.782e-16
2.1625000000000001,1,0,nr,3.782e-16
2.1750000000000003,1,0,nr,3.782e-16
2.1875000000000004,1,0,nr,3.782e-16
2.2000000000000002,1,0,nr,3.782e-16
2.2125000000000004,1,0,nr,3.782e-16
2.2250000000000001,1,0,nr,3.782e-16
2.2375000000000003,1,0,nr,3.782e-16
2.2500000000000004,1,0,nr,3.782e-16
2.2625000000000002,1,0,nr,3.782e-16
2.2750000000000004,1,0,nr,3.782e-16
2.2875000000000001,1,0,nr,3.782e-16
2.3000000000000003,1,0,nr,3.782e-16
2.3125000000000004,1,0,nr,3.782e-16
2.3250000000000002,1,0,nr,3.782e-16
2.3375000000000004,1,0,nr,3.782e-16
2.3500000000000001,1,0,nr,3.782e-16
2.3625000000000003,1,0,nr,3.782e-16
2.3750000000000004,1,0,nr,3.782e-16
2.3875000000000002,1,0,nr,3.782e-16
2.4000000000000004,1,0,nr,3.782e-16
2.4125000000000005,1,0,nr,3.782e-16
2.4250000000000003,1,0,nr,3.782e-16
2.4375000000000004,1,0,nr,3.782e-16
2.4500000000000002,1,0,nr,3.782e-16
2.4625000000000004,1,0,nr,3.782e-16
2.4750000000000005,1,0,nr,3.782e-16
2.4875000000000003,1,0,nr,3.782e-16
2.5000000000000004,1,0,nr,3.782e-16
2.5125000000000002,1,0,nr,3.782e-16
2.5250000000000004,1,0,nr,3.782e-16
2.5375000000000005,1,0,nr,3.782e-16
2.5500000000000003,1,0,nr,3.782e-16
2.5625000000000004,1,0,nr,3.782e-16
2.5750000000000002,1,0,nr,3.782e-16
2.5875000000000004,1,0,nr,3.782e-16
2.6000000000000005,1,0,nr,3.782e-16
2.6125000000000003,1,0,nr,3.782e-16
2.6250000000000004,1,0,nr,3.782e-16
2.6375000000000002,1,0,nr,3.782e-16
2.6500000000000004,1,0,nr,3.782e-16
2.6625000000000005,1,0,nr,3.782e-16
2.6750000000000003,1,0,nr,3.782e-16
2.6875000000000004,1,0,nr,3.782e-16
2.7000000000000002,1,0,nr,3.782e-16
2.7125000000000004,1,0,nr,3.782e-16
2.7250000000000005,1,0,nr,3.782e-16
2.7375000000000003,1,0,nr,3.782e-16
2.7500000000000004,1,0,nr,3.782e-16
2.7625000000000002,1,0,nr,3.782e-16
2.7750000000000004,1,0,nr,3.782e-16
2.7875000000000005,1,0,nr,3.782e-16
2.8000000000000003,1,0,nr,3.782e-16
2.8125000000000004,1,0,nr,3.782e-16
2.8250000000000002,1,0,nr,3.782e-16
2.8375000000000004,1,0,nr,3.782e-16
2.8500000000000005,1,0,nr,3.782e-16
2.8625000000000003,1,0,nr,3.782e-16
2.8750000000000004,1,0,nr,3.782e-16
2.8875000000000002,1,0,nr,3.782e-16
2.9000000000000004,1,0,nr,3.782e-16
2.9125000000000005,1,0,nr,3.782e-16
2.9250000000000003,1,0,nr,3.782e-16
2.9375000000000004,1,0,nr,3.782e-16
2.9500000000000002,1,0,nr,3.782e-16
2.9625000000000004,1,0,nr,3.782e-16
2.9750000000000005,1,0,nr,3.782e-16
2.9875000000000003,1,0,nr,3.782e-16
3.0000000000000004,1,0,nr,3.782e-16
3.0125000000000002,1,0,nr,3.782e-16
3.0250000000000004,1,0,nr,3.782e-16
3.0375000000000005,1,0,nr,3.782e-16
3.0500000000000003,1,0,nr,3.782e-16
3.0625000000000004,1,0,nr,3.782e-16
3.0750000000000002,1,0,nr,3.782e-16
3.0875000000000004,1,0,nr,3.782e-16
3.1000000000000005,1,0,nr,3.782e-16
3.1125000000000003,1,0,nr,3.782e-16
3.1250000000000004,1,0,nr,3.782e-16
3.1375000000000002,1,0,nr,3.782e-16
3.1500000000000004,1,0,nr,3.782e-16
3.1625000000000005,1,0,nr,3.782e-16
3.1750000000000003,1,0,nr,3.782e-16
3.1875000000000004,1,0,nr,3.782e-16
3.2000000000000002,1,0,nr,3.782e-16
3.2125000000000004,1,0,nr,3.782e-16
3.2250000000000005,1,0,nr,3.782e-16
3.2375000000000003,1,0,nr,3.782e-16
3.2500000000000004,1,0,nr,3.782e-16
3.2625000000000002,1,0,nr,3.782e-16
3.2750000000000004,1,0,nr,3.782e-16
3.2875000000000005,1,0,nr,3.782e-16
3.3000000000000003,1,0,nr,3.782e-16
3.3125000000000004,1,0,nr,3.782e-16
3.3250000000000002,1,0,nr,3.782e-16
3.3375000000000004,1,0,nr,3.782e-16
3.3500000000000005,1,0,nr,3.782e-16
3.3625000000000003,1,0,nr,3.782e-16
3.3750000000000004,1,0,nr,3.782e-16
3.3875000000000002,1,0,nr,3.782e-16
3.4000000000000004,1,0,nr,3.782e-16
3.4125000000000005,1,0,nr,3.782e-16
3.4250000000000003,1,0,nr,3.782e-16
3.4375000000000004,1,0,nr,3.782e-16
3.4500000000000002,1,0,nr,3.782e-16
3.4625000000000004,1,0,nr,3.782e-16
3.4750000000000005,1,0,nr,3.782e-16
3.4875000000000003,1,0,nr,3.782e-16
3.5000000000000004,1,0,nr,3.782e-16
3.5125000000000002,1,0,nr,3.782e-16
3.5250000000000004,1,0,nr,3.782e-16
3.5375000000000005,1,0,nr,3.782e-16
3.5500000000000003,1,0,nr,3.782e-16
3.5625000000000004,1,0,nr,3.782e-16
3.5750000000000002,1,0,nr,3.782e-16
3.5875000000000004,1,0,nr,3.782e-16
3.6000000000000005,1,0,nr,3.782e-16
3.6125000000000003,1,0,nr,3.782e-16
3.6250000000000004,1,0,nr,3.782e-16
3.6375000000000002,1,0,nr,3.782e-16
3.6500000000000004,1,0,nr,3.782e-16
3.6625000000000005,1,0,nr,3.782e-16
3.6750000000000003,1,0,nr,3.782e-16
3.6875000000000004,1,0,nr,3.782e-16
3.7000000000000002,1,0,nr,3.782e-16
3.7125000000000004,1,0,nr,3.782e-16
3.7250000000000005,1,0,nr,3.782e-16
3.7375000000000003,1,0,nr,3.782e-16
3.7500000000000004,1,0,nr,3.782e-16
3.7625000000000002,1,0,nr,3.782e-16
3.7750000000000004,1,0,nr,3.782e-16
3.7875000000000005,1,0,nr,3.782e-16
3.8000000000000003,1,0,nr,3.782e-16
3.8125000000000004,1,0,nr,3.782e-16
3.8250000000000002,1,0,nr,3.782e-16
3.8375000000000004,1,0,nr,3.782e-16
3.8500000000000005,1,0,nr,3.782e-16
3.8625000000000003,1,0,nr,3.782e-16
3.8750000000000004,1,0,nr,3.782e-16
3.8875000000000002,1,0,nr,3.782e-16
3.9000000000000004,1,0,nr,3.782e-16
3.9125000000000005,1,0,nr,3.782e-16
3.9250000000000003,1,0,nr,3.782e-16
3.9375000000000004,1,0,nr,3.782e-16
3.9500000000000002,1,0,nr,3.782e-16
3.9625000000000004,1,0,nr,3.782e-16
3.9750000000000005,1,0,nr,3.782e-16
3.9875000000000003,1,0,nr,3.782e-16
4,1,0,nr,3.782e-16
4.0125000000000002,1,0,nr,3.782e-16
4.0250000000000004,1,0,nr,3.782e-16
4.0375000000000005,1,0,nr,3.782e-16
4.0500000000000007,1,0,nr,3.782e-16
4.0625,1,0,nr,3.782e-16
4.0750000000000002,1,0,nr,3.782e-16
4.0875000000000004,1,0,nr,3.782e-16
4.1000000000000005,1,0,nr,3.782e-16
4.1125000000000007,1,0,nr,3.782e-16
4.125,1,0,nr,3.782e-16
4.1375000000000002,1,0,nr,3.782e-16
4.1500000000000004,1,0,nr,3.782e-16
4.1625000000000005,1,0,nr,3.782e-16
4.1750000000000007,1,0,nr,3.782e-16
4.1875,1,0,nr,3.782e-16
4.2000000000000002,1,0,nr,3.782e-16
4.2125000000000004,1,0,nr,3.782e-16
4.2250000000000005,1,0,nr,3.782e-16
4.2375000000000007,1,0,nr,3.782e-16
4.25,1,0,nr,3.782e-16
4.2625000000000002,1,0,nr,3.782e-16
4.2750000000000004,1,0,nr,3.782e-16
4.2875000000000005,1,0,nr,3.782e-16
4.3000000000000007,1,0,nr,3.782e-16
4.3125,1,0,nr,3.782e-16
4.3250000000000002,1,0,nr,3.782e-16
4.3375000000000004,1,0,nr,3.782e-16
4.3500000000000005,1,0,nr,3.782e-16
4.3625000000000007,1,0,nr,3.782e-16
4.375,1,0,nr,3.782e-16
4.3875000000000002,1,0,nr,3.782e-16
4.4000000000000004,1,0,nr,3.782e-16
4.4125000000000005,1,0,nr,3.782e-16
4.4250000000000007,1,0,nr,3.782e-16
4.4375,1,0,nr,3.782e-16
4.4500000000000002,1,0,nr,3.782e-16
4.4625000000000004,1,0,nr,3.782e-16
4.4750000000000005,1,0,nr,3.782e-16
4.4875000000000007,1,0,nr,3.782e-16
4.5,1,0,nr,3.782e-16
4.5125000000000002,1,0,nr,3.782e-16
4.5250000000000004,1,0,nr,3.782e-16
4.5375000000000005,1,0,nr,3.782e-16
4.5500000000000007,1,0,nr,3.782e-16
4.5625,1,0,nr,3.782e-16
4.5750000000000002,1,0,nr,3.782e-16
4.5875000000000004,1,0,nr,3.782e-16
4.6000000000000005,1,0,nr,3.782e-16
4.6125000000000007,1,0,nr,3.782e-16
4.625,1,0,nr,3.782e-16
4.6375000000000002,1,0,nr,3.782e-16
4.6500000000000004,1,0,nr,3.782e-16
4.6625000000000005,1,0,nr,3.782e-16
4.6750000000000007,1,0,nr,3.782e-16
4.6875,1,0,nr,3.782e-16
4.7000000000000002,1,0,nr,3.782e-16
4.7125000000000004,1,0,nr,3.782e-16
4.7250000000000005,1,0,nr,3.782e-16
4.7375000000000007,1,0,nr,3.782e-16
4.75,1,0,nr,3.782e-16
4.7625000000000002,1,0,nr,3.782e-16
4.7750000000000004,1,0,nr,3.782e-16
4.7875000000000005,1,0,nr,3.782e-16
4.8000000000000007,1,0,nr,3.782e-16
4.8125000000000009,1,0,nr,3.782e-16
4.8250000000000002,1,0,nr,3.782e-16
4.8375000000000004,1,0,nr,3.782e-16
4.8500000000000005,1,0,nr,3.782e-16
4.8625000000000007,1,0,nr,3.782e-16
4.8750000000000009,1,0,nr,3.782e-16
4.8875000000000002,1,0,nr,3.782e-16
4.9000000000000004,1,0,nr,3.782e-16
4.9125000000000005,1,0,nr,3.782e-16
4.9250000000000007,1,0,nr,3.782e-16
4.9375000000000009,1,0,nr,3.782e-16
4.9500000000000002,1,0,nr,3.782e-16
4.9625000000000004,1,0,nr,3.782e-16
4.9750000000000005,1,0,nr,3.782e-16
4.9875000000000007,1,0,nr,3.782e-16
5.0000000000000009,1,0,nr,3.782e-16
5.0125000000000002,1,0,nr,3.782e-16
5.0250000000000004,1,0,nr,3.782e-16
5.0375000000000005,1,0,nr,3.782e-16
5.0500000000000007,1,0,nr,3.782e-16
5.0625000000000009,1,0,nr,3.782e-16
5.0750000000000002,1,0,nr,3.782e-16
5.0875000000000004,1,0,nr,3.782e-16
5.1000000000000005,1,0,nr,3.782e-16
5.1125000000000007,1,0,nr,3.782e-16
5.1250000000000009,1,0,nr,3.782e-16
5.1375000000000002,1,0,nr,3.782e-16
5.1500000000000004,1,0,nr,3.782e-16
5.1625000000000005,1,0,nr,3.782e-16
5.1750000000000007,1,0,nr,3.782e-16
5.1875000000000009,1,0,nr,3.782e-16
5.2000000000000002,1,0,nr,3.782e-16
5.2125000000000004,1,0,nr,3.782e-16
5.2250000000000005,1,0,nr,3.782e-16
5.2375000000000007,1,0,nr,3.782e-16
5.2500000000000009,1,0,nr,3.782e-16
5.2625000000000002,1,0,nr,3.782e-16
5.2750000000000004,1,0,nr,3.782e-16
5.2875000000000005,1,0,nr,3.782e-16
5.3000000000000007,1,0,nr,3.782e-16
5.3125000000000009,1,0,nr,3.782e-16
5.3250000000000002,1,0,nr,3.782e-16
5.3375000000000004,1,0,nr,3.782e-16
5.3500000000000005,1,0,nr,3.782e-16
5.3625000000000007,1,0,nr,3.782e-16
5.3750000000000009,1,0,nr,3.782e-16
5.3875000000000002,1,0,nr,3.782e-16
5.4000000000000004,1,0,nr,3.782e-16
5.4125000000000005,1,0,nr,3.782e-16
5.4250000000000007,1,0,nr,3.782e-16
5.4375000000000009,1,0,nr,3.782e-16
5.4500000000000002,1,0,nr,3.782e-16
5.4625000000000004,1,0,nr,3.782e-16
5.4750000000000005,1,0,nr,3.782e-16
5.4875000000000007,1,0,nr,3.782e-16
5.5000000000000009,1,0,nr,3.782e-16
5.5125000000000002,1,0,nr,3.782e-16
5.5250000000000004,1,0,nr,3.782e-16
5.5375000000000005,1,0,nr,3.782e-16
5.5500000000000007,1,0,nr,3.782e-16
5.5625000000000009,1,0,nr,3.782e-16
5.5750000000000002,1,0,nr,3.782e-16
5.5875000000000004,1,0,nr,3.782e-16
5.6000000000000005,1,0,nr,3.782e-16
5.6125000000000007,1,0,nr,3.782e-16
5.6250000000000009,1,0,nr,3.782e-16
5.6375000000000002,1,0,nr,3.782e-16
5.6500000000000004,1,0,nr,3.782e-16
5.6625000000000005,1,0,nr,3.782e-16
5.6750000000000007,1,0,nr,3.782e-16
5.6875000000000009,1,0,nr,3.782e-16
5.7000000000000002,1,0,nr,3.782e-16
5.7125000000000004,1,0,nr,3.782e-16
5.7250000000000005,1,0,nr,3.782e-16
5.7375000000000007,1,0,nr,3.782e-16
5.7500000000000009,1,0,nr,3.782e-16
5.7625000000000002,1,0,nr,3.782e-16
5.7750000000000004,1,0,nr,3.782e-16
5.7875000000000005,1,0,nr,3.782e-16
5.8000000000000007,1,0,nr,3.782e-16
5.8125000000000009,1,0,nr,3.782e-16
5.8250000000000002,1,0,nr,3.782e-16
5.8375000000000004,1,0,nr,3.782e-16
5.8500000000000005,1,0,nr,3.782e-16
5.8625000000000007,1,0,nr,3.782e-16
5.8750000000000009,1,0,nr,3.782e-16
5.8875000000000002,1,0,nr,3.782e-16
5.9000000000000004,1,0,nr,3.782e-16
5.9125000000000005,1,0,nr,3.782e-16
5.9250000000000007,1,0,nr,3.782e-16
5.9375000000000009,1,0,nr,3.782e-16
5.9500000000000002,1,0,nr,3.782e-16
5.9625000000000004,1,0,nr,3.782e-16
5.9750000000000005,1,0,nr,3.782e-16
5.9875000000000007,1,0,nr,3.782e-16
6.0000000000000009,1,0,nr,3.782e-16
6.0125000000000002,1,0,nr,3.782e-16
6.0250000000000004,1,0,nr,3.782e-16
6.0375000000000005,1,0,nr,3.782e-16
6.0500000000000007,1,0,nr,3.782e-16
6.0625000000000009,1,0,nr,3.782e-16
6.0750000000000002,1,0,nr,3.782e-16
6.0875000000000004,1,0,nr,3.782e-16
6.1000000000000005,1,0,nr,3.782e-16
6.1125000000000007,1,0,nr,3.782e-16
6.1250000000000009,1,0,nr,3.782e-16
6.1375000000000002,1,0,nr,3.782e-16
6.1500000000000004,1,0,nr,3.782e-16
6.1625000000000005,1,0,nr,3.782e-16
6.1750000000000007,1,0,nr,3.782e-16
6.1875000000000009,1,0,nr,3.782e-16
6.2000000000000002,1,0,nr,3.782e-16
6.2125000000000004,1,0,nr,3.782e-16
6.2250000000000005,1,0,nr,3.782e-16
6.2375000000000007,1,0,nr,3.782e-16
6.2500000000000009,1,0,nr,3.782e-16
6.2625000000000002,1,0,nr,3.782e-16
6.2750000000000004,1,0,nr,3.782e-16
6.2875000000000005,1,0,nr,3.782e-16
6.3000000000000007,1,0,nr,3.782e-16
6.3125000000000009,1,0,nr,3.782e-16
6.3250000000000002,1,0,nr,3.782e-16
6.3375000000000004,1,0,nr,3.782e-16
6.3500000000000005,1,0,nr,3.782e-16
6.3625000000000007,1,0,nr,3.782e-16
6.3750000000000009,1,0,nr,3.782e-16
6.3875000000000002,1,0,nr,3.782e-16
6.4000000000000004,1,0,nr,3.782e-16
6.4125000000000005,1,0,nr,3.782e-16
6.4250000000000007,1,0,nr,3.782e-16
6.4375000000000009,1,0,nr,3.782e-16
6.4500000000000002,1,0,nr,3.782e-16
6.4625000000000004,1,0,nr,3.782e-16
6.4750000000000005,1,0,nr,3.782e-16
6.4875000000000007,1,0,nr,3.782e-16
6.5000000000000009,1,0,nr,3.782e-16
6.5125000000000002,1,0,nr,3.782e-16
6.5250000000000004,1,0,nr,3.782e-16
6.5375000000000005,1,0,nr,3.782e-16
6.5500000000000007,1,0,nr,3.782e-16
6.5625000000000009,1,0,nr,3.782e-16
6.5750000000000002,1,0,nr,3.782e-16
6.5875000000000004,1,0,nr,3.782e-16
6.6000000000000005,1,0,nr,3.782e-16
6.6125000000000007,1,0,nr,3.782e-16
6.6250000000000009,1,0,nr,3.782e-16
6.6375000000000002,1,0,nr,3.782e-16
6.6500000000000004,1,0,nr,3.782e-16
6.6625000000000005,1,0,nr,3.782e-16
6.6750000000000007,1,0,nr,3.782e-16
6.6875000000000009,1,0,nr,3.782e-16
6.7000000000000002,1,0,nr,3.782e-16
6.7125000000000004,1,0,nr,3.782e-16
6.7250000000000005,1,0,nr,3.782e-16
6.7375000000000007,1,0,nr,3.782e-16
6.7500000000000009,1,0,nr,3.782e-16
6.7625000000000002,1,0,nr,3.782e-16
6.7750000000000004,1,0,nr,3.782e-16
6.7875000000000005,1,0,nr,3.782e-16
6.8000000000000007,1,0,nr,3.782e-16
6.8125000000000009,1,0,nr,3.782e-16
6.8250000000000002,1,0,nr,3.782e-16
6.8375000000000004,1,0,nr,3.782e-16
6.8500000000000005,1,0,nr,3.782e-16
6.8625000000000007,1,0,nr,3.782e-16
6.8750000000000009,1,0,nr,3.782e-16
6.8875000000000002,1,0,nr,3.782e-16
6.9000000000000004,1,0,nr,3.782e-16
6.9125000000000005,1,0,nr,3.782e-16
6.9250000000000007,1,0,nr,3.782e-16
6.9375000000000009,1,0,nr,3.782e-16
6.9500000000000002,1,0,nr,3.782e-16
6.9625000000000004,1,0,nr,3.782e-16
6.9750000000000005,1,0,nr,3.782e-16
6.9875000000000007,1,0,nr,3.782e-16
7.0000000000000009,1,0,nr,3.782e-16
7.0125000000000002,1,0,nr,3.782e-16
7.0250000000000004,1,0,nr,3.782e-16
7.0375000000000005,1,0,nr,3.782e-16
7.0500000000000007,1,0,nr,3.782e-16
7.0625000000000009,1,0,nr,3.782e-16
7.0750000000000002,1,0,nr,3.782e-16
7.0875000000000004,1,0,nr,3.782e-16
7.1000000000000005,1,0,nr,3.782e-16
7.1125000000000007,1,0,nr,3.782e-16
7.1250000000000009,1,0,nr,3.782e-16
7.1375000000000002,1,0,nr,3.782e-16
7.1500000000000004,1,0,nr,3.782e-16
7.1625000000000005,1,0,nr,3.782e-16
7.1750000000000007,1,0,nr,3.782e-16
7.1875000000000009,1,0,nr,3.782e-16
7.2000000000000002,1,0,nr,3.782e-16
7.2125000000000004,1,0,nr,3.782e-16
7.2250000000000005,1,0,nr,3.782e-16
7.2375000000000007,1,0,nr,3.782e-16
7.2500000000000009,1,0,nr,3.782e-16
7.2625000000000002,1,0,nr,3.782e-16
7.2750000000000004,1,0,nr,3.782e-16
7.2875000000000005,1,0,nr,3.782e-16
7.3000000000000007,1,0,nr,3.782e-16
7.3125000000000009,1,0,nr,3.782e-16
7.3250000000000002,1,0,nr,3.782e-16
7.3375000000000004,1,0,nr,3.782e-16
7.3500000000000005,1,0,nr,3.782e-16
7.3625000000000007,1,0,nr,3.782e-16
7.3750000000000009,1,0,nr,3.782e-16
7.3875000000000002,1,0,nr,3.782e-16
7.4000000000000004,1,0,nr,3.782e-16
7.4125000000000005,1,0,nr,3.782e-16
7.4250000000000007,1,0,nr,3.782e-16
7.4375000000000009,1,0,nr,3.782e-16
7.4500000000000002,1,0,nr,3.782e-16
7.4625000000000004,1,0,nr,3.782e-16
7.4750000000000005,1,0,nr,3.782e-16
7.4875000000000007,1,0,nr,3.782e-16
7.5000000000000009,1,0,nr,3.782e-16
7.5125000000000002,1,0,nr,3.782e-16
7.5250000000000004,1,0,nr,3.782e-16
7.5375000000000005,1,0,nr,3.782e-16
7.5500000000000007,1,0,nr,3.782e-16
7.5625000000000009,1,0,nr,3.782e-16
7.5750000000000002,1,0,nr,3.782e-16
7.5875000000000004,1,0,nr,3.782e-16
7.6000000000000005,1,0,nr,3.782e-16
7.6125000000000007,1,0,nr,3.782e-16
7.6250000000000009,1,0,nr,3.782e-16
7.6375000000000002,1,0,nr,3.782e-16
7.6500000000000004,1,0,nr,3.782e-16
7.6625000000000005,1,0,nr,3.782e-16
7.6750000000000007,1,0,nr,3.782e-16
7.6875000000000009,1,0,nr,3.782e-16
7.7000000000000002,1,0,nr,3.782e-16
7.7125000000000004,1,0,nr,3.782e-16
7.7250000000000005,1,0,nr,3.782e-16
7.7375000000000007,1,0,nr,3.782e-16
7.7500000000000009,1,0,nr,3.782e-16
7.7625000000000002,1,0,nr,3.782e-16
7.7750000000000004,1,0,nr,3.782e-16
7.7875000000000005,1,0,nr,3.782e-16
7.8000000000000007,1,0,nr,3.782e-16
7.8125000000000009,1,0,nr,3.782e-16
7.8250000000000002,1,0,nr,3.782e-16
7.8375000000000004,1,0,nr,3.782e-16
7.8500000000000005,1,0,nr,3.782e-16
7.8625000000000007,1,0,nr,3.782e-16
7.8750000000000009,1,0,nr,3.782e-16
7.8875000000000002,1,0,nr,3.782e-16
7.9000000000000004,1,0,nr,3.782e-16
7.9125000000000005,1,0,nr,3.782e-16
7.9250000000000007,1,0,nr,3.782e-16
7.9375000000000009,1,0,nr,3.782e-16
7.9500000000000002,1,0,nr,3.782e-16
7.9625000000000004,1,0,nr,3.782e-16
7.9750000000000005,1,0,nr,3.782e-16
7.9875000000000007,1,0,nr,3.782e-16
8,1,0,nr,3.782e-16
8.0124999999999993,1,0,nr,3.782e-16
8.0250000000000004,1,0,nr,3.782e-16
8.0374999999999996,1,0,nr,3.782e-16
8.0499999999999989,1,0,nr,3.782e-16
8.0625,1,0,nr,3.782e-16
8.0749999999999993,1,0,nr,3.782e-16
8.0875000000000004,1,0,nr,3.782e-16
8.0999999999999996,1,0,nr,3.782e-16
8.1124999999999989,1,0,nr,3.782e-16
8.125,1,0,nr,3.782e-16
8.1374999999999993,1,0,nr,3.782e-16
8.1500000000000004,1,0,nr,3.782e-16
8.1624999999999996,1,0,nr,3.782e-16
8.1749999999999989,1,0,nr,3.782e-16
8.1875,1,0,nr,3.782e-16
8.1999999999999993,1,0,nr,3.782e-16
8.2125000000000004,1,0,nr,3.782e-16
8.2249999999999996,1,0,nr,3.782e-16
8.2374999999999989,1,0,nr,3.782e-16
8.25,1,0,nr,3.782e-16
8.2624999999999993,1,0,nr,3.782e-16
8.2750000000000004,1,0,nr,3.782e-16
8.2874999999999996,1,0,nr,3.782e-16
8.2999999999999989,1,0,nr,3.782e-16
8.3125,1,0,nr,3.782e-16
8.3249999999999993,1,0,nr,3.782e-16
8.3375000000000004,1,0,nr,3.782e-16
8.3499999999999996,1,0,nr,3.782e-16
8.3624999999999989,1,0,nr,3.782e-16
8.375,1,0,nr,3.782e-16
8.3874999999999993,1,0,nr,3.782e-16
8.4000000000000004,1,0,nr,3.782e-16
8.4124999999999996,1,0,nr,3.782e-16
8.4249999999999989,1,0,nr,3.782e-16
8.4375,1,0,nr,3.782e-16
8.4499999999999993,1,0,nr,3.782e-16
8.4625000000000004,1,0,nr,3.782e-16
8.4749999999999996,1,0,nr,3.782e-16
8.4874999999999989,1,0,nr,3.782e-16
8.5,1,0,nr,3.782e-16
8.5124999999999993,1,0,nr,3.782e-16
8.5250000000000004,1,0,nr,3.782e-16
8.5374999999999996,1,0,nr,3.782e-16
8.5499999999999989,1,0,nr,3.782e-16
8.5625,1,0,nr,3.782e-16
8.5749999999999993,1,0,nr,3.782e-16
8.5875000000000004,1,0,nr,3.782e-16
8.5999999999999996,1,0,nr,3.782e-16
8.6124999999999989,1,0,nr,3.782e-16
8.625,1,0,nr,3.782e-16
8.6374999999999993,1,0,nr,3.782e-16
8.6500000000000004,1,0,nr,3.782e-16
8.6624999999999996,1,0,nr,3.782e-16
8.6749999999999989,1,0,nr,3.782e-16
8.6875,1,0,nr,3.782e-16
8.6999999999999993,1,0,nr,3.782e-16
8.7125000000000004,1,0,nr,3.782e-16
8.7249999999999996,1,0,nr,3.782e-16
8.7374999999999989,1,0,nr,3.782e-16
8.75,1,0,nr,3.782e-16
8.7624999999999993,1,0,nr,3.782e-16
8.7750000000000004,1,0,nr,3.782e-16
8.7874999999999996,1,0,nr,3.782e-16
8.7999999999999989,1,0,nr,3.782e-16
8.8125,1,0,nr,3.782e-16
8.8249999999999993,1,0,nr,3.782e-16
8.8375000000000004,1,0,nr,3.782e-16
8.8499999999999996,1,0,nr,3.782e-16
8.8624999999999989,1,0,nr,3.782e-16
8.875,1,0,nr,3.782e-16
8.8874999999999993,1,0,nr,3.782e-16
8.9000000000000004,1,0,nr,3.782e-16
8.9124999999999996,1,0,nr,3.782e-16
8.9249999999999989,1,0,nr,3.782e-16
8.9375,1,0,nr,3.782e-16
8.9499999999999993,1,0,nr,3.782e-16
8.9625000000000004,1,0,nr,3.782e-16
8.9749999999999996,1,0,nr,3.782e-16
8.9874999999999989,1,0,nr,3.782e-16
9,1,0,nr,3.782e-16
9.0124999999999993,1,0,nr,3.782e-16
9.0250000000000004,1,0,nr,3.782e-16
9.0374999999999996,1,0,nr,3.782e-16
9.0499999999999989,1,0,nr,3.782e-16
9.0625,1,0,nr,3.782e-16
9.0749999999999993,1,0,nr,3.782e-16
9.0875000000000004,1,0,nr,3.782e-16
9.0999999999999996,1,0,nr,3.782e-16
9.1124999999999989,1,0,nr,3.782e-16
9.125,1,0,nr,3.782e-16
9.1374999999999993,1,0,nr,3.782e-16
9.1500000000000004,1,0,nr,3.782e-16
9.1624999999999996,1,0,nr,3.782e-16
9.1749999999999989,1,0,nr,3.782e-16
9.1875,1,0,nr,3.782e-16
9.1999999999999993,1,0,nr,3.782e-16
9.2125000000000004,1,0,nr,3.782e-16
9.2249999999999996,1,0,nr,3.782e-16
9.2374999999999989,1,0,nr,3.782e-16
9.25,1,0,nr,3.782e-16
9.2624999999999993,1,0,nr,3.782e-16
9.2750000000000004,1,0,nr,3.782e-16
9.2874999999999996,1,0,nr,3.782e-16
9.2999999999999989,1,0,nr,3.782e-16
9.3125,1,0,nr,3.782e-16
9.3249999999999993,1,0,nr,3.782e-16
9.3375000000000004,1,0,nr,3.782e-16
9.3499999999999996,1,0,nr,3.782e-16
9.3624999999999989,1,0,nr,3.782e-16
9.375,1,0,nr,3.782e-16
9.3874999999999993,1,0,nr,3.782e-16
9.4000000000000004,1,0,nr,3.782e-16
9.4124999999999996,1,0,nr,3.782e-16
9.4249999999999989,1,0,nr,3.782e-16
9.4375,1,0,nr,3.782e-16
9.4499999999999993,1,0,nr,3.782e-16
9.4625000000000004,1,0,nr,3.782e-16
9.4749999999999996,1,0,nr,3.782e-16
9.4874999999999989,1,0,nr,3.782e-16
9.5,1,0,nr,3.782e-16
9.5124999999999993,1,0,nr,3.782e-16
9.5250000000000004,1,0,nr,3.782e-16
9.5374999999999996,1,0,nr,3.782e-16
9.5499999999999989,1,0,nr,3.782e-16
9.5625,1,0,nr,3.782e-16
9.5749999999999993,1,0,nr,3.782e-16
9.5875000000000004,1,0,nr,3.782e-16
9.5999999999999996,1,0,nr,3.782e-16
9.6125000000000007,1,0,nr,3.782e-16
9.625,1,0,nr,3.782e-16
9.6374999999999993,1,0,nr,3.782e-16
9.6500000000000004,1,0,nr,3.782e-16
9.6624999999999996,1,0,nr,3.782e-16
9.6750000000000007,1,0,nr,3.782e-16
9.6875,1,0,nr,3.782e-16
9.6999999999999993,1,0,nr,3.782e-16
9.7125000000000004,1,0,nr,3.782e-16
9.7249999999999996,1,0,nr,3.782e-16
9.7375000000000007,1,0,nr,3.782e-16
9.75,1,0,nr,3.782e-16
9.7624999999999993,1,0,nr,3.782e-16
9.7750000000000004,1,0,nr,3.782e-16
9.7874999999999996,1,0,nr,3.782e-16
9.8000000000000007,1,0,nr,3.782e-16
9.8125,1,0,nr,3.782e-16
9.8249999999999993,1,0,nr,3.782e-16
9.8375000000000004,1,0,nr,3.782e-16
9.8499999999999996,1,0,nr,3.782e-16
9.8625000000000007,1,0,nr,3.782e-16
9.875,1,0,nr,3.782e-16
9.8874999999999993,1,0,nr,3.782e-16
9.9000000000000004,1,0,nr,3.782e-16
9.9124999999999996,1,0,nr,3.782e-16
9.9250000000000007,1,0,nr,3.782e-16
9.9375,1,0,nr,3.782e-16
9.9499999999999993,1,0,nr,3.782e-16
9.9625000000000004,1,0,nr,3.782e-16
9.9749999999999996,1,0,nr,3.782e-16
9.9875000000000007,1,0,nr,3.782e-16
10,1,0,nr,3.782e-16
1.8500000000000001,14.814740710793776,1,nr,1.266e-14
1.8625,14.624566291519189,1,nr,3.389e-14
1.875,14.438202905408481,1,nr,2.919e-13
1.8875,14.255550140543196,1,nr,1.292e-16
1.9000000000000001,14.076510878827809,1,nr,4.851e-17
1.9125000000000001,13.900991167348145,1,nr,2.318e-17
1.925,13.728900095431275,1,nr,1.767e-13
1.9375,13.56014967731047,1,nr,2.609e-13
1.95,13.394654740000576,1,nr,2.596e-14
1.9625000000000001,13.232332816153829,1,nr,7.082e-17
1.9750000000000001,13.07310404169124,1,nr,3.589e-13
1.9875,12.916891057918386,1,nr,7.927e-17
2,12.763618917810488,1,nr,2.682e-13
2.0125000000000002,12.613214996540032,1,nr,3.597e-13
2.0250000000000004,12.465608905701716,1,nr,4.634e-17
2.0375000000000001,12.320732411258795,1,nr,4.364e-17
2.0500000000000003,12.178519355028026,1,nr,3.106e-13
2.0625000000000004,12.038905579442483,1,nr,2.122e-13
2.0750000000000002,11.901828855453099,1,nr,9.096e-17
2.0875000000000004,11.767228813491773,1,nr,6.383e-17
2.1000000000000001,11.635046877297217,1,nr,2.361e-13
2.1125000000000003,11.50522620042986,1,nr,8.011e-17
2.1250000000000004,11.377711605457955,1,nr,4.765e-13
2.1375000000000002,11.252449525591315,1,nr,4.634e-16
2.1500000000000004,11.129387948632418,1,nr,9.097e-14
2.1625000000000001,11.008476363308834,1,nr,3.587e-13
2.1750000000000003,10.889665707668639,1,nr,3.137e-14
2.1875000000000004,10.772908319524989,1,nr,4.824e-13
2.2000000000000002,10.658157888960851,1,nr,4.451e-13
2.2125000000000004,10.545369412593718,1,nr,5.639e-17
2.2250000000000001,10.434499149693206,1,nr,6.744e-14
2.2375000000000003,10.32550458003055,1,nr,1.650e-16
2.2500000000000004,10.218344363302002,1,nr,4.159e-13
2.2625000000000002,10.11297830018051,1,nr,4.947e-13
2.2750000000000004,10.00936729480782,1,nr,1.050e-13
2.2875000000000001,9.9074733187400312,1,nr,6.914e-17
2.3000000000000003,9.8072593762811469,1,nr,6.119e-17
2.3125000000000004,9.7086894710928391,1,nr,3.265e-13
2.3250000000000002,9.6117285740864826,1,nr,2.592e-16
2.3375000000000004,9.5163425924695613,1,nr,1.536e-16
2.3500000000000001,9.4224983399967197,1,nr,5.527e-13
2.3625000000000003,9.3301635082866063,1,nr,1.978e-12
2.3750000000000004,9.2393066392386682,1,nr,1.271e-13
2.3875000000000002,9.149897098307612,1,nr,3.517e-15
2.4000000000000004,9.0619050489936441,1,nr,4.573e-16
2.4125000000000005,8.9753014280583692,1,nr,5.775e-17
2.4250000000000003,8.8900579217150781,1,nr,5.301e-13
2.4375000000000004,8.8061469426378469,1,nr,1.473e-16
2.4500000000000002,8.7235416078447958,1,nr,3.853e-13
2.4625000000000004,8.642215717304218,1,nr,3.005e-17
2.4750000000000005,8.5621437333128299,1,nr,3.035e-17
2.4875000000000003,8.4833007606254007,1,nr,4.558e-13
2.5000000000000004,8.4056625272601178,1,nr,8.043e-16
2.5125000000000002,8.3292053659415455,1,nr,1.622e-13
2.5250000000000004,8.2539061962458664,1,nr,2.663e-13
2.5375000000000005,8.1797425073112588,1,nr,2.241e-14
2.5500000000000003,8.1066923411544192,1,nr,5.564e-16
2.5625000000000004,8.0347342765676864,1,nr,2.319e-14
2.5750000000000002,7.9638474135461843,1,nr,2.865e-13
2.5875000000000004,7.8940113582533851,1,nr,2.294e-13
2.6000000000000005,7.8252062084660388,1,nr,2.119e-12
2.6125000000000003,7.7574125395835978,1,nr,1.341e-16
2.6250000000000004,7.6906113909379865,1,nr,4.961e-16
2.6375000000000002,7.6247842527690182,1,nr,1.521e-14
2.6500000000000004,7.5599130534700221,1,nr,2.476e-15
2.6625000000000005,7.4959801473153282,1,nr,3.467e-16
2.6750000000000003,7.4329683025763433,1,nr,5.356e-13
2.6875000000000004,7.3708606900379259,1,nr,2.114e-16
2.7000000000000002,7.3096408718492052,1,nr,4.115e-14
2.7125000000000004,7.2492927907830964,1,nr,1.370e-13
2.7250000000000005,7.1898007598041573,1,nr,1.351e-14
2.7375000000000003,7.1311494519789544,1,nr,3.634e-16
2.7500000000000004,7.073323890710788,1,nr,4.662e-13
2.7625000000000002,7.0163094402880715,1,nr,2.459e-17
2.7750000000000004,6.9600917967103344,1,nr,1.576e-12
2.7875000000000005,6.9046569788018788,1,nr,3.853e-14
2.8000000000000003,6.8499913196679723,1,nr,4.524e-16
2.8125000000000004,6.796081458302293,1,nr,1.519e-16
2.8250000000000002,6.7429143315446307,1,nr,5.739e-13
2.8375000000000004,6.6904771662599929,1,nr,7.698e-17
2.8500000000000005,6.6387574717316893,1,nr,3.437e-13
2.8625000000000003,6.5877430323330852,1,nr,6.103e-13
2.8750000000000004,6.5374219003854357,1,nr,5.236e-17
2.8875000000000002,6.4877823892344884,1,nr,6.180e-13
2.9000000000000004,6.4388130665686072,1,nr,3.364e-13
2.9125000000000005,6.3905027478889407,1,nr,4.538e-16
2.9250000000000003,6.3428404902080375,1,nr,6.337e-13
2.9375000000000004,6.2958155859370581,1,nr,1.351e-16
2.9500000000000002,6.249417556919318,1,nr,1.144e-13
2.9625000000000004,6.203636148684577,1,nr,4.310e-13
2.9750000000000005,6.1584613248421434,1,nr,5.040e-13
2.9875000000000003,6.1138832616450243,1,nr,3.393e-13
3.0000000000000004,6.069892342714275,1,nr,5.066e-15
3.0125000000000002,6.0264791539138098,1,nr,1.148e-15
3.0250000000000004,5.9836344783761959,1,nr,4.660e-13
3.0375000000000005,5.9413492916721458,1,nr,6.227e-16
3.0500000000000003,5.8996147571025386,1,nr,6.150e-14
3.0625000000000004,5.858422221148639,1,nr,5.840e-13
3.0750000000000002,5.8177632090366815,1,nr,7.795e-13
3.0875000000000004,5.7776294204253906,1,nr,8.105e-13
3.1000000000000005,5.7380127252216413,1,nr,7.627e-13
3.1125000000000003,5.698905159510911,1,nr,3.965e-13
3.1250000000000004,5.660298921591008,1,nr,2.868e-12
3.1375000000000002,5.6221863681612367,1,nr,1.474e-16
3.1500000000000004,5.5845600105119546,1,nr,9.354e-14
3.1625000000000005,5.5474125109549952,1,nr,1.786e-16
3.1750000000000003,5.5107366792474002,1,nr,2.692e-16
3.1875000000000004,5.4745254691572214,1,nr,1.148e-13
3.2000000000000002,5.4387719751123411,1,nr,5.460e-13
3.2125000000000004,5.403469428942608,1,nr,7.341e-13
3.2250000000000005,5.3686111967041565,1,nr,6.707e-13
3.2375000000000003,5.3341907755926208,1,nr,3.133e-13
3.2500000000000004,5.3002017909542269,1,nr,8.385e-12
3.2625000000000002,5.2666379932688647,1,nr,1.295e-15
3.2750000000000004,5.2334932554813323,1,nr,8.155e-13
3.2875000000000005,5.2007615700503509,1,nr,5.282e-16
3.3000000000000003,5.1684370463175027,1,nr,8.924e-13
3.3125000000000004,5.1365139078817252,1,nr,3.131e-16
3.3250000000000002,5.1049864900060768,1,nr,1.131e-15
3.3375000000000004,5.0738492371359518,1,nr,6.553e-13
3.3500000000000005,5.0430967004568714,1,nr,1.192e-12
3.3625000000000003,5.0127235355166864,1,nr,1.353e-12
3.3750000000000004,4.9827244999095246,1,nr,1.388e-12
3.3875000000000002,4.9530944510188926,1,nr,1.287e-12
3.4000000000000004,4.9238283438151349,1,nr,7.649e-13
3.4125000000000005,4.8949212287056252,1,nr,6.630e-15
3.4250000000000003,4.8663682494382385,1,nr,7.103e-16
3.4375000000000004,4.8381646410583734,1,nr,1.383e-12
3.4500000000000002,4.8103057279089843,1,nr,6.621e-12
3.4625000000000004,4.7827869217153625,1,nr,1.643e-12
3.4750000000000005,4.7556037196029459,1,nr,2.614e-16
3.4875000000000003,4.7287517023158774,1,nr,9.944e-13
3.5000000000000004,4.7022265323834143,1,nr,0.000e+00
3.5125000000000002,4.676023952327145,1,nr,1.647e-15
3.5250000000000004,4.6501397829576234,1,nr,4.785e-12
3.5375000000000005,4.624569921631422,1,nr,1.934e-13
3.5500000000000003,4.5993103406807485,1,nr,4.535e-13
3.5625000000000004,4.5743570857129958,1,nr,4.133e-13
3.5750000000000002,4.549706274067737,1,nr,1.021e-13
3.5875000000000004,4.5253540932598071,1,nr,8.692e-16
3.6000000000000005,4.5012967994654343,1,nr,1.273e-15
3.6125000000000003,4.4775307160339546,1,nr,2.268e-12
3.6250000000000004,4.4540522320518043,1,nr,8.734e-13
3.6375000000000002,4.4308578008901049,1,nr,2.023e-16
3.6500000000000004,4.4079439388294093,1,nr,2.278e-12
3.6625000000000005,4.3853072236958468,1,nr,7.019e-12
3.6750000000000003,4.3629442935331939,1,nr,2.383e-12
3.6875000000000004,4.3408518452348099,1,nr,1.019e-15
3.7000000000000002,4.3190266333074723,1,nr,1.043e-12
3.7125000000000004,4.2974654685994791,1,nr,9.544e-16
3.7250000000000005,4.276165217034527,1,nr,1.024e-15
3.7375000000000003,4.2551227984172941,1,nr,4.431e-12
3.7500000000000004,4.2343351851917745,1,nr,6.141e-13
3.7625000000000002,4.2137994013321167,1,nr,1.569e-12
3.7750000000000004,4.193512521115629,1,nr,2.101e-12
3.7875000000000005,4.1734716680126231,1,nr,2.210e-12
3.8000000000000003,4.1536740135571542,1,nr,1.900e-12
3.8125000000000004,4.1341167762402771,1,nr,1.077e-12
3.8250000000000002,4.114797220418505,1,nr,7.773e-14
3.8375000000000004,4.0957126552378842,1,nr,9.675e-16
3.8500000000000005,4.0768604335769174,1,nr,4.843e-16
3.8625000000000003,4.0582379509914972,1,nr,2.859e-12
3.8750000000000004,4.0398426447018707,1,nr,5.157e-14
3.8875000000000002,4.0216719925310214,1,nr,1.388e-16
3.9000000000000004,4.0037235119311392,1,nr,2.083e-12
3.9125000000000005,3.9859947589793148,1,nr,1.599e-15
3.9250000000000003,3.9684833273595066,1,nr,2.657e-12
3.9375000000000004,3.9511868474301197,1,nr,4.872e-16
3.9500000000000002,3.9341029852004352,1,nr,1.327e-12
3.9625000000000004,3.9172294414163571,1,nr,4.879e-16
3.9750000000000005,3.9005639505689982,1,nr,3.487e-16
3.9875000000000003,3.884104279966289,1,nr,1.380e-12
4,3.8678482287860261,1,nr,3.894e-12
4.0125000000000002,3.8517936271488833,1,nr,4.889e-16
4.0250000000000004,3.8359383351536649,1,nr,1.188e-15
4.0375000000000005,3.8202802419809481,1,nr,9.387e-12
4.0500000000000007,3.8048172650079781,1,nr,8.265e-14
4.0625,3.7895473487705176,1,nr,4.622e-13
4.0750000000000002,3.7744684641713437,1,nr,6.240e-13
4.0875000000000004,3.7595786075027289,1,nr,4.153e-13
4.1000000000000005,3.7448757995465876,1,nr,4.157e-14
4.1125000000000007,3.730358084663747,1,nr,6.300e-16
4.125,3.7160235298855109,1,nr,2.100e-16
4.1375000000000002,3.7018702240030605,1,nr,9.101e-16
4.1500000000000004,3.687896276653166,1,nr,4.318e-12
4.1625000000000005,3.6740998174346173,1,nr,1.590e-12
4.1750000000000007,3.6604789949534573,1,nr,1.120e-15
4.1875,3.6470319759475069,1,nr,5.601e-16
4.2000000000000002,3.6337569443642841,1,nr,2.587e-12
4.2125000000000004,3.6206521004600694,1,nr,2.100e-16
4.2250000000000005,3.6077156598493625,1,nr,4.608e-12
4.2375000000000007,3.5949458526509193,1,nr,7.278e-15
4.25,3.5823409224963325,1,nr,6.997e-16
4.2625000000000002,3.5698991256722374,1,nr,2.910e-14
4.2750000000000004,3.5576187301653746,1,nr,4.687e-12
4.2875000000000005,3.5454980147751756,1,nr,1.398e-16
4.3000000000000007,3.5335352681284604,1,nr,3.224e-12
4.3125,3.5217287878331103,1,nr,6.988e-17
4.3250000000000002,3.5100768794866122,1,nr,2.449e-12
4.3375000000000004,3.4985778557770555,1,nr,3.095e-12
4.3500000000000005,3.4872300355864487,1,nr,6.982e-17
4.3625000000000007,3.4760317430008234,1,nr,0.000e+00
4.375,3.4649813064389239,1,nr,1.256e-15
4.3875000000000002,3.4540770577052751,1,nr,1.661e-12
4.4000000000000004,3.4433173310793728,1,nr,3.643e-12
4.4125000000000005,3.4327004623951667,1,nr,4.487e-12
4.4250000000000007,3.4222247881316505,1,nr,3.135e-16
4.4375,3.4118886444853547,1,nr,3.482e-16
4.4500000000000002,3.401690366504269,1,nr,6.961e-16
4.4625000000000004,3.3916282871724177,1,nr,6.959e-17
4.4750000000000005,3.3817007365321219,1,nr,7.304e-16
4.4875000000000007,3.3719060408117647,1,nr,5.562e-16
4.5,3.3622425215661078,1,nr,6.950e-17
4.5125000000000002,3.3527084948260542,1,nr,4.131e-12
4.5250000000000004,3.3433022702904971,1,nr,3.319e-12
4.5375000000000005,3.3340221504840226,1,nr,1.608e-12
4.5500000000000007,3.3248664299861419,1,nr,4.268e-14
4.5625,3.3158333946599359,1,nr,6.938e-17
4.5750000000000002,3.3069213209136854,1,nr,6.242e-16
4.5875000000000004,3.2981284749773265,1,nr,3.337e-12
4.6000000000000005,3.2894531122392419,1,nr,5.654e-13
4.6125000000000007,3.2808934765589921,1,nr,1.317e-15
4.625,3.2724477996853829,1,nr,4.849e-16
4.6375000000000002,3.2641143006658782,1,nr,1.188e-12
4.6500000000000004,3.2558911853202215,1,nr,4.501e-16
4.6625000000000005,3.2477766457342612,1,nr,3.264e-12
4.6750000000000007,3.239768859852501,1,nr,1.009e-13
4.6875,3.2318659910440455,1,nr,3.114e-16
4.7000000000000002,3.2240661878056511,1,nr,1.139e-12
4.7125000000000004,3.2163675834741161,1,nr,4.844e-16
4.7250000000000005,3.208768295999421,1,nr,1.609e-12
4.7375000000000007,3.2012664278173939,1,nr,3.287e-16
4.75,3.1938600657402878,1,nr,1.358e-12
4.7625000000000002,3.1865472809735174,1,nr,1.211e-16
4.7750000000000004,3.1793261291525639,1,nr,5.574e-13
4.7875000000000005,3.1721946505037364,1,nr,4.499e-16
4.8000000000000007,3.1651508700549091,1,nr,4.704e-12
4.8125000000000009,3.1581927979162914,1,nr,1.960e-12
4.8250000000000002,3.1513184297299106,1,nr,3.637e-16
4.8375000000000004,3.1445257470671693,1,nr,2.505e-13
4.8500000000000005,3.1378127180409523,1,nr,1.974e-12
4.8625000000000007,3.131177297951107,1,nr,9.015e-16
4.8750000000000009,3.1246174300125058,1,nr,1.482e-13
4.8875000000000002,3.1181310462138283,1,nr,1.558e-12
4.9000000000000004,3.1117160682456357,1,nr,4.515e-16
4.9125000000000005,3.1053704085302054,1,nr,1.608e-11
4.9250000000000007,3.0990919712655911,1,nr,5.382e-13
4.9375000000000009,3.0928786538109572,1,nr,1.380e-12
4.9500000000000002,3.0867283478105141,1,nr,9.362e-16
4.9625000000000004,3.0806389406518635,1,nr,1.285e-11
4.9750000000000005,3.0746083170101133,1,nr,1.004e-13
4.9875000000000007,3.068634360259507,1,nr,7.100e-13
5.0000000000000009,3.0627149542629462,1,nr,1.040e-12
5.0125000000000002,3.0568479850189476,1,nr,1.313e-16
5.0250000000000004,3.0510313424590727,1,nr,4.146e-12
5.0375000000000005,3.0452629223401626,1,nr,2.774e-12
5.0500000000000007,3.0395406280991653,1,nr,8.481e-14
5.0625000000000009,3.0338623729057361,1,nr,3.390e-13
5.0750000000000002,3.0282260816342101,1,nr,5.126e-13
5.0875000000000004,3.0226296929489558,1,nr,5.381e-13
5.1000000000000005,3.0170711613885146,1,nr,1.307e-11
5.1125000000000007,3.0115484595768951,1,nr,1.580e-11
5.1250000000000009,3.0060595801548105,1,nr,5.517e-12
5.1375000000000002,3.0006025382110422,1,nr,1.144e-12
5.1500000000000004,2.9951753732538022,1,nr,4.858e-14
5.1625000000000005,2.9897761514097669,1,nr,2.070e-15
5.1750000000000007,2.9844029675557384,1,nr,1.466e-15
5.1875000000000009,2.9790539474226847,1,nr,3.855e-13
5.2000000000000002,2.9737272496640399,1,nr,2.348e-12
5.2125000000000004,2.9684210678818488,1,nr,7.310e-12
5.2250000000000005,2.9631336325997819,1,nr,1.660e-11
5.2375000000000007,2.9578632132245222,1,nr,1.869e-11
5.2500000000000009,2.9526081196886897,1,nr,2.212e-15
5.2625000000000002,2.9473667045349821,1,nr,7.614e-13
5.2750000000000004,2.942137364327865,1,nr,8.681e-13
5.2875000000000005,2.9369185413537027,1,nr,9.463e-13
5.3000000000000007,2.9317087250858664,1,nr,9.893e-13
5.3125000000000009,2.9265064535667311,1,nr,9.920e-13
5.3250000000000002,2.9213103146785211,1,nr,9.546e-13
5.3375000000000004,2.9161189472988371,1,nr,8.707e-13
5.3500000000000005,2.9109310423368018,1,nr,7.464e-13
5.3625000000000007,2.9057453436464082,1,nr,5.879e-13
5.3750000000000009,2.9005606488144036,1,nr,4.050e-13
5.3875000000000002,2.895375809820754,1,nr,2.195e-13
5.4000000000000004,2.8901897335704598,1,nr,6.651e-14
5.4125000000000005,2.8850013822962359,1,nr,1.506e-16
5.4250000000000007,2.8798097738247939,1,nr,8.220e-12
5.4375000000000009,2.8746139817772356,1,nr,2.018e-11
5.4500000000000002,2.8694131354253445,1,nr,7.608e-17
5.4625000000000004,2.8642064198390735,1,nr,8.016e-16
5.4750000000000005,2.8589930754443338,1,nr,9.576e-16
5.4875000000000007,2.8537723977754212,1,nr,1.922e-16
5.5000000000000009,2.8485437369985678,1,nr,1.543e-16
5.5125000000000002,2.8433064973437139,1,nr,4.647e-16
5.5250000000000004,2.8380601364314142,1,nr,5.441e-16
5.5375000000000005,2.8328041645001196,1,nr,1.404e-15
5.5500000000000007,2.8275381435393832,1,nr,7.832e-17
5.5625000000000009,2.8222616863433174,1,nr,1.052e-11
5.5750000000000002,2.816974455439337,1,nr,1.062e-11
5.5875000000000004,2.8116761620255173,1,nr,1.000e-11
5.6000000000000005,2.8063665647549048,1,nr,8.596e-12
5.6125000000000007,2.8010454684977879,1,nr,6.438e-12
5.6250000000000009,2.7957127230393084,1,nr,3.794e-12
5.6375000000000002,2.7903682217269319,1,nr,1.273e-12
5.6500000000000004,2.7850119000742137,1,nr,2.586e-15
5.6625000000000005,2.7796437343258065,1,nr,1.541e-15
5.6750000000000007,2.7742637399923984,1,nr,3.258e-16
5.6875000000000009,2.768871970362492,1,nr,8.178e-17
5.7000000000000002,2.7634685149919962,1,nr,9.032e-16
5.7125000000000004,2.7580534981811069,1,nr,4.947e-16
5.7250000000000005,2.7526270774429298,1,nr,1.573e-15
5.7375000000000007,2.7471894419895584,1,nr,2.930e-11
5.7500000000000009,2.7417408111149921,1,nr,2.653e-11
5.7625000000000002,2.7362814327959728,1,nr,1.991e-11
5.7750000000000004,2.7308115820939136,1,nr,1.077e-11
5.7875000000000005,2.7253315596743715,1,nr,2.370e-12
5.8000000000000007,2.7198416903445573,1,nr,3.003e-11
5.8125000000000009,2.7143423214854963,1,nr,6.815e-16
5.8250000000000002,2.708833821823323,1,nr,1.454e-15
5.8375000000000004,2.7033165798222116,1,nr,6.871e-16
5.8500000000000005,2.6977910024053053,1,nr,1.552e-15
5.8625000000000007,2.6922575135741287,1,nr,2.497e-11
5.8750000000000009,2.6867165531567183,1,nr,3.271e-11
5.8875000000000002,2.6811685754976575,1,nr,3.140e-11
5.9000000000000004,2.6756140480853929,1,nr,1.194e-11
5.9125000000000005,2.6700534506383189,1,nr,1.212e-13
5.9250000000000007,2.6644872737396561,1,nr,1.237e-15
5.9375000000000009,2.6589160177662112,1,nr,1.064e-15
5.9500000000000002,2.6533401918295936,1,nr,1.158e-15
5.9625000000000004,2.647760312735818,1,nr,4.471e-16
5.9750000000000005,2.6421769039920453,1,nr,2.790e-12
5.9875000000000007,2.636590494853825,1,nr,1.954e-11
6.0000000000000009,2.6310016194786061,1,nr,3.885e-11
6.0125000000000002,2.6254108158599649,1,nr,8.958e-12
6.0250000000000004,2.6198186252991964,1,nr,3.646e-16
6.0375000000000005,2.6142255913980423,1,nr,2.288e-15
6.0500000000000007,2.6086322593846751,1,nr,1.378e-15
6.0625000000000009,2.6030391754115851,1,nr,9.219e-16
6.0750000000000002,2.5974468858839206,1,nr,8.328e-16
6.0875000000000004,2.5918559368305418,1,nr,1.857e-15
6.1000000000000005,2.5862668733008389,1,nr,2.122e-11
6.1125000000000007,2.5806802388788714,1,nr,2.991e-11
6.1250000000000009,2.5750965749752037,1,nr,8.007e-13
6.1375000000000002,2.5695164206010812,1,nr,7.537e-16
6.1500000000000004,2.5639403117086399,1,nr,2.174e-15
6.1625000000000005,2.5583687808513407,1,nr,2.846e-16
6.1750000000000007,2.5528023567777436,1,nr,1.714e-15
6.1875000000000009,2.5472415640676171,1,nr,1.910e-16
6.2000000000000002,2.5416869227967389,1,nr,2.779e-15
6.2125000000000004,2.5361389482203429,1,nr,1.783e-11
6.2250000000000005,2.5305981505487005,1,nr,3.193e-11
6.2375000000000007,2.5250650345299297,1,nr,4.853e-13
6.2500000000000009,2.5195400994513806,1,nr,1.068e-15
6.2625000000000002,2.5140238387382436,1,nr,2.922e-16
6.2750000000000004,2.5085167398464239,1,nr,6.838e-16
6.2875000000000005,2.5030192840805778,1,nr,1.078e-15
6.3000000000000007,2.4975319464454966,1,nr,1.572e-15
6.3125000000000009,2.4920551955164063,1,nr,1.971e-16
6.3250000000000002,2.4865894933269712,1,nr,7.908e-16
6.3375000000000004,2.4811352952722223,1,nr,4.215e-12
6.3500000000000005,2.4756930500607637,1,nr,5.171e-11
6.3625000000000007,2.4702631995239681,1,nr,9.126e-12
6.3750000000000009,2.4648461787980587,1,nr,2.277e-11
6.3875000000000002,2.4594424160447623,1,nr,7.516e-16
6.4000000000000004,2.4540523325983932,1,nr,1.105e-15
6.4125000000000005,2.4486763428533407,1,nr,5.037e-17
6.4250000000000007,2.4433148543068919,1,nr,4.443e-15
6.4375000000000009,2.4379682675580905,1,nr,1.417e-15
6.4500000000000002,2.432636976325909,1,nr,5.581e-16
6.4625000000000004,2.4273213674763801,1,nr,1.627e-15
6.4750000000000005,2.4220218210580806,1,nr,1.886e-15
6.4875000000000007,2.416738710345379,1,nr,3.270e-15
6.5000000000000009,2.4114724018888474,1,nr,2.714e-15
6.5125000000000002,2.4062232555723315,1,nr,1.847e-15
6.5250000000000004,2.4009916246680882,1,nr,2.070e-11
6.5375000000000005,2.3957778559243268,1,nr,5.587e-11
6.5500000000000007,2.3905822896839206,1,nr,4.482e-11
6.5625000000000009,2.3854052597503084,1,nr,2.338e-11
6.5750000000000002,2.380247093777677,1,nr,9.246e-12
6.5875000000000004,2.3751081131579728,1,nr,1.860e-12
6.6000000000000005,2.3699886331613333,1,nr,3.699e-13
6.6125000000000007,2.3648889630174139,1,nr,3.321e-11
6.6250000000000009,2.3598094060897989,1,nr,4.273e-11
6.6375000000000002,2.3547502597735304,1,nr,1.986e-15
6.6500000000000004,2.3497118158769359,1,nr,5.234e-16
6.6625000000000005,2.3446943605047994,1,nr,1.101e-15
6.6750000000000007,2.3396981742546648,1,nr,1.627e-15
6.6875000000000009,2.3347235323072231,1,nr,1.577e-16
6.7000000000000002,2.3297707045482556,1,nr,4.068e-11
6.7125000000000004,2.3248399555875969,1,nr,4.625e-11
6.7250000000000005,2.3199315450934215,1,nr,8.140e-12
6.7375000000000007,2.3150457276057717,1,nr,2.849e-13
6.7500000000000009,2.3101827528562486,1,nr,4.183e-12
6.7625000000000002,2.3053428658082837,1,nr,1.341e-11
6.7750000000000004,2.3005263067693535,1,nr,2.839e-11
6.7875000000000005,2.2957333115039362,1,nr,4.873e-11
6.8000000000000007,2.2909641112930461,1,nr,7.186e-11
6.8125000000000009,2.2862189332433638,1,nr,4.612e-11
6.8250000000000002,2.2814980000958234,1,nr,2.140e-11
6.8375000000000004,2.2768015305335436,1,nr,1.170e-12
6.8500000000000005,2.2721297392352837,1,nr,6.655e-16
6.8625000000000007,2.2674828369963267,1,nr,1.705e-15
6.8750000000000009,2.2628610308168047,1,nr,2.972e-15
6.8875000000000002,2.2582645240109871,1,nr,7.066e-16
6.9000000000000004,2.2536935163104341,1,nr,5.202e-16
6.9125000000000005,2.2491482039654618,1,nr,1.094e-15
6.9250000000000007,2.2446287798343634,1,nr,3.270e-11
6.9375000000000009,2.2401354335365613,1,nr,6.563e-13
6.9500000000000002,2.2356683514437887,1,nr,1.136e-11
6.9625000000000004,2.231227716876123,1,nr,2.586e-11
6.9750000000000005,2.2268137101459766,1,nr,3.547e-11
6.9875000000000007,2.2224265086633714,1,nr,3.610e-11
7.0000000000000009,2.2180662870133823,1,nr,1.125e-11
7.0125000000000002,2.2137332171037234,1,nr,5.257e-13
7.0250000000000004,2.2094274681456763,1,nr,1.191e-12
7.0375000000000005,2.2051492068228251,1,nr,4.312e-13
7.0500000000000007,2.2008985973516655,1,nr,2.074e-11
7.0625000000000009,2.1966758015068661,1,nr,7.371e-11
7.0750000000000002,2.1924809788861976,1,nr,1.534e-15
7.0875000000000004,2.1883142866634637,1,nr,5.748e-11
7.1000000000000005,2.1841758800192244,1,nr,2.257e-11
7.1125000000000007,2.1800659119385104,1,nr,1.255e-12
7.1250000000000009,2.1759845334144861,1,nr,9.185e-16
7.1375000000000002,2.1719318934995382,1,nr,1.783e-15
7.1500000000000004,2.1679081393494237,1,nr,4.236e-12
7.1625000000000005,2.163913416264061,1,nr,7.452e-11
7.1750000000000007,2.1599478678790347,1,nr,2.723e-13
7.1875000000000009,2.1560116359715318,1,nr,3.714e-16
7.2000000000000002,2.1521048607583237,1,nr,5.301e-17
7.2125000000000004,2.1482276808278256,1,nr,5.296e-17
7.2250000000000005,2.1443802331978947,1,nr,4.473e-11
7.2375000000000007,2.140562653432819,1,nr,2.642e-16
7.2500000000000009,2.1367750755439214,1,nr,2.217e-15
7.2625000000000002,2.1330176321716103,1,nr,1.160e-15
7.2750000000000004,2.129290454527994,1,nr,7.233e-11
7.2875000000000005,2.1255936725595341,1,nr,1.105e-15
7.3000000000000007,2.1219274147475335,1,nr,6.830e-16
7.3125000000000009,2.1182918083648397,1,nr,2.938e-15
7.3250000000000002,2.1146869793780847,1,nr,1.996e-11
7.3375000000000004,2.1111130525223381,1,nr,1.151e-15
7.3500000000000005,2.1075701512539649,1,nr,1.985e-15
7.3625000000000007,2.1040583978268108,1,nr,5.418e-13
7.3750000000000009,2.1005779132683573,1,nr,8.853e-16
7.3875000000000002,2.0971288173925458,1,nr,9.358e-16
7.4000000000000004,2.093711228798754,1,nr,2.595e-16
7.4125000000000005,2.0903252648691582,1,nr,2.176e-15
7.4250000000000007,2.0869710417607341,1,nr,1.707e-15
7.4375000000000009,2.0836486743929776,1,nr,5.679e-16
7.4500000000000002,2.0803582764310389,1,nr,2.216e-15
7.4625000000000004,2.0770999602641109,1,nr,8.744e-16
7.4750000000000005,2.073873836978954,1,nr,5.133e-17
7.4875000000000007,2.0706800163283643,1,nr,1.434e-15
7.5000000000000009,2.0675186066944615,1,nr,7.158e-16
7.5125000000000002,2.0643897150630348,1,nr,5.076e-11
7.5250000000000004,2.0612934468938535,1,nr,1.527e-16
7.5375000000000005,2.0582299062315275,1,nr,2.845e-15
7.5500000000000007,2.0551991954821465,1,nr,2.535e-16
7.5625000000000009,2.0522014154301083,1,nr,5.058e-17
7.5750000000000002,2.0492366651501661,1,nr,1.867e-15
7.5875000000000004,2.0463050419294402,1,nr,1.913e-15
7.6000000000000005,2.0434066411827749,1,nr,2.059e-15
7.6125000000000007,2.0405415563612039,1,nr,9.520e-16
7.6250000000000009,2.0377098788533576,1,nr,1.450e-15
7.6375000000000002,2.0349116978785404,1,nr,3.052e-12
7.6500000000000004,2.0321471003783662,1,nr,2.785e-15
7.6625000000000005,2.0294161708986906,1,nr,3.966e-11
7.6750000000000007,2.0267189914045733,1,nr,3.266e-15
7.6875000000000009,2.0240556412699062,1,nr,2.073e-15
7.7000000000000002,2.0214261970006446,1,nr,9.846e-17
7.7125000000000004,2.0188307321463981,1,nr,2.946e-16
7.7250000000000005,2.0162693171238932,1,nr,2.252e-15
7.7375000000000007,2.0137420190445328,1,nr,5.860e-16
7.7500000000000009,2.0112489015325745,1,nr,8.766e-16
7.7625000000000002,2.0087900245337362,1,nr,3.497e-15
7.7750000000000004,2.0063654441139662,1,nr,1.162e-15
7.7875000000000005,2.0039752122482035,1,nr,1.062e-15
7.8000000000000007,2.0016193765988572,1,nr,1.541e-15
7.8125000000000009,1.9992979802838511,1,nr,2.881e-16
7.8250000000000002,1.9970110616339998,1,nr,2.586e-15
7.8375000000000004,1.99475865393191,1,nr,2.189e-11
7.8500000000000005,1.9925407851857118,1,nr,4.284e-15
7.8625000000000007,1.9903574777769946,1,nr,8.544e-16
7.8750000000000009,1.9882087482502808,1,nr,3.975e-15
7.8875000000000002,1.9860946069764167,1,nr,1.887e-16
7.9000000000000004,1.9840150578503226,1,nr,1.317e-15
7.9125000000000005,1.9819700979694754,1,nr,5.629e-16
7.9250000000000007,1.9799597173005541,1,nr,6.251e-13
7.9375000000000009,1.9779838983357709,1,nr,1.585e-15
7.9500000000000002,1.9760426157342241,1,nr,2.045e-15
7.9625000000000004,1.974135835956194,1,nr,7.415e-16
7.9750000000000005,1.9722635168826088,1,nr,1.941e-15
7.9875000000000007,1.9704256074245901,1,nr,1.750e-15
8,1.9686220471216795,1,nr,2.021e-15
8.0124999999999993,1.9668527657292485,1,nr,1.740e-15
8.0250000000000004,1.9651176827954298,1,nr,1.187e-15
8.0374999999999996,1.9634167072279098,1,nr,2.366e-15
8.0499999999999989,1.9617497368511025,1,nr,1.724e-15
8.0625,1.9601166579541922,1,nr,3.619e-16
8.0749999999999993,1.9585173448306659,1,nr,1.894e-15
8.0875000000000004,1.9569516593100436,1,nr,1.799e-16
8.0999999999999996,1.9554194502825932,1,nr,4.483e-16
8.1124999999999989,1.9539205532178812,1,nr,8.045e-16
8.125,1.9524547896781796,1,nr,3.298e-15
8.1374999999999993,1.9510219668278013,1,nr,1.866e-15
8.1500000000000004,1.9496218769255931,1,nr,3.581e-11
8.1624999999999996,1.948254296899482,1,nr,1.944e-15
8.1749999999999989,1.946918987711874,1,nr,3.524e-16
8.1875,1.945615694005095,1,nr,2.196e-15
8.1999999999999993,1.9443441435566058,1,nr,3.961e-11
8.2125000000000004,1.9431040467285732,1,nr,1.136e-15
8.2249999999999996,1.9418950961455814,1,nr,7.405e-16
8.2374999999999989,1.9407169660674943,1,nr,2.606e-16
8.25,1.9395693119937183,1,nr,3.702e-11
8.2624999999999993,1.9384517702762016,1,nr,2.549e-15
8.2750000000000004,1.9373639575402164,1,nr,2.844e-15
8.2874999999999996,1.9363054704217895,1,nr,6.018e-16
8.2999999999999989,1.9352758851024681,1,nr,1.715e-16
8.3125,1.9342747569749252,1,nr,4.248e-11
8.3249999999999993,1.9333016202155939,1,nr,2.133e-16
8.3375000000000004,1.9323559876490868,1,nr,8.512e-17
8.3499999999999996,1.9314373502961364,1,nr,7.643e-16
8.3624999999999989,1.9305451772195548,1,nr,1.695e-16
8.375,1.9296789152980967,1,nr,1.559e-11
8.3874999999999993,1.9288379890994869,1,nr,1.729e-15
8.4000000000000004,1.9280218007012129,1,nr,1.263e-16
8.4124999999999996,1.9272297296910359,1,nr,2.520e-15
8.4249999999999989,1.926461133121804,1,nr,5.450e-16
8.4375,1.9257153455609579,1,nr,5.440e-16
8.4499999999999993,1.9249916791921537,1,nr,8.312e-15
8.4625000000000004,1.9242894239575845,1,nr,4.889e-11
8.4749999999999996,1.9236078478905243,1,nr,5.827e-16
8.4874999999999989,1.9229461972008914,1,nr,2.078e-15
8.5,1.922303696849607,1,nr,1.286e-15
8.5124999999999993,1.9216795508807409,1,nr,3.107e-16
8.5250000000000004,1.9210729429534243,1,nr,2.276e-16
8.5374999999999996,1.9204830369286143,1,nr,6.818e-16
8.5499999999999989,1.9199089775326654,1,nr,7.583e-13
8.5625,1.919349891088362,1,nr,2.906e-11
8.5749999999999993,1.9188048864144718,1,nr,4.263e-11
8.5875000000000004,1.9182730555124652,1,nr,8.493e-12
8.5999999999999996,1.9177534748378064,1,nr,2.261e-16
8.6124999999999989,1.9172452061438137,1,nr,5.750e-16
8.625,1.9167472976830069,1,nr,9.338e-16
8.6374999999999993,1.9162587854144184,1,nr,0.000e+00
8.6500000000000004,1.9157786942795463,1,nr,1.035e-15
8.6624999999999996,1.9153060395514481,1,nr,3.279e-16
8.6749999999999989,1.9148398282491856,1,nr,1.312e-12
8.6875,1.9143790606109756,1,nr,1.519e-11
8.6999999999999993,1.9139227316409857,1,nr,3.452e-11
8.7125000000000004,1.9134698326882786,1,nr,5.115e-11
8.7249999999999996,1.9130193531279887,1,nr,5.293e-11
8.7374999999999989,1.9125702818356969,1,nr,5.187e-11
8.75,1.9121216091700799,1,nr,8.709e-17
8.7624999999999993,1.911672328606113,1,nr,1.169e-15
8.7750000000000004,1.9112214384013488,1,nr,3.077e-16
8.7874999999999996,1.9107679434544311,1,nr,1.888e-15
8.7999999999999989,1.9103108570767526,1,nr,5.035e-11
8.8125,1.9098492026515672,1,nr,4.710e-13
8.8249999999999993,1.9093820156101093,1,nr,5.780e-12
8.8375000000000004,1.9089083449551807,1,nr,1.265e-11
8.8499999999999996,1.9084272550785868,1,nr,1.751e-11
8.8624999999999989,1.9079378274133463,1,nr,1.876e-11
8.875,1.9074391620726425,1,nr,7.026e-16
8.8874999999999993,1.9069303793988648,1,nr,3.736e-12
8.9000000000000004,1.9064106215567964,1,nr,3.337e-11
8.9124999999999996,1.9058790538724149,1,nr,4.367e-12
8.9249999999999989,1.9053348663756864,1,nr,8.108e-15
8.9375,1.9047772749760152,1,nr,3.830e-13
8.9499999999999993,1.9042055227359083,1,nr,1.372e-11
8.9625000000000004,1.9036188810485282,1,nr,4.550e-11
8.9749999999999996,1.9030166505281219,1,nr,1.340e-15
8.9874999999999989,1.9023981622146826,1,nr,2.302e-11
9,1.9017627781649111,1,nr,2.312e-11
9.0124999999999993,1.9011098923545322,1,nr,1.554e-11
9.0250000000000004,1.9004389312728232,1,nr,3.860e-12
9.0374999999999996,1.8997493544586059,1,nr,3.023e-11
9.0499999999999989,1.8990406549875267,1,nr,1.486e-15
9.0625,1.8983123596876448,1,nr,2.554e-16
9.0749999999999993,1.8975640294928198,1,nr,8.536e-16
9.0875000000000004,1.8967952595321245,1,nr,6.210e-11
9.0999999999999996,1.8960056790606414,1,nr,3.317e-11
9.1124999999999989,1.8951949515738604,1,nr,1.969e-12
9.125,1.8943627745274372,1,nr,1.165e-15
9.1374999999999993,1.8935088790872872,1,nr,6.491e-16
9.1500000000000004,1.8926330298272451,1,nr,1.302e-16
9.1624999999999996,1.8917350242941606,1,nr,2.447e-11
9.1749999999999989,1.8908146925769642,1,nr,4.144e-11
9.1875,1.8898718965542782,1,nr,4.397e-11
9.1999999999999993,1.8889065295976386,1,nr,3.954e-16
9.2125000000000004,1.8879185155112808,1,nr,6.611e-16
9.2249999999999996,1.8869078080390802,1,nr,1.061e-15
9.2374999999999989,1.885874389944614,1,nr,6.824e-11
9.25,1.8848182723131106,1,nr,5.372e-12
9.2624999999999993,1.8837394934118121,1,nr,9.822e-16
9.2750000000000004,1.8826381180442624,1,nr,6.271e-16
9.2874999999999996,1.8815142364627946,1,nr,2.697e-16
9.2999999999999989,1.8803679634436252,1,nr,2.149e-11
9.3125,1.8791994372611438,1,nr,0.000e+00
9.3249999999999993,1.8780088187632371,1,nr,1.816e-16
9.3375000000000004,1.8767962902858442,1,nr,1.913e-15
9.3499999999999996,1.8755620546955043,1,nr,5.922e-11
9.3624999999999989,1.8743063342642015,1,nr,6.422e-16
9.375,1.8730293698563438,1,nr,9.206e-17
9.3874999999999993,1.871731419718518,1,nr,1.293e-15
9.4000000000000004,1.870412758594614,1,nr,4.276e-11
9.4124999999999996,1.8690736766475842,1,nr,2.326e-15
9.4249999999999989,1.8677144786272444,1,nr,3.547e-15
9.4375,1.8663354827736653,1,nr,3.747e-16
9.4499999999999993,1.8649370199388677,1,nr,3.846e-11
9.4625000000000004,1.8635194327188112,1,nr,1.320e-15
9.4749999999999996,1.8620830744388002,1,nr,6.057e-15
9.4874999999999989,1.8606283083981128,1,nr,3.283e-11
9.5,1.8591555070178267,1,nr,1.715e-15
9.5124999999999993,1.8576650509360346,1,nr,3.155e-15
9.5250000000000004,1.8561573283223223,1,nr,2.206e-15
9.5374999999999996,1.8546327340676587,1,nr,9.625e-17
9.5499999999999989,1.8530916690642278,1,nr,3.380e-15
9.5625,1.851534539504212,1,nr,6.104e-15
9.5749999999999993,1.8499617562022717,1,nr,1.917e-11
9.5875000000000004,1.8483737339810473,1,nr,4.096e-15
9.5999999999999996,1.8467708910017071,1,nr,5.577e-15
9.6125000000000007,1.8451536482398962,1,nr,1.396e-11
9.625,1.8435224288822309,1,nr,2.757e-15
9.6374999999999993,1.8418776578447984,1,nr,2.568e-15
9.6500000000000004,1.8402197612426794,1,nr,3.071e-11
9.6624999999999996,1.8385491658952813,1,nr,9.940e-17
9.6750000000000007,1.8368662989631204,1,nr,4.187e-15
9.6875,1.8351715874489374,1,nr,2.085e-11
9.6999999999999993,1.8334654578187015,1,nr,3.611e-15
9.7125000000000004,1.8317483356811957,1,nr,3.621e-15
9.7249999999999996,1.8300206453864472,1,nr,3.447e-13
9.7375000000000007,1.8282828097320272,1,nr,6.273e-15
9.75,1.8265352496589622,1,nr,2.638e-15
9.7624999999999993,1.8247783839729999,1,nr,4.070e-16
9.7750000000000004,1.8230126290879141,1,nr,6.428e-15
9.7874999999999996,1.8212383987881333,1,nr,3.990e-15
9.8000000000000007,1.8194561040104922,1,nr,1.026e-15
9.8125,1.8176661526441507,1,nr,1.008e-14
9.8249999999999993,1.8158689493479283,1,nr,2.320e-15
9.8375000000000004,1.8140648953842191,1,nr,1.189e-15
9.8499999999999996,1.8122543884686695,1,nr,4.818e-15
9.8625000000000007,1.8104378226248761,1,nr,4.065e-11
9.875,1.8086155881134356,1,nr,2.811e-15
9.8874999999999993,1.8067880712242079,1,nr,7.357e-15
9.9000000000000004,1.8049556542747052,1,nr,2.932e-11
9.9124999999999996,1.8031187155127482,1,nr,5.713e-15
9.9250000000000007,1.8012776289843757,1,nr,4.938e-15
9.9375,1.7994327645442341,1,nr,1.685e-15
9.9499999999999993,1.7975844877697373,1,nr,3.851e-15
9.9625000000000004,1.7957331599272914,1,nr,1.586e-16
9.9749999999999996,1.7938791379403405,1,nr,4.820e-15
9.9875000000000007,1.7920227743657327,1,nr,5.572e-15
10,1.7901644173841715,1,nr,2.704e-11
2.7500000000000004,14.980654311198798,2,nr,7.612e-16
2.7625000000000002,14.852655182538767,2,nr,8.277e-13
2.7750000000000004,14.72641874411484,2,nr,8.889e-16
2.7875000000000005,14.601913917895063,2,nr,6.359e-16
2.8000000000000003,14.479110325187509,2,nr,2.949e-13
2.8125000000000004,14.357978268153005,2,nr,8.084e-13
2.8250000000000002,14.238488711911705,2,nr,6.273e-13
2.8375000000000004,14.12061326718989,2,nr,1.209e-16
2.8500000000000005,14.004324173509866,2,nr,1.968e-13
2.8625000000000003,13.88959428290752,2,nr,8.102e-14
2.8750000000000004,13.776397044119529,2,nr,1.232e-16
2.8875000000000002,13.664706487272936,2,nr,4.635e-14
2.9000000000000004,13.554497209031677,2,nr,1.256e-13
2.9125000000000005,13.445744358191591,2,nr,1.755e-16
2.9250000000000003,13.338423621703537,2,nr,7.304e-13
2.9375000000000004,13.232511211132692,2,nr,9.960e-13
2.9500000000000002,13.127983849495886,2,nr,9.340e-13
2.9625000000000004,13.02481875851039,2,nr,1.934e-14
2.9750000000000005,12.922993646200196,2,nr,9.626e-13
2.9875000000000003,12.822486694911776,2,nr,4.147e-16
3.0000000000000004,12.723276549605851,2,nr,8.787e-13
3.0125000000000002,12.625342306583338,2,nr,1.362e-15
3.0250000000000004,12.528663502448856,2,nr,6.814e-13
3.0375000000000005,12.433220103476678,2,nr,9.513e-13
3.0500000000000003,12.338992495225783,2,nr,4.775e-13
3.0625000000000004,12.245961472477498,2,nr,1.335e-16
3.0750000000000002,12.154108229463221,2,nr,4.098e-13
3.0875000000000004,12.063414350374355,2,nr,9.135e-13
3.1000000000000005,11.973861800133303,2,nr,6.141e-13
3.1125000000000003,11.885432915427305,2,nr,5.709e-16
3.1250000000000004,11.798110396000125,2,nr,1.140e-12
3.1375000000000002,11.711877296210833,2,nr,4.113e-16
3.1500000000000004,11.62671701677273,2,nr,9.360e-16
3.1625000000000005,11.542613296789238,2,nr,1.361e-12
3.1750000000000003,11.459550205985884,2,nr,1.510e-13
3.1875000000000004,11.377512137122519,2,nr,1.422e-12
3.2000000000000002,11.296483798699647,2,nr,1.062e-15
3.2125000000000004,11.21645020776743,2,nr,1.459e-15
3.2250000000000005,11.137396683020178,2,nr,2.140e-15
3.2375000000000003,11.05930883802491,2,nr,3.511e-13
3.2500000000000004,10.982172574661496,2,nr,1.248e-15
3.2625000000000002,10.905974076725716,2,nr,1.707e-15
3.2750000000000004,10.830699803723217,2,nr,7.420e-16
3.2875000000000005,10.75633648481924,2,nr,5.153e-16
3.3000000000000003,10.682871112953034,2,nr,1.633e-12
3.3125000000000004,10.610290939132719,2,nr,1.094e-15
3.3250000000000002,10.538583466824164,2,nr,1.171e-12
3.3375000000000004,10.467736446576803,2,nr,1.782e-12
3.3500000000000005,10.397737870717014,2,nr,1.818e-12
3.3625000000000003,10.328575968219134,2,nr,1.253e-12
3.3750000000000004,10.260239199694871,2,nr,4.432e-12
3.3875000000000002,10.19271625256413,2,nr,1.939e-12
3.4000000000000004,10.125996036248905,2,nr,1.760e-16
3.4125000000000005,10.060067677604662,2,nr,1.569e-12
3.4250000000000003,9.9949205164027308,2,nr,1.025e-14
3.4375000000000004,9.9305441009720621,2,nr,1.004e-15
3.4500000000000002,9.8669281839021519,2,nr,5.915e-16
3.4625000000000004,9.8040627179004005,2,nr,8.210e-13
3.4750000000000005,9.7419378517454103,2,nr,1.781e-16
3.4875000000000003,9.6805439263212421,2,nr,1.249e-15
3.5000000000000004,9.6198714707853448,2,nr,2.514e-14
3.5125000000000002,9.5599111988079155,2,nr,1.044e-14
3.5250000000000004,9.500654004914475,2,nr,5.975e-16
3.5375000000000005,9.4420909609180175,2,nr,1.077e-15
3.5500000000000003,9.3842133124372715,2,nr,7.059e-13
3.5625000000000004,9.3270124755081039,2,nr,7.199e-16
3.5750000000000002,9.2704800332562911,2,nr,6.607e-16
3.5875000000000004,9.2146077326770612,2,nr,2.193e-13
3.6000000000000005,9.1593874814720024,2,nr,4.927e-13
3.6125000000000003,9.1048113449676524,2,nr,5.669e-14
3.6250000000000004,9.0508715430989604,2,nr,7.838e-16
3.6375000000000002,8.9975604474673858,2,nr,2.804e-12
3.6500000000000004,8.9448705784875475,2,nr,3.079e-14
3.6625000000000005,8.8927946025167532,2,nr,2.805e-12
3.6750000000000003,8.8413253291825917,2,nr,2.055e-15
3.6875000000000004,8.7904557086116402,2,nr,9.070e-16
3.7000000000000002,8.740178828826128,2,nr,1.345e-11
3.7125000000000004,8.6904879132599593,2,nr,9.076e-16
3.7250000000000005,8.6413763179841681,2,nr,2.663e-15
3.7375000000000003,8.5928375294689037,2,nr,3.001e-12
3.7500000000000004,8.5448651620513019,2,nr,3.329e-14
3.7625000000000002,8.4974529555149445,2,nr,7.868e-16
3.7750000000000004,8.4505947727950854,2,nr,1.513e-15
3.7875000000000005,8.4042845976405598,2,nr,7.774e-13
3.8000000000000003,8.3585165323487889,2,nr,2.276e-12
3.8125000000000004,8.3132847955286024,2,nr,2.681e-12
3.8250000000000002,8.2685837198862355,2,nr,2.193e-12
3.8375000000000004,8.2244077500516113,2,nr,5.833e-13
3.8500000000000005,8.1807514404216679,2,nr,3.623e-16
3.8625000000000003,8.1376094530353118,2,nr,3.384e-12
3.8750000000000004,8.0949765554922255,2,nr,1.387e-15
3.8875000000000002,8.0528476187970703,2,nr,3.301e-12
3.9000000000000004,8.0112176153767205,2,nr,4.214e-16
3.9125000000000005,7.9700816169369322,2,nr,3.253e-12
3.9250000000000003,7.9294347924461119,2,nr,5.593e-13
3.9375000000000004,7.8892724061224033,2,nr,8.602e-13
3.9500000000000002,7.8495898153382706,2,nr,3.150e-13
3.9625000000000004,7.8103824686058116,2,nr,1.796e-16
3.9750000000000005,7.7716459035317911,2,nr,2.392e-16
3.9875000000000003,7.7333757447614975,2,nr,2.688e-12
4,7.6955677019407798,2,nr,6.560e-16
4.0125000000000002,7.6582175675905049,2,nr,2.936e-12
4.0250000000000004,7.6213212150884759,2,nr,2.973e-16
4.0375000000000005,7.5848745964824493,2,nr,3.478e-14
4.0500000000000007,7.5488737404068953,2,nr,1.683e-12
4.0625,7.5133147499010615,2,nr,2.750e-12
4.0750000000000002,7.4781938002057027,2,nr,2.915e-12
4.0875000000000004,7.4435071365298793,2,nr,2.386e-12
4.1000000000000005,7.4092510717756488,2,nr,8.773e-13
4.1125000000000007,7.3754219842109539,2,nr,6.459e-16
4.125,7.3420163151020175,2,nr,1.055e-15
4.1375000000000002,7.3090305662822992,2,nr,1.285e-12
4.1500000000000004,7.2764612976722001,2,nr,1.342e-15
4.1625000000000005,7.2443051247040335,2,nr,7.374e-13
4.1750000000000007,7.2125587157234889,2,nr,3.183e-12
4.1875,7.1812187892969721,2,nr,1.739e-16
4.2000000000000002,7.1502821113949064,2,nr,1.214e-15
4.2125000000000004,7.1197454925810986,2,nr,1.135e-13
4.2250000000000005,7.089605785036956,2,nr,2.549e-13
4.2375000000000007,7.0598598795233221,2,nr,3.617e-14
4.25,7.0305047022349596,2,nr,1.260e-15
4.2625000000000002,7.001537211555747,2,nr,1.200e-15
4.2750000000000004,6.9729543946958223,2,nr,2.611e-12
4.2875000000000005,6.9447532642443734,2,nr,9.633e-14
4.3000000000000007,6.9169308545349955,2,nr,1.134e-15
4.3125,6.8894842179788043,2,nr,3.563e-13
4.3250000000000002,6.8624104212082457,2,nr,1.691e-16
4.3375000000000004,6.8357065411067355,2,nr,1.012e-15
4.3500000000000005,6.8093696607134166,2,nr,4.686e-13
4.3625000000000007,6.7833968649841019,2,nr,1.780e-12
4.375,6.7577852364206805,2,nr,2.216e-12
4.3875000000000002,6.7325318505490541,2,nr,2.203e-12
4.4000000000000004,6.7076337712686049,2,nr,2.121e-12
4.4125000000000005,6.6830880460584803,2,nr,1.840e-12
4.4250000000000007,6.6588917010437463,2,nr,9.467e-13
4.4375,6.6350417359240694,2,nr,6.650e-13
4.4500000000000002,6.6115351187649232,2,nr,4.935e-16
4.4625000000000004,6.5883687806795468,2,nr,1.364e-12
4.4750000000000005,6.5655396103691572,2,nr,1.636e-15
4.4875000000000007,6.5430444485329531,2,nr,1.465e-12
4.5,6.5208800822311206,2,nr,1.627e-16
4.5125000000000002,6.4990432390743536,2,nr,5.611e-13
4.5250000000000004,6.4775305814067661,2,nr,1.391e-12
4.5375000000000005,6.4563387003795638,2,nr,5.378e-16
4.5500000000000007,6.4354641099753689,2,nr,1.073e-16
4.5625,6.414903241039239,2,nr,6.634e-15
4.5750000000000002,6.3946524352717775,2,nr,7.340e-14
4.5875000000000004,6.3747079392582169,2,nr,4.987e-14
4.6000000000000005,6.3550658985445132,2,nr,1.142e-12
4.6125000000000007,6.3357223517809755,2,nr,3.442e-16
4.625,6.3166732250121704,2,nr,6.868e-16
4.6375000000000002,6.2979143260705381,2,nr,7.187e-13
4.6500000000000004,6.2794413392009707,2,nr,1.106e-13
4.6625000000000005,6.2612498198837621,2,nr,6.559e-16
4.6750000000000007,6.2433351899599039,2,nr,4.562e-13
4.6875,6.2256927330686631,2,nr,2.874e-16
4.7000000000000002,6.2083175904494619,2,nr,3.705e-13
4.7125000000000004,6.1912047571908735,2,nr,2.603e-17
4.7250000000000005,6.1743490789332434,2,nr,7.184e-14
4.7375000000000007,6.1577452491245506,2,nr,3.036e-13
4.75,6.1413878068544019,2,nr,4.920e-16
4.7625000000000002,6.1252711353496654,2,nr,9.635e-12
4.7750000000000004,6.1093894610641346,2,nr,3.331e-14
4.7875000000000005,6.0937368538013255,2,nr,8.109e-14
4.8000000000000007,6.0783072272647214,2,nr,8.483e-14
4.8125000000000009,6.0630943407509497,2,nr,6.383e-14
4.8250000000000002,6.0480918016320118,2,nr,3.802e-14
4.8375000000000004,6.033293068802168,2,nr,1.442e-14
4.8500000000000005,6.0186914571074865,2,nr,3.043e-15
4.8625000000000007,6.0042801427888541,2,nr,6.392e-15
4.8750000000000009,5.9900521699624507,2,nr,1.665e-13
4.8875000000000002,5.9760004581508763,2,nr,9.815e-16
4.9000000000000004,5.9621178108784747,2,nr,1.026e-16
4.9125000000000005,5.9483969253165689,2,nr,6.159e-14
4.9250000000000007,5.9348304029755639,2,nr,3.530e-16
4.9375000000000009,5.9214107614152072,2,nr,1.133e-15
4.9500000000000002,5.9081304469352283,2,nr,7.878e-14
4.9625000000000004,5.8949818482015193,2,nr,6.657e-16
4.9750000000000005,5.8819573107491472,2,nr,2.837e-17
4.9875000000000007,5.8690491522864381,2,nr,2.770e-14
5.0000000000000009,5.856249678737834,2,nr,7.927e-12
5.0125000000000002,5.8435512008225912,2,nr,3.648e-14
5.0250000000000004,5.8309460513895957,2,nr,1.481e-12
5.0375000000000005,5.8184266028418392,2,nr,1.650e-14
5.0500000000000007,5.8059852851229836,2,nr,3.406e-14
5.0625000000000009,5.7936146037197442,2,nr,2.307e-13
5.0750000000000002,5.7813071577565509,2,nr,1.894e-14
5.0875000000000004,5.7690556579585346,2,nr,2.075e-12
5.1000000000000005,5.7568529444088243,2,nr,5.722e-14
5.1125000000000007,5.7446920038636691,2,nr,8.153e-13
5.1250000000000009,5.7325659866429373,2,nr,1.071e-15
5.1375000000000002,5.720468222800668,2,nr,1.355e-14
5.1500000000000004,5.7083922375818075,2,nr,1.571e-15
5.1625000000000005,5.6963317659711858,2,nr,8.566e-14
5.1750000000000007,5.6842807662804642,2,nr,9.133e-12
5.1875000000000009,5.6722334325502572,2,nr,1.429e-13
5.2000000000000002,5.660184206029748,2,nr,2.653e-15
5.2125000000000004,5.6481277850907521,2,nr,2.719e-17
5.2250000000000005,5.6360591340930215,2,nr,4.922e-14
5.2375000000000007,5.6239734908123094,2,nr,1.921e-16
5.2500000000000009,5.6118663725192217,2,nr,3.337e-14
5.2625000000000002,5.599733580665009,2,nr,9.998e-12
5.2750000000000004,5.5875712042855925,2,nr,1.115e-16
5.2875000000000005,5.575375621800255,2,nr,1.353e-14
5.3000000000000007,5.5631435018005568,2,nr,5.070e-16
5.3125000000000009,5.550871802301069,2,nr,1.237e-13
5.3250000000000002,5.5385577688426793,2,nr,5.983e-16
5.3375000000000004,5.5261989314006339,2,nr,3.529e-13
5.3500000000000005,5.5137931001720508,2,nr,1.067e-15
5.3625000000000007,5.5013383603384316,2,nr,6.511e-13
5.3750000000000009,5.4888330658559541,2,nr,2.335e-16
5.3875000000000002,5.4762758324015373,2,nr,9.049e-13
5.4000000000000004,5.4636655295103065,2,nr,2.306e-15
5.4125000000000005,5.4510012720612968,2,nr,9.092e-13
5.4250000000000007,5.4382824111284425,2,nr,2.396e-16
5.4375000000000009,5.4255085243667214,2,nr,4.041e-13
5.4500000000000002,5.4126794059468084,2,nr,4.856e-16
5.4625000000000004,5.399795056199153,2,nr,7.502e-12
5.4750000000000005,5.3868556709407525,2,nr,4.007e-12
5.4875000000000007,5.3738616307607305,2,nr,2.355e-15
5.5000000000000009,5.3608134900947739,2,nr,1.760e-12
5.5125000000000002,5.3477119663084496,2,nr,8.797e-16
5.5250000000000004,5.3345579288735614,2,nr,6.328e-17
5.5375000000000005,5.3213523885862273,2,nr,5.241e-12
5.5500000000000007,5.3080964869389273,2,nr,1.412e-15
5.5625000000000009,5.2947914857727332,2,nr,8.405e-16
5.5750000000000002,5.2814387570585302,2,nr,7.787e-12
5.5875000000000004,5.2680397729966737,2,nr,7.871e-16
5.6000000000000005,5.2545960965197427,2,nr,3.435e-15
5.6125000000000007,5.2411093719687711,2,nr,7.425e-12
5.6250000000000009,5.2275813162088207,2,nr,1.274e-15
5.6375000000000002,5.2140137101831145,2,nr,2.701e-16
5.6500000000000004,5.2004083907032532,2,nr,1.841e-12
5.6625000000000005,5.1867672427588172,2,nr,1.868e-11
5.6750000000000007,5.1730921920930131,2,nr,3.036e-15
5.6875000000000009,5.1593851984286498,2,nr,7.645e-16
5.7000000000000002,5.1456482487526181,2,nr,5.837e-12
5.7125000000000004,5.1318833512067252,2,nr,2.604e-11
5.7250000000000005,5.1180925294871029,2,nr,9.942e-16
5.7375000000000007,5.1042778171675325,2,nr,1.431e-16
5.7500000000000009,5.0904412529693968,2,nr,4.035e-12
5.7625000000000002,5.0765848759508279,2,nr,2.564e-11
5.7750000000000004,5.0627107213863232,2,nr,2.630e-15
5.7875000000000005,5.0488208165513013,2,nr,1.104e-15
5.8000000000000007,5.0349171773136128,2,nr,2.406e-11
5.8125000000000009,5.0210018048164224,2,nr,2.273e-11
5.8250000000000002,5.0070766821786252,2,nr,6.109e-12
5.8375000000000004,4.9931437721645962,2,nr,2.648e-15
5.8500000000000005,4.9792050143749371,2,nr,1.219e-15
5.8625000000000007,4.965262323190835,2,nr,2.819e-12
5.8750000000000009,4.9513175857237197,2,nr,2.039e-11
5.8875000000000002,4.9373726601632733,2,nr,1.088e-15
5.9000000000000004,4.9234293740576573,2,nr,2.347e-16
5.9125000000000005,4.9094895231327484,2,nr,2.993e-15
5.9250000000000007,4.8955548700630578,2,nr,1.483e-11
5.9375000000000009,4.8816271434469449,2,nr,2.075e-15
5.9500000000000002,4.8677080370852259,2,nr,1.606e-16
5.9625000000000004,4.8537992091984057,2,nr,2.424e-16
5.9750000000000005,4.8399022819548581,2,nr,2.201e-11
5.9875000000000007,4.8260188409595832,2,nr,2.384e-11
6.0000000000000009,4.8121504351858775,2,nr,3.294e-16
6.0125000000000002,4.7982985764858439,2,nr,5.799e-16
6.0250000000000004,4.7844647397343794,2,nr,1.417e-15
6.0375000000000005,4.7706503627593246,2,nr,3.056e-11
6.0500000000000007,4.7568568463493595,2,nr,1.181e-15
6.0625000000000009,4.7430855546059298,2,nr,2.884e-15
6.0750000000000002,4.7293378149839453,2,nr,2.645e-15
6.0875000000000004,4.715614918697856,2,nr,3.293e-11
6.1000000000000005,4.7019181209533469,2,nr,6.904e-16
6.1125000000000007,4.6882486415374585,2,nr,1.388e-15
6.1250000000000009,4.6746076650664179,2,nr,1.745e-16
6.1375000000000002,4.6609963415594819,2,nr,5.617e-12
6.1500000000000004,4.6474157869501473,2,nr,3.528e-16
6.1625000000000005,4.6338670836001841,2,nr,2.039e-15
6.1750000000000007,4.6203512809107998,2,nr,1.563e-11
6.1875000000000009,4.6068693958595262,2,nr,2.687e-15
6.2000000000000002,4.5934224137004733,2,nr,1.801e-15
6.2125000000000004,4.5800112885105664,2,nr,1.629e-14
6.2250000000000005,4.566636943874407,2,nr,5.456e-16
6.2375000000000007,4.5533002735298949,2,nr,1.462e-15
6.2500000000000009,4.5400021420303363,2,nr,1.102e-15
6.2625000000000002,4.5267433854129049,2,nr,2.767e-16
6.2750000000000004,4.5135248118712026,2,nr,1.112e-15
6.2875000000000005,4.5003472024397428,2,nr,1.982e-11
6.3000000000000007,4.4872113116221408,2,nr,9.348e-17
6.3125000000000009,4.4741178681611746,2,nr,4.695e-16
6.3250000000000002,4.4610675756166787,2,nr,2.829e-15
6.3375000000000004,4.4480611130827938,2,nr,2.273e-15
6.3500000000000005,4.4350991358447569,2,nr,1.990e-12
6.3625000000000007,4.4221822760345439,2,nr,2.864e-16
6.3750000000000009,4.4093111432939525,2,nr,6.517e-15
6.3875000000000002,4.3964863254127557,2,nr,1.924e-15
6.4000000000000004,4.3837083889729573,2,nr,1.787e-15
6.4125000000000005,4.3709778799795158,2,nr,7.271e-16
6.4250000000000007,4.358295324483449,2,nr,5.838e-16
6.4375000000000009,4.345661229178825,2,nr,4.049e-11
6.4500000000000002,4.3330760820932701,2,nr,9.799e-17
6.4625000000000004,4.320540353034894,2,nr,5.574e-11
6.4750000000000005,4.3080544942332208,2,nr,5.031e-15
6.4875000000000007,4.2956189410396783,2,nr,5.079e-11
6.5000000000000009,4.2832341123818285,2,nr,1.241e-15
6.5125000000000002,4.2709004112266733,2,nr,4.980e-16
6.5250000000000004,4.2586182253092391,2,nr,3.596e-15
6.5375000000000005,4.2463879275629637,2,nr,3.006e-16
6.5500000000000007,4.2342098766640621,2,nr,3.315e-15
6.5625000000000009,4.222084417544818,2,nr,4.483e-15
6.5750000000000002,4.2100118818965422,2,nr,3.253e-14
6.5875000000000004,4.1979925886622498,2,nr,3.545e-16
6.6000000000000005,4.1860268445193265,2,nr,1.015e-15
6.6125000000000007,4.1741149443519623,2,nr,2.545e-16
6.6250000000000009,4.1622571717138035,2,nr,1.632e-15
6.6375000000000002,4.1504537992956392,2,nr,3.991e-11
6.6500000000000004,4.1387050892944384,2,nr,1.794e-15
6.6625000000000005,4.1270112939954808,2,nr,5.135e-16
6.6750000000000007,4.1153726560581276,2,nr,2.646e-11
6.6875000000000009,4.103789408957164,2,nr,5.156e-17
6.7000000000000002,4.0922617774708705,2,nr,2.944e-15
6.7125000000000004,4.0807899779655408,2,nr,4.689e-11
6.7250000000000005,4.0693742189168285,2,nr,1.737e-15
6.7375000000000007,4.0580147011131809,2,nr,6.491e-16
6.7500000000000009,4.0467116181964178,2,nr,2.184e-15
6.7625000000000002,4.035465156953923,2,nr,3.210e-11
6.7750000000000004,4.0242754976363715,2,nr,4.929e-15
6.7875000000000005,4.0131428144197505,2,nr,2.846e-15
6.8000000000000007,4.0020672756353362,2,nr,1.961e-15
6.8125000000000009,3.9910490441467092,2,nr,4.207e-11
6.8250000000000002,3.9800882777394344,2,nr,1.002e-12
6.8375000000000004,3.9691851292966609,2,nr,9.705e-16
6.8500000000000005,3.95833974726219,2,nr,1.103e-15
6.8625000000000007,3.9475522758738264,2,nr,2.693e-15
6.8750000000000009,3.936822855479996,2,nr,7.234e-12
6.8875000000000002,3.9261516228716129,2,nr,6.869e-11
6.9000000000000004,3.9155387114393796,2,nr,1.603e-11
6.9125000000000005,3.9049842516873392,2,nr,8.200e-14
6.9250000000000007,3.8944883713089249,2,nr,4.778e-11
6.9375000000000009,3.8840511956265273,2,nr,6.397e-11
6.9500000000000002,3.873672847576787,2,nr,7.554e-11
6.9625000000000004,3.8633534484542329,2,nr,3.426e-11
6.9750000000000005,3.8530931176889269,2,nr,4.071e-13
6.9875000000000007,3.8428919733604885,2,nr,3.570e-13
7.0000000000000009,3.8327501324113111,2,nr,2.470e-11
7.0125000000000002,3.822667710885316,2,nr,4.898e-11
7.0250000000000004,3.8126448241609547,2,nr,7.250e-11
7.0375000000000005,3.8026815872491686,2,nr,5.912e-11
7.0500000000000007,3.7927781148304538,2,nr,3.923e-11
7.0625000000000009,3.782934521788373,2,nr,2.366e-11
7.0750000000000002,3.7731509232395193,2,nr,1.621e-11
7.0875000000000004,3.7634274348099606,2,nr,2.200e-11
7.1000000000000005,3.7537641728580571,2,nr,4.590e-11
7.1125000000000007,3.7441612546433576,2,nr,6.669e-11
7.1250000000000009,3.7346187987412098,2,nr,1.824e-11
7.1375000000000002,3.7251369249615398,2,nr,2.504e-11
7.1500000000000004,3.715715754743365,2,nr,3.407e-16
7.1625000000000005,3.7063554113807191,2,nr,1.204e-15
7.1750000000000007,3.6970560201401579,2,nr,7.844e-16
7.1875000000000009,3.6878177085104888,2,nr,6.425e-15
7.2000000000000002,3.6786406063956085,2,nr,5.529e-15
7.2125000000000004,3.6695248462976475,2,nr,4.723e-11
7.2250000000000005,3.6604705635890094,2,nr,3.121e-15
7.2375000000000007,3.6514778965533448,2,nr,2.779e-15
7.2500000000000009,3.6425469867287976,2,nr,1.789e-15
7.2625000000000002,3.6336779790201645,2,nr,1.139e-15
7.2750000000000004,3.6248710218982865,2,nr,5.101e-12
7.2875000000000005,3.6161262675915711,2,nr,5.157e-15
7.3000000000000007,3.6074438722500735,2,nr,6.692e-16
7.3125000000000009,3.5988239961399771,2,nr,1.027e-15
7.3250000000000002,3.590266803810465,2,nr,1.640e-15
7.3375000000000004,3.5817724642676638,2,nr,4.348e-15
7.3500000000000005,3.5733411511439193,2,nr,8.166e-16
7.3625000000000007,3.5649730428638318,2,nr,2.958e-13
7.3750000000000009,3.5566683228075808,2,nr,4.165e-15
7.3875000000000002,3.5484271794692943,2,nr,3.142e-15
7.4000000000000004,3.5402498066136685,2,nr,2.780e-15
7.4125000000000005,3.5321364034272058,2,nr,4.436e-15
7.4250000000000007,3.5240871746658304,2,nr,2.363e-15
7.4375000000000009,3.5161023307979375,2,nr,3.760e-15
7.4500000000000002,3.5081820881426413,2,nr,3.449e-15
7.4625000000000004,3.5003266690028623,2,nr,3.489e-15
7.4750000000000005,3.4925363017929021,2,nr,4.124e-15
7.4875000000000007,3.4848112211544549,2,nr,1.635e-11
7.5000000000000009,3.477151668099618,2,nr,5.580e-15
7.5125000000000002,3.4695578900852184,2,nr,6.322e-11
7.5250000000000004,3.4620301410607803,2,nr,1.472e-15
7.5375000000000005,3.4545686817725869,2,nr,6.428e-11
7.5500000000000007,3.4471737795251678,2,nr,8.381e-15
7.5625000000000009,3.4398457085828569,2,nr,1.161e-11
7.5750000000000002,3.4325847500104194,2,nr,3.532e-15
7.5875000000000004,3.4253911917973432,2,nr,2.988e-15
7.6000000000000005,3.4182653289180083,2,nr,3.842e-15
7.6125000000000007,3.4112074633404896,2,nr,2.870e-15
7.6250000000000009,3.4042179040460403,2,nr,2.859e-15
7.6375000000000002,3.3972969670297024,2,nr,2.088e-15
7.6500000000000004,3.3904449752850563,2,nr,2.836e-16
7.6625000000000005,3.3836622587717917,2,nr,2.825e-15
7.6750000000000007,3.3769491543648957,2,nr,5.626e-16
7.6875000000000009,3.3703060057840077,2,nr,2.801e-16
7.7000000000000002,3.3637331635014869,2,nr,3.719e-15
7.7125000000000004,3.3572309846276256,2,nr,2.499e-15
7.7250000000000005,3.3507998327713509,2,nr,2.857e-15
7.7375000000000007,3.3444400778776084,2,nr,7.904e-12
7.7500000000000009,3.3381520960185704,2,nr,8.310e-15
7.7625000000000002,3.3319362691997472,2,nr,2.182e-15
7.7750000000000004,3.3257929850737709,2,nr,0.000e+00
7.7875000000000005,3.319722636651989,2,nr,3.254e-11
7.8000000000000007,3.3137256220377442,2,nr,3.495e-15
7.8125000000000009,3.3078023439321997,2,nr,6.778e-15
7.8250000000000002,3.3019532093532131,2,nr,3.639e-15
7.8375000000000004,3.2961786291185233,2,nr,1.766e-15
7.8500000000000005,3.2904790173579719,2,nr,7.908e-16
7.8625000000000007,3.2848547909591921,2,nr,8.490e-12
7.8750000000000009,3.2793063689807749,2,nr,2.696e-15
7.8875000000000002,3.2738341719564952,2,nr,1.557e-15
7.9000000000000004,3.2684386212092971,2,nr,2.926e-15
7.9125000000000005,3.2631201380495796,2,nr,4.367e-15
7.9250000000000007,3.2578791429274152,2,nr,3.151e-15
7.9375000000000009,3.2527160545106701,2,nr,2.033e-15
7.9500000000000002,3.247631288688734,2,nr,5.814e-15
7.9625000000000004,3.2426252574980685,2,nr,7.290e-15
7.9750000000000005,3.2376983679656615,2,nr,5.584e-15
7.9875000000000007,3.2328510208664816,2,nr,2.818e-15
8,3.2280836093909562,2,nr,4.863e-15
8.0124999999999993,3.2233965177185455,2,nr,3.853e-15
8.0250000000000004,3.2187901194935087,2,nr,3.260e-15
8.0374999999999996,3.2142647761989935,2,nr,1.459e-15
8.0499999999999989,3.2098208354217808,2,nr,8.410e-12
8.0625,3.2054586290317557,2,nr,6.412e-16
8.0749999999999993,3.2011784711897251,2,nr,2.391e-16
8.0875000000000004,3.1969806563187868,2,nr,1.347e-15
8.0999999999999996,3.1928654568980956,2,nr,5.594e-15
8.1124999999999989,3.1888331211595906,2,nr,1.567e-15
8.125,3.1848838706566651,2,nr,2.869e-12
8.1374999999999993,3.1810178977172452,2,nr,7.746e-16
8.1500000000000004,3.1772353627504906,2,nr,1.771e-15
8.1624999999999996,3.173536391457116,2,nr,2.297e-16
8.1749999999999989,3.1699210718933823,2,nr,1.123e-12
8.1875,3.1663894514246516,2,nr,0.000e+00
8.1999999999999993,3.1629415335489357,2,nr,5.271e-16
8.2125000000000004,3.1595772746033566,2,nr,2.408e-11
8.2249999999999996,3.1562965804283518,2,nr,1.340e-15
8.2374999999999989,3.1530993027385112,2,nr,2.296e-15
8.25,3.1499852356541354,2,nr,3.071e-14
8.2624999999999993,3.1469541119542082,2,nr,2.124e-15
8.2750000000000004,3.14400559933862,2,nr,1.169e-11
8.2874999999999996,3.1411392965781979,2,nr,8.695e-16
8.2999999999999989,3.138354729717979,2,nr,2.595e-15
8.3125,3.13565134812298,2,nr,5.019e-16
8.3249999999999993,3.133028520615694,2,nr,4.994e-16
8.3375000000000004,3.1304855315904332,2,nr,1.420e-16
8.3499999999999996,3.1280215771754385,2,nr,9.534e-16
8.3624999999999989,3.1256357614636308,2,nr,4.568e-16
8.375,3.1233270928419601,2,nr,5.596e-16
8.3874999999999993,3.121094480451676,2,nr,8.702e-16
8.4000000000000004,3.1189367308377216,2,nr,3.841e-11
8.4124999999999996,3.1168525446593764,2,nr,6.899e-16
8.4249999999999989,3.1148405139943662,2,nr,1.246e-12
8.4375,3.1128991194641613,2,nr,8.270e-12
8.4499999999999993,3.1110267279934614,2,nr,0.000e+00
8.4625000000000004,3.1092215908779797,2,nr,1.734e-11
8.4749999999999996,3.1074818422376564,2,nr,4.056e-16
8.4874999999999989,3.1058054978417644,2,nr,1.347e-15
8.5,3.1041904546125139,2,nr,1.377e-11
8.5124999999999993,3.1026344905856864,2,nr,3.472e-11
8.5250000000000004,3.1011352652491593,2,nr,1.500e-15
8.5374999999999996,3.0996903210082327,2,nr,1.816e-12
8.5499999999999989,3.0982970847095879,2,nr,2.408e-11
8.5625,3.0969528703229234,2,nr,0.000e+00
8.5749999999999993,3.0956548819736205,2,nr,4.616e-16
8.5875000000000004,3.0944002180295493,2,nr,3.606e-12
8.5999999999999996,3.0931858757054584,2,nr,1.499e-11
8.6124999999999989,3.0920087565386063,2,nr,9.831e-17
8.625,3.0908656724957262,2,nr,2.274e-15
8.6374999999999993,3.0897533529862886,2,nr,3.866e-13
8.6500000000000004,3.0886684524576666,2,nr,5.625e-12
8.6624999999999996,3.0876075587555012,2,nr,7.618e-12
8.6749999999999989,3.086567202107982,2,nr,3.175e-15
8.6875,3.0855438647125704,2,nr,1.412e-15
8.6999999999999993,3.0845339909217171,2,nr,4.751e-13
8.7125000000000004,3.0835339978592282,2,nr,2.254e-12
8.7249999999999996,3.0825402864786424,2,nr,2.551e-12
8.7374999999999989,3.0815492529409778,2,nr,1.424e-16
8.75,3.0805573002175342,2,nr,2.624e-11
8.7624999999999993,3.0795608499643468,2,nr,1.111e-13
8.7750000000000004,3.0785563541639864,2,nr,5.068e-13
8.7874999999999996,3.0775403070899814,2,nr,4.765e-13
8.7999999999999989,3.0765092568611321,2,nr,1.226e-11
8.8125,3.0754598168091207,2,nr,4.473e-15
8.8249999999999993,3.074388676610174,2,nr,2.036e-12
8.8375000000000004,3.0732926128361311,2,nr,2.433e-11
8.8499999999999996,3.0721684989893303,2,nr,7.602e-13
8.8624999999999989,3.0710133151497829,2,nr,4.915e-13
8.875,3.0698241566074067,2,nr,5.248e-12
8.8874999999999993,3.0685982420173299,2,nr,1.330e-16
8.9000000000000004,3.0673329206084281,2,nr,3.050e-12
8.9124999999999996,3.0660256786247166,2,nr,1.722e-12
8.9249999999999989,3.0646741448720189,2,nr,1.921e-11
8.9375,3.0632760952900617,2,nr,1.652e-15
8.9499999999999993,3.0618294568070281,2,nr,7.230e-12
8.9625000000000004,3.060332310015967,2,nr,6.445e-13
8.9749999999999996,3.0587828911958153,2,nr,3.072e-16
8.9874999999999989,3.0571795933033608,2,nr,1.510e-11
9,3.0555209661315299,2,nr,2.625e-12
9.0124999999999993,3.053805715759744,2,nr,7.613e-16
9.0250000000000004,3.0520327030882592,2,nr,2.487e-11
9.0374999999999996,3.0502009416689901,2,nr,7.509e-13
9.0499999999999989,3.0483095950551942,2,nr,6.323e-16
9.0625,3.0463579732675394,2,nr,2.679e-11
9.0749999999999993,3.0443455288324239,2,nr,2.130e-16
9.0875000000000004,3.0422718524628602,2,nr,3.330e-11
9.0999999999999996,3.0401366681317716,2,nr,7.332e-13
9.1124999999999989,3.0379398277316945,2,nr,2.166e-16
9.125,3.0356813057306939,2,nr,1.856e-11
9.1374999999999993,3.033361193253961,2,nr,5.842e-16
9.1500000000000004,3.0309796922715768,2,nr,4.217e-11
9.1624999999999996,3.0285371093009408,2,nr,2.217e-16
9.1749999999999989,3.0260338494925882,2,nr,4.038e-11
9.1875,3.0234704103030845,2,nr,9.723e-16
9.1999999999999993,3.0208473751864711,2,nr,4.832e-11
9.2125000000000004,3.018165407760836,2,nr,5.300e-16
9.2249999999999996,3.0154252454179438,2,nr,1.923e-11
9.2374999999999989,3.0126276935990348,2,nr,3.833e-16
9.25,3.009773619970308,2,nr,3.085e-15
9.2624999999999993,3.0068639487215565,2,nr,2.717e-15
9.2750000000000004,3.0038996551657298,2,nr,2.656e-15
9.2874999999999996,3.0008817604806404,2,nr,5.585e-12
9.2999999999999989,2.9978113266887725,2,nr,1.107e-15
9.3125,2.9946894518222735,2,nr,1.592e-15
9.3249999999999993,2.9915172653688784,2,nr,2.323e-15
9.3375000000000004,2.988295923914424,2,nr,2.821e-15
9.3499999999999996,2.9850266070375047,2,nr,2.031e-13
9.3624999999999989,2.9817105134381152,2,nr,3.346e-15
9.375,2.9783488573029997,2,nr,2.053e-15
9.3874999999999993,2.9749428648778178,2,nr,5.863e-11
9.4000000000000004,2.9714937714112928,2,nr,6.319e-15
9.4124999999999996,2.9680028179642424,2,nr,4.768e-15
9.4249999999999989,2.9644712489104714,2,nr,1.010e-15
9.4375,2.9609003092894688,2,nr,1.524e-15
9.4499999999999993,2.957291242502667,2,nr,9.370e-15
9.4625000000000004,2.953645288178564,2,nr,1.371e-15
9.4749999999999996,2.9499636802106264,2,nr,3.037e-11
9.4874999999999989,2.9462476450376984,2,nr,1.214e-15
9.5,2.9424983999226999,2,nr,1.378e-14
9.5124999999999993,2.9387171516128205,2,nr,4.650e-15
9.5250000000000004,2.9349050949802042,2,nr,7.941e-16
9.5374999999999996,2.9310634118697694,2,nr,7.632e-15
9.5499999999999989,2.9271932700669927,2,nr,1.464e-14
9.5625,2.9232958223886301,2,nr,4.577e-15
9.5749999999999993,2.9193722058881635,2,nr,1.534e-15
9.5875000000000004,2.9154235411599529,2,nr,2.530e-11
9.5999999999999996,2.9114509317925577,2,nr,8.665e-15
9.6125000000000007,2.9074554637896743,2,nr,1.953e-14
9.625,2.9034382052424821,2,nr,5.531e-16
9.6374999999999993,2.8994002059560553,2,nr,1.575e-15
9.6500000000000004,2.8953424971804074,2,nr,5.756e-11
9.6624999999999996,2.8912660915064268,2,nr,1.301e-14
9.6750000000000007,2.8871719825561186,2,nr,1.627e-14
9.6875,2.8830611450842873,2,nr,1.427e-14
9.6999999999999993,2.8789345348642539,2,nr,4.749e-16
9.7125000000000004,2.8747930887266269,2,nr,9.543e-16
9.7249999999999996,2.8706377246220618,2,nr,1.342e-15
9.7375000000000007,2.8664693417219618,2,nr,1.657e-14
9.75,2.8622888205532879,2,nr,2.864e-14
9.7624999999999993,2.8580970231639657,2,nr,1.448e-14
9.7750000000000004,2.8538947933156149,2,nr,4.685e-15
9.7874999999999996,2.8496829567007698,2,nr,3.529e-15
9.8000000000000007,2.8454623211815253,2,nr,1.378e-15
9.8125,2.8412336770472617,2,nr,8.203e-15
9.8249999999999993,2.8369977972889986,2,nr,2.024e-14
9.8375000000000004,2.8327554378881894,2,nr,2.092e-14
9.8499999999999996,2.828507338117912,2,nr,7.950e-15
9.8625000000000007,2.8242542208547974,2,nr,2.710e-15
9.875,2.8199967928996648,2,nr,3.204e-13
9.8874999999999993,2.8157357453061076,2,nr,6.067e-16
9.9000000000000004,2.811471753713823,2,nr,1.456e-14
9.9124999999999996,2.8072054786882989,2,nr,2.566e-14
9.9250000000000007,2.8029375660628175,2,nr,1.216e-14
9.9375,2.7986686472834132,2,nr,2.768e-15
9.9499999999999993,2.794399339755413,2,nr,1.491e-15
9.9625000000000004,2.7901302471969567,2,nr,2.653e-11
9.9749999999999996,2.7858619599540888,2,nr,1.655e-15
9.9875000000000007,2.7815950554111484,2,nr,1.593e-14
10,2.7773300982716838,2,nr,1.639e-14
3.6500000000000004,14.913297463946328,3,nr,2.546e-12
3.6625000000000005,14.821434687681116,3,nr,2.520e-15
3.6750000000000003,14.730608471188104,3,nr,1.031e-15
3.6875000000000004,14.640806699866165,3,nr,5.723e-16
3.7000000000000002,14.552017507620793,3,nr,5.720e-17
3.7125000000000004,14.464229272926273,3,nr,9.035e-13
3.7250000000000005,14.377430615004846,3,nr,1.714e-16
3.7375000000000003,14.291610390085808,3,nr,1.484e-15
3.7500000000000004,14.206757687805533,3,nr,2.338e-15
3.7625000000000002,14.122861827673663,3,nr,3.275e-12
3.7750000000000004,14.039912355687095,3,nr,1.519e-14
3.7875000000000005,13.957899040929112,3,nr,3.284e-12
3.8000000000000003,13.876811872430368,3,nr,1.305e-15
3.8125000000000004,13.796641055916728,3,nr,1.077e-15
3.8250000000000002,13.717377010811301,3,nr,1.189e-15
3.8375000000000004,13.639010367205119,3,nr,1.414e-12
3.8500000000000005,13.561531962958531,3,nr,3.385e-16
3.8625000000000003,13.484932840822442,3,nr,1.335e-14
3.8750000000000004,13.409204245679666,3,nr,1.009e-12
3.8875000000000002,13.334337621814177,3,nr,7.458e-13
3.9000000000000004,13.260324610231873,3,nr,4.478e-16
3.9125000000000005,13.187157046046771,3,nr,9.496e-16
3.9250000000000003,13.11482695591185,3,nr,6.153e-14
3.9375000000000004,13.043326555474165,3,nr,2.780e-12
3.9500000000000002,12.972648246895496,3,nr,3.467e-12
3.9625000000000004,12.902784616352118,3,nr,3.385e-12
3.9750000000000005,12.83372843159797,3,nr,1.989e-12
3.9875000000000003,12.765472639519462,3,nr,9.355e-16
4,12.698010363695287,3,nr,3.138e-12
4.0125000000000002,12.631334902007483,3,nr,8.207e-16
4.0250000000000004,12.565439724119514,3,nr,5.455e-17
4.0375000000000005,12.500318469081204,3,nr,1.958e-15
4.0500000000000007,12.435964942804574,3,nr,7.589e-16
4.0625,12.372373115539284,3,nr,1.621e-16
4.0750000000000002,12.309537119291042,3,nr,3.619e-13
4.0875000000000004,12.247451245183024,3,nr,8.587e-16
4.1000000000000005,12.186109940731944,3,nr,9.091e-16
4.1125000000000007,12.12550780705195,3,nr,1.279e-15
4.125,12.065639595945672,3,nr,1.964e-15
4.1375000000000002,12.006500206883215,3,nr,2.856e-15
4.1500000000000004,11.948084683841961,3,nr,2.622e-12
4.1625000000000005,11.890388212030103,3,nr,6.297e-16
4.1750000000000007,11.83340611435321,3,nr,2.128e-12
4.1875,11.777133847832738,3,nr,3.123e-16
4.2000000000000002,11.721566999663235,3,nr,4.146e-16
4.2125000000000004,11.666701283164727,3,nr,1.703e-15
4.2250000000000005,11.612532533401506,3,nr,2.572e-12
4.2375000000000007,11.559056702582401,3,nr,9.395e-13
4.25,11.506269855080049,3,nr,4.075e-16
4.2625000000000002,11.454168162199617,3,nr,7.302e-13
4.2750000000000004,11.402747896549188,3,nr,2.254e-12
4.2875000000000005,11.352005426029214,3,nr,1.909e-15
4.3000000000000007,11.301937207364324,3,nr,5.499e-16
4.3125,11.252539779251954,3,nr,2.080e-12
4.3250000000000002,11.203809754983478,3,nr,1.057e-12
4.3375000000000004,11.155743814514958,3,nr,2.956e-16
4.3500000000000005,11.108338696030392,3,nr,1.465e-12
4.3625000000000007,11.061591186908139,3,nr,9.756e-16
4.375,11.015498113995859,3,nr,7.766e-16
4.3875000000000002,10.970056333297627,3,nr,1.191e-12
4.4000000000000004,10.925262718882955,3,nr,1.009e-15
4.4125000000000005,10.881114151115256,3,nr,4.302e-16
4.4250000000000007,10.837607504035867,3,nr,1.409e-12
4.4375,10.794739631996318,3,nr,5.161e-14
4.4500000000000002,10.752507355370854,3,nr,1.268e-12
4.4625000000000004,10.710907445479526,3,nr,4.213e-16
4.4750000000000005,10.669936608509083,3,nr,4.656e-15
4.4875000000000007,10.629591468587824,3,nr,9.597e-14
4.5,10.589868549866591,3,nr,9.906e-15
4.5125000000000002,10.550764257659466,3,nr,4.125e-16
4.5250000000000004,10.512274858626947,3,nr,1.322e-15
4.5375000000000005,10.474396460002787,3,nr,1.437e-13
4.5500000000000007,10.437124987887787,3,nr,1.399e-15
4.5625,10.400456164629841,3,nr,1.212e-15
4.5750000000000002,10.364385485345169,3,nr,1.142e-13
4.5875000000000004,10.32890819362637,3,nr,2.617e-13
4.6000000000000005,10.294019256517339,3,nr,2.005e-13
4.6125000000000007,10.259713338845415,3,nr,2.125e-14
4.625,10.225984777027659,3,nr,8.319e-16
4.6375000000000002,10.192827552485859,3,nr,3.405e-13
4.6500000000000004,10.160235264807765,3,nr,8.708e-12
4.6625000000000005,10.128201104995764,3,nr,2.238e-13
4.6750000000000007,10.096717828533858,3,nr,1.032e-15
4.6875,10.065777729325422,3,nr,2.140e-16
4.7000000000000002,10.03537261394945,3,nr,2.710e-14
4.7125000000000004,10.005493777016619,3,nr,3.607e-16
4.7250000000000005,9.9761319777858706,3,nr,5.284e-16
4.7375000000000007,9.9472774184095965,3,nr,1.053e-15
4.75,9.918919724173632,3,nr,1.043e-14
4.7625000000000002,9.8910479261218072,3,nr,1.171e-15
4.7750000000000004,9.863650446467636,3,nr,1.229e-14
4.7875000000000005,9.8367150872080185,3,nr,1.080e-15
4.8000000000000007,9.8102290223675066,3,nr,3.498e-12
4.8125000000000009,9.7841787942135579,3,nr,2.213e-14
4.8250000000000002,9.7585503140694616,3,nr,6.004e-14
4.8375000000000004,9.7333288677370096,3,nr,7.557e-14
4.8500000000000005,9.708499126251704,3,nr,7.251e-14
4.8625000000000007,9.6840451620582435,3,nr,4.251e-14
4.8750000000000009,9.6599504709392097,3,nr,1.320e-15
4.8875000000000002,9.6361979998806113,3,nr,1.329e-16
4.9000000000000004,9.612770180994902,3,nr,1.065e-13
4.9125000000000005,9.5896489715370006,3,nr,7.421e-15
4.9250000000000007,9.5668158999622719,3,nr,3.776e-16
4.9375000000000009,9.5442521178601183,3,nr,2.495e-14
4.9500000000000002,9.5219384575119044,3,nr,5.360e-16
4.9625000000000004,9.4998554946998315,3,nr,8.480e-16
4.9750000000000005,9.4779836162897251,3,nr,5.197e-14
4.9875000000000007,9.456303092015256,3,nr,2.250e-12
5.0000000000000009,9.4347941497389449,3,nr,8.463e-16
5.0125000000000002,9.4134370535610881,3,nr,5.335e-15
5.0250000000000004,9.3922121837009165,3,nr,9.005e-15
5.0375000000000005,9.3711001174827508,3,nr,1.408e-14
5.0500000000000007,9.3500817103393423,3,nr,1.233e-15
5.0625000000000009,9.3291381759060279,3,nr,2.467e-12
5.0750000000000002,9.3082511642914678,3,nr,3.773e-12
5.0875000000000004,9.2874028373479476,3,nr,1.103e-13
5.1000000000000005,9.2665759405176615,3,nr,9.573e-14
5.1125000000000007,9.2457538697713684,3,nr,3.738e-14
5.1250000000000009,9.2249207334132066,3,nr,1.627e-13
5.1375000000000002,9.2040614078036675,3,nr,2.563e-16
5.1500000000000004,9.1831615865175404,3,nr,1.289e-16
5.1625000000000005,9.1622078225024097,3,nr,1.904e-13
5.1750000000000007,9.1411875629131796,3,nr,1.027e-13
5.1875000000000009,9.1200891764385599,3,nr,1.531e-16
5.2000000000000002,9.0989019730712677,3,nr,4.405e-17
5.2125000000000004,9.077616216379468,3,nr,3.992e-16
5.2250000000000005,9.0562231284605765,3,nr,8.234e-14
5.2375000000000007,9.034714887889848,3,nr,9.967e-12
5.2500000000000009,9.013084620864861,3,nr,2.948e-16
5.2625000000000002,8.9913263865183719,3,nr,1.209e-14
5.2750000000000004,8.9694351560603121,3,nr,8.295e-16
5.2875000000000005,8.9474067871696956,3,nr,1.291e-13
5.3000000000000007,8.9252379937227868,3,nr,7.638e-15
5.3125000000000009,8.9029263116505479,3,nr,1.418e-16
5.3250000000000002,8.8804700615144299,3,nr,5.683e-14
5.3375000000000004,8.8578683084245249,3,nr,1.155e-15
5.3500000000000005,8.8351208198944562,3,nr,6.553e-15
5.3625000000000007,8.8122280222028895,3,nr,1.028e-12
5.3750000000000009,8.7891909557874257,3,nr,5.439e-16
5.3875000000000002,8.7660112302087931,3,nr,6.583e-13
5.4000000000000004,8.7426909790568583,3,nr,1.814e-15
5.4125000000000005,8.7192328153026217,3,nr,1.781e-15
5.4250000000000007,8.6956397873663427,3,nr,5.287e-13
5.4375000000000009,8.6719153362682864,3,nr,2.763e-12
5.4500000000000002,8.6480632540814213,3,nr,9.953e-16
5.4625000000000004,8.6240876439816514,3,nr,3.174e-16
5.4750000000000005,8.5999928819302252,3,nr,4.594e-14
5.4875000000000007,8.5757835802778128,3,nr,1.512e-12
5.5000000000000009,8.5514645532796969,3,nr,4.210e-12
5.5125000000000002,8.5270407846381939,3,nr,6.479e-12
5.5250000000000004,8.5025173970843468,3,nr,1.334e-15
5.5375000000000005,8.4778996240736397,3,nr,3.930e-16
5.5500000000000007,8.4531927834122236,3,nr,2.098e-15
5.5625000000000009,8.4284022530117539,3,nr,9.737e-16
5.5750000000000002,8.4035334485575035,3,nr,2.083e-15
5.5875000000000004,8.3785918030929007,3,nr,1.870e-15
5.6000000000000005,8.3535827484391998,3,nr,1.593e-15
5.6125000000000007,8.3285116983710097,3,nr,5.959e-16
5.6250000000000009,8.3033840334625211,3,nr,1.083e-15
5.6375000000000002,8.2782050875152429,3,nr,3.039e-16
5.6500000000000004,8.2529801354758039,3,nr,8.592e-16
5.6625000000000005,8.2277143827512216,3,nr,0.000e+00
5.6750000000000007,8.2024129558098053,3,nr,1.674e-11
5.6875000000000009,8.1770808940943418,3,nr,1.686e-11
5.7000000000000002,8.1517231428607193,3,nr,1.944e-11
5.7125000000000004,8.1263445473105822,3,nr,2.071e-11
5.7250000000000005,8.1009498473235286,3,nr,1.374e-11
5.7375000000000007,8.0755436735869228,3,nr,5.887e-12
5.7500000000000009,8.0501305440253859,3,nr,4.387e-13
5.7625000000000002,8.0247148612054549,3,nr,2.606e-15
5.7750000000000004,7.9993009103465891,3,nr,6.744e-16
5.7875000000000005,7.9738928579467716,3,nr,9.527e-16
5.8000000000000007,7.9484947509295463,3,nr,0.000e+00
5.8125000000000009,7.9231105162760951,3,nr,9.006e-16
5.8250000000000002,7.8977439610878379,3,nr,2.236e-15
5.8375000000000004,7.8723987730313532,3,nr,2.820e-15
5.8500000000000005,7.8470785211216825,3,nr,6.400e-16
5.8625000000000007,7.82178665680338,3,nr,2.080e-15
5.8750000000000009,7.7965265152922152,3,nr,2.749e-15
5.8875000000000002,7.7713013171372207,3,nr,7.477e-12
5.9000000000000004,7.7461141700022234,3,nr,1.615e-11
5.9125000000000005,7.7209680705816197,3,nr,2.364e-11
5.9250000000000007,7.6958659066749169,3,nr,2.911e-11
5.9375000000000009,7.6708104593784245,3,nr,3.200e-11
5.9500000000000002,7.6458044053731582,3,nr,3.175e-11
5.9625000000000004,7.6208503192909438,3,nr,2.763e-11
5.9750000000000005,7.5959506761415643,3,nr,1.863e-11
5.9875000000000007,7.571107853785632,3,nr,3.694e-12
6.0000000000000009,7.5463241354270272,3,nr,1.097e-15
6.0125000000000002,7.5216017121690566,3,nr,2.683e-15
6.0250000000000004,7.4969426855284125,3,nr,2.226e-15
6.0375000000000005,7.4723490699702184,3,nr,3.203e-15
6.0500000000000007,7.4478227954368039,3,nr,2.177e-15
6.0625000000000009,7.4233657098580137,3,nr,3.736e-15
6.0750000000000002,7.3989795816392263,3,nr,2.126e-15
6.0875000000000004,7.3746661021215827,3,nr,8.235e-17
6.1000000000000005,7.3504268880222057,3,nr,2.051e-11
6.1125000000000007,7.3262634837622285,3,nr,2.838e-15
6.1250000000000009,7.3021773639434793,3,nr,1.680e-16
6.1375000000000002,7.2781699355304852,3,nr,5.581e-15
6.1500000000000004,7.2542425401758361,3,nr,3.489e-15
6.1625000000000005,7.2303964564350931,3,nr,2.169e-11
6.1750000000000007,7.2066329018714335,3,nr,4.308e-16
6.1875000000000009,7.1829530352953315,3,nr,4.508e-15
6.2000000000000002,7.159357958706722,3,nr,4.012e-15
6.2125000000000004,7.1358487193706193,3,nr,4.247e-13
6.2250000000000005,7.1124263117684015,3,nr,3.794e-15
6.2375000000000007,7.0890916795062759,3,nr,0.000e+00
6.2500000000000009,7.0658457171766891,3,nr,6.514e-15
6.2625000000000002,7.0426892721649876,3,nr,4.845e-15
6.2750000000000004,7.0196231464065484,3,nr,3.338e-15
6.2875000000000005,6.996648098093373,3,nr,1.043e-14
6.3000000000000007,6.9737648433310255,3,nr,2.097e-15
6.3125000000000009,6.9509740577466763,3,nr,7.330e-16
6.3250000000000002,6.9282763780491683,3,nr,3.960e-15
6.3375000000000004,6.9056724035306036,3,nr,2.406e-11
6.3500000000000005,6.8831626975898583,3,nr,6.602e-15
6.3625000000000007,6.8607477890378235,3,nr,6.661e-12
6.3750000000000009,6.8384281736037922,3,nr,6.289e-15
6.3875000000000002,6.8162043151827509,3,nr,5.186e-15
6.4000000000000004,6.7940766471702458,3,nr,9.471e-16
6.4125000000000005,6.7720455736990814,3,nr,5.707e-16
6.4250000000000007,6.7501114708562691,3,nr,3.220e-12
6.4375000000000009,6.7282746878499804,3,nr,0.000e+00
6.4500000000000002,6.7065355481601641,3,nr,2.311e-15
6.4625000000000004,6.6848943506353482,3,nr,2.471e-11
6.4750000000000005,6.6633513705127747,3,nr,2.475e-15
6.4875000000000007,6.6419068605525302,3,nr,2.192e-15
6.5000000000000009,6.6205610519107934,3,nr,5.087e-11
6.5125000000000002,6.5993141552627446,3,nr,3.239e-15
6.5250000000000004,6.5781663615193926,3,nr,1.182e-15
6.5375000000000005,6.5571178429421408,3,nr,3.903e-15
6.5500000000000007,6.5361687539159048,3,nr,5.552e-15
6.5625000000000009,6.5153192318296655,3,nr,2.562e-11
6.5750000000000002,6.4945693978492676,3,nr,1.896e-15
6.5875000000000004,6.473919357815074,3,nr,7.505e-16
6.6000000000000005,6.4533692029140459,3,nr,5.420e-15
6.6125000000000007,6.4329190104785443,3,nr,6.140e-15
6.6250000000000009,6.412568844701938,3,nr,7.014e-15
6.6375000000000002,6.3923187573421734,3,nr,4.199e-15
6.6500000000000004,6.3721687884040907,3,nr,5.022e-15
6.6625000000000005,6.3521189668013776,3,nr,6.102e-16
6.6750000000000007,6.3321693109989079,3,nr,5.250e-15
6.6875000000000009,6.3123198296363228,3,nr,8.582e-15
6.7000000000000002,6.2925705221335448,3,nr,5.631e-16
6.7125000000000004,6.2729213792790679,3,nr,2.975e-15
6.7250000000000005,6.2533723838016799,3,nr,4.703e-15
6.7375000000000007,6.2339235109263527,3,nr,1.288e-15
6.7500000000000009,6.2145747289149984,3,nr,8.178e-15
6.7625000000000002,6.1953259995994836,3,nr,1.919e-11
6.7750000000000004,6.1761772788604752,3,nr,5.513e-15
6.7875000000000005,6.1571285171939749,3,nr,3.318e-15
6.8000000000000007,6.1381796601308141,3,nr,1.765e-15
6.8125000000000009,6.1193306487450441,3,nr,2.210e-15
6.8250000000000002,6.1005814201246125,3,nr,4.087e-11
6.8375000000000004,6.0819319077541154,3,nr,2.241e-15
6.8500000000000005,6.0633820420968574,3,nr,8.660e-15
6.8625000000000007,6.0449317508865184,3,nr,3.964e-12
6.8750000000000009,6.0265809596213114,3,nr,1.748e-11
6.8875000000000002,6.0083295919808739,3,nr,3.387e-15
6.9000000000000004,5.9901775701882629,3,nr,2.020e-12
6.9125000000000005,5.9721248154445821,3,nr,3.951e-11
6.9250000000000007,5.9541712483819902,3,nr,5.051e-11
6.9375000000000009,5.9363167892434721,3,nr,3.216e-11
6.9500000000000002,5.9185613584936032,3,nr,5.240e-11
6.9625000000000004,5.9009048771499382,3,nr,1.587e-12
6.9750000000000005,5.8833472669729785,3,nr,5.523e-12
6.9875000000000007,5.8658884510278693,3,nr,1.221e-11
7.0000000000000009,5.8485283539402539,3,nr,2.676e-11
7.0125000000000002,5.8312669023237778,3,nr,2.116e-11
7.0250000000000004,5.8141040250378442,3,nr,2.881e-11
7.0375000000000005,5.7970396536182633,3,nr,1.311e-15
7.0500000000000007,5.780073722549802,3,nr,2.649e-12
7.0625000000000009,5.7632061696716219,3,nr,5.316e-15
7.0750000000000002,5.7464369364853463,3,nr,3.638e-15
7.0875000000000004,5.7297659684913551,3,nr,6.774e-12
7.1000000000000005,5.7131932155402874,3,nr,2.143e-15
7.1125000000000007,5.6967186321453962,3,nr,4.374e-15
7.1250000000000009,5.680342177838873,3,nr,1.852e-15
7.1375000000000002,5.6640638175039948,3,nr,2.815e-11
7.1500000000000004,5.6478835216656771,3,nr,4.867e-15
7.1625000000000005,5.6318012669157618,3,nr,3.743e-15
7.1750000000000007,5.6158170361566651,3,nr,8.307e-16
7.1875000000000009,5.5999308189821733,3,nr,1.296e-12
7.2000000000000002,5.5841426120072937,3,nr,2.977e-15
7.2125000000000004,5.5684524192024192,3,nr,5.969e-15
7.2250000000000005,5.5528602522377248,3,nr,7.636e-15
7.2375000000000007,5.5373661308233455,3,nr,4.609e-15
7.2500000000000009,5.5219700830544696,3,nr,7.762e-15
7.2625000000000002,5.50667214575867,3,nr,5.438e-15
7.2750000000000004,5.4914723648461345,3,nr,3.225e-15
7.2875000000000005,5.4763707956631347,3,nr,2.503e-15
7.3000000000000007,5.4613675033488827,3,nr,5.096e-17
7.3125000000000009,5.4464625631960715,3,nr,5.084e-17
7.3250000000000002,5.4316560610153282,3,nr,1.572e-15
7.3375000000000004,5.4169480935037537,3,nr,4.047e-15
7.3500000000000005,5.4023387686178044,3,nr,2.119e-15
7.3625000000000007,5.3878282059506448,3,nr,9.560e-16
7.3750000000000009,5.3734165371141804,3,nr,6.723e-15
7.3875000000000002,5.3591039061258989,3,nr,3.552e-15
7.4000000000000004,5.3448904697986288,3,nr,6.030e-12
7.4125000000000005,5.3307763981475782,3,nr,6.562e-15
7.4250000000000007,5.3167618747718883,3,nr,9.415e-16
7.4375000000000009,5.3028470972822248,3,nr,2.914e-15
7.4500000000000002,5.2890322777029271,3,nr,7.186e-15
7.4625000000000004,5.2753176428916237,3,nr,3.678e-15
7.4750000000000005,5.2617034349619569,3,nr,7.037e-15
7.4875000000000007,5.2481899117113766,3,nr,6.427e-15
7.5000000000000009,5.2347773470445365,3,nr,2.638e-11
7.5125000000000002,5.221466031457247,3,nr,1.691e-15
7.5250000000000004,5.2082562723854924,3,nr,2.935e-15
7.5375000000000005,5.1951483947445167,3,nr,1.438e-15
7.5500000000000007,5.1821427413323748,3,nr,4.772e-16
7.5625000000000009,5.169239673292604,3,nr,5.322e-15
7.5750000000000002,5.1564395705704555,3,nr,8.326e-15
7.5875000000000004,5.1437428323714487,3,nr,2.732e-15
7.6000000000000005,5.1311498776213496,3,nr,2.719e-15
7.6125000000000007,5.1186611454270006,3,nr,4.293e-15
7.6250000000000009,5.106277095536802,3,nr,1.486e-15
7.6375000000000002,5.0939982088000191,3,nr,1.756e-15
7.6500000000000004,5.0818249876234836,3,nr,6.438e-15
7.6625000000000005,5.0697579564127455,3,nr,3.058e-11
7.6750000000000007,5.0577976620784728,3,nr,8.921e-15
7.6875000000000009,5.0459446743589123,3,nr,2.807e-15
7.7000000000000002,5.0341995863691524,3,nr,3.693e-15
7.7125000000000004,5.0225630149622518,3,nr,5.912e-15
7.7250000000000005,5.0110356011476069,3,nr,1.158e-15
7.7375000000000007,4.9996180105040962,3,nr,5.607e-11
7.7500000000000009,4.988310933437254,3,nr,9.512e-15
7.7625000000000002,4.9771150857560684,3,nr,5.254e-15
7.7750000000000004,4.9660312087678617,3,nr,3.656e-15
7.7875000000000005,4.9550600696674625,3,nr,4.201e-11
7.8000000000000007,4.944202461861984,3,nr,5.332e-15
7.8125000000000009,4.9334592050130084,3,nr,8.119e-15
7.8250000000000002,4.9228311453898606,3,nr,2.803e-15
7.8375000000000004,4.9123191559066077,3,nr,4.051e-15
7.8500000000000005,4.9019241362095931,3,nr,9.139e-15
7.8625000000000007,4.8916470126843405,3,nr,6.164e-15
7.8750000000000009,4.8814887383922594,3,nr,3.723e-15
7.8875000000000002,4.8714502929291061,3,nr,4.603e-15
7.9000000000000004,4.8615326821964642,3,nr,1.796e-15
7.9125000000000005,4.8517369380768027,3,nr,3.324e-15
7.9250000000000007,4.8420641180018933,3,nr,4.428e-15
7.9375000000000009,4.8325153044035352,3,nr,3.437e-15
7.9500000000000002,4.8230916040346425,3,nr,3.334e-15
7.9625000000000004,4.8137941471479584,3,nr,1.497e-15
7.9750000000000005,4.8046240864986576,3,nr,3.949e-11
7.9875000000000007,4.7955825962951835,3,nr,2.796e-15
8,4.7866708706654801,3,nr,1.310e-15
8.0124999999999993,4.7778901223168324,3,nr,3.060e-15
8.0250000000000004,4.7692415806764021,3,nr,1.518e-16
8.0374999999999996,4.7607264899105255,3,nr,2.034e-15
8.0499999999999989,4.7523461066636301,3,nr,4.561e-15
8.0625,4.7441016975156201,3,nr,0.000e+00
8.0749999999999993,4.7359945361354292,3,nr,7.362e-16
8.0875000000000004,4.7280259001077054,3,nr,3.141e-15
8.0999999999999996,4.7201970674084279,3,nr,2.029e-15
8.1124999999999989,4.7125093125046282,3,nr,3.523e-15
8.125,4.7049639020523966,3,nr,2.435e-13
8.1374999999999993,4.6975620901681197,3,nr,5.023e-15
8.1500000000000004,4.6903051132433919,3,nr,1.123e-15
8.1624999999999996,4.6831941842821765,3,nr,1.392e-16
8.1749999999999989,4.6762304867288416,3,nr,5.525e-16
8.1875,4.6694151677405156,3,nr,3.758e-11
8.1999999999999993,4.6627493310455916,3,nr,3.261e-15
8.2125000000000004,4.6562340288628592,3,nr,1.483e-15
8.2249999999999996,4.649870253696613,3,nr,1.845e-12
8.2374999999999989,4.6436589291604715,3,nr,5.305e-16
8.25,4.63760090029196,3,nr,6.578e-16
8.2624999999999993,4.631696923222882,3,nr,3.980e-15
8.2750000000000004,4.6259476541813092,3,nr,1.683e-15
8.2874999999999996,4.6203536378520802,3,nr,2.954e-15
8.2999999999999989,4.6149152950953978,3,nr,5.089e-13
8.3125,4.6096329100385702,3,nr,7.799e-12
8.3249999999999993,4.6045066165911734,3,nr,1.222e-11
8.3375000000000004,4.5995363843701211,3,nr,9.988e-12
8.3499999999999996,4.59472200413175,3,nr,3.543e-12
8.3624999999999989,4.5900630727801692,3,nr,2.402e-11
8.375,4.5855589779061461,3,nr,6.083e-16
8.3874999999999993,4.5812088823278696,3,nr,4.227e-16
8.4000000000000004,4.5770117080960846,3,nr,2.278e-15
8.4124999999999996,4.572966120777906,3,nr,1.670e-11
8.4249999999999989,4.5690705136555181,3,nr,1.536e-11
8.4375,4.5653229925216525,3,nr,1.204e-15
8.4499999999999993,4.5617213604919895,3,nr,4.375e-16
8.4625000000000004,4.5582631039518429,3,nr,2.304e-11
8.4749999999999996,4.55494537926515,3,nr,4.343e-14
8.4874999999999989,4.5517650004341315,3,nr,2.290e-16
8.5,4.5487184285493836,3,nr,1.005e-11
8.5124999999999993,4.5458017626751506,3,nr,1.699e-16
8.5250000000000004,4.5430107326605,3,nr,1.067e-11
8.5374999999999996,4.5403406943939331,3,nr,1.121e-16
8.5499999999999989,4.537786627264782,3,nr,6.924e-12
8.5625,4.5353431346652586,3,nr,1.249e-15
8.5749999999999993,4.5330044472324094,3,nr,3.331e-12
8.5875000000000004,4.5307644295074612,3,nr,7.987e-16
8.5999999999999996,4.5286165898362238,3,nr,6.744e-13
8.6124999999999989,4.5265540939133411,3,nr,1.423e-15
8.625,4.5245697818967523,3,nr,7.026e-14
8.6374999999999993,4.5226561892279538,3,nr,1.357e-12
8.6500000000000004,4.5208055710837796,3,nr,6.109e-16
8.6624999999999996,4.5190099304141498,3,nr,8.495e-13
8.6749999999999989,4.5172610493531469,3,nr,1.015e-15
8.6875,4.5155505238364277,3,nr,4.055e-16
8.6999999999999993,4.513869801068652,3,nr,1.089e-12
8.7125000000000004,4.512210219502518,3,nr,6.634e-16
8.7249999999999996,4.5105630508792087,3,nr,2.210e-11
8.7374999999999989,4.508919543963823,3,nr,6.529e-13
8.75,4.5072709690169006,3,nr,4.057e-16
8.7624999999999993,4.5056086631898307,3,nr,2.369e-12
8.7750000000000004,4.5039240754611907,3,nr,2.701e-14
8.7874999999999996,4.5022088110447713,3,nr,4.509e-13
8.7999999999999989,4.5004546744368259,3,nr,1.058e-13
8.8125,4.498653710634219,3,nr,3.224e-15
8.8249999999999993,4.4967982439563459,3,nr,1.616e-12
8.8375000000000004,4.4948809140024073,3,nr,2.192e-12
8.8499999999999996,4.492894708308417,3,nr,9.938e-16
8.8624999999999989,4.4908329913608345,3,nr,8.659e-13
8.875,4.4886895297146543,3,nr,9.190e-16
8.8874999999999993,4.4864585129606827,3,nr,1.914e-12
8.9000000000000004,4.484134570500137,3,nr,4.219e-16
8.9124999999999996,4.4817127840118225,3,nr,1.680e-12
8.9249999999999989,4.4791886957439937,3,nr,1.422e-16
8.9375,4.4765583126443849,3,nr,2.645e-13
8.9499999999999993,4.4738181065959886,3,nr,1.468e-15
8.9625000000000004,4.4709650109205938,3,nr,1.017e-12
8.9749999999999996,4.4679964134617949,3,nr,1.284e-15
8.9874999999999989,4.4649101465448364,3,nr,1.732e-11
9,4.4617044742336569,3,nr,8.092e-12
9.0124999999999993,4.4583780769215471,3,nr,2.116e-15
9.0250000000000004,4.454930034224323,3,nr,1.517e-11
9.0374999999999996,4.4513598059057493,3,nr,1.388e-11
9.0499999999999989,4.4476672113892262,3,nr,1.159e-15
9.0625,4.4438524085978504,3,nr,3.013e-15
9.0749999999999993,4.4399158716809417,3,nr,3.309e-11
9.0875000000000004,4.4358583687224868,3,nr,1.546e-11
9.0999999999999996,4.4316809387809482,3,nr,2.561e-11
9.1124999999999989,4.4273848697969989,3,nr,6.427e-12
9.125,4.4229716759738125,3,nr,5.770e-16
9.1374999999999993,4.4184430762571365,3,nr,5.173e-16
9.1500000000000004,4.4138009731830472,3,nr,7.174e-16
9.1624999999999996,4.4090474325476467,3,nr,9.868e-16
9.1749999999999989,4.4041846639551689,3,nr,3.186e-15
9.1875,4.39921500230892,3,nr,4.017e-16
9.1999999999999993,4.3941408903054953,3,nr,1.756e-15
9.2125000000000004,4.3889648619692867,3,nr,1.158e-15
9.2249999999999996,4.3836895272471077,3,nr,1.031e-15
9.2374999999999989,4.3783175576681623,3,nr,1.942e-15
9.25,4.3728516730618079,3,nr,1.049e-15
9.2624999999999993,4.3672946293150545,3,nr,4.869e-15
9.2750000000000004,4.3616492071428565,3,nr,1.139e-15
9.2874999999999996,4.3559182018372775,3,nr,7.900e-16
9.2999999999999989,4.3501044139573697,3,nr,2.383e-12
9.3125,4.344210640907411,3,nr,2.923e-16
9.3249999999999993,4.3382396693833654,3,nr,1.769e-15
9.3375000000000004,4.3321942685953481,3,nr,6.467e-15
9.3499999999999996,4.3260771842607761,3,nr,2.999e-16
9.3624999999999989,4.3198911332922592,3,nr,9.072e-16
9.375,4.3136387991401675,3,nr,2.211e-15
9.3874999999999993,4.3073228277403581,3,nr,5.304e-15
9.4000000000000004,4.300945824020495,3,nr,6.201e-16
9.4124999999999996,4.2945103489197942,3,nr,8.596e-16
9.4249999999999989,4.2880189168792135,3,nr,3.545e-15
9.4375,4.2814739937609474,3,nr,1.191e-15
9.4499999999999993,4.2748779951585574,3,nr,4.162e-15
9.4625000000000004,4.2682332850610045,3,nr,5.163e-15
9.4749999999999996,4.261542174836527,3,nr,9.187e-15
9.4874999999999989,4.2548069225042875,3,nr,3.851e-15
9.5,4.2480297322640315,3,nr,8.337e-15
9.5124999999999993,4.2412127542563001,3,nr,4.574e-15
9.5250000000000004,4.2343580845277362,3,nr,4.692e-15
9.5374999999999996,4.2274677651779378,3,nr,2.127e-14
9.5499999999999989,4.2205437846665976,3,nr,3.485e-15
9.5625,4.2135880782609432,3,nr,5.222e-15
9.5749999999999993,4.206602528605826,3,nr,1.509e-14
9.5875000000000004,4.1995889663999098,3,nr,2.865e-15
9.5999999999999996,4.1925491711630816,3,nr,3.313e-14
9.6125000000000007,4.1854848720817728,3,nr,9.679e-16
9.625,4.1783977489200437,3,nr,4.872e-15
9.6374999999999993,4.1712894329851995,3,nr,1.248e-14
9.6500000000000004,4.164161508138533,3,nr,6.819e-15
9.6624999999999996,4.1570155118419416,3,nr,2.889e-14
9.6750000000000007,4.1498529362329322,3,nr,5.451e-16
9.6875,4.142675229220572,3,nr,2.779e-14
9.6999999999999993,4.1354837955965253,3,nr,3.494e-15
9.7125000000000004,4.1282799981554597,3,nr,1.739e-14
9.7249999999999996,4.1210651588198157,3,nr,1.219e-14
9.7375000000000007,4.1138405597650083,3,nr,2.994e-15
9.75,4.1066074445408818,3,nr,2.888e-14
9.7624999999999993,4.0993670191865537,3,nr,1.040e-15
9.7750000000000004,4.0921204533354238,3,nr,3.290e-14
9.7874999999999996,4.0848688813083456,3,nr,7.647e-16
9.8000000000000007,4.0776134031923617,3,nr,3.795e-14
9.8125,4.0703550859037394,3,nr,4.056e-15
9.8249999999999993,4.0630949642335725,3,nr,2.038e-14
9.8375000000000004,4.0558340418745837,3,nr,1.131e-14
9.8499999999999996,4.0485732924285829,3,nr,7.690e-15
9.8625000000000007,4.041313660393234,3,nr,1.353e-14
9.875,4.0340560621280606,3,nr,2.916e-15
9.8874999999999993,4.0268013867987387,3,nr,3.207e-14
9.9000000000000004,4.0195504972998339,3,nr,6.481e-16
9.9124999999999996,4.0123042311553343,3,nr,2.939e-14
9.9250000000000007,4.0050634013993545,3,nr,7.730e-12
9.9375,3.9978287974228461,3,nr,2.170e-14
9.9499999999999993,3.9906011858278525,3,nr,4.256e-15
9.9625000000000004,3.9833813112209553,3,nr,9.662e-15
9.9749999999999996,3.9761698970144033,3,nr,7.043e-15
9.9875000000000007,3.9689676461944567,3,nr,5.071e-15
10,3.9617752420707126,3,nr,2.935e-14
4.6375000000000002,14.963755087210052,4,nr,1.484e-13
4.6500000000000004,14.912591517679282,4,nr,2.245e-13
4.6625000000000005,14.862374736880232,4,nr,8.586e-16
4.6750000000000007,14.813097061323896,4,nr,1.413e-13
4.6875,14.764749829925361,4,nr,6.627e-15
4.7000000000000002,14.717323315279566,4,nr,8.777e-16
4.7125000000000004,14.670806634175985,4,nr,1.817e-16
4.7250000000000005,14.625187658336618,4,nr,2.970e-12
4.7375000000000007,14.580452926463535,4,nr,1.040e-15
4.75,14.536587559164294,4,nr,3.210e-16
4.7625000000000002,14.493575177825049,4,nr,2.323e-15
4.7750000000000004,14.451397829486366,4,nr,4.056e-16
4.7875000000000005,14.410035919252852,4,nr,7.009e-14
4.8000000000000007,14.369468152215395,4,nr,6.076e-15
4.8125000000000009,14.329671486866062,4,nr,2.659e-15
4.8250000000000002,14.290621102029174,4,nr,3.980e-16
4.8375000000000004,14.252290379350828,4,nr,2.069e-16
4.8500000000000005,14.214650903315668,4,nr,5.978e-15
4.8625000000000007,14.177672480643125,4,nr,7.046e-14
4.8750000000000009,14.141323180715657,4,nr,8.026e-16
4.8875000000000002,14.105569398448631,4,nr,4.915e-12
4.9000000000000004,14.070375940481778,4,nr,1.799e-12
4.9125000000000005,14.03570613572875,4,nr,4.616e-12
4.9250000000000007,14.001521969662919,4,nr,9.034e-16
4.9375000000000009,13.967784242810362,4,nr,5.122e-14
4.9500000000000002,13.934452751531452,4,nr,7.761e-15
4.9625000000000004,13.901486490160382,4,nr,3.541e-12
4.9750000000000005,13.868843871729569,4,nr,1.144e-14
4.9875000000000007,13.836482964891792,4,nr,5.199e-13
5.0000000000000009,13.804361743060158,4,nr,2.705e-16
5.0125000000000002,13.772438342496416,4,nr,9.669e-15
5.0250000000000004,13.740671324723303,4,nr,5.410e-15
5.0375000000000005,13.709019938981656,4,nr,1.484e-12
5.0500000000000007,13.67744438015435,4,nr,4.758e-14
5.0625000000000009,13.645906037525831,4,nr,2.123e-14
5.0750000000000002,13.614367730255044,4,nr,3.100e-12
5.0875000000000004,13.582793925443443,4,nr,1.017e-15
5.1000000000000005,13.551150935123729,4,nr,4.994e-14
5.1125000000000007,13.519407089625053,4,nr,5.837e-12
5.1250000000000009,13.487532884382464,4,nr,8.222e-16
5.1375000000000002,13.455501099315926,4,nr,1.471e-14
5.1500000000000004,13.423286888961588,4,nr,2.541e-16
5.1625000000000005,13.390867843970085,4,nr,4.141e-14
5.1750000000000007,13.358224023955968,4,nr,7.935e-16
5.1875000000000009,13.325337962934281,4,nr,6.517e-15
5.2000000000000002,13.292194648942933,4,nr,9.204e-14
5.2125000000000004,13.258781479906132,4,nr,2.277e-16
5.2250000000000005,13.225088198140179,4,nr,2.300e-16
5.2375000000000007,13.191106806157467,4,nr,1.665e-15
5.2500000000000009,13.156831466548946,4,nr,3.785e-14
5.2625000000000002,13.122258388792559,4,nr,1.022e-13
5.2750000000000004,13.087385705796869,4,nr,1.764e-13
5.2875000000000005,13.052213342887576,4,nr,2.592e-13
5.3000000000000007,13.016742881785278,4,nr,3.042e-13
5.3125000000000009,12.980977421919537,4,nr,1.950e-13
5.3250000000000002,12.944921441184672,4,nr,1.881e-12
5.3375000000000004,12.908580658028461,4,nr,4.238e-16
5.3500000000000005,12.87196189636137,4,nr,9.003e-13
5.3625000000000007,12.835072954791334,4,nr,5.600e-15
5.3750000000000009,12.797922481129447,4,nr,1.099e-15
5.3875000000000002,12.760519853043034,4,nr,2.411e-13
5.4000000000000004,12.722875065525033,4,nr,3.603e-16
5.4125000000000005,12.6849986255791,4,nr,6.840e-16
5.4250000000000007,12.646901454378879,4,nr,2.501e-12
5.4375000000000009,12.608594796986603,4,nr,1.122e-15
5.4500000000000002,12.570090139714159,4,nr,1.803e-14
5.4625000000000004,12.53139913481351,4,nr,2.804e-12
5.4750000000000005,12.492533532437978,4,nr,1.310e-15
5.4875000000000007,12.453505119596088,4,nr,2.211e-15
5.5000000000000009,12.414325665606183,4,nr,9.949e-17
5.5125000000000002,12.375006873879105,4,nr,8.059e-16
5.5250000000000004,12.335560339520312,4,nr,1.277e-12
5.5375000000000005,12.29599751237828,4,nr,3.689e-12
5.5500000000000007,12.256329665139326,4,nr,6.160e-12
5.5625000000000009,12.216567866059878,4,nr,8.351e-12
5.5750000000000002,12.17672295593502,4,nr,1.022e-11
5.5875000000000004,12.13680552892521,4,nr,1.183e-11
5.6000000000000005,12.096825916875279,4,nr,1.322e-11
5.6125000000000007,12.056794176778908,4,nr,1.437e-11
5.6250000000000009,12.016720081062338,4,nr,1.522e-11
5.6375000000000002,11.976613110382614,4,nr,1.569e-11
5.6500000000000004,11.9364824486573,4,nr,1.567e-11
5.6625000000000005,11.896336980064536,4,nr,1.512e-11
5.6750000000000007,11.856185287773185,4,nr,1.408e-11
5.6875000000000009,11.816035654183796,4,nr,1.265e-11
5.7000000000000002,11.775896062480482,4,nr,1.105e-11
5.7125000000000004,11.735774199312543,4,nr,9.498e-12
5.7250000000000005,11.695677458442461,4,nr,8.254e-12
5.7375000000000007,11.655612945212996,4,nr,7.537e-12
5.7500000000000009,11.615587481701574,4,nr,7.567e-12
5.7625000000000002,11.575607612444186,4,nr,8.656e-12
5.7750000000000004,11.535679610623923,4,nr,1.129e-11
5.7875000000000005,11.495809484631145,4,nr,1.622e-11
5.8000000000000007,11.456002984912976,4,nr,2.435e-11
5.8125000000000009,11.416265610989837,4,nr,1.350e-11
5.8250000000000002,11.376602618874776,4,nr,3.344e-15
5.8375000000000004,11.337019028080586,4,nr,4.052e-16
5.8500000000000005,11.297519629233303,4,nr,5.388e-15
5.8625000000000007,11.258108991358561,4,nr,1.446e-15
5.8750000000000009,11.2187914692476,4,nr,1.182e-15
5.8875000000000002,11.179571210752451,4,nr,1.404e-16
5.9000000000000004,11.14045216400738,4,nr,1.080e-11
5.9125000000000005,11.10143808448959,4,nr,3.504e-15
5.9250000000000007,11.06253254209652,4,nr,2.598e-15
5.9375000000000009,11.023738927899025,4,nr,3.204e-15
5.9500000000000002,10.985060460884423,4,nr,2.833e-13
5.9625000000000004,10.946500194482606,4,nr,6.375e-15
5.9750000000000005,10.908061022937906,4,nr,4.187e-15
5.9875000000000007,10.869745687503721,4,nr,0.000e+00
6.0000000000000009,10.831556782464158,4,nr,2.586e-15
6.0125000000000002,10.793496760975421,4,nr,5.904e-15
6.0250000000000004,10.755567940746925,4,nr,2.784e-11
6.0375000000000005,10.717772509424211,4,nr,3.351e-15
6.0500000000000007,10.680112530088472,4,nr,1.464e-12
6.0625000000000009,10.642589946178605,4,nr,1.663e-15
6.0750000000000002,10.605206586551059,4,nr,5.165e-12
6.0875000000000004,10.56796417020821,4,nr,1.125e-15
6.1000000000000005,10.530864310939313,4,nr,5.062e-12
6.1125000000000007,10.493908521740439,4,nr,2.366e-15
6.1250000000000009,10.457098219075641,4,nr,5.013e-15
6.1375000000000002,10.420434727039094,4,nr,2.555e-11
6.1500000000000004,10.383919281225568,4,nr,3.001e-15
6.1625000000000005,10.347553032701875,4,nr,2.518e-15
6.1750000000000007,10.311337051521051,4,nr,5.070e-16
6.1875000000000009,10.275272330334262,4,nr,1.242e-11
6.2000000000000002,10.239359787731448,4,nr,7.278e-15
6.2125000000000004,10.203600271571229,4,nr,4.567e-15
6.2250000000000005,10.167994562042715,4,nr,1.214e-15
6.2375000000000007,10.132543374710014,4,nr,9.947e-15
6.2500000000000009,10.09724736339602,4,nr,7.023e-16
6.2625000000000002,10.062107122959164,4,nr,5.387e-15
6.2750000000000004,10.027123191960115,4,nr,9.506e-15
6.2875000000000005,9.9922960552228623,4,nr,7.595e-15
6.3000000000000007,9.9576261462939257,4,nr,5.212e-15
6.3125000000000009,9.9231138498039186,4,nr,3.434e-15
6.3250000000000002,9.8887595037350611,4,nr,1.272e-15
6.3375000000000004,9.8545634015984831,4,nr,1.735e-15
6.3500000000000005,9.8205257945029043,4,nr,4.669e-11
6.3625000000000007,9.7866468932725184,4,nr,3.230e-15
6.3750000000000009,9.7529268701542051,4,nr,5.101e-15
6.3875000000000002,9.7193658608895657,4,nr,5.127e-15
6.4000000000000004,9.6859639663827117,4,nr,7.493e-15
6.4125000000000005,9.6527212544301939,4,nr,1.167e-14
6.4250000000000007,9.6196377613614938,4,nr,3.639e-15
6.4375000000000009,9.5867134936151643,4,nr,6.647e-16
6.4500000000000002,9.553948429253138,4,nr,8.441e-15
6.4625000000000004,9.521342519415974,4,nr,6.609e-15
6.4750000000000005,9.4888956897215291,4,nr,4.472e-15
6.4875000000000007,9.456607841609479,4,nr,2.269e-15
6.5000000000000009,9.4244788536340849,4,nr,1.939e-15
6.5125000000000002,9.3925085827073858,4,nr,3.309e-15
6.5250000000000004,9.3606968652907749,4,nr,1.051e-11
6.5375000000000005,9.3290435185668699,4,nr,8.629e-15
6.5500000000000007,9.2975483415042071,4,nr,4.133e-15
6.5625000000000009,9.2662111159657066,4,nr,2.666e-15
6.5750000000000002,9.2350316077139762,4,nr,3.055e-13
6.5875000000000004,9.2040095674036166,4,nr,6.063e-15
6.6000000000000005,9.1731447315351122,4,nr,2.892e-15
6.6125000000000007,9.1424368233719218,4,nr,9.101e-15
6.6250000000000009,9.1118855538265926,4,nr,1.154e-14
6.6375000000000002,9.0814906223148704,4,nr,4.527e-15
6.6500000000000004,9.0512517175801062,4,nr,5.396e-15
6.6625000000000005,9.0211685184892669,4,nr,5.916e-15
6.6750000000000007,8.991240694801883,4,nr,6.286e-15
6.6875000000000009,8.9614679079132422,4,nr,6.352e-15
6.7000000000000002,8.9318498115730804,4,nr,5.858e-15
6.7125000000000004,8.902386052580967,4,nr,1.072e-15
6.7250000000000005,8.8730762714595688,4,nr,1.072e-14
6.7375000000000007,8.8439201031069015,4,nr,2.051e-16
6.7500000000000009,8.8149171774211261,4,nr,2.132e-11
6.7625000000000002,8.7860671199515821,4,nr,5.275e-15
6.7750000000000004,8.7573695524191173,4,nr,4.382e-16
6.7875000000000005,8.7288240933699655,4,nr,6.687e-15
6.8000000000000007,8.7004303587109515,4,nr,2.938e-11
6.8125000000000009,8.6721879622139628,4,nr,9.322e-15
6.8250000000000002,8.6440965161507819,4,nr,7.338e-15
6.8375000000000004,8.6161556317042365,4,nr,2.245e-11
6.8500000000000005,8.588364919564734,4,nr,8.057e-16
6.8625000000000007,8.5607239903558412,4,nr,4.765e-11
6.8750000000000009,8.5332324551153462,4,nr,6.472e-15
6.8875000000000002,8.5058899259098553,4,nr,5.078e-11
6.9000000000000004,8.4786960160621909,4,nr,5.465e-15
6.9125000000000005,8.4516503408373396,4,nr,6.447e-11
6.9250000000000007,8.4247525178087859,4,nr,1.116e-11
6.9375000000000009,8.3980021671914127,4,nr,6.174e-12
6.9500000000000002,8.3713989124317241,4,nr,1.497e-11
6.9625000000000004,8.3449423805626015,4,nr,4.890e-14
6.9750000000000005,8.3186322026602806,4,nr,3.307e-12
6.9875000000000007,8.2924680142355243,4,nr,3.931e-11
7.0000000000000009,8.2664494556055477,4,nr,3.880e-11
7.0125000000000002,8.2405761725001199,4,nr,5.492e-11
7.0250000000000004,8.2148478161307192,4,nr,1.245e-12
7.0375000000000005,8.1892640439580031,4,nr,3.328e-11
7.0500000000000007,8.1638245199130779,4,nr,6.510e-11
7.0625000000000009,8.138528914697611,4,nr,1.000e-11
7.0750000000000002,8.1133769064716059,4,nr,6.900e-15
7.0875000000000004,8.0883681810250128,4,nr,3.323e-15
7.1000000000000005,8.0635024322671232,4,nr,3.737e-15
7.1125000000000007,8.0387793626282456,4,nr,4.293e-16
7.1250000000000009,8.014198683481931,4,nr,5.186e-11
7.1375000000000002,7.9897601154680737,4,nr,1.247e-11
7.1500000000000004,7.9654633890956017,4,nr,6.197e-15
7.1625000000000005,7.9413082449520811,4,nr,5.438e-16
7.1750000000000007,7.9172944342506923,4,nr,1.042e-14
7.1875000000000009,7.8934217192206324,4,nr,4.002e-15
7.2000000000000002,7.8696898735348135,4,nr,2.860e-11
7.2125000000000004,7.8460986827955956,4,nr,2.470e-15
7.2250000000000005,7.8226479448875237,4,nr,7.576e-15
7.2375000000000007,7.799337470530741,4,nr,2.129e-11
7.2500000000000009,7.7761670836608818,4,nr,3.427e-15
7.2625000000000002,7.7531366219779949,4,nr,7.758e-15
7.2750000000000004,7.730245937356095,4,nr,5.907e-15
7.2875000000000005,7.7074948963671357,4,nr,2.388e-15
7.3000000000000007,7.6848833807717698,4,nr,6.162e-12
7.3125000000000009,7.6624112880405137,4,nr,1.820e-15
7.3250000000000002,7.6400785318760951,4,nr,5.936e-11
7.3375000000000004,7.6178850426702294,4,nr,1.659e-15
7.3500000000000005,7.5958307682405355,4,nr,3.809e-15
7.3625000000000007,7.5739156741971119,4,nr,4.697e-15
7.3750000000000009,7.5521397446191978,4,nr,2.242e-15
7.3875000000000002,7.5305029826283292,4,nr,4.568e-15
7.4000000000000004,7.50900541099743,4,nr,2.573e-15
7.4125000000000005,7.487647072776821,4,nr,8.976e-15
7.4250000000000007,7.4664280319378289,4,nr,6.585e-15
7.4375000000000009,7.4453483740347846,4,nr,2.644e-15
7.4500000000000002,7.4244082068860848,4,nr,1.951e-15
7.4625000000000004,7.4036076612751485,4,nr,7.629e-15
7.4750000000000005,7.3829468916719243,4,nr,6.388e-15
7.4875000000000007,7.3624260769757734,4,nr,7.037e-15
7.5000000000000009,7.3420454212803996,4,nr,9.599e-16
7.5125000000000002,7.3218051546615213,4,nr,4.301e-15
7.5250000000000004,7.301705533988109,4,nr,1.094e-15
7.5375000000000005,7.2817468437577375,4,nr,4.452e-15
7.5500000000000007,7.2619293969568082,4,nr,5.562e-15
7.5625000000000009,7.2422535359461948,4,nr,8.867e-15
7.5750000000000002,7.2227196333730035,4,nr,6.723e-15
7.5875000000000004,7.2033280931088148,4,nr,9.291e-17
7.6000000000000005,7.1840793512151393,4,nr,1.664e-15
7.6125000000000007,7.1649738769360845,4,nr,4.223e-13
7.6250000000000009,7.1460121737198836,4,nr,1.280e-15
7.6375000000000002,7.127194780266036,4,nr,5.549e-15
7.6500000000000004,7.108522271603916,4,nr,6.694e-15
7.6625000000000005,7.089995260197119,4,nr,1.898e-14
7.6750000000000007,7.0716143970769716,4,nr,4.829e-15
7.6875000000000009,7.0533803730034847,4,nr,4.622e-15
7.7000000000000002,7.0352939196537259,4,nr,6.008e-15
7.7125000000000004,7.0173558108367393,4,nr,7.727e-15
7.7250000000000005,6.9995668637465034,4,nr,2.970e-11
7.7375000000000007,6.9819279401645202,4,nr,2.775e-15
7.7500000000000009,6.9644399478720951,4,nr,2.584e-16
7.7625000000000002,6.9471038418343545,4,nr,9.242e-15
7.7750000000000004,6.9299206255882604,4,nr,3.226e-12
7.7875000000000005,6.9128913525801092,4,nr,4.474e-15
7.8000000000000007,6.8960171275067532,4,nr,3.521e-15
7.8125000000000009,6.8792991076936678,4,nr,1.082e-15
7.8250000000000002,6.8627385044558027,4,nr,8.428e-15
7.8375000000000004,6.8463365844656385,4,nr,3.855e-15
7.8500000000000005,6.830094671112569,4,nr,4.234e-15
7.8625000000000007,6.8140141458478025,4,nr,1.616e-15
7.8750000000000009,6.7980964495070157,4,nr,9.862e-15
7.8875000000000002,6.7823430836014049,4,nr,7.160e-15
7.9000000000000004,6.7667556115669312,4,nr,4.578e-15
7.9125000000000005,6.7513356599597589,4,nr,3.445e-15
7.9250000000000007,6.7360849195847763,4,nr,5.513e-15
7.9375000000000009,6.7210051465420388,4,nr,5.391e-16
7.9500000000000002,6.706098163174306,4,nr,1.527e-15
7.9625000000000004,6.6913658588966705,4,nr,1.742e-15
7.9750000000000005,6.6768101908871325,4,nr,5.780e-15
7.9875000000000007,6.6624331846143479,4,nr,6.325e-15
8,6.648236934176202,4,nr,4.057e-15
8.0124999999999993,6.6342236024197963,4,nr,5.848e-16
8.0250000000000004,6.6203954208103672,4,nr,1.232e-15
8.0374999999999996,6.6067546890129663,4,nr,1.077e-15
8.0499999999999989,6.5933037741471914,4,nr,3.343e-15
8.0625,6.5800451096917056,4,nr,3.374e-11
8.0749999999999993,6.5669811938459803,4,nr,1.396e-15
8.0875000000000004,6.5541145877297868,4,nr,6.913e-16
8.0999999999999996,6.5414479126405007,4,nr,8.900e-16
8.1124999999999989,6.5289838470277699,4,nr,5.424e-16
8.125,6.5167251226839245,4,nr,2.081e-15
8.1374999999999993,6.5046745202107141,4,nr,1.503e-11
8.1500000000000004,6.4928348637337585,4,nr,3.949e-16
8.1624999999999996,6.4812090145650263,4,nr,4.300e-15
8.1749999999999989,6.4697998640764958,4,nr,4.916e-12
8.1875,6.4586103253555676,4,nr,3.512e-15
8.1999999999999993,6.4476433236808433,4,nr,4.993e-15
8.2125000000000004,6.4369017857637036,4,nr,3.128e-16
8.2249999999999996,6.426388627531554,4,nr,1.238e-16
8.2374999999999989,6.4161067404127508,4,nr,2.573e-15
8.25,6.4060589759826216,4,nr,1.395e-15
8.2624999999999993,6.3962481288575921,4,nr,3.061e-15
8.2750000000000004,6.3866769177226095,4,nr,2.079e-15
8.2874999999999996,6.3773479643810775,4,nr,2.469e-15
8.2999999999999989,6.3682637707233427,4,nr,1.629e-15
8.3125,6.3594266935081487,4,nr,1.383e-11
8.3249999999999993,6.3508389169640456,4,nr,6.268e-16
8.3375000000000004,6.3425024228937277,4,nr,7.895e-16
8.3499999999999996,6.3344189586660482,4,nr,1.035e-11
8.3624999999999989,6.3265900027306907,4,nr,3.205e-15
8.375,6.3190167277235814,4,nr,1.944e-11
8.3874999999999993,6.3116999616287011,4,nr,1.300e-15
8.4000000000000004,6.3046401463988531,4,nr,2.700e-12
8.4124999999999996,6.2978372951314014,4,nr,1.676e-11
8.4249999999999989,6.2912909471502871,4,nr,2.631e-16
8.4375,6.2850001221985856,4,nr,1.147e-15
8.4499999999999993,6.2789632733214669,4,nr,9.012e-12
8.4625000000000004,6.2731782396857536,4,nr,1.500e-11
8.4749999999999996,6.2676421994576694,4,nr,1.435e-11
8.4874999999999989,6.2623516236771479,4,nr,7.548e-17
8.5,6.2573022318160589,4,nr,1.847e-15
8.5124999999999993,6.2524889501100489,4,nr,1.510e-15
8.5250000000000004,6.2479058733598229,4,nr,5.028e-12
8.5374999999999996,6.2435462315334842,4,nr,2.502e-12
8.5499999999999989,6.2394023620839629,4,nr,4.038e-13
8.5625,6.2354656892948004,4,nr,1.589e-15
8.5749999999999993,6.2317267116887125,4,nr,1.124e-15
8.5875000000000004,6.2281749986523032,4,nr,6.841e-13
8.5999999999999996,6.2247991973163508,4,nr,3.483e-14
8.6124999999999989,6.2215870506277815,4,nr,2.744e-15
8.625,6.2185254273439918,4,nr,1.595e-12
8.6374999999999993,6.2156003645118059,4,nr,8.060e-16
8.6500000000000004,6.2127971227535888,4,nr,2.557e-12
8.6624999999999996,6.2101002542709374,4,nr,2.973e-12
8.6749999999999989,6.2074936833534933,4,nr,1.373e-15
8.6875,6.2049607986397186,4,nr,2.088e-15
8.6999999999999993,6.2024845560965689,4,nr,1.135e-15
8.7125000000000004,6.2000475914103221,4,nr,1.582e-13
8.7249999999999996,6.197632340034736,4,nr,1.271e-12
8.7374999999999989,6.1952211629384699,4,nr,6.813e-13
8.75,6.1927964758689669,4,nr,3.371e-13
8.7624999999999993,6.1903408797384181,4,nr,1.239e-14
8.7750000000000004,6.1878372897442508,4,nr,1.202e-11
8.7874999999999996,6.1852690606636838,4,nr,4.964e-14
8.7999999999999989,6.1826201063269481,4,nr,8.185e-16
8.8125,6.179875010536974,4,nr,1.594e-12
8.8249999999999993,6.1770191280892002,4,nr,2.405e-12
8.8375000000000004,6.1740386739201112,4,nr,5.926e-17
8.8499999999999996,6.1709207992441248,4,nr,1.165e-12
8.8624999999999989,6.1676536538309046,4,nr,7.673e-16
8.875,6.1642264338422619,4,nr,2.341e-15
8.8874999999999993,6.1606294152291907,4,nr,6.386e-13
8.9000000000000004,6.1568539728825842,4,nr,2.632e-12
8.9124999999999996,6.1528925861653105,4,nr,8.880e-16
8.9249999999999989,6.1487388316447964,4,nr,5.222e-16
8.9375,6.1443873642047038,4,nr,1.429e-15
8.9499999999999993,6.1398338877108225,4,nr,3.220e-12
8.9625000000000004,6.1350751166446749,4,nr,7.939e-15
8.9749999999999996,6.1301087301962172,4,nr,3.277e-14
8.9874999999999989,6.1249333201303342,4,nr,1.037e-11
9,6.1195483340430306,4,nr,1.208e-15
9.0124999999999993,6.1139540150496527,4,nr,7.960e-16
9.0250000000000004,6.1081513395605906,4,nr,3.753e-16
9.0374999999999996,6.1021419539137867,4,nr,2.077e-11
9.0499999999999989,6.0959281109656933,4,nr,9.896e-12
9.0625,6.0895126077869568,4,nr,4.427e-16
9.0749999999999993,6.0828987247018951,4,nr,1.678e-16
9.0875000000000004,6.0760901666626745,4,nr,2.214e-11
9.0999999999999996,6.0690910072008988,4,nr,3.430e-16
9.1124999999999989,6.0619056356640568,4,nr,1.194e-12
9.125,6.0545387073598462,4,nr,1.870e-15
9.1374999999999993,6.046995097416195,4,nr,7.091e-16
9.1500000000000004,6.0392798580617386,4,nr,2.510e-15
9.1624999999999996,6.0313981794374785,4,nr,2.296e-15
9.1749999999999989,6.0233553538947158,4,nr,1.222e-16
9.1875,6.015156743682005,4,nr,2.177e-12
9.1999999999999993,6.0068077518837741,4,nr,1.874e-15
9.2125000000000004,5.9983137964899464,4,nr,1.706e-15
9.2249999999999996,5.9896802873684312,4,nr,1.469e-15
9.2374999999999989,5.9809126060106701,4,nr,3.035e-15
9.25,5.9720160878251924,4,nr,2.415e-15
9.2624999999999993,5.9629960067960788,4,nr,5.279e-16
9.2750000000000004,5.9538575623121455,4,nr,3.269e-15
9.2874999999999996,5.9446058679786802,4,nr,1.214e-15
9.2999999999999989,5.9352459422376871,4,nr,1.300e-11
9.3125,5.9257827005697292,4,nr,1.859e-15
9.3249999999999993,5.9162209492743871,4,nr,4.593e-15
9.3375000000000004,5.9065653804071649,4,nr,3.164e-15
9.3499999999999996,5.8968205679979571,4,nr,6.464e-15
9.3624999999999989,5.8869909652573833,4,nr,7.678e-15
9.375,5.8770809027025921,4,nr,9.422e-15
9.3874999999999993,5.8670945870830504,4,nr,1.281e-14
9.4000000000000004,5.8570361010044225,4,nr,9.609e-15
9.4124999999999996,5.8469094031580795,4,nr,8.061e-15
9.4249999999999989,5.8367183290726929,4,nr,1.206e-14
9.4375,5.8264665923126824,4,nr,1.628e-14
9.4499999999999993,5.8161577860561184,4,nr,8.753e-15
9.4625000000000004,5.805795384991729,4,nr,1.395e-15
9.4749999999999996,5.795382747467877,4,nr,3.099e-11
9.4874999999999989,5.7849231179409051,4,nr,2.604e-15
9.5,5.7744196293954948,4,nr,3.980e-16
9.5124999999999993,5.7638753061754535,4,nr,4.416e-15
9.5250000000000004,5.7532930667168527,4,nr,7.045e-15
9.5374999999999996,5.7426757264403774,4,nr,2.638e-14
9.5499999999999989,5.7320260006829535,4,nr,2.017e-14
9.5625,5.7213465076609191,4,nr,1.735e-14
9.5749999999999993,5.7106397714458179,4,nr,0.000e+00
9.5875000000000004,5.6999082249373405,4,nr,1.772e-15
9.5999999999999996,5.6891542128195871,4,nr,6.801e-16
9.6125000000000007,5.6783799944891467,4,nr,8.567e-15
9.625,5.6675877469454177,4,nr,3.617e-14
9.6374999999999993,5.6567795676350041,4,nr,2.965e-14
9.6500000000000004,5.6459574772438161,4,nr,1.025e-14
9.6624999999999996,5.6351234224376592,4,nr,1.980e-11
9.6750000000000007,5.6242792785010005,4,nr,6.396e-15
9.6875,5.6134268520100949,4,nr,1.718e-14
9.6999999999999993,5.6025678833048822,4,nr,4.440e-14
9.7125000000000004,5.5917040489911232,4,nr,2.683e-14
9.7249999999999996,5.5808369643318398,4,nr,5.657e-15
9.7375000000000007,5.5699681855579817,4,nr,5.074e-11
9.75,5.5590992122014757,4,nr,3.789e-15
9.7624999999999993,5.5482314891225615,4,nr,2.203e-14
9.7750000000000004,5.537366408778472,4,nr,5.556e-14
9.7874999999999996,5.5265053131881929,4,nr,2.710e-14
9.8000000000000007,5.5156494959216458,4,nr,6.245e-15
9.8125,5.5048002040059671,4,nr,2.189e-15
9.8249999999999993,5.4939586397654301,4,nr,6.698e-16
9.8375000000000004,5.4831259625967501,4,nr,2.020e-14
9.8499999999999996,5.472303290681368,4,nr,4.951e-14
9.8625000000000007,5.4614917026366125,4,nr,3.037e-14
9.875,5.4506922391071182,4,nr,2.930e-16
9.8874999999999993,5.4399059042988105,4,nr,6.773e-15
9.9000000000000004,5.4291336674569832,4,nr,3.501e-15
9.9124999999999996,5.418376464290378,4,nr,1.452e-14
9.9250000000000007,5.407635198343165,4,nr,4.444e-14
9.9375,5.396910742316595,4,nr,3.524e-14
9.9499999999999993,5.3862039393423382,4,nr,2.028e-14
9.9625000000000004,5.375515604208883,4,nr,2.974e-15
9.9749999999999996,5.3648465245432995,4,nr,3.290e-15
9.9875000000000007,5.3541974619497053,4,nr,2.947e-15
10,5.3435691531063005,4,nr,1.040e-14
5.5250000000000004,-9.6415756389574252,5,nr,6.788e-14
5.5375000000000005,-9.1545532852493139,5,nr,4.975e-17
5.5500000000000007,-8.7000111002412517,5,nr,1.549e-16
5.5625000000000009,-8.2751719127238363,5,nr,2.563e-14
5.5750000000000002,-7.8775471776788093,5,nr,6.539e-16
5.5875000000000004,-7.5049018373220067,5,nr,2.977e-16
5.6000000000000005,-7.1552240641996301,5,nr,6.857e-14
5.6125000000000007,-6.8266991271800848,5,nr,2.474e-16
5.6250000000000009,-6.51768675135986,5,nr,1.325e-15
5.6375000000000002,-6.2267014486554455,5,nr,6.514e-17
5.6500000000000004,-5.9523953824368876,5,nr,8.833e-17
5.6625000000000005,-5.6935434002965648,5,nr,1.784e-15
5.6750000000000007,-5.449029927428076,5,nr,1.332e-15
5.6875000000000009,-5.2178374612502365,5,nr,3.616e-15
5.7000000000000002,-4.9990364478547296,5,nr,1.766e-15
5.7125000000000004,-4.791776354078042,5,nr,9.986e-17
5.7250000000000005,-4.5952777767417219,5,nr,4.220e-13
5.7375000000000007,-4.4088254537593805,5,nr,4.081e-15
5.7500000000000009,-4.231762061531823,5,nr,5.959e-17
5.7625000000000002,-4.0634826990429644,5,nr,7.755e-15
5.7750000000000004,-3.9034299734985241,5,nr,9.225e-15
5.7875000000000005,-3.7510896136660703,5,nr,4.197e-16
5.8000000000000007,-3.6059865472886785,5,nr,1.131e-16
5.8125000000000009,-3.4676813873873167,5,nr,1.995e-14
5.8250000000000002,-3.3357672795388664,5,nr,7.919e-17
5.8375000000000004,-3.2098670684314357,5,nr,9.903e-17
5.8500000000000005,-3.0896307473451889,5,nr,2.365e-15
5.8625000000000007,-2.9747331587771635,5,nr,1.364e-15
5.8750000000000009,-2.864871918396533,5,nr,3.597e-16
5.8875000000000002,-2.7597655379253299,5,nr,1.669e-15
5.9000000000000004,-2.6591517254965962,5,nr,1.761e-14
5.9125000000000005,-2.5627858446064073,5,nr,6.271e-14
5.9250000000000007,-2.4704395150045437,5,nr,9.932e-17
5.9375000000000009,-2.3818993408012532,5,nr,2.103e-16
5.9500000000000002,-2.2969657527802352,5,nr,1.377e-16
5.9625000000000004,-2.2154519533568857,5,nr,2.203e-16
5.9750000000000005,-2.1371829539424625,5,nr,1.025e-16
5.9875000000000007,-2.0619946955959598,5,nr,1.193e-16
6.0000000000000009,-1.9897332448477132,5,nr,6.627e-15
6.0125000000000002,-1.9202540574342915,5,nr,3.477e-12
6.0250000000000004,-1.8534213036310212,5,nr,1.577e-13
6.0375000000000005,-1.7891072489484181,5,nr,8.214e-14
6.0500000000000007,-1.7271916857619245,5,nr,1.347e-16
6.0625000000000009,-1.6675614104883802,5,nr,3.066e-13
6.0750000000000002,-1.6101097426008661,5,nr,1.366e-12
6.0875000000000004,-1.5547360814995939,5,nr,1.565e-14
6.1000000000000005,-1.5013454980964587,5,nr,1.912e-16
6.1125000000000007,-1.4498483577634389,5,nr,7.180e-15
6.1250000000000009,-1.4001599722045677,5,nr,4.089e-12
6.1375000000000002,-1.3522002774822857,5,nr,2.477e-16
6.1500000000000004,-1.3058935363929123,5,nr,2.561e-16
6.1625000000000005,-1.2611680625162187,5,nr,9.824e-17
6.1750000000000007,-1.2179559647346501,5,nr,8.230e-13
6.1875000000000009,-1.1761929101934547,5,nr,6.587e-17
6.2000000000000002,-1.1358179042471712,5,nr,1.452e-16
6.2125000000000004,-1.0967730861077152,5,nr,7.232e-17
6.2250000000000005,-1.0590035388275596,5,nr,5.580e-13
6.2375000000000007,-1.0224571125557573,5,nr,7.759e-17
6.2500000000000009,-0.98708425996419857,5,nr,2.231e-16
6.2625000000000002,-0.95283788295715321,5,nr,1.823e-12
6.2750000000000004,-0.9196731897690209,5,nr,1.252e-13
6.2875000000000005,-0.88754756157595582,5,nr,2.332e-12
6.3000000000000007,-0.85642042811460373,5,nr,1.472e-16
6.3125000000000009,-0.82625315132485022,5,nr,2.786e-16
6.3250000000000002,-0.79700891674260788,5,nr,3.222e-16
6.3375000000000004,-0.76865263181498811,5,nr,2.180e-12
6.3500000000000005,-0.74115083080506916,5,nr,1.358e-16
6.3625000000000007,-0.71447158565250479,5,nr,6.139e-13
6.3750000000000009,-0.68858442255704466,5,nr,3.126e-12
6.3875000000000002,-0.66346024370604306,5,nr,3.802e-12
6.4000000000000004,-0.63907125384824826,5,nr,2.110e-12
6.4125000000000005,-0.61539089139112035,5,nr,2.278e-16
6.4250000000000007,-0.59239376369482222,5,nr,6.739e-17
6.4375000000000009,-0.57005558628521336,5,nr,3.453e-12
6.4500000000000002,-0.54835312562911231,5,nr,6.600e-12
6.4625000000000004,-0.52726414549990674,5,nr,9.301e-17
6.4750000000000005,-0.5067673561806153,5,nr,4.590e-17
6.4875000000000007,-0.48684236697676858,5,nr,7.251e-17
6.5000000000000009,-0.46746964126073559,5,nr,5.659e-17
6.5125000000000002,-0.44863045416480796,5,nr,8.491e-12
6.5250000000000004,-0.43030685275891745,5,nr,1.537e-16
6.5375000000000005,-0.41248161827508117,5,nr,4.653e-16
6.5500000000000007,-0.39513823072613413,5,nr,3.530e-16
6.5625000000000009,-0.37826083526940307,5,nr,1.580e-11
6.5750000000000002,-0.36183421064997001,5,nr,6.839e-17
6.5875000000000004,-0.34584373901733895,5,nr,3.581e-16
6.6000000000000005,-0.33027537784155464,5,nr,1.409e-16
6.6125000000000007,-0.31511563300709433,5,nr,1.191e-12
6.6250000000000009,-0.30035153349406524,5,nr,8.679e-17
6.6375000000000002,-0.28597060736224728,5,nr,4.578e-17
6.6500000000000004,-0.27196085903571299,5,nr,2.081e-16
6.6625000000000005,-0.25831074777017304,5,nr,1.122e-11
6.6750000000000007,-0.24500916717167612,5,nr,3.138e-13
6.6875000000000009,-0.23204542596974403,5,nr,2.911e-16
6.7000000000000002,-0.21940922951171024,5,nr,8.423e-12
6.7125000000000004,-0.20709066244469551,5,nr,2.355e-16
6.7250000000000005,-0.19508017204573655,5,nr,1.757e-11
6.7375000000000007,-0.18336855269514427,5,nr,6.218e-13
6.7500000000000009,-0.17194693071145903,5,nr,2.346e-16
6.7625000000000002,-0.16080675036498401,5,nr,1.226e-17
6.7750000000000004,-0.14993976028877914,5,nr,1.765e-13
6.7875000000000005,-0.13933800065533919,5,nr,1.777e-11
6.8000000000000007,-0.12899379106740422,5,nr,1.696e-11
6.8125000000000009,-0.11889971870718376,5,nr,9.606e-12
6.8250000000000002,-0.10904862757014792,5,nr,1.701e-11
6.8375000000000004,-0.099433607689657658,5,nr,1.838e-11
6.8500000000000005,-0.090047985353602533,5,nr,1.812e-11
6.8625000000000007,-0.080885313188005875,5,nr,3.630e-17
6.8750000000000009,-0.071939361415457481,5,nr,7.613e-16
6.8875000000000002,-0.063204108917714316,5,nr,1.052e-15
6.9000000000000004,-0.054673735027817291,5,nr,9.742e-12
6.9125000000000005,-0.046342611640231665,5,nr,2.802e-16
6.9250000000000007,-0.03820529558483704,5,nr,1.506e-15
6.9375000000000009,-0.030256521491209925,5,nr,1.611e-17
6.9500000000000002,-0.022491194865596843,5,nr,2.230e-15
6.9625000000000004,-0.014904385519217276,5,nr,1.305e-12
6.9750000000000005,-0.0074913212865715421,5,nr,2.664e-15
7.0000000000000009,0.006831906207662961,5,nr,2.563e-15
7.0125000000000002,0.013750876480253998,5,nr,4.862e-16
7.0250000000000004,0.020513726393263106,5,nr,3.719e-11
7.0375000000000005,0.02712452313752893,5,nr,3.895e-15
7.0500000000000007,0.03358720809763692,5,nr,9.768e-16
7.0625000000000009,0.039905601690776234,5,nr,4.483e-17
7.0750000000000002,0.046083407667453884,5,nr,1.654e-15
7.0875000000000004,0.052124217363784447,5,nr,5.518e-15
7.1000000000000005,0.058031513754120592,5,nr,3.543e-15
7.1125000000000007,0.063808675335217072,5,nr,7.531e-16
7.1250000000000009,0.069458979849983643,5,nr,1.388e-16
7.1375000000000002,0.074985607855873021,5,nr,4.525e-12
7.1500000000000004,0.080391646136808825,5,nr,4.886e-11
7.1625000000000005,0.085680091088802118,5,nr,9.952e-16
7.1750000000000007,0.090853851650292791,5,nr,1.582e-15
7.1875000000000009,0.095915752563147896,5,nr,2.171e-15
7.2000000000000002,0.10086853715770608,5,nr,2.364e-15
7.2125000000000004,0.10571487016778337,5,nr,1.355e-15
7.2250000000000005,0.11045734040340761,5,nr,1.672e-11
7.2375000000000007,0.11509846336583365,5,nr,5.376e-12
7.2500000000000009,0.11964068363502371,5,nr,7.428e-17
7.2625000000000002,0.1240863773470418,5,nr,6.084e-16
7.2750000000000004,0.12843785441938244,5,nr,5.187e-15
7.2875000000000005,0.13269736076921898,5,nr,1.618e-14
7.3000000000000007,0.13686708042591889,5,nr,1.669e-14
7.3125000000000009,0.14094913756571562,5,nr,5.222e-15
7.3250000000000002,0.14494559847793445,5,nr,2.202e-11
7.3375000000000004,0.1488584734063691,5,nr,2.531e-15
7.3500000000000005,0.15268971844891574,5,nr,2.163e-14
7.3625000000000007,0.15644123721812017,5,nr,1.513e-14
7.3750000000000009,0.16011488257074827,5,nr,1.286e-11
7.3875000000000002,0.16371245819570099,5,nr,5.118e-15
7.4000000000000004,0.16723572022171357,5,nr,3.244e-14
7.4125000000000005,0.17068637867460365,5,nr,3.770e-15
7.4250000000000007,0.1740660989501778,5,nr,2.070e-15
7.4375000000000009,0.17737650320709591,5,nr,3.905e-14
7.4500000000000002,0.18061917171431752,5,nr,3.101e-15
7.4625000000000004,0.18379564415042354,5,nr,5.413e-15
7.4750000000000005,0.18690742085713369,5,nr,3.878e-14
7.4875000000000007,0.18995596406804041,5,nr,6.178e-11
7.5000000000000009,0.19294269897807273,5,nr,3.227e-14
7.5125000000000002,0.19586901506431978,5,nr,9.660e-15
7.5250000000000004,0.19873626697864819,5,nr,8.362e-15
7.5375000000000005,0.20154577569445528,5,nr,3.540e-14
7.5500000000000007,0.20429882950096109,5,nr,1.915e-15
7.5625000000000009,0.20699668498201942,5,nr,5.433e-14
7.5750000000000002,0.2096405679620548,5,nr,0.000e+00
7.5875000000000004,0.21223167441960833,5,nr,6.534e-14
7.6000000000000005,0.21477117137066895,5,nr,3.734e-16
7.6125000000000007,0.2172601977219385,5,nr,7.085e-14
7.6250000000000009,0.21969986509628522,5,nr,3.696e-16
7.6375000000000002,0.22209125863030124,5,nr,7.230e-14
7.6500000000000004,0.2244354377462138,5,nr,1.282e-15
7.6625000000000005,0.22673343689792644,5,nr,6.131e-14
7.6750000000000007,0.22898626629335544,5,nr,5.636e-15
7.6875000000000009,0.23119491259281563,5,nr,3.307e-14
7.7000000000000002,0.23336033958541161,5,nr,3.125e-14
7.7125000000000004,0.23548348884330386,5,nr,3.512e-15
7.7250000000000005,0.23756528035554281,5,nr,8.812e-14
7.7375000000000007,0.23960661314136383,5,nr,2.688e-16
7.7500000000000009,0.24160836584464435,5,nr,6.491e-14
7.7625000000000002,0.24357139730931418,5,nr,2.266e-14
7.7750000000000004,0.24549654713688304,5,nr,5.878e-15
7.7875000000000005,0.2473846362269643,5,nr,1.058e-13
7.8000000000000007,0.24923646730087071,5,nr,2.042e-15
7.8125000000000009,0.25105282540903834,5,nr,2.855e-14
7.8250000000000002,0.25283447842342421,5,nr,7.890e-14
7.8375000000000004,0.25458217751442996,5,nr,9.731e-16
7.8500000000000005,0.25629665761396775,5,nr,4.852e-14
7.8625000000000007,0.25797863786426317,5,nr,6.905e-14
7.8750000000000009,0.2596288220533397,5,nr,8.824e-17
7.8875000000000002,0.26124789903790341,5,nr,4.656e-14
7.9000000000000004,0.26283654315343452,5,nr,8.083e-14
7.9125000000000005,0.26439541461231048,5,nr,1.410e-15
7.9250000000000007,0.26592515989068349,5,nr,2.396e-14
7.9375000000000009,0.26742641210373597,5,nr,1.128e-13
7.9500000000000002,0.26889979137051845,5,nr,1.074e-14
7.9625000000000004,0.27034590516802454,5,nr,4.401e-16
7.9750000000000005,0.27176534867562929,5,nr,7.852e-14
7.9875000000000007,0.27315870510958601,5,nr,5.105e-14
8,0.27452654604804427,5,nr,1.673e-15
8.0124999999999993,0.27586943174744072,5,nr,1.761e-14
8.0250000000000004,0.27718791144975669,5,nr,9.572e-14
8.0374999999999996,0.2784825236816505,5,nr,2.748e-14
8.0499999999999989,0.27975379654514404,5,nr,1.762e-16
8.0625,0.28100224800088319,5,nr,2.168e-14
8.0749999999999993,0.28222838614342627,5,nr,8.682e-14
8.0875000000000004,0.2834327094694632,5,nr,2.760e-14
8.0999999999999996,0.28461570713872086,5,nr,1.764e-16
8.1124999999999989,0.28577785922836413,5,nr,1.015e-14
8.125,0.28691963698049672,5,nr,6.232e-14
8.1374999999999993,0.28804150304349496,5,nr,4.027e-14
8.1500000000000004,0.28914391170697717,5,nr,2.474e-15
8.1624999999999996,0.29022730911823719,5,nr,7.752e-11
8.1749999999999989,0.29129213356993749,5,nr,2.450e-14
8.1875,0.29233881558921315,5,nr,5.627e-14
8.1999999999999993,0.2933677782789838,5,nr,1.868e-14
8.2125000000000004,0.29437943746080786,5,nr,6.641e-16
8.2249999999999996,0.29537420189018615,5,nr,1.019e-15
8.2374999999999989,0.29635247345398236,5,nr,1.817e-14
8.25,0.29731464736327684,5,nr,3.626e-14
8.2624999999999993,0.29826111234168651,5,nr,1.512e-14
8.2750000000000004,0.29919225080928552,5,nr,6.212e-16
8.2874999999999996,0.30010843906867302,5,nr,4.049e-11
8.2999999999999989,0.30101004744938831,5,nr,6.128e-15
8.3125,0.30189744054215484,5,nr,1.439e-14
8.3249999999999993,0.30277097730440217,5,nr,1.369e-14
8.3375000000000004,0.30363101125578623,5,nr,4.623e-15
8.3499999999999996,0.30447789063275654,5,nr,2.223e-16
8.3624999999999989,0.30531195852722798,5,nr,1.257e-10
8.375,0.30613355313398172,5,nr,1.913e-15
8.3874999999999993,0.30694300771487382,5,nr,4.628e-15
8.4000000000000004,0.30774065093330155,5,nr,3.249e-15
8.4124999999999996,0.30852680690568446,5,nr,1.469e-15
8.4249999999999989,0.3093017953620924,5,nr,8.904e-17
8.4375,0.31006593178580172,5,nr,2.690e-12
8.4499999999999993,0.31081952754785802,5,nr,4.898e-16
8.4625000000000004,0.31156289004485049,5,nr,1.202e-15
8.4749999999999996,0.31229632282644559,5,nr,1.202e-15
8.4874999999999989,0.31302012572630616,5,nr,6.680e-16
8.5,0.31373459497409911,5,nr,1.014e-10
8.5124999999999993,0.31444002339154453,5,nr,2.925e-12
8.5250000000000004,0.31513670037041136,5,nr,2.543e-12
8.5374999999999996,0.31582491215748093,5,nr,1.445e-10
8.5499999999999989,0.31650494180052879,5,nr,1.024e-15
8.5625,0.3171770694776237,5,nr,1.157e-15
8.5749999999999993,0.31784157241212369,5,nr,1.023e-15
8.5875000000000004,0.31849872508483046,5,nr,4.668e-16
8.5999999999999996,0.31914879932439533,5,nr,6.666e-16
8.6124999999999989,0.31979206440957952,5,nr,4.732e-11
8.625,0.32042878720840923,5,nr,6.660e-16
8.6374999999999993,0.32105923221915494,5,nr,1.975e-15
8.6500000000000004,0.32168366173836893,5,nr,3.969e-15
8.6624999999999996,0.32230233593082269,5,nr,1.109e-14
8.6749999999999989,0.32291551293650494,5,nr,1.402e-14
8.6875,0.3235234489696398,5,nr,8.873e-15
8.6999999999999993,0.32412639841625196,5,nr,3.156e-15
8.7125000000000004,0.32472461393730107,5,nr,5.307e-11
8.7249999999999996,0.32531834652790087,5,nr,6.511e-16
8.7374999999999989,0.32590784568129166,5,nr,2.406e-15
8.75,0.32649335940979096,5,nr,1.712e-14
8.7624999999999993,0.32707513437051577,5,nr,4.573e-14
8.7750000000000004,0.32765341594722425,5,nr,8.202e-14
8.7874999999999996,0.32822844833770148,5,nr,6.497e-14
8.7999999999999989,0.32880047463991396,5,nr,3.463e-14
8.8125,0.32936973693651789,5,nr,8.048e-15
8.8249999999999993,0.32993647637344686,5,nr,3.434e-11
8.8375000000000004,0.33050093326419172,5,nr,2.031e-15
8.8499999999999996,0.33106334712452501,5,nr,1.834e-14
8.8624999999999989,0.33162395679635387,5,nr,7.166e-14
8.875,0.33218300050192712,5,nr,1.628e-13
8.8874999999999993,0.33274071592364229,5,nr,2.382e-13
8.9000000000000004,0.33329734027724905,5,nr,1.808e-13
8.9124999999999996,0.33385311038388815,5,nr,9.100e-14
8.9249999999999989,0.33440826273963742,5,nr,1.898e-14
8.9375,0.33496303358112473,5,nr,1.691e-11
8.9499999999999993,0.33551765896244085,5,nr,2.581e-15
8.9625000000000004,0.33607237479633256,5,nr,3.868e-14
8.9749999999999996,0.33662741693783732,5,nr,1.548e-13
8.9874999999999989,0.33718302123194338,5,nr,3.483e-13
9,0.33773942357224301,5,nr,4.923e-13
9.0124999999999993,0.33829685995393127,5,nr,3.681e-13
9.0250000000000004,0.33885556652528509,5,nr,1.802e-13
9.0374999999999996,0.33941577963479391,5,nr,3.563e-14
9.0499999999999989,0.33997773587460822,5,nr,7.608e-12
9.0625,0.34054167212654279,5,nr,6.450e-15
9.0749999999999993,0.34110782558912223,5,nr,7.342e-14
9.0875000000000004,0.34167643382110707,5,nr,2.783e-13
9.0999999999999996,0.3422477347655476,5,nr,6.050e-13
9.1124999999999989,0.34282196677574067,5,nr,7.589e-13
9.125,0.34339936863426646,5,nr,5.220e-13
9.1374999999999993,0.34398017956926996,5,nr,2.140e-13
9.1500000000000004,0.3445646392631983,5,nr,2.353e-14
9.1624999999999996,0.34515298785682508,5,nr,4.123e-16
9.1749999999999989,0.34574546594702776,5,nr,2.368e-14
9.1875,0.34634231457814962,5,nr,1.871e-13
9.1999999999999993,0.34694377522646647,5,nr,5.540e-13
9.2125000000000004,0.34755008977765667,5,nr,1.030e-12
9.2249999999999996,0.34816150049509198,5,nr,8.102e-13
9.2374999999999989,0.34877824998262258,5,nr,3.959e-13
9.25,0.34940058113615857,5,nr,7.166e-14
9.2624999999999993,0.35002873706384374,5,nr,1.640e-10
9.2750000000000004,0.35066296113601314,5,nr,1.817e-14
9.2874999999999996,0.35130349667560573,5,nr,1.897e-13
9.2999999999999989,0.35195058710343996,5,nr,6.184e-13
9.3125,0.35260447572303455,5,nr,1.113e-12
9.3249999999999993,0.35326540563141862,5,nr,8.032e-13
9.3375000000000004,0.35393361959710973,5,nr,3.139e-13
9.3499999999999996,0.35460935992184683,5,nr,2.489e-14
9.3624999999999989,0.35529286828960077,5,nr,1.481e-15
9.375,0.35598438560077589,5,nr,7.144e-14
9.3874999999999993,0.35668415179119745,5,nr,4.017e-13
9.4000000000000004,0.35739240563510166,5,nr,9.552e-13
9.4124999999999996,0.3581093845318381,5,nr,8.559e-13
9.4249999999999989,0.35883532427347975,5,nr,3.567e-13
9.4375,0.35957045879818378,5,nr,2.829e-14
9.4499999999999993,0.36031501992143039,5,nr,1.287e-15
9.4625000000000004,0.36106923704985805,5,nr,8.422e-14
9.4749999999999996,0.36183333687523822,5,nr,4.431e-13
9.4874999999999989,0.3626075430484943,5,nr,9.129e-13
9.5,0.36339207583154393,5,nr,5.710e-13
9.5124999999999993,0.3641871517308834,5,nr,1.295e-13
9.5250000000000004,0.36499298310708761,5,nr,5.875e-13
9.5374999999999996,0.36580977776424867,5,nr,2.561e-14
9.5499999999999989,0.36663773851617759,5,nr,2.604e-13
9.5625,0.36747706273257247,5,nr,7.051e-13
9.5749999999999993,0.36832794186213347,5,nr,4.821e-13
9.5875000000000004,0.36919056093321612,5,nr,1.012e-13
9.5999999999999996,0.37006509803585363,5,nr,7.170e-16
9.6125000000000007,0.3709517237801544,5,nr,3.525e-14
9.625,0.37185060073603604,5,nr,2.718e-13
9.6374999999999993,0.37276188285360501,5,nr,5.163e-13
9.6500000000000004,0.37368571486422231,5,nr,2.279e-13
9.6624999999999996,0.37462223166653685,5,nr,9.380e-15
9.6750000000000007,0.3755715576952332,5,nr,3.204e-15
9.6875,0.37653380627687977,5,nr,1.135e-13
9.6999999999999993,0.37750907897421987,5,nr,3.831e-13
9.7125000000000004,0.37849746492022768,5,nr,2.049e-13
9.7249999999999996,0.37949904014644448,5,nr,1.380e-14
9.7375000000000007,0.38051386690606759,5,nr,2.108e-15
9.75,0.38154199299640135,5,nr,7.740e-14
9.7624999999999993,0.38258345108378433,5,nr,2.536e-13
9.7750000000000004,0.38363825803383628,5,nr,1.122e-13
9.7874999999999996,0.3847064142523326,5,nr,2.801e-15
9.8000000000000007,0.38578790303914445,5,nr,5.907e-15
9.8125,0.38688268996077013,5,nr,8.646e-14
9.8249999999999993,0.38799072224577486,5,nr,1.378e-13
9.8375000000000004,0.38911192820731644,5,nr,2.650e-14
9.8499999999999996,0.39024621669876619,5,nr,4.559e-16
9.8625000000000007,0.39139347660606139,5,nr,2.373e-14
9.875,0.39255357638295996,5,nr,1.009e-13
9.8874999999999993,0.39372636363359143,5,nr,3.803e-14
9.9000000000000004,0.39491166474400186,5,nr,2.036e-11
9.9124999999999996,0.39610928459468797,5,nr,5.984e-15
9.9250000000000007,0.39731900627639355,5,nr,5.147e-14
9.9375,0.39854059095209193,5,nr,2.827e-14
9.9499999999999993,0.39977377771213884,5,nr,9.435e-11
9.9625000000000004,0.40101828364117476,5,nr,3.505e-15
9.9749999999999996,0.40227380367903631,5,nr,2.736e-14
9.9875000000000007,0.40354001093847119,5,nr,1.533e-14
10,0.40481655681739315,5,nr,4.624e-11
5.9250000000000007,14.99384415246125,6,nr,2.823e-16
5.9375000000000009,14.938800166537241,6,nr,4.204e-15
5.9500000000000002,14.883958886810444,6,nr,2.446e-15
5.9625000000000004,14.829323428038014,6,nr,4.938e-15
5.9750000000000005,14.774896698112736,6,nr,3.151e-15
5.9875000000000007,14.72068140782334,6,nr,3.096e-11
6.0000000000000009,14.666680080332593,6,nr,3.283e-15
6.0125000000000002,14.612895059886139,6,nr,1.506e-15
6.0250000000000004,14.559328520602605,6,nr,2.051e-15
6.0375000000000005,14.505982474523957,6,nr,2.451e-15
6.0500000000000007,14.452858779442138,6,nr,1.468e-15
6.0625000000000009,14.399959146338748,6,nr,1.568e-11
6.0750000000000002,14.34728514655119,6,nr,1.099e-15
6.0875000000000004,14.294838218453426,6,nr,5.384e-15
6.1000000000000005,14.24261967404164,6,nr,3.591e-15
6.1125000000000007,14.190630705041757,6,nr,3.102e-11
6.1250000000000009,14.138872388916383,6,nr,4.214e-15
6.1375000000000002,14.087345694292722,6,nr,2.858e-15
6.1500000000000004,14.036051486527084,6,nr,3.291e-16
6.1625000000000005,13.984990532724542,6,nr,9.711e-13
6.1750000000000007,13.934163506644566,6,nr,2.587e-15
6.1875000000000009,13.883570993352926,6,nr,9.245e-16
6.2000000000000002,13.83321349367028,6,nr,5.416e-15
6.2125000000000004,13.783091428407252,6,nr,4.516e-15
6.2250000000000005,13.733205142407707,6,nr,2.573e-16
6.2375000000000007,13.683554908405455,6,nr,6.130e-15
6.2500000000000009,13.634140930703621,6,nr,1.999e-15
6.2625000000000002,13.584963348677087,6,nr,1.554e-11
6.2750000000000004,13.536022240163041,6,nr,3.432e-15
6.2875000000000005,13.487317624575995,6,nr,3.098e-15
6.3000000000000007,13.43884946604024,6,nr,5.878e-15
6.3125000000000009,13.390617676249148,6,nr,2.392e-11
6.3250000000000002,13.342622117312589,6,nr,2.883e-15
6.3375000000000004,13.294862604292238,6,nr,2.627e-15
6.3500000000000005,13.247338907854655,6,nr,1.038e-14
6.3625000000000007,13.200050756632615,6,nr,7.164e-13
6.3750000000000009,13.152997839547183,6,nr,3.775e-15
6.3875000000000002,13.106179808019798,6,nr,4.720e-15
6.4000000000000004,13.05959627807931,6,nr,6.511e-16
6.4125000000000005,13.013246832380682,6,nr,6.823e-15
6.4250000000000007,12.967131022132641,6,nr,3.240e-15
6.4375000000000009,12.921248368941077,6,nr,5.284e-15
6.4500000000000002,12.875598366559961,6,nr,2.755e-11
6.4625000000000004,12.83018048264133,6,nr,9.642e-12
6.4750000000000005,12.784994160208591,6,nr,3.446e-13
6.4875000000000007,12.740038819361963,6,nr,4.753e-13
6.5000000000000009,12.695313858664839,6,nr,2.819e-11
6.5125000000000002,12.650818656536607,6,nr,8.376e-15
6.5250000000000004,12.606552572718334,6,nr,6.319e-16
6.5375000000000005,12.56251494945584,6,nr,4.391e-16
6.5500000000000007,12.518705112802852,6,nr,4.310e-15
6.5625000000000009,12.475122373804732,6,nr,4.651e-12
6.5750000000000002,12.431766029634138,6,nr,3.699e-15
6.5875000000000004,12.388635364707865,6,nr,3.068e-15
6.6000000000000005,12.345729651721493,6,nr,3.790e-12
6.6125000000000007,12.303048152678484,6,nr,1.091e-14
6.6250000000000009,12.26059011982921,6,nr,4.608e-11
6.6375000000000002,12.218354796708015,6,nr,1.002e-16
6.6500000000000004,12.176341418850832,6,nr,6.885e-15
6.6625000000000005,12.134549214836643,6,nr,3.276e-15
6.6750000000000007,12.0929774070335,6,nr,1.415e-15
6.6875000000000009,12.051625212418825,6,nr,1.824e-15
6.7000000000000002,12.010491843373414,6,nr,5.552e-11
6.7125000000000004,11.969576508327567,6,nr,5.395e-15
6.7250000000000005,11.928878412682803,6,nr,1.837e-15
6.7375000000000007,11.888396759307268,6,nr,4.192e-15
6.7500000000000009,11.848130749309473,6,nr,2.689e-15
6.7625000000000002,11.808079582669791,6,nr,3.336e-16
6.7750000000000004,11.768242458871521,6,nr,1.224e-14
6.7875000000000005,11.728618577512783,6,nr,9.194e-15
6.8000000000000007,11.689207138900278,6,nr,2.322e-15
6.8125000000000009,11.650007344626157,6,nr,4.650e-15
6.8250000000000002,11.61101839811886,6,nr,2.978e-11
6.8375000000000004,11.572239505240274,6,nr,4.041e-15
6.8500000000000005,11.533669874716438,6,nr,4.098e-15
6.8625000000000007,11.495308718762624,6,nr,1.044e-11
6.8750000000000009,11.457155253522822,6,nr,3.236e-15
6.8875000000000002,11.419208699612273,6,nr,3.772e-16
6.9000000000000004,11.381468282550602,6,nr,5.663e-11
6.9125000000000005,11.343933233352061,6,nr,8.661e-15
6.9250000000000007,11.30660278882376,6,nr,6.206e-11
6.9375000000000009,11.269476192106772,6,nr,2.322e-11
6.9500000000000002,11.232552693272625,6,nr,2.865e-11
6.9625000000000004,11.195831549556674,6,nr,2.967e-12
6.9750000000000005,11.159312025894623,6,nr,2.006e-12
6.9875000000000007,11.122993395373731,6,nr,3.998e-11
7.0000000000000009,11.086874939713637,6,nr,7.116e-15
7.0125000000000002,11.050955949569371,6,nr,7.752e-13
7.0250000000000004,11.015235725108603,6,nr,1.958e-11
7.0375000000000005,10.979713576342629,6,nr,6.450e-12
7.0500000000000007,10.944388823639045,6,nr,3.272e-11
7.0625000000000009,10.909260798105391,6,nr,5.419e-11
7.0750000000000002,10.874328842042178,6,nr,5.301e-11
7.0875000000000004,10.839592309372106,6,nr,2.454e-11
7.1000000000000005,10.805050566074737,6,nr,4.411e-12
7.1125000000000007,10.770702990638743,6,nr,4.842e-15
7.1250000000000009,10.7365489745362,6,nr,1.789e-15
7.1375000000000002,10.702587922639788,6,nr,6.528e-15
7.1500000000000004,10.6688192536981,6,nr,8.718e-15
7.1625000000000005,10.635242400801324,6,nr,1.886e-15
7.1750000000000007,10.601856811856102,6,nr,3.792e-15
7.1875000000000009,10.568661950068929,6,nr,1.339e-15
7.2000000000000002,10.535657294439021,6,nr,3.805e-15
7.2125000000000004,10.502842340261473,6,nr,9.160e-15
7.2250000000000005,10.470216599641631,6,nr,1.690e-15
7.2375000000000007,10.437779602021568,6,nr,4.089e-16
7.2500000000000009,10.405530894719654,6,nr,8.211e-15
7.2625000000000002,10.373470043484112,6,nr,3.358e-15
7.2750000000000004,10.341596633061599,6,nr,2.030e-15
7.2875000000000005,10.309910267780614,6,nr,3.797e-12
7.3000000000000007,10.278410572159492,6,nr,3.030e-15
7.3125000000000009,10.247097191513706,6,nr,1.073e-14
7.3250000000000002,10.215969792607664,6,nr,2.411e-15
7.3375000000000004,10.185028064311053,6,nr,8.950e-12
7.3500000000000005,10.15427171826631,6,nr,1.498e-15
7.3625000000000007,10.123700489622944,6,nr,4.628e-15
7.3750000000000009,10.093314137735677,6,nr,7.886e-15
7.3875000000000002,10.063112446933308,6,nr,4.102e-15
7.4000000000000004,10.033095227296325,6,nr,3.694e-15
7.4125000000000005,10.003262315465767,6,nr,8.490e-15
7.4250000000000007,9.9736135754818278,6,nr,2.444e-16
7.4375000000000009,9.9441488996536638,6,nr,4.626e-15
7.4500000000000002,9.9148682094582696,6,nr,1.061e-11
7.4625000000000004,9.8857714564962613,6,nr,1.111e-15
7.4750000000000005,9.8568586234275219,6,nr,1.780e-15
7.4875000000000007,9.8281297250196786,6,nr,1.073e-14
7.5000000000000009,9.7995848091948137,6,nr,4.101e-11
7.5125000000000002,9.7712239580509017,6,nr,3.132e-15
7.5250000000000004,9.7430472891460891,6,nr,1.587e-14
7.5375000000000005,9.7150549565540256,6,nr,6.294e-11
7.5500000000000007,9.6872471520496912,6,nr,7.951e-15
7.5625000000000009,9.6596241066251487,6,nr,5.131e-11
7.5750000000000002,9.6321860914883182,6,nr,7.407e-15
7.5875000000000004,9.6049334197553922,6,nr,2.870e-12
7.6000000000000005,9.5778664476783781,6,nr,1.658e-14
7.6125000000000007,9.5509855762282267,6,nr,9.108e-16
7.6250000000000009,9.5242912526444847,6,nr,2.626e-15
7.6375000000000002,9.4977839720506569,6,nr,1.765e-14
7.6500000000000004,9.4714642791415251,6,nr,3.848e-15
7.6625000000000005,9.4453327699371421,6,nr,8.894e-16
7.6750000000000007,9.4193900936067436,6,nr,5.303e-16
7.6875000000000009,9.3936369543651956,6,nr,8.344e-15
7.7000000000000002,9.3680741134441163,6,nr,1.082e-14
7.7125000000000004,9.3427023911399889,6,nr,1.179e-14
7.7250000000000005,9.3175226689414306,6,nr,1.369e-14
7.7375000000000007,9.2925358917376144,6,nr,1.582e-14
7.7500000000000009,9.2677430701098267,6,nr,1.486e-14
7.7625000000000002,9.2431452827077774,6,nr,1.365e-14
7.7750000000000004,9.218743678712169,6,nr,7.865e-15
7.7875000000000005,9.1945394803921445,6,nr,1.626e-11
7.8000000000000007,9.1705339857062231,6,nr,3.462e-15
7.8125000000000009,9.146728571103651,6,nr,7.851e-15
7.8250000000000002,9.1231246942651421,6,nr,1.477e-14
7.8375000000000004,9.0997238970273777,6,nr,3.240e-11
7.8500000000000005,9.0765278084433731,6,nr,6.946e-15
7.8625000000000007,9.0535381476986068,6,nr,2.534e-15
7.8750000000000009,9.0307567274218172,6,nr,1.570e-16
7.8875000000000002,9.0081854568366015,6,nr,1.168e-14
7.9000000000000004,8.985826345077534,6,nr,2.160e-15
7.9125000000000005,8.9636815045538771,6,nr,4.971e-15
7.9250000000000007,8.9417531543672233,6,nr,2.653e-15
7.9375000000000009,8.920043623794994,6,nr,4.144e-11
7.9500000000000002,8.8985553556669821,6,nr,2.530e-15
7.9625000000000004,8.8772909100963755,6,nr,5.380e-15
7.9750000000000005,8.8562529677504767,6,nr,4.015e-15
7.9875000000000007,8.8354443334340136,6,nr,1.084e-15
8,8.8148679394784111,6,nr,4.773e-12
8.0124999999999993,8.7945268491042494,6,nr,3.152e-11
8.0250000000000004,8.7744242595114947,6,nr,1.256e-11
8.0374999999999996,8.7545635050795472,6,nr,3.944e-11
8.0499999999999989,8.7349480601946965,6,nr,6.196e-13
8.0625,8.7155815415877402,6,nr,1.835e-15
8.0749999999999993,8.6964677108328949,6,nr,8.741e-16
8.0875000000000004,8.6776104760496811,6,nr,5.188e-15
8.0999999999999996,8.6590138932708296,6,nr,1.974e-15
8.1124999999999989,8.6406821672085492,6,nr,1.431e-15
8.125,8.6226196513354747,6,nr,5.082e-15
8.1374999999999993,8.604830847158393,6,nr,4.100e-12
8.1500000000000004,8.5873204025720149,6,nr,3.458e-15
8.1624999999999996,8.570093109078508,6,nr,9.942e-16
8.1749999999999989,8.5531538978119883,6,nr,9.212e-16
8.1875,8.536507834074925,6,nr,2.245e-15
8.1999999999999993,8.5201601102441966,6,nr,1.439e-15
8.2125000000000004,8.5041160368037705,6,nr,6.810e-12
8.2249999999999996,8.4883810312174344,6,nr,3.921e-15
8.2374999999999989,8.4729606044905754,6,nr,5.781e-16
8.25,8.4578603449242298,6,nr,1.028e-15
8.2624999999999993,8.4430858989457622,6,nr,2.820e-16
8.2750000000000004,8.4286429485559182,6,nr,1.281e-15
8.2874999999999996,8.4145371850638089,6,nr,1.015e-11
8.2999999999999989,8.4007742787974777,6,nr,7.062e-16
8.3125,8.3873598441944495,6,nr,2.843e-15
8.3249999999999993,8.3742994002072386,6,nr,1.527e-11
8.3375000000000004,8.3615983253963595,6,nr,3.243e-15
8.3499999999999996,8.3492618071868741,6,nr,1.325e-11
8.3624999999999989,8.3372947855216637,6,nr,1.632e-15
8.375,8.3257018897403778,6,nr,4.030e-16
8.3874999999999993,8.3144873692626362,6,nr,4.838e-12
8.4000000000000004,8.3036550172946946,6,nr,1.921e-11
8.4124999999999996,8.2932080878740724,6,nr,1.793e-11
8.4249999999999989,8.2831492057999014,6,nr,1.973e-11
8.4375,8.2734802705795243,6,nr,1.394e-11
8.4499999999999993,8.2642023540083525,6,nr,4.702e-12
8.4625000000000004,8.2553155920758154,6,nr,3.242e-16
8.4749999999999996,8.2468190729019533,6,nr,1.832e-16
8.4874999999999989,8.2387107212090029,6,nr,5.136e-12
8.5,8.230987181301936,6,nr,6.273e-16
8.5124999999999993,8.2236437003589948,6,nr,3.180e-12
8.5250000000000004,8.2166740146493691,6,nr,1.054e-15
8.5374999999999996,8.2100702410776751,6,nr,6.270e-12
8.5499999999999989,8.2038227773923982,6,nr,6.497e-13
8.5625,8.1979202144532941,6,nr,3.184e-13
8.5749999999999993,8.1923492639537265,6,nr,8.473e-16
8.5875000000000004,8.1870947057057872,6,nr,1.534e-15
8.5999999999999996,8.1821393580672996,6,nr,8.766e-16
8.6124999999999989,8.177464075224453,6,nr,1.120e-15
8.625,8.1730477746388761,6,nr,1.761e-12
8.6374999999999993,8.1688674974181961,6,nr,1.004e-12
8.6500000000000004,8.1648985037044479,6,nr,1.271e-14
8.6624999999999996,8.1611144041205232,6,nr,1.414e-15
8.6749999999999989,8.1574873273173232,6,nr,1.075e-15
8.6875,8.1539881223732191,6,nr,6.856e-13
8.6999999999999993,8.1505865934397406,6,nr,8.556e-12
8.7125000000000004,8.1472517628737755,6,nr,1.261e-17
8.7249999999999996,8.1439521573435503,6,nr,3.202e-13
8.7374999999999989,8.1406561112144669,6,nr,1.248e-12
8.75,8.1373320795343282,6,nr,5.173e-14
8.7624999999999993,8.1339489532609157,6,nr,4.970e-12
8.7750000000000004,8.1304763687053327,6,nr,1.046e-13
8.7874999999999996,8.1268850033150617,6,nr,1.112e-12
8.7999999999999989,8.1231468507950861,6,nr,3.693e-16
8.8125,8.1192354688223567,6,nr,2.475e-16
8.8249999999999993,8.1151261942836186,6,nr,2.297e-14
8.8375000000000004,8.1107963219230221,6,nr,7.169e-13
8.8499999999999996,8.1062252438954019,6,nr,1.448e-12
8.8624999999999989,8.1013945491043309,6,nr,1.740e-12
8.875,8.0962880826354962,6,nr,1.530e-12
8.8874999999999993,8.0908919668522525,6,nr,8.227e-13
8.9000000000000004,8.0851945867980799,6,nr,4.357e-14
8.9124999999999996,8.0791865434080457,6,nr,6.828e-16
8.9249999999999989,8.0728605786429295,6,nr,9.794e-16
8.9375,8.0662114770192499,6,nr,2.359e-13
8.9499999999999993,8.0592359481689986,6,nr,3.642e-16
8.9625000000000004,8.0519324950075841,6,nr,3.106e-12
8.9749999999999996,8.044301271825951,6,nr,6.991e-16
8.9874999999999989,8.0363439364251317,6,nr,4.943e-12
9,8.0280634996817906,6,nr,0.000e+00
9.0124999999999993,8.0194641759258829,6,nr,7.740e-16
9.0250000000000004,8.0105512364274709,6,nr,2.840e-12
9.0374999999999996,8.0013308683354314,6,nr,1.405e-11
9.0499999999999989,7.9918100404947641,6,nr,2.100e-11
9.0625,7.9819963777448564,6,nr,1.482e-11
9.0749999999999993,7.9718980436637468,6,nr,1.120e-11
9.0875000000000004,7.9615236332616233,6,nr,1.396e-11
9.0999999999999996,7.9508820751110294,6,nr,1.944e-11
9.1124999999999989,7.9399825428773685,6,nr,2.049e-12
9.125,7.9288343766783447,6,nr,2.397e-15
9.1374999999999993,7.9174470128423122,6,nr,1.546e-15
9.1500000000000004,7.9058299225428748,6,nr,2.494e-11
9.1624999999999996,7.8939925583569002,6,nr,1.020e-15
9.1749999999999989,7.8819443078847025,6,nr,2.183e-15
9.1875,7.8696944545647867,6,nr,1.164e-15
9.1999999999999993,7.8572521443026915,6,nr,5.897e-17
9.2125000000000004,7.8446263577804025,6,nr,4.779e-16
9.2249999999999996,7.8318258877164002,6,nr,4.841e-16
9.2374999999999989,7.8188593205526429,6,nr,3.922e-15
9.25,7.8057350220534554,6,nr,4.882e-12
9.2624999999999993,7.7924611263662058,6,nr,4.902e-15
9.2750000000000004,7.7790455280347999,6,nr,1.909e-16
9.2874999999999996,7.7654958766691271,6,nr,3.166e-11
9.2999999999999989,7.7518195739347417,6,nr,3.325e-15
9.3125,7.7380237721749872,6,nr,1.914e-15
9.3249999999999993,7.7241153750799434,6,nr,3.205e-15
9.3375000000000004,7.7101010394219012,6,nr,3.097e-12
9.3499999999999996,7.6959871780535218,6,nr,1.162e-15
9.3624999999999989,7.6817799638609987,6,nr,1.072e-14
9.375,7.6674853344529437,6,nr,1.531e-14
9.3874999999999993,7.6531089974958091,6,nr,6.646e-15
9.4000000000000004,7.6386564365239895,6,nr,1.930e-15
9.4124999999999996,7.6241329171225143,6,nr,1.156e-15
9.4249999999999989,7.6095434933810919,6,nr,3.871e-15
9.4375,7.5948930145349554,6,nr,1.255e-15
9.4499999999999993,7.5801861317296391,6,nr,1.963e-11
9.4625000000000004,7.5654273047794272,6,nr,6.793e-12
9.4749999999999996,7.5506208090885041,6,nr,7.610e-17
9.4874999999999989,7.5357707422948499,6,nr,2.075e-15
9.5,7.520881031043281,6,nr,6.286e-15
9.5124999999999993,7.5059554375488853,6,nr,5.563e-15
9.5250000000000004,7.4909975660604156,6,nr,5.379e-15
9.5374999999999996,7.4760108691733462,6,nr,1.397e-14
9.5499999999999989,7.4609986539812274,6,nr,1.216e-14
9.5625,7.4459640880543887,6,nr,4.877e-15
9.5749999999999993,7.4309102052380727,6,nr,6.314e-15
9.5875000000000004,7.4158399112645519,6,nr,7.362e-15
9.5999999999999996,7.4007559891760568,6,nr,2.336e-15
9.6125000000000007,7.3856611045569887,6,nr,1.346e-15
9.625,7.3705578105756455,6,nr,6.276e-15
9.6374999999999993,7.3554485528366191,6,nr,5.044e-15
9.6500000000000004,7.34033567404434,6,nr,5.816e-12
9.6624999999999996,7.3252214185175291,6,nr,6.475e-11
9.6750000000000007,7.3101079363647399,6,nr,1.672e-11
9.6875,7.2949972878264777,6,nr,3.935e-13
9.6999999999999993,7.2798914470548652,6,nr,3.996e-15
9.7125000000000004,7.2647923059598982,6,nr,1.163e-15
9.7249999999999996,7.2497016778470584,6,nr,1.801e-15
9.7375000000000007,7.2346213008865208,6,nr,4.081e-15
9.75,7.2195528414395911,6,nr,7.304e-15
9.7624999999999993,7.2044978972413771,6,nr,6.433e-16
9.7750000000000004,7.1894580004453426,6,nr,3.422e-15
9.7874999999999996,7.1744346205352931,6,nr,6.236e-15
9.8000000000000007,7.1594291671101313,6,nr,5.713e-15
9.8125,7.1444429925468347,6,nr,4.899e-15
9.8249999999999993,7.1294773945467176,6,nr,5.023e-15
9.8375000000000004,7.1145336185701673,6,nr,3.336e-15
9.8499999999999996,7.0996128601647071,6,nr,7.477e-15
9.8625000000000007,7.0847162671911752,6,nr,1.176e-14
9.875,7.0698449419526703,6,nr,9.690e-16
9.8874999999999993,7.0549999432306754,6,nr,8.767e-16
9.9000000000000004,7.0401822882514473,6,nr,7.111e-11
9.9124999999999996,7.0253929544553966,6,nr,6.248e-15
9.9250000000000007,7.0106328814676688,6,nr,8.403e-16
9.9375,6.9959029726166513,6,nr,5.711e-15
9.9499999999999993,6.9812040966611368,6,nr,1.292e-14
9.9625000000000004,6.9665370893354277,6,nr,2.806e-14
9.9749999999999996,6.9519027548471346,6,nr,3.780e-14
9.9875000000000007,6.9373018673120646,6,nr,4.902e-14
10,6.9227351721293786,6,nr,3.369e-14
6.8375000000000004,14.950346165826206,7,nr,1.660e-11
6.8500000000000005,14.899458857892267,7,nr,5.024e-15
6.8625000000000007,14.848847167122564,7,nr,1.304e-14
6.8750000000000009,14.798509842833768,7,nr,5.346e-15
6.8875000000000002,14.748445642997225,7,nr,4.260e-15
6.9000000000000004,14.698653334716752,7,nr,2.080e-16
6.9125000000000005,14.649131694703147,7,nr,7.141e-15
6.9250000000000007,14.599879509739747,7,nr,2.706e-12
6.9375000000000009,14.550895577150692,7,nr,1.316e-11
6.9500000000000002,14.502178705233517,7,nr,3.017e-11
6.9625000000000004,14.453727713711087,7,nr,3.005e-12
6.9750000000000005,14.40554143422365,7,nr,4.622e-12
6.9875000000000007,14.357618710676668,7,nr,5.612e-11
7.0000000000000009,14.309958399821621,7,nr,4.830e-14
7.0125000000000002,14.262559371498648,7,nr,2.938e-11
7.0250000000000004,14.215420509235843,7,nr,6.410e-11
7.0375000000000005,14.168540710595764,7,nr,3.597e-11
7.0500000000000007,14.121918887685871,7,nr,1.061e-14
7.0625000000000009,14.075553967554518,7,nr,1.002e-15
7.0750000000000002,14.029444892598551,7,nr,4.007e-11
7.0875000000000004,13.983590621112651,7,nr,1.248e-14
7.1000000000000005,13.937990127599075,7,nr,4.230e-15
7.1125000000000007,13.892642403355007,7,nr,3.785e-15
7.1250000000000009,13.847546456871376,7,nr,5.361e-15
7.1375000000000002,13.802701314317451,7,nr,8.458e-15
7.1500000000000004,13.758106020020945,7,nr,5.140e-15
7.1625000000000005,13.713759636957754,7,nr,3.843e-15
7.1750000000000007,13.669661247241303,7,nr,3.363e-11
7.1875000000000009,13.625809952689343,7,nr,1.021e-14
7.2000000000000002,13.582204875238958,7,nr,3.901e-15
7.2125000000000004,13.538845157594686,7,nr,7.684e-17
7.2250000000000005,13.495729963727099,7,nr,6.084e-15
7.2375000000000007,13.452858479453276,7,nr,6.887e-16
7.2500000000000009,13.410229913023574,7,nr,2.570e-15
7.2625000000000002,13.367843495727023,7,nr,7.617e-16
7.2750000000000004,13.325698482516485,7,nr,5.876e-15
7.2875000000000005,13.283794152655052,7,nr,6.921e-15
7.3000000000000007,13.242129810384995,7,nr,8.162e-15
7.3125000000000009,13.20070478562074,7,nr,1.095e-14
7.3250000000000002,13.1595184346815,7,nr,4.187e-11
7.3375000000000004,13.118570140966334,7,nr,3.296e-15
7.3500000000000005,13.077859315869622,7,nr,1.180e-14
7.3625000000000007,13.037385399444773,7,nr,9.030e-15
7.3750000000000009,12.99714786131188,7,nr,3.857e-15
7.3875000000000002,12.957146201514748,7,nr,2.168e-15
7.4000000000000004,12.917379951428142,7,nr,7.708e-15
7.4125000000000005,12.877848674703205,7,nr,5.135e-15
7.4250000000000007,12.838551968252998,7,nr,3.167e-15
7.4375000000000009,12.799489463281297,7,nr,1.736e-12
7.4500000000000002,12.76066082635244,7,nr,1.000e-14
7.4625000000000004,12.722065760517745,7,nr,8.420e-15
7.4750000000000005,12.683704006479543,7,nr,8.431e-15
7.4875000000000007,12.645575343816965,7,nr,2.861e-15
7.5000000000000009,12.607679592263565,7,nr,1.310e-14
7.5125000000000002,12.570016613045997,7,nr,5.829e-12
7.5250000000000004,12.532586310271419,7,nr,9.918e-15
7.5375000000000005,12.495388632411863,7,nr,9.354e-16
7.5500000000000007,12.458423573813882,7,nr,8.328e-15
7.5625000000000009,12.421691176312171,7,nr,1.027e-14
7.5750000000000002,12.385191530905963,7,nr,4.511e-15
7.5875000000000004,12.348924779516938,7,nr,1.648e-15
7.6000000000000005,12.312891116830869,7,nr,3.732e-15
7.6125000000000007,12.277090792227114,7,nr,9.411e-15
7.6250000000000009,12.241524111800594,7,nr,2.159e-15
7.6375000000000002,12.206191440480806,7,nr,9.387e-15
7.6500000000000004,12.171093204252928,7,nr,6.219e-15
7.6625000000000005,12.136229892486041,7,nr,1.148e-15
7.6750000000000007,12.101602060373759,7,nr,1.929e-15
7.6875000000000009,12.067210331492829,7,nr,1.908e-14
7.7000000000000002,12.033055400485425,7,nr,1.756e-14
7.7125000000000004,11.99913803587094,7,nr,5.928e-15
7.7250000000000005,11.96545908299367,7,nr,1.535e-15
7.7375000000000007,11.932019467112291,7,nr,4.319e-15
7.7500000000000009,11.89882019663793,7,nr,4.539e-15
7.7625000000000002,11.865862366527198,7,nr,6.173e-15
7.7750000000000004,11.833147161837106,7,nr,1.879e-14
7.7875000000000005,11.80067586144845,7,nr,1.109e-14
7.8000000000000007,11.768449841964804,7,nr,5.051e-15
7.8125000000000009,11.736470581793608,7,nr,3.717e-15
7.8250000000000002,11.70473966540176,7,nr,3.024e-11
7.8375000000000004,11.673258787855643,7,nr,7.468e-15
7.8500000000000005,11.642029759341217,7,nr,1.048e-14
7.8625000000000007,11.61105451018865,7,nr,9.915e-15
7.8750000000000009,11.580335095888517,7,nr,8.665e-15
7.8875000000000002,11.549873702412459,7,nr,6.384e-12
7.9000000000000004,11.519672651741924,7,nr,3.805e-11
7.9125000000000005,11.489734407681928,7,nr,2.474e-11
7.9250000000000007,11.460061581742496,7,nr,3.526e-12
7.9375000000000009,11.430656939416588,7,nr,7.230e-15
7.9500000000000002,11.401523406639681,7,nr,8.035e-16
7.9625000000000004,11.372664076428329,7,nr,8.604e-15
7.9750000000000005,11.344082215766988,7,nr,1.932e-15
7.9875000000000007,11.315781272700359,7,nr,1.416e-16
8,11.287764883617138,7,nr,5.394e-15
8.0124999999999993,11.260036880725687,7,nr,2.614e-11
8.0250000000000004,11.232601299581198,7,nr,5.963e-15
8.0374999999999996,11.205462386984074,7,nr,2.440e-15
8.0499999999999989,11.178624608628805,7,nr,5.159e-15
8.0625,11.152092657040017,7,nr,4.371e-15
8.0749999999999993,11.12587145938949,7,nr,2.029e-15
8.0875000000000004,11.099966185241966,7,nr,2.149e-13
8.0999999999999996,11.074382254143108,7,nr,1.421e-11
8.1124999999999989,11.049125342874664,7,nr,1.452e-15
8.125,11.024201392487678,7,nr,3.429e-15
8.1374999999999993,10.999616614588838,7,nr,1.861e-11
8.1500000000000004,10.975377497194636,7,nr,1.094e-15
8.1624999999999996,10.951490809434318,7,nr,4.620e-15
8.1749999999999989,10.927963605474876,7,nr,5.922e-17
8.1875,10.904803226885356,7,nr,3.927e-12
8.1999999999999993,10.882017303484458,7,nr,2.941e-15
8.2125000000000004,10.859613752151324,7,nr,1.185e-11
8.2249999999999996,10.837600773429646,7,nr,3.479e-15
8.2374999999999989,10.815986845141827,7,nr,5.534e-17
8.25,10.794780712971997,7,nr,3.140e-12
8.2624999999999993,10.773991377086915,7,nr,6.854e-12
8.2750000000000004,10.75362807429145,7,nr,6.896e-16
8.2874999999999996,10.733700255206736,7,nr,2.510e-15
8.2999999999999989,10.714217555339429,7,nr,2.086e-11
8.3125,10.695189759674633,7,nr,1.524e-15
8.3249999999999993,10.676626759225677,7,nr,1.502e-16
8.3375000000000004,10.658538499425187,7,nr,5.080e-12
8.3499999999999996,10.64093491845599,7,nr,4.862e-16
8.3624999999999989,10.623825875066551,7,nr,1.784e-11
8.375,10.607221064216526,7,nr,2.266e-15
8.3874999999999993,10.591129920144766,7,nr,1.582e-15
8.4000000000000004,10.575561504850519,7,nr,1.375e-16
8.4124999999999996,10.560524381821182,7,nr,1.220e-15
8.4249999999999989,10.546026473661581,7,nr,1.247e-15
8.4375,10.532074903137039,7,nr,8.778e-17
8.4499999999999993,10.518675817250397,7,nr,8.562e-12
8.4625000000000004,10.505834194507079,7,nr,5.547e-16
8.4749999999999996,10.493553635662916,7,nr,6.367e-12
8.4874999999999989,10.481836139720688,7,nr,4.151e-16
8.5,10.470681866507261,7,nr,2.868e-16
8.5124999999999993,10.460088889417746,7,nr,1.075e-11
8.5250000000000004,10.450052941709908,7,nr,3.387e-12
8.5374999999999996,10.440567162037059,7,nr,6.511e-16
8.5499999999999989,10.431621844917489,7,nr,7.411e-16
8.5625,10.423204204107869,7,nr,3.281e-13
8.5749999999999993,10.415298157348099,7,nr,1.336e-16
8.5875000000000004,10.407884142087919,7,nr,6.326e-13
8.5999999999999996,10.40093897254679,7,nr,9.365e-16
8.6124999999999989,10.394435748721291,7,nr,2.005e-13
8.625,10.388343827708461,7,nr,1.097e-12
8.6374999999999993,10.382628866941406,7,nr,1.462e-12
8.6500000000000004,10.377252947342541,7,nr,2.275e-16
8.6624999999999996,10.37217478214442,7,nr,9.145e-16
8.6749999999999989,10.367350014098283,7,nr,6.312e-17
8.6875,10.362731600305832,7,nr,1.090e-12
8.6999999999999993,10.358270279765202,7,nr,7.413e-13
8.7125000000000004,10.353915114657193,7,nr,3.081e-13
8.7249999999999996,10.349614092222161,7,nr,3.176e-14
8.7374999999999989,10.345314770578021,7,nr,4.405e-14
8.75,10.340964948955557,7,nr,7.549e-14
8.7624999999999993,10.336513341084615,7,nr,3.521e-13
8.7750000000000004,10.331910229923716,7,nr,7.022e-13
8.7874999999999996,10.327108082713915,7,nr,1.018e-12
8.7999999999999989,10.322062107368321,7,nr,1.250e-12
8.8125,10.316730734325988,7,nr,1.278e-12
8.8249999999999993,10.311076011925685,7,nr,7.941e-13
8.8375000000000004,10.305063907759131,7,nr,4.553e-15
8.8499999999999996,10.298664512993829,7,nr,8.700e-16
8.8624999999999989,10.291852150966728,7,nr,1.614e-12
8.875,10.28460539516513,7,nr,2.260e-15
8.8874999999999993,10.27690700476492,7,nr,1.254e-12
8.9000000000000004,10.268743788350479,7,nr,1.147e-15
8.9124999999999996,10.260106407599288,7,nr,2.143e-15
8.9249999999999989,10.250989133640646,7,nr,2.174e-13
8.9375,10.241389568455949,7,nr,1.053e-12
8.9499999999999993,10.231308343174989,7,nr,1.798e-12
8.9625000000000004,10.220748803965675,7,nr,1.225e-12
8.9749999999999996,10.209716694853887,7,nr,1.030e-15
8.9874999999999989,10.198219845283351,7,nr,7.841e-16
9,10.186267868697175,7,nr,6.961e-12
9.0124999999999993,10.173871876872653,7,nr,8.081e-16
9.0250000000000004,10.161044213625384,7,nr,8.540e-12
9.0374999999999996,10.147798209673814,7,nr,2.546e-15
9.0499999999999989,10.134147960438014,7,nr,3.761e-15
9.0625,10.12010812650318,7,nr,2.541e-13
9.0749999999999993,10.10569375690681,7,nr,9.647e-12
9.0875000000000004,10.09092013411788,7,nr,1.800e-11
9.0999999999999996,10.075802639702813,7,nr,1.700e-11
9.1124999999999989,10.060356639153179,7,nr,4.787e-12
9.125,10.044597384333521,7,nr,1.032e-15
9.1374999999999993,10.028539931845337,7,nr,2.095e-16
9.1500000000000004,10.012199075796309,7,nr,2.659e-16
9.1624999999999996,9.9955892933170958,7,nr,2.047e-11
9.1749999999999989,9.9787247011757394,7,nr,2.192e-15
9.1875,9.9616190224929611,7,nr,1.057e-15
9.1999999999999993,9.9442855615655148,7,nr,2.258e-16
9.2125000000000004,9.9267371862810858,7,nr,2.520e-15
9.2249999999999996,9.908986316641565,7,nr,0.000e+00
9.2374999999999989,9.8910449185680065,7,nr,4.950e-15
9.25,9.8729245021151026,7,nr,2.630e-15
9.2624999999999993,9.8546361233447577,7,nr,2.121e-15
9.2750000000000004,9.8361903892030575,7,nr,1.229e-16
9.2874999999999996,9.8175974648310405,7,nr,9.715e-15
9.2999999999999989,9.7988670828176581,7,nr,3.156e-16
9.3125,9.7800085539731914,7,nr,2.193e-14
9.3249999999999993,9.7610307792628284,7,nr,4.341e-15
9.3375000000000004,9.7419422625955718,7,nr,7.743e-15
9.3499999999999996,9.7227511242105198,7,nr,6.047e-15
9.3624999999999989,9.703465114445299,7,nr,6.258e-15
9.375,9.6840916277073337,7,nr,1.362e-15
9.3874999999999993,9.6646377164997563,7,nr,1.034e-15
9.4000000000000004,9.6451101053841626,7,nr,5.516e-12
9.4124999999999996,9.6255152047610935,7,nr,2.682e-15
9.4249999999999989,9.6058591244535982,7,nr,8.568e-16
9.4375,9.5861476869263225,7,nr,6.283e-15
9.4499999999999993,9.5663864401988921,7,nr,1.168e-14
9.4625000000000004,9.5465806703543912,7,nr,1.838e-14
9.4749999999999996,9.5267354136387414,7,nr,1.993e-14
9.4874999999999989,9.5068554681306541,7,nr,2.331e-14
9.5,9.4869454049718911,7,nr,2.980e-14
9.5124999999999993,9.4670095791531192,7,nr,2.980e-14
9.5250000000000004,9.4470521398552592,7,nr,3.523e-14
9.5374999999999996,9.4270770403500403,7,nr,3.228e-14
9.5499999999999989,9.407088047466317,7,nr,3.291e-14
9.5625,9.3870887506311824,7,nr,3.955e-14
9.5749999999999993,9.3670825704966791,7,nr,3.758e-14
9.5875000000000004,9.3470727671641622,7,nr,4.192e-14
9.5999999999999996,9.3270624480196833,7,nr,4.255e-14
9.6125000000000007,9.3070545751940248,7,nr,4.824e-14
9.625,9.2870519726618905,7,nr,4.883e-14
9.6374999999999993,9.2670573329946215,7,nr,3.928e-14
9.6500000000000004,9.2470732237811095,7,nr,5.060e-14
9.6624999999999996,9.2271020937314443,7,nr,5.427e-14
9.6750000000000007,9.2071462784774951,7,nr,5.454e-14
9.6875,9.1872080060846333,7,nr,5.060e-14
9.6999999999999993,9.1672894022881604,7,nr,5.856e-14
9.7125000000000004,9.14739249546788,7,nr,6.520e-14
9.7249999999999996,9.1275192213736602,7,nr,6.309e-14
9.7375000000000007,9.1076714276141661,7,nr,6.526e-14
9.75,9.0878508779214169,7,nr,4.988e-14
9.7624999999999993,9.0680592562017246,7,nr,3.291e-14
9.7750000000000004,9.0482981703846832,7,nr,2.175e-14
9.7874999999999996,9.0285691560804366,7,nr,1.016e-14
9.8000000000000007,9.0088736800552827,7,nr,6.509e-15
9.8125,8.989213143535224,7,nr,2.713e-15
9.8249999999999993,8.9695888853464947,7,nr,7.532e-15
9.8375000000000004,8.9500021849017575,7,nr,7.956e-15
9.8499999999999996,8.9304542650401793,7,nr,2.382e-15
9.8625000000000007,8.9109462947292126,7,nr,7.953e-15
9.875,8.8914793916354569,7,nr,4.924e-14
9.8874999999999993,8.8720546245716463,7,nr,5.721e-14
9.9000000000000004,8.8526730158264471,7,nr,6.175e-14
9.9124999999999996,8.8333355433831873,7,nr,2.590e-14
9.9250000000000007,8.8140431430340076,7,nr,8.167e-15
9.9375,8.7947967103943743,7,nr,3.906e-15
9.9499999999999993,8.7755971028238555,7,nr,1.043e-15
9.9625000000000004,8.7564451412580393,7,nr,3.124e-14
9.9749999999999996,8.7373416119564453,7,nr,5.725e-14
9.9875000000000007,8.7182872681708936,7,nr,1.611e-14
10,8.6992828317386639,7,nr,5.309e-15
7.7125000000000004,14.986948934058571,8,nr,6.488e-15
7.7250000000000005,14.943674569340134,8,nr,1.271e-15
7.7375000000000007,14.900689926395762,8,nr,4.542e-15
7.7500000000000009,14.857995921025694,8,nr,9.765e-15
7.7625000000000002,14.815593571611798,8,nr,9.936e-16
7.7750000000000004,14.773484003648262,8,nr,5.585e-15
7.7875000000000005,14.731668454520998,8,nr,2.770e-15
7.8000000000000007,14.690148278549787,8,nr,2.020e-15
7.8125000000000009,14.648924952307183,8,nr,6.248e-15
7.8250000000000002,14.608000080229266,8,nr,9.529e-15
7.8375000000000004,14.567375400533535,8,nr,1.401e-14
7.8500000000000005,14.527052791460093,8,nr,6.629e-15
7.8625000000000007,14.487034277852327,8,nr,5.255e-15
7.8750000000000009,14.447322038094244,8,nr,2.297e-15
7.8875000000000002,14.407918411421551,8,nr,2.654e-15
7.9000000000000004,14.368825905623845,8,nr,4.505e-16
7.9125000000000005,14.330047205135235,8,nr,3.634e-11
7.9250000000000007,14.291585179673595,8,nr,3.606e-15
7.9375000000000009,14.253442893016647,8,nr,8.303e-15
7.9500000000000002,14.215623612646418,8,nr,5.765e-16
7.9625000000000004,14.178130819562604,8,nr,1.226e-14
7.9750000000000005,14.140968218707982,8,nr,2.539e-15
7.9875000000000007,14.104139749875397,8,nr,3.557e-15
8,14.067649599126481,8,nr,6.345e-15
8.0124999999999993,14.031502210728926,8,nr,5.522e-15
8.0250000000000004,13.99570229961501,8,nr,1.887e-15
8.0374999999999996,13.960254864358802,8,nr,3.196e-15
8.0499999999999989,13.925165200663431,8,nr,1.118e-15
8.0625,13.890438915341809,8,nr,7.148e-16
8.0749999999999993,13.856081940764701,8,nr,2.567e-16
8.0875000000000004,13.822100549738479,8,nr,2.788e-15
8.0999999999999996,13.788501370761006,8,nr,2.502e-16
8.1124999999999989,13.755291403587018,8,nr,2.037e-15
8.125,13.72247803501468,8,nr,6.578e-15
8.1374999999999993,13.690069054780698,8,nr,3.125e-15
8.1500000000000004,13.658072671423049,8,nr,2.430e-15
8.1624999999999996,13.626497527937063,8,nr,3.214e-15
8.1749999999999989,13.595352717010707,8,nr,5.186e-16
8.1875,13.564647795568293,8,nr,1.142e-11
8.1999999999999993,13.534392798405669,8,nr,2.462e-11
8.2125000000000004,13.50459825014126,8,nr,1.227e-11
8.2249999999999996,13.475275175979499,8,nr,6.520e-16
8.2374999999999989,13.446435109309284,8,nr,1.177e-15
8.25,13.418090096970479,8,nr,6.324e-16
8.2624999999999993,13.390252700461529,8,nr,4.203e-15
8.2750000000000004,13.362935992651398,8,nr,1.481e-15
8.2874999999999996,13.336153548885324,8,nr,9.049e-16
8.2999999999999989,13.309919431338379,8,nr,2.836e-13
8.3125,13.284248165271123,8,nr,1.648e-11
8.3249999999999993,13.259154705788163,8,nr,1.774e-11
8.3375000000000004,13.234654393127471,8,nr,3.301e-12
8.3499999999999996,13.210762894822659,8,nr,7.413e-16
8.3624999999999989,13.187496132608382,8,nr,4.557e-17
8.375,13.164870191524653,8,nr,3.452e-13
8.3874999999999993,13.142901208896388,8,nr,5.650e-12
8.4000000000000004,13.121605240397429,8,nr,3.467e-16
8.4124999999999996,13.100998100606731,8,nr,1.406e-15
8.4249999999999989,13.081095174937616,8,nr,2.933e-16
8.4375,13.061911200515272,8,nr,8.654e-16
8.4499999999999993,13.043460013295228,8,nr,9.312e-12
8.4625000000000004,13.025754259497671,8,nr,1.993e-16
8.4749999999999996,13.008805069542564,8,nr,4.521e-12
8.4874999999999989,12.992621694583018,8,nr,6.746e-12
8.5,12.977211105722722,8,nr,6.080e-16
8.5124999999999993,12.962577558669798,8,nr,3.961e-12
8.5250000000000004,12.948722128376264,8,nr,1.669e-12
8.5374999999999996,12.935642220178725,8,nr,1.090e-16
8.5499999999999989,12.923331067644842,8,nr,9.337e-13
8.5625,12.911777229844805,8,nr,2.474e-16
8.5749999999999993,12.900964104348622,8,nr,1.134e-15
8.5875000000000004,12.890869475619089,8,nr,1.224e-15
8.5999999999999996,12.881465121261847,8,nr,3.067e-16
8.6124999999999989,12.872716501025403,8,nr,8.263e-13
8.625,12.86458255457781,8,nr,8.901e-14
8.6374999999999993,12.857015633872424,8,nr,1.640e-15
8.6500000000000004,12.849961593638788,8,nr,1.890e-16
8.6624999999999996,12.843360059351724,8,nr,7.593e-13
8.6749999999999989,12.837144885347103,8,nr,5.606e-16
8.6875,12.831244807179631,8,nr,1.190e-15
8.6999999999999993,12.825584281864977,8,nr,8.706e-12
8.7125000000000004,12.82008449828859,8,nr,9.011e-14
8.7249999999999996,12.814664529304382,8,nr,1.389e-14
8.7374999999999989,12.809242585578296,8,nr,2.403e-15
8.75,12.80373732486958,8,nr,3.622e-12
8.7624999999999993,12.798069164375043,8,nr,2.355e-16
8.7750000000000004,12.792161543080232,8,nr,6.212e-13
8.7874999999999996,12.785942084345825,8,nr,3.173e-13
8.7999999999999989,12.779343614840743,8,nr,4.799e-16
8.8125,12.772305006110495,8,nr,1.150e-12
8.8249999999999993,12.764771816227055,8,nr,8.745e-12
8.8375000000000004,12.756696721426165,8,nr,1.055e-12
8.8499999999999996,12.748039739047941,8,nr,1.172e-15
8.8624999999999989,12.738768254475998,8,nr,1.396e-16
8.875,12.728856871885561,8,nr,8.839e-17
8.8874999999999993,12.718287115404891,8,nr,7.170e-17
8.9000000000000004,12.707047010124956,8,nr,1.256e-13
8.9124999999999996,12.695130573409738,8,nr,5.318e-15
8.9249999999999989,12.682537245893545,8,nr,2.626e-16
8.9375,12.669271289018818,8,nr,1.525e-15
8.9499999999999993,12.655341172421782,8,nr,2.525e-13
8.9625000000000004,12.64075897044698,8,nr,1.484e-12
8.9749999999999996,12.625539782896022,8,nr,1.136e-12
8.9874999999999989,12.609701191167373,8,nr,1.876e-15
9,12.593262757280925,8,nr,1.203e-15
9.0124999999999993,12.576245570244437,8,nr,9.139e-12
9.0250000000000004,12.558671841553117,8,nr,3.868e-16
9.0374999999999996,12.540564549971711,8,nr,3.987e-12
9.0499999999999989,12.521947133417498,8,nr,8.491e-12
9.0625,12.502843225948059,8,nr,7.250e-16
9.0749999999999993,12.483276435710101,8,nr,4.242e-15
9.0875000000000004,12.463270160793826,8,nr,1.736e-15
9.0999999999999996,12.442847438511089,8,nr,1.432e-16
9.1124999999999989,12.422030824483144,8,nr,8.258e-16
9.125,12.400842297669739,8,nr,1.937e-11
9.1374999999999993,12.379303187978214,8,nr,2.513e-16
9.1500000000000004,12.357434122748147,8,nr,4.600e-16
9.1624999999999996,12.335254989943762,8,nr,4.453e-12
9.1749999999999989,12.312784914631324,8,nr,1.373e-15
9.1875,12.290042246978407,8,nr,1.736e-13
9.1999999999999993,12.267044559435902,8,nr,2.619e-15
9.2125000000000004,12.243808651531035,8,nr,2.051e-15
9.2249999999999996,12.22035056067517,8,nr,1.458e-11
9.2374999999999989,12.196685577650188,8,nr,3.031e-15
9.25,12.17282826594052,8,nr,2.322e-16
9.2624999999999993,12.148792483558893,8,nr,6.954e-15
9.2750000000000004,12.124591407041457,8,nr,4.306e-15
9.2874999999999996,12.100237556725965,8,nr,1.166e-11
9.2999999999999989,12.075742822821788,8,nr,2.032e-15
9.3125,12.051118492016434,8,nr,6.431e-15
9.3249999999999993,12.026375273977862,8,nr,7.598e-15
9.3375000000000004,12.001523327780371,8,nr,1.605e-15
9.3499999999999996,11.976572287860492,8,nr,7.026e-15
9.3624999999999989,11.951531289397318,8,nr,3.955e-16
9.375,11.92640899298368,8,nr,5.343e-15
9.3874999999999993,11.901213608496441,8,nr,6.359e-15
9.4000000000000004,11.875952918101405,8,nr,8.015e-15
9.4124999999999996,11.850634298351032,8,nr,7.837e-15
9.4249999999999989,11.825264741369784,8,nr,3.505e-11
9.4375,11.799850874985522,8,nr,9.876e-15
9.4499999999999993,11.774398982206348,8,nr,2.876e-16
9.4625000000000004,11.748915019392397,8,nr,7.200e-15
9.4749999999999996,11.72340463380292,8,nr,8.311e-15
9.4874999999999989,11.697873180145375,8,nr,1.703e-14
9.5,11.672325736286677,8,nr,2.872e-14
9.5124999999999993,11.646767118138532,8,nr,1.695e-14
9.5250000000000004,11.621201893748873,8,nr,1.713e-14
9.5374999999999996,11.595634396633754,8,nr,3.182e-15
9.5499999999999989,11.57006873838537,8,nr,4.694e-12
9.5625,11.544508820576819,8,nr,9.502e-16
9.5749999999999993,11.518958346039422,8,nr,9.595e-16
9.5875000000000004,11.49342082947598,8,nr,1.058e-14
9.5999999999999996,11.467899607512589,8,nr,3.708e-14
9.6125000000000007,11.442397848178429,8,nr,5.420e-14
9.625,11.416918559858301,8,nr,4.166e-14
9.6374999999999993,11.391464599744435,8,nr,2.662e-14
9.6500000000000004,11.366038681816434,8,nr,1.157e-14
9.6624999999999996,11.340643384375523,8,nr,8.858e-15
9.6750000000000007,11.315281157148114,8,nr,3.017e-11
9.6875,11.289954328065075,8,nr,2.383e-11
9.6999999999999993,11.264665109460424,8,nr,6.983e-16
9.7125000000000004,11.239415604252899,8,nr,5.542e-15
9.7249999999999996,11.214207811474543,8,nr,1.507e-15
9.7375000000000007,11.189043631674194,8,nr,6.966e-15
9.75,11.163924871968353,8,nr,1.979e-15
9.7624999999999993,11.13885325082439,8,nr,2.628e-15
9.7750000000000004,11.113830402584327,8,nr,9.307e-15
9.7874999999999996,11.088857881744467,8,nr,2.205e-15
9.8000000000000007,11.063937167005214,8,nr,1.147e-14
9.8125,11.039069665104723,8,nr,4.655e-15
9.8249999999999993,11.01425671444907,8,nr,1.134e-14
9.8375000000000004,10.989499588550967,8,nr,1.886e-15
9.8499999999999996,10.964799499288251,8,nr,2.940e-15
9.8625000000000007,10.940157600008144,8,nr,5.553e-11
9.875,10.915574988379388,8,nr,3.935e-15
9.8874999999999993,10.891052709325242,8,nr,1.173e-14
9.9000000000000004,10.866591757506608,8,nr,6.453e-14
9.9124999999999996,10.842193079903193,8,nr,7.590e-14
9.9250000000000007,10.817857578176508,8,nr,4.741e-14
9.9375,10.793586110930024,8,nr,1.892e-14
9.9499999999999993,10.769379495858225,8,nr,6.784e-15
9.9625000000000004,10.745238511773957,8,nr,6.492e-11
9.9749999999999996,10.72116390063543,8,nr,1.865e-14
9.9875000000000007,10.697156369234204,8,nr,5.056e-14
10,10.673216591123127,8,nr,2.113e-14
9.0875000000000004,-9.7553882262063318,9,nr,5.945e-14
9.0999999999999996,-9.0764024454035663,9,nr,1.315e-13
9.1124999999999989,-8.4617640724407437,9,nr,1.255e-16
9.125,-7.9036116124761957,9,nr,3.406e-16
9.1374999999999993,-7.395248262395711,9,nr,6.218e-14
9.1500000000000004,-6.9309408730913731,9,nr,3.702e-13
9.1624999999999996,-6.505758256686299,9,nr,6.475e-13
9.1749999999999989,-6.1154402788684035,9,nr,3.463e-13
9.1875,-5.7562912160468986,9,nr,2.660e-16
9.1999999999999993,-5.4250923708740926,9,nr,2.394e-14
9.2125000000000004,-5.1190300712743593,9,nr,1.236e-15
9.2249999999999996,-4.8356360348707952,9,nr,6.825e-13
9.2374999999999989,-4.572737730076665,9,nr,5.302e-15
9.25,-4.3284168635759004,9,nr,5.023e-15
9.2624999999999993,-4.1009745091807162,9,nr,7.904e-17
9.2750000000000004,-3.8889016906161364,9,nr,4.879e-15
9.2874999999999996,-3.6908544650661632,9,nr,1.074e-16
9.2999999999999989,-3.5056327373624687,9,nr,1.436e-16
9.3125,-3.3321621799177761,9,nr,8.199e-17
9.3249999999999993,-3.1694787488168621,9,nr,3.232e-15
9.3375000000000004,-3.0167153786452925,9,nr,9.174e-17
9.3499999999999996,-2.873090512640585,9,nr,3.031e-14
9.3624999999999989,-2.7378981844660766,9,nr,3.906e-14
9.375,-2.6104994162943225,9,nr,5.804e-17
9.3874999999999993,-2.4903147372687755,9,nr,2.153e-12
9.4000000000000004,-2.3768176587822913,9,nr,9.036e-18
9.4124999999999996,-2.2695289688276468,9,nr,9.957e-15
9.4249999999999989,-2.1680117306580362,9,nr,9.196e-14
9.4375,-2.0718668874930923,9,nr,1.403e-16
9.4499999999999993,-1.9807293911286672,9,nr,3.626e-16
9.4625000000000004,-1.8942647841835067,9,nr,4.226e-14
9.4749999999999996,-1.8121661762319323,9,nr,1.757e-16
9.4874999999999989,-1.7341515627897279,9,nr,7.296e-14
9.5,-1.6599614434415866,9,nr,1.446e-16
9.5124999999999993,-1.5893567015420629,9,nr,6.345e-14
9.5250000000000004,-1.5221167131865547,9,nr,1.293e-16
9.5374999999999996,-1.4580376575210825,9,nr,3.910e-13
9.5499999999999989,-1.3969310042876055,9,nr,2.137e-16
9.5625,-1.3386221576102799,9,nr,3.706e-13
9.5749999999999993,-1.2829492379204031,9,nr,6.321e-13
9.5875000000000004,-1.2297619860828646,9,nr,2.547e-14
9.5999999999999996,-1.1789207759400722,9,nr,4.146e-13
9.6125000000000007,-1.1302957232141146,9,nr,2.447e-16
9.625,-1.0837658800729517,9,nr,6.678e-13
9.6374999999999993,-1.0392185061793229,9,nr,3.876e-13
9.6500000000000004,-0.99654840791873167,9,nr,1.181e-16
9.6624999999999996,-0.95565733869516056,9,nr,3.127e-16
9.6750000000000007,-0.91645345387852495,9,nr,1.263e-16
9.6875,-0.87885081477931659,9,nr,1.220e-12
9.6999999999999993,-0.84276893669761554,9,nr,2.727e-12
9.7125000000000004,-0.80813237658847437,9,nr,2.802e-12
9.7249999999999996,-0.77487035643623681,9,nr,3.724e-14
9.7375000000000007,-0.74291641881773862,9,nr,3.961e-12
9.75,-0.71220811168800591,9,nr,2.061e-16
9.7624999999999993,-0.68268669924513359,9,nr,5.413e-12
9.7750000000000004,-0.65429689695834437,9,nr,1.460e-12
9.7874999999999996,-0.62698662787396731,9,nr,1.048e-16
9.8000000000000007,-0.60070679882572786,9,nr,1.088e-16
9.8125,-0.57541109434973592,9,nr,8.968e-17
9.8249999999999993,-0.55105578686839263,9,nr,9.539e-17
9.8375000000000004,-0.52759956165787891,9,nr,1.199e-11
9.8499999999999996,-0.50500335545251318,9,nr,2.204e-14
9.8625000000000007,-0.48323020700899244,9,nr,1.303e-11
9.875,-0.46224511954993996,9,nr,2.630e-16
9.8874999999999993,-0.44201493282950965,9,nr,7.724e-17
9.9000000000000004,-0.42250820527720329,9,nr,8.245e-12
9.9124999999999996,-0.40369510434092626,9,nr,1.548e-11
9.9250000000000007,-0.38554730528078968,9,nr,1.245e-16
9.9375,-0.36803789664662129,9,nr,4.190e-12
9.9499999999999993,-0.35114129313822084,9,nr,2.611e-16
9.9625000000000004,-0.33483315432610783,9,nr,7.192e-13
9.9749999999999996,-0.31909030911772718,9,nr,1.738e-11
9.9875000000000007,-0.30389068571230354,9,nr,1.346e-11
10,-0.28921324596066655,9,nr,1.775e-11
9.125,14.99681278157475,10,nr,4.440e-15
9.1374999999999993,14.968999985299716,10,nr,1.945e-15
9.1500000000000004,14.940819190958029,10,nr,1.339e-11
9.1624999999999996,14.912295778898098,10,nr,1.815e-15
9.1749999999999989,14.883453887886503,10,nr,5.132e-16
9.1875,14.854316439271788,10,nr,3.655e-15
9.1999999999999993,14.824905168928671,10,nr,2.603e-15
9.2125000000000004,14.795240665196326,10,nr,6.455e-12
9.2249999999999996,14.765342410947,10,nr,1.399e-11
9.2374999999999989,14.735228828437835,10,nr,7.308e-12
9.25,14.704917325821794,10,nr,1.533e-15
9.2624999999999993,14.67442434431711,10,nr,8.997e-15
9.2750000000000004,14.643765405414907,10,nr,1.816e-15
9.2874999999999996,14.612955157571937,10,nr,7.674e-15
9.2999999999999989,14.582007421914357,10,nr,1.075e-14
9.3125,14.55093523666959,10,nr,2.268e-15
9.3249999999999993,14.519750900091449,10,nr,2.924e-15
9.3375000000000004,14.488466011721156,10,nr,3.218e-15
9.3499999999999996,14.457091511882917,10,nr,1.683e-14
9.3624999999999989,14.425637719357763,10,nr,9.994e-15
9.375,14.394114367214581,10,nr,2.039e-15
9.3874999999999993,14.362530636804962,10,nr,1.487e-14
9.4000000000000004,14.330895189949143,10,nr,2.972e-15
9.4124999999999996,14.299216199356698,10,nr,2.600e-15
9.4249999999999989,14.267501377336536,10,nr,2.245e-14
9.4375,14.235758002859896,10,nr,4.140e-15
9.4499999999999993,14.203992947044497,10,nr,1.137e-15
9.4625000000000004,14.172212697132283,10,nr,2.358e-14
9.4749999999999996,14.14042337903431,10,nr,1.382e-15
9.4874999999999989,14.10863077851644,10,nr,5.593e-15
9.5,14.076840361099764,10,nr,2.568e-14
9.5124999999999993,14.045057290748423,10,nr,2.826e-12
9.5250000000000004,14.013286447405388,10,nr,7.836e-15
9.5374999999999996,13.981532443471593,10,nr,2.146e-14
9.5499999999999989,13.949799639246715,10,nr,7.616e-15
9.5625,13.918092157439256,10,nr,1.484e-14
9.5749999999999993,13.886413896777446,10,nr,2.514e-14
9.5875000000000004,13.854768544785601,10,nr,3.204e-16
9.5999999999999996,13.8231595897772,10,nr,2.451e-14
9.6125000000000007,13.791590332114662,10,nr,3.593e-14
9.625,13.760063894784775,10,nr,5.509e-12
9.6374999999999993,13.728583233318473,10,nr,1.746e-14
9.6500000000000004,13.697151145141248,10,nr,5.211e-14
9.6624999999999996,13.665770278318934,10,nr,1.227e-14
9.6750000000000007,13.634443139808385,10,nr,1.357e-14
9.6875,13.603172103203761,10,nr,2.772e-14
9.6999999999999993,13.571959416023983,10,nr,5.252e-14
9.7125000000000004,13.540807206569749,10,nr,1.453e-14
9.7249999999999996,13.509717490376998,10,nr,1.147e-14
9.7375000000000007,13.478692176293658,10,nr,8.976e-15
9.75,13.447733072203308,10,nr,6.823e-14
9.7624999999999993,13.416841890418313,10,nr,5.963e-14
9.7750000000000004,13.386020252764173,10,nr,2.617e-14
9.7874999999999996,13.355269695366376,10,nr,2.396e-11
9.8000000000000007,13.324591673210348,10,nr,1.161e-14
9.8125,13.293987564337851,10,nr,8.810e-15
9.8249999999999993,13.26345867395106,10,nr,4.369e-14
9.8375000000000004,13.233006238184354,10,nr,4.697e-14
9.8499999999999996,13.202631427710715,10,nr,8.111e-14
9.8625000000000007,13.17233535114466,10,nr,6.638e-14
9.875,13.142119058261615,10,nr,6.123e-14
9.8874999999999993,13.111983543044195,10,nr,7.967e-14
9.9000000000000004,13.081929746567143,10,nr,7.470e-14
9.9124999999999996,13.051958559730071,10,nr,5.969e-14
9.9250000000000007,13.022070825847536,10,nr,7.399e-14
9.9375,12.992267343105269,10,nr,6.798e-14
9.9499999999999993,12.962548866890502,10,nr,7.173e-14
9.9625000000000004,12.93291611200398,10,nr,5.605e-14
9.9749999999999996,12.90336975476124,10,nr,3.926e-14
9.9875000000000007,12.873910434989099,10,nr,6.013e-15
10,12.844538757924262,10,nr,1.188e-14
0.32500000000000001,-1.3481626856004743,1,sr,4.772e-09
0.35000000000000003,-1.350574680998561,1,sr,5.787e-09
0.37500000000000006,-1.3531789099509715,1,sr,4.901e-09
0.38750000000000001,-1.3545540689578861,1,sr,5.639e-10
0.42500000000000004,-1.3589767328591245,1,sr,9.285e-09
0.45000000000000001,-1.3621773670505026,1,sr,8.036e-10
0.5,-1.3692019435031291,1,sr,2.310e-11
0.51249999999999996,-1.3710911607662626,1,sr,2.066e-10
0.59999999999999998,-1.3858763800793614,1,sr,1.200e-11
0.61250000000000004,-1.388219947120475,1,sr,2.405e-11
0.65000000000000002,-1.3956148511436772,1,sr,5.643e-11
0.66249999999999998,-1.3982040776298486,1,sr,3.085e-10
0.67500000000000004,-1.4008569321275037,1,sr,7.905e-12
0.6875,-1.4035743572159487,1,sr,1.693e-11
0.69999999999999996,-1.4063573252419614,1,sr,6.111e-09
0.71250000000000002,-1.409206838975479,1,sr,9.184e-11
0.72499999999999998,-1.4121239322614378,1,sr,2.187e-14
0.73750000000000004,-1.4151096707021267,1,sr,1.203e-09
0.75,-1.4181651523362733,1,sr,5.181e-09
0.76249999999999996,-1.4212915083391042,1,sr,6.877e-11
0.77500000000000002,-1.424489903718072,1,sr,1.552e-10
0.78749999999999998,-1.4277615380427084,1,sr,3.181e-12
0.80000000000000004,-1.431107646166319,1,sr,4.938e-09
0.8125,-1.4345294989785264,1,sr,4.345e-12
0.82499999999999996,-1.4380284041383009,1,sr,9.142e-11
0.84999999999999998,-1.4452627906830742,1,sr,2.670e-12
0.86250000000000004,-1.4490010782588707,1,sr,2.248e-09
0.875,-1.4528220321735152,1,sr,8.475e-09
0.88749999999999996,-1.4567271557127974,1,sr,1.689e-10
0.90000000000000002,-1.4607179937761514,1,sr,4.046e-12
0.91249999999999998,-1.4647961336442934,1,sr,2.623e-12
0.92500000000000004,-1.4689632058733779,1,sr,2.379e-13
0.9375,-1.4732208851594668,1,sr,6.954e-11
0.94999999999999996,-1.4775708912260415,1,sr,2.868e-10
0.96250000000000002,-1.4820149897362158,1,sr,8.898e-09
0.97499999999999998,-1.4865549931456836,1,sr,2.235e-13
1,-1.4959302045669751,1,sr,8.817e-09
1.0125,-1.50076928028291,1,sr,2.679e-10
1.0249999999999999,-1.5057119982189888,1,sr,4.217e-12
1.0375000000000001,-1.5107604194137165,1,sr,1.086e-12
1.05,-1.5159166575817176,1,sr,3.431e-09
1.0625,-1.5211828801120353,1,sr,4.966e-13
1.075,-1.5265613092166845,1,sr,1.125e-12
1.0874999999999999,-1.532054222901104,1,sr,8.533e-14
1.1000000000000001,-1.5376639561005734,1,sr,1.722e-10
1.1125,-1.5433929017569565,1,sr,3.621e-09
1.125,-1.5492435120280688,1,sr,2.784e-11
1.1375,-1.5552182992682726,1,sr,6.294e-13
1.1499999999999999,-1.561319837352074,1,sr,1.236e-11
1.1625000000000001,-1.5675507627793877,1,sr,3.240e-10
1.175,-1.5739137758841828,1,sr,4.745e-12
1.1875,-1.5804116420763732,1,sr,1.008e-13
1.2,-1.5870471930650267,1,sr,6.005e-13
1.2125000000000001,-1.5938233281297918,1,sr,3.222e-13
1.2250000000000001,-1.6007430154010267,1,sr,8.708e-14
1.2375,-1.6078092931556518,1,sr,6.057e-10
1.25,-1.6150252711461059,1,sr,1.991e-09
1.2625,-1.6223941319870725,1,sr,3.992e-10
1.2750000000000001,-1.629919132351396,1,sr,4.066e-13
1.2875000000000001,-1.6376036045583378,1,sr,4.060e-11
1.3,-1.6454509578308001,1,sr,1.061e-10
1.3125,-1.653464679748071,1,sr,2.688e-10
1.325,-1.6616483376684317,1,sr,7.389e-10
1.3375000000000001,-1.670005580140929,1,sr,6.652e-11
1.3500000000000001,-1.67854013843534,1,sr,1.284e-10
1.3625,-1.6872558279134351,1,sr,3.660e-11
1.375,-1.6961565495648474,1,sr,6.836e-11
1.3875,-1.7052462914617612,1,sr,4.136e-14
1.4000000000000001,-1.7145291302639789,1,sr,2.323e-12
1.4125000000000001,-1.7240092326982688,1,sr,1.045e-11
1.425,-1.7336908570560665,1,sr,1.004e-11
1.4375,-1.7435783546826509,1,sr,6.723e-12
1.45,-1.7536761714603399,1,sr,4.191e-12
1.4625000000000001,-1.7639888492822937,1,sr,1.859e-12
1.4750000000000001,-1.7745210275126155,1,sr,2.032e-13
1.4875,-1.7852774444277064,1,sr,2.200e-14
1.5,-1.796262938633912,1,sr,6.607e-13
1.5125,-1.8074824504558968,1,sr,1.985e-13
1.5250000000000001,-1.8189410232898693,1,sr,2.096e-13
1.5375000000000001,-1.830643804914176,1,sr,9.327e-15
1.55,-1.8425960487508508,1,sr,3.016e-14
1.5625,-1.8548031150693742,1,sr,6.725e-14
1.575,-1.8672704721244007,1,sr,2.524e-14
1.5875000000000001,-1.8800036972176701,1,sr,7.483e-13
1.6000000000000001,-1.8930084776737457,1,sr,1.078e-14
1.6125,-1.9062906117190999,1,sr,1.002e-14
1.625,-1.9198560092265988,1,sr,3.603e-10
1.6375,-1.9337106924848309,1,sr,7.086e-15
1.6500000000000001,-1.9478607964639656,1,sr,9.172e-15
1.6625000000000001,-1.962312569418543,1,sr,1.137e-14
1.675,-1.9770723729552961,1,sr,1.269e-14
1.6875,-1.9921466820614491,1,sr,2.042e-14
1.7,-2.0075420849033887,1,sr,8.082e-15
1.7125000000000001,-2.0232652823995703,1,sr,1.724e-14
1.7250000000000001,-2.0393230875429542,1,sr,2.574e-11
1.7375,-2.0557224244686259,1,sr,1.234e-14
1.75,-2.0724703271836273,1,sr,9.771e-15
1.7625,-2.0895739380147256,1,sr,1.069e-10
1.7750000000000001,-2.1070405057435861,1,sr,4.105e-15
1.7875000000000001,-2.124877383171587,1,sr,9.398e-12
1.8,-2.1430920245439511,1,sr,1.007e-14
1.8125,-2.1616919823010017,1,sr,7.265e-15
1.825,-2.1806849034492548,1,sr,3.502e-15
1.8375000000000001,-2.2000785253766852,1,sr,2.430e-11
1.8500000000000001,-2.2198806710804897,1,sr,8.805e-12
1.8625,-2.2400992438609655,1,sr,3.158e-11
1.875,-2.2607422212107053,1,sr,6.800e-15
1.8875,-2.2818176481847692,1,sr,2.380e-15
1.9000000000000001,-2.3033336298394285,1,sr,2.157e-15
1.9125000000000001,-2.3252983229586075,1,sr,2.440e-11
1.925,-2.3477199269078763,1,sr,3.527e-15
1.9375,-2.3706066734784974,1,sr,4.763e-15
1.95,-2.3939668158589855,1,sr,9.996e-16
1.9625000000000001,-2.4178086164648955,1,sr,2.753e-15
1.9750000000000001,-2.4421403336834886,1,sr,7.352e-15
1.9875,-2.466970207423421,1,sr,1.781e-15
2,-2.4923064434043973,1,sr,3.120e-15
2.0125000000000002,-2.518157196113822,1,sr,3.970e-15
2.0250000000000004,-2.5445305503482007,1,sr,1.987e-11
2.0375000000000001,-2.5714345013162672,1,sr,7.081e-15
2.0500000000000003,-2.598876933090116,1,sr,5.464e-11
2.0625000000000004,-2.6268655954302362,1,sr,1.776e-15
2.0750000000000002,-2.6554080791256172,1,sr,1.447e-15
2.0875000000000004,-2.6845117891160846,1,sr,1.003e-11
2.1000000000000001,-2.7141839160989636,1,sr,2.093e-11
2.1125000000000003,-2.7444314060329429,1,sr,9.706e-12
2.1250000000000004,-2.7752609276308027,1,sr,3.764e-11
2.1375000000000002,-2.8066788376916376,1,sr,3.068e-15
2.1500000000000004,-2.8386911445518797,1,sr,2.299e-11
2.1625000000000001,-2.8713034689499435,1,sr,5.491e-15
2.1750000000000003,-2.9045210027340564,1,sr,3.344e-12
2.1875000000000004,-2.938348465395916,1,sr,1.915e-11
2.2000000000000002,-2.9727900580715656,1,sr,2.061e-11
2.2125000000000004,-3.0078494151459538,1,sr,1.746e-11
2.2250000000000001,-3.0435295535059281,1,sr,1.067e-11
2.2375000000000003,-3.0798328193297415,1,sr,2.237e-13
2.2500000000000004,-3.1167608324508671,1,sr,2.668e-15
2.2625000000000002,-3.1543144283727789,1,sr,2.185e-12
2.2750000000000004,-3.1924935978840967,1,sr,1.254e-15
2.2875000000000001,-3.2312974243914288,1,sr,2.720e-15
2.3000000000000003,-3.2707240190851379,1,sr,1.137e-15
2.3125000000000004,-3.3107704539805218,1,sr,5.365e-15
2.3250000000000002,-3.3514326930136402,1,sr,8.232e-16
2.3375000000000004,-3.392705521336,1,sr,4.036e-12
2.3500000000000001,-3.4345824730383638,1,sr,3.283e-13
2.3625000000000003,-3.477055757422042,1,sr,1.011e-16
2.3750000000000004,-3.5201161842510471,1,sr,1.846e-12
2.3875000000000002,-3.5637530880900279,1,sr,1.284e-12
2.4000000000000004,-3.6079542522185237,1,sr,1.866e-12
2.4125000000000005,-3.6527058323414696,1,sr,1.714e-12
2.4250000000000003,-3.6979922806215098,1,sr,1.395e-12
2.4375000000000004,-3.743796270410209,1,sr,7.002e-13
2.4500000000000002,-3.7900986221749791,1,sr,8.815e-13
2.4625000000000004,-3.8368782311340981,1,sr,9.495e-16
2.4750000000000005,-3.8841119971930493,1,sr,2.980e-13
2.4875000000000003,-3.9317747577099498,1,sr,4.214e-16
2.5000000000000004,-3.9798392237776476,1,sr,9.661e-15
2.5125000000000002,-4.0282759206614713,1,sr,4.803e-13
2.5250000000000004,-4.0770531330809208,1,sr,5.552e-16
2.5375000000000005,-4.126136856038233,1,sr,4.685e-16
2.5500000000000003,-4.1754907519461426,1,sr,6.751e-12
2.5625000000000004,-4.2250761148960319,1,sr,2.885e-13
2.5750000000000002,-4.2748518424623407,1,sr,4.207e-15
2.5875000000000004,-4.3247744164570356,1,sr,6.894e-15
2.6000000000000005,-4.3747978927284725,1,sr,6.795e-15
2.6125000000000003,-4.4248739011668796,1,sr,1.930e-15
2.6250000000000004,-4.4749516565017835,1,sr,1.282e-16
2.6375000000000002,-4.5249779806169128,1,sr,1.426e-15
2.6500000000000004,-4.5748973370452903,1,sr,1.413e-15
2.6625000000000005,-4.6246518782605808,1,sr,9.142e-15
2.6750000000000003,-4.6741815063231114,1,sr,3.620e-14
2.6875000000000004,-4.7234239473714581,1,sr,8.281e-14
2.7000000000000002,-4.7723148403731077,1,sr,7.311e-16
2.7125000000000004,-4.8207878404566946,1,sr,6.178e-16
2.7250000000000005,-4.8687747370616217,1,sr,4.434e-14
2.7375000000000003,-4.9162055870196744,1,sr,5.902e-16
2.7500000000000004,-4.9630088625780084,1,sr,6.117e-14
2.7625000000000002,-5.0091116142556844,1,sr,2.138e-14
2.7750000000000004,-5.0544396482780352,1,sr,8.862e-15
2.7875000000000005,-5.0989177182236523,1,sr,2.335e-14
2.8000000000000003,-5.142469730359406,1,sr,8.520e-16
2.8125000000000004,-5.1850189620077831,1,sr,6.395e-15
2.8250000000000002,-5.226488292149388,1,sr,8.174e-16
2.8375000000000004,-5.2668004433160824,1,sr,8.814e-16
2.8500000000000005,-5.3058782336956458,1,sr,5.613e-16
2.8625000000000003,-5.343644838232966,1,sr,1.897e-14
2.8750000000000004,-5.3800240573845821,1,sr,7.386e-15
2.8875000000000002,-5.4149405920602662,1,sr,2.311e-16
2.9000000000000004,-5.4483203231831876,1,sr,2.024e-14
2.9125000000000005,-5.4800905941928475,1,sr,8.860e-14
2.9250000000000003,-5.5101804947345085,1,sr,3.348e-13
2.9375000000000004,-5.5385211437100095,1,sr,1.381e-14
2.9500000000000002,-5.5650459698396704,1,sr,1.989e-14
2.9625000000000004,-5.5896909877616068,1,sr,8.349e-16
2.9750000000000005,-5.6123950678229901,1,sr,2.518e-16
2.9875000000000003,-5.6331001975882966,1,sr,1.435e-14
3.0000000000000004,-5.6517517331973854,1,sr,2.285e-16
3.0125000000000002,-5.6682986387179586,1,sr,1.059e-14
3.0250000000000004,-5.682693711719752,1,sr,1.292e-14
3.0375000000000005,-5.6948937933730734,1,sr,1.644e-16
3.0500000000000003,-5.7048599614899134,1,sr,4.722e-16
3.0625000000000004,-5.7125577050469047,1,sr,1.255e-14
3.0750000000000002,-5.7179570788698735,1,sr,1.121e-14
3.0875000000000004,-5.7210328373180008,1,sr,6.237e-16
3.1000000000000005,-5.7217645459766153,1,sr,4.524e-17
3.1125000000000003,-5.7201366705489658,1,sr,1.293e-13
3.1250000000000004,-5.7161386423165048,1,sr,1.172e-16
3.1375000000000002,-5.7097648997717032,1,sr,1.386e-16
3.1500000000000004,-5.7010149061560282,1,sr,3.807e-16
3.1625000000000005,-5.6898931429259534,1,sr,5.395e-16
3.1750000000000003,-5.6764090793008313,1,sr,4.533e-16
3.1875000000000004,-5.6605771182985549,1,sr,1.951e-12
3.2000000000000002,-5.6424165196847875,1,sr,1.755e-16
3.2125000000000004,-5.6219513010090107,1,sr,4.643e-16
3.2250000000000005,-5.5992101169446817,1,sr,3.183e-15
3.2375000000000003,-5.5742261187197073,1,sr,2.179e-15
3.2500000000000004,-5.5470367944396859,1,sr,2.874e-16
3.2625000000000002,-5.5176837918003336,1,sr,8.802e-15
3.2750000000000004,-5.4862127246360073,1,sr,2.469e-16
3.2875000000000005,-5.4526729648631953,1,sr,9.265e-15
3.3000000000000003,-5.4171174214594515,1,sr,1.074e-16
3.3125000000000004,-5.3796023081659161,1,sr,1.058e-15
3.3250000000000002,-5.3401869016525563,1,sr,2.261e-13
3.3375000000000004,-5.2989332918756897,1,sr,4.180e-15
3.3500000000000005,-5.2559061264344509,1,sr,5.625e-15
3.3625000000000003,-5.21117235057541,1,sr,3.776e-16
3.3750000000000004,-5.1648009446365934,1,sr,2.037e-16
3.3875000000000002,-5.116862660537123,1,sr,2.460e-16
3.4000000000000004,-5.067429758924872,1,sr,2.476e-16
3.4125000000000005,-5.0165757485036746,1,sr,4.969e-16
3.4250000000000003,-4.9643751289779496,1,sr,1.949e-15
3.4375000000000004,-4.9109031389599078,1,sr,3.321e-16
3.4500000000000002,-4.8562355100821906,1,sr,2.183e-16
3.4625000000000004,-4.8004482284680723,1,sr,1.469e-12
3.4750000000000005,-4.7436173044741157,1,sr,6.604e-15
3.4875000000000003,-4.6858185519384143,1,sr,9.874e-14
3.5000000000000004,-4.6271273771920463,1,sr,3.378e-16
3.5125000000000002,-4.5676185790310173,1,sr,1.226e-14
3.5250000000000004,-4.5073661599193491,1,sr,2.198e-16
3.5375000000000005,-4.4464431489422278,1,sr,1.416e-16
3.5500000000000003,-4.3849214368575931,1,sr,1.463e-16
3.5625000000000004,-4.3228716234676998,1,sr,1.388e-14
3.5750000000000002,-4.2603628774609774,1,sr,1.259e-12
3.5875000000000004,-4.1974628086737757,1,sr,5.502e-16
3.6000000000000005,-4.1342373529862844,1,sr,4.262e-15
3.6125000000000003,-4.0707506692890094,1,sr,6.202e-16
3.6250000000000004,-4.0070650487484922,1,sr,3.094e-17
3.6375000000000002,-3.9432408358447875,1,sr,1.636e-14
3.6500000000000004,-3.8793363609374403,1,sr,4.260e-15
3.6625000000000005,-3.8154078839825778,1,sr,2.016e-12
3.6750000000000003,-3.7515095488528805,1,sr,1.552e-16
3.6875000000000004,-3.6876933481723229,1,sr,2.326e-14
3.7000000000000002,-3.624009097541399,1,sr,1.019e-14
3.7125000000000004,-3.5605044192422826,1,sr,2.365e-12
3.7250000000000005,-3.4972247346519354,1,sr,6.396e-17
3.7375000000000003,-3.4342132645142329,1,sr,8.176e-15
3.7500000000000004,-3.3715110371980028,1,sr,1.399e-16
3.7625000000000002,-3.3091569036780024,1,sr,1.022e-14
3.7750000000000004,-3.2471875591033084,1,sr,2.370e-16
3.7875000000000005,-3.1856375702560453,1,sr,1.999e-16
3.8000000000000003,-3.1245394083812648,1,sr,4.634e-15
3.8125000000000004,-3.0639234868537719,1,sr,1.911e-14
3.8250000000000002,-3.0038182031682155,1,sr,2.290e-14
3.8375000000000004,-2.9442499847530499,1,sr,1.210e-14
3.8500000000000005,-2.8852433381407421,1,sr,1.409e-12
3.8625000000000003,-2.8268209009666228,1,sr,2.267e-16
3.8750000000000004,-2.7690034965705292,1,sr,2.325e-14
3.8875000000000002,-2.7118101904405285,1,sr,2.621e-16
3.9000000000000004,-2.6552583484698626,1,sr,1.912e-12
3.9125000000000005,-2.5993636963704461,1,sr,1.364e-14
3.9250000000000003,-2.5441403802325571,1,sr,2.385e-14
3.9375000000000004,-2.4896010274669429,1,sr,6.710e-15
3.9500000000000002,-2.4357568082778771,1,sr,3.039e-16
3.9625000000000004,-2.3826174971355876,1,sr,8.977e-14
3.9750000000000005,-2.3301915341015369,1,sr,1.426e-12
3.9875000000000003,-2.278486085701946,1,sr,7.381e-14
4,-2.2275071053455608,1,sr,1.102e-13
4.0125000000000002,-2.1772593927882378,1,sr,3.454e-17
4.0250000000000004,-2.1277466527894315,1,sr,1.241e-13
4.0375000000000005,-2.0789715526500707,1,sr,5.753e-14
4.0500000000000007,-2.0309357785419455,1,sr,2.046e-16
4.0625,-1.9836400905393916,1,sr,9.780e-14
4.0750000000000002,-1.9370843762481318,1,sr,2.028e-16
4.0875000000000004,-1.8912677029476868,1,sr,2.849e-16
4.1000000000000005,-1.8461883682029725,1,sr,1.682e-16
4.1125000000000007,-1.8018439488752678,1,sr,3.894e-16
4.125,-1.7582313485032395,1,sr,1.836e-13
4.1375000000000002,-1.7153468430172316,1,sr,2.364e-12
4.1500000000000004,-1.6731861248247397,1,sr,2.163e-13
4.1625000000000005,-1.6317443450688749,1,sr,1.336e-16
4.1750000000000007,-1.5910161543827439,1,sr,1.304e-16
4.1875,-1.5509957418221232,1,sr,1.958e-16
4.2000000000000002,-1.5116768721735458,1,sr,3.244e-16
4.2125000000000004,-1.4730529216004136,1,sr,3.241e-13
4.2250000000000005,-1.4351169116687814,1,sr,1.473e-12
4.2375000000000007,-1.3978615417120257,1,sr,3.955e-13
4.25,-1.3612792197426886,1,sr,2.408e-16
4.2625000000000002,-1.325362091667023,1,sr,1.303e-16
4.2750000000000004,-1.290102069126724,1,sr,1.376e-12
4.2875000000000005,-1.2554908557896245,1,sr,6.509e-17
4.3000000000000007,-1.2215199723086605,1,sr,1.688e-16
4.3125,-1.1881807798006694,1,sr,5.368e-13
4.3250000000000002,-1.1554645020771039,1,sr,1.503e-17
4.3375000000000004,-1.123362246527954,1,sr,5.586e-13
4.3500000000000005,-1.0918650238155843,1,sr,0.000e+00
4.3625000000000007,-1.0609637663181131,1,sr,2.358e-16
4.375,-1.0306493454700474,1,sr,3.074e-16
4.3875000000000002,-1.000912587970096,1,sr,5.528e-17
4.4000000000000004,-0.9717442909417654,1,sr,1.110e-16
4.4125000000000005,-0.94313523607651251,1,sr,9.504e-13
4.4250000000000007,-0.91507620282879309,1,sr,1.387e-12
4.4375,-0.88755798061899827,1,sr,1.244e-12
4.4500000000000002,-0.86057138028810798,1,sr,3.457e-16
4.4625000000000004,-0.83410724454137564,1,sr,4.900e-13
4.4750000000000005,-0.80815645774093703,1,sr,1.322e-12
4.4875000000000007,-0.7827099548589268,1,sr,1.607e-12
4.5,-0.75775872972969116,1,sr,1.706e-12
4.5125000000000002,-0.73329384262532515,1,sr,1.505e-12
4.5250000000000004,-0.70930642718009995,1,sr,4.537e-13
4.5375000000000005,-0.68578769669751383,1,sr,2.566e-16
4.5500000000000007,-0.66272894988912945,1,sr,2.233e-12
4.5625,-0.6401215760997806,1,sr,5.831e-12
4.5750000000000002,-0.6179570598598102,1,sr,2.418e-12
4.5875000000000004,-0.59622698528626183,1,sr,1.863e-16
4.6000000000000005,-0.57492303960971713,1,sr,1.057e-14
4.6125000000000007,-0.55403701660401372,1,sr,1.215e-12
4.625,-0.53356081946134448,1,sr,2.251e-12
4.6375000000000002,-0.51348646332103409,1,sr,2.544e-12
4.6500000000000004,-0.49380607744851018,1,sr,2.010e-12
4.6625000000000005,-0.47451190708516322,1,sr,5.023e-13
4.6750000000000007,-0.45559631498521735,1,sr,1.867e-17
4.6875,-0.4370517826785375,1,sr,7.907e-18
4.7000000000000002,-0.418870911447981,1,sr,2.388e-12
4.7125000000000004,-0.40104642308799765,1,sr,3.648e-17
4.7250000000000005,-0.38357116036307176,1,sr,3.684e-12
4.7375000000000007,-0.36643808737562644,1,sr,3.103e-16
4.75,-0.3496402895743006,1,sr,4.446e-13
4.7625000000000002,-0.33317097372787746,1,sr,5.716e-12
4.7750000000000004,-0.31702346767501927,1,sr,1.140e-16
4.7875000000000005,-0.30119121983098135,1,sr,3.320e-16
4.8000000000000007,-0.28566779872132375,1,sr,7.882e-18
4.8125000000000009,-0.27044689224839386,1,sr,1.588e-16
4.8250000000000002,-0.25552230689349553,1,sr,2.094e-16
4.8375000000000004,-0.24088796680041899,1,sr,7.986e-17
4.8500000000000005,-0.22653791275964152,1,sr,2.508e-17
4.8625000000000007,-0.21246630110251721,1,sr,7.386e-18
4.8750000000000009,-0.19866740250466139,1,sr,6.881e-12
4.8875000000000002,-0.18513560075219629,1,sr,1.569e-11
4.9000000000000004,-0.17186539142769017,1,sr,1.211e-17
4.9125000000000005,-0.15885138039935037,1,sr,6.678e-12
4.9250000000000007,-0.14608828259589993,1,sr,2.000e-16
4.9375000000000009,-0.13357092032848458,1,sr,9.938e-12
4.9500000000000002,-0.12129422194325329,1,sr,5.007e-17
4.9625000000000004,-0.10925322009261607,1,sr,4.289e-12
4.9750000000000005,-0.097443050314075824,1,sr,1.143e-16
4.9875000000000007,-0.085858949308290342,1,sr,9.007e-17
5.0000000000000009,-0.07449625337519232,1,sr,2.562e-12
5.0125000000000002,-0.06335039674252721,1,sr,1.613e-11
5.0250000000000004,-0.052416909980005186,1,sr,1.061e-17
5.0375000000000005,-0.041691418182910486,1,sr,1.136e-16
5.0500000000000007,-0.03116963947457015,1,sr,1.773e-17
5.0625000000000009,-0.020847383248038573,1,sr,4.434e-17
5.0750000000000002,-0.010720548515979112,1,sr,1.883e-17
5.1000000000000005,0.0089628223034129966,1,sr,1.407e-17
5.1125000000000007,0.018527127227444738,1,sr,3.839e-17
5.1250000000000009,0.027911551626087244,1,sr,2.946e-17
5.1375000000000002,0.037119773213793603,1,sr,1.890e-11
5.1500000000000004,0.046155390048084576,1,sr,1.817e-11
5.1625000000000005,0.055021921865287433,1,sr,1.144e-14
5.1750000000000007,0.063722812025512124,1,sr,2.058e-17
5.1875000000000009,0.072261428808291422,1,sr,1.418e-11
5.2000000000000002,0.080641067144184134,1,sr,8.684e-12
5.2125000000000004,0.0888649499663869,1,sr,9.086e-17
5.2250000000000005,0.096936229920918174,1,sr,1.462e-11
5.2375000000000007,0.10485799078776255,1,sr,3.830e-12
5.2500000000000009,0.11263324886523304,1,sr,1.457e-16
5.2625000000000002,0.12026495457731151,1,sr,2.196e-12
5.2750000000000004,0.1277559938009146,1,sr,3.362e-16
5.2875000000000005,0.13510918932326715,1,sr,4.346e-13
5.3000000000000007,0.14232730220515738,1,sr,1.120e-12
5.3125000000000009,0.1494130331623002,1,sr,7.866e-17
5.3250000000000002,0.15636902387551196,1,sr,2.213e-11
5.3375000000000004,0.16319785840414408,1,sr,1.880e-16
5.3500000000000005,0.16990206428216698,1,sr,3.248e-11
5.3625000000000007,0.17648411407034631,1,sr,1.426e-11
5.3750000000000009,0.18294642632983649,1,sr,4.094e-16
5.3875000000000002,0.18929136700066229,1,sr,1.180e-16
5.4000000000000004,0.19552125059508454,1,sr,1.212e-11
5.4125000000000005,0.20163834130364158,1,sr,1.515e-12
5.4250000000000007,0.207644854250745,1,sr,2.121e-16
5.4375000000000009,0.21354295653072328,1,sr,2.041e-16
5.4500000000000002,0.21933476836982707,1,sr,1.330e-16
5.4625000000000004,0.22502236419879512,1,sr,3.313e-14
5.4750000000000005,0.23060777373062666,1,sr,1.999e-11
5.4875000000000007,0.23609298292191433,1,sr,2.516e-11
5.5000000000000009,0.24147993520189817,1,sr,1.199e-16
5.5125000000000002,0.24677053218111392,1,sr,3.686e-16
5.5250000000000004,0.25196663485326537,1,sr,3.440e-16
5.5375000000000005,0.25707006445781494,1,sr,2.809e-16
5.5500000000000007,0.26208260343099332,1,sr,3.857e-16
5.5625000000000009,0.26700599632027849,1,sr,3.245e-16
5.5750000000000002,0.27184195067870909,1,sr,3.720e-16
5.5875000000000004,0.27659213793934595,1,sr,4.704e-16
5.6000000000000005,0.28125819427020915,1,sr,2.058e-16
5.6125000000000007,0.28584172138822511,1,sr,3.893e-11
5.6250000000000009,0.29034428749105923,1,sr,1.086e-11
5.6375000000000002,0.29476742780751231,1,sr,3.447e-16
5.6500000000000004,0.29911264565562284,1,sr,6.319e-16
5.6625000000000005,0.30338141303592631,1,sr,4.800e-17
5.6750000000000007,0.30757517142801954,1,sr,5.691e-16
5.6875000000000009,0.31169533251209885,1,sr,3.282e-16
5.7000000000000002,0.31574327885579251,1,sr,4.644e-11
5.7125000000000004,0.31972036472763432,1,sr,2.753e-16
5.7250000000000005,0.32362791653640882,1,sr,2.726e-16
5.7375000000000007,0.32746723373188341,1,sr,1.080e-15
5.7500000000000009,0.33123958933206299,1,sr,7.135e-16
5.7625000000000002,0.33494623057108019,1,sr,1.511e-11
5.7750000000000004,0.33858837955228338,1,sr,8.768e-17
5.7875000000000005,0.34216723377686892,1,sr,7.046e-16
5.8000000000000007,0.34568396678036833,1,sr,5.205e-11
5.8125000000000009,0.34913972879164706,1,sr,8.569e-17
5.8250000000000002,0.35253564705634821,1,sr,5.956e-16
5.8375000000000004,0.35587282661715353,1,sr,2.279e-11
5.8500000000000005,0.35915235077712981,1,sr,4.199e-16
5.8625000000000007,0.36237528154167598,1,sr,1.670e-16
5.8750000000000009,0.36554266024866161,1,sr,4.188e-11
5.8875000000000002,0.3686555079210575,1,sr,3.301e-16
5.9000000000000004,0.37171482594549848,1,sr,4.104e-16
5.9125000000000005,0.37472159636110663,1,sr,3.267e-16
5.9250000000000007,0.37767678241279196,1,sr,1.300e-15
5.9375000000000009,0.38058132900479064,1,sr,5.196e-11
5.9500000000000002,0.38343616303178973,1,sr,4.176e-16
5.9625000000000004,0.38624219402440418,1,sr,9.622e-16
5.9750000000000005,0.38900031435108723,1,sr,1.945e-16
5.9875000000000007,0.39171139973489111,1,sr,5.568e-16
6.0000000000000009,0.39437630963042264,1,sr,7.132e-16
6.0125000000000002,0.39699588761283966,1,sr,1.184e-15
6.0250000000000004,0.39957096175750656,1,sr,4.088e-16
6.0375000000000005,0.40210234501046849,1,sr,7.843e-17
6.0500000000000007,0.40459083554999781,1,sr,3.909e-16
6.0625000000000009,0.40703721713951529,1,sr,3.118e-16
6.0750000000000002,0.40944225947188673,1,sr,5.441e-16
6.0875000000000004,0.41180671850553174,1,sr,7.751e-17
6.1000000000000005,0.41413133679240971,1,sr,2.319e-16
6.1125000000000007,0.41641684379812416,1,sr,9.320e-16
6.1250000000000009,0.41866395621434027,1,sr,1.897e-16
6.1375000000000002,0.42087337825786897,1,sr,1.625e-11
6.1500000000000004,0.42304580199741365,1,sr,1.532e-16
6.1625000000000005,0.42518190758826879,1,sr,7.178e-12
6.1750000000000007,0.42728236360146632,1,sr,7.708e-16
6.1875000000000009,0.42934782729667098,1,sr,3.241e-16
6.2000000000000002,0.43137894487279704,1,sr,2.280e-16
6.2125000000000004,0.43337635174432715,1,sr,8.418e-16
6.2250000000000005,0.43534067280408967,1,sr,2.344e-11
6.2375000000000007,0.43727252263480959,1,sr,6.049e-16
6.2500000000000009,0.43917250583373885,1,sr,3.020e-16
6.2625000000000002,0.4410412171727181,1,sr,9.047e-16
6.2750000000000004,0.44287924187160688,1,sr,2.259e-16
6.2875000000000005,0.44468715581855828,1,sr,0.000e+00
6.3000000000000007,0.44646552579281928,1,sr,2.253e-16
6.3125000000000009,0.44821490968227401,1,sr,8.250e-16
6.3250000000000002,0.44993585669296443,1,sr,9.051e-12
6.3375000000000004,0.45162890757087992,1,sr,0.000e+00
6.3500000000000005,0.45329459477568612,1,sr,1.495e-16
6.3625000000000007,0.45493344270475333,1,sr,8.062e-12
6.3750000000000009,0.45654596788444618,1,sr,7.460e-17
6.3875000000000002,0.45813267913644096,1,sr,5.217e-16
6.4000000000000004,0.45969407779836058,1,sr,3.703e-11
6.4125000000000005,0.4612306578320205,1,sr,8.115e-12
6.4250000000000007,0.46274290612709074,1,sr,2.974e-16
6.4375000000000009,0.46423130253486544,1,sr,3.714e-16
6.4500000000000002,0.4656963201330887,1,sr,5.386e-11
6.4625000000000004,0.46713842528581051,1,sr,2.225e-16
6.4750000000000005,0.46855807796607912,1,sr,7.411e-16
6.4875000000000007,0.46995573175133376,1,sr,1.355e-12
6.5000000000000009,0.47133183404141926,1,sr,5.738e-11
6.5125000000000002,0.47268682627093966,1,sr,2.219e-16
6.5250000000000004,0.47402114389201294,1,sr,9.608e-16
6.5375000000000005,0.47533521668304535,1,sr,6.549e-12
6.5500000000000007,0.47662946877184142,1,sr,8.246e-11
6.5625000000000009,0.47790431892368362,1,sr,1.475e-16
6.5750000000000002,0.47916018040092184,1,sr,7.128e-11
6.5875000000000004,0.48039746143641143,1,sr,1.543e-12
6.6000000000000005,0.48161656504548572,1,sr,2.494e-11
6.6125000000000007,0.48281788934224162,1,sr,1.529e-12
6.6250000000000009,0.48400182762750277,1,sr,1.543e-12
6.6375000000000002,0.48516876845306806,1,sr,1.866e-13
6.6500000000000004,0.4863190957823304,1,sr,1.195e-11
6.6625000000000005,0.48745318908236729,1,sr,3.301e-11
6.6750000000000007,0.48857142341344467,1,sr,3.651e-11
6.6875000000000009,0.4896741696413015,1,sr,2.474e-12
6.7000000000000002,0.49076179434960143,1,sr,8.742e-11
6.7125000000000004,0.49183466019202932,1,sr,2.931e-16
6.7250000000000005,0.49289312570626537,1,sr,3.358e-13
6.7375000000000007,0.49393754562857028,1,sr,8.401e-11
6.7500000000000009,0.49496827098374641,1,sr,1.125e-13
6.7625000000000002,0.49598564897796066,1,sr,0.000e+00
6.7750000000000004,0.49699002331043718,1,sr,9.133e-17
6.7875000000000005,0.49798173415009234,1,sr,2.921e-16
6.8000000000000007,0.49896111825322076,1,sr,4.090e-11
6.8125000000000009,0.49992850899305308,1,sr,1.090e-12
6.8250000000000002,0.50088423654760394,1,sr,5.831e-16
6.8375000000000004,0.50182862786919946,1,sr,1.821e-16
6.8500000000000005,0.50276200681629313,1,sr,1.165e-15
6.8625000000000007,0.50368469421528461,1,sr,2.909e-16
6.8750000000000009,0.50459700792042117,1,sr,4.725e-11
6.8875000000000002,0.50549926294314806,1,sr,1.110e-16
6.9000000000000004,0.50639177139940938,1,sr,4.627e-16
6.9125000000000005,0.50727484269454493,1,sr,5.349e-16
6.9250000000000007,0.50814878352612669,1,sr,3.850e-16
6.9375000000000009,0.50901389795652552,1,sr,5.205e-16
6.9500000000000002,0.50987048746935038,1,sr,7.667e-12
6.9625000000000004,0.51071885103513182,1,sr,7.727e-16
6.9750000000000005,0.51155928514605276,1,sr,3.386e-17
6.9875000000000007,0.51239208388667723,1,sr,1.119e-15
7.0000000000000009,0.51321753897368805,1,sr,1.253e-15
7.0125000000000002,0.51403593980478024,1,sr,1.324e-15
7.0250000000000004,0.5148475734999084,1,sr,1.380e-11
7.0375000000000005,0.51565272496052628,1,sr,2.247e-16
7.0500000000000007,0.51645167687546978,1,sr,8.711e-16
7.0625000000000009,0.51724470979231707,1,sr,1.974e-15
7.0750000000000002,0.51803210213530859,1,sr,2.760e-15
7.0875000000000004,0.51881413024110246,1,sr,1.558e-15
7.1000000000000005,0.519591068411556,1,sr,9.439e-11
7.1125000000000007,0.52036318882586385,1,sr,1.608e-16
7.1250000000000009,0.52113076179498941,1,sr,1.089e-15
7.1375000000000002,0.52189405555336688,1,sr,1.693e-15
7.1500000000000004,0.52265333639277511,1,sr,5.056e-15
7.1625000000000005,0.52340886865532399,1,sr,3.165e-15
7.1750000000000007,0.52416091474651794,1,sr,6.394e-16
7.1875000000000009,0.52490973514351469,1,sr,7.295e-12
7.2000000000000002,0.52565558841088089,1,sr,7.440e-16
7.2125000000000004,0.52639873118672509,1,sr,2.300e-15
7.2250000000000005,0.5271394182008512,1,sr,4.348e-15
7.2375000000000007,0.52787790226312836,1,sr,5.469e-15
7.2500000000000009,0.52861443425900778,1,sr,2.643e-15
7.2625000000000002,0.52934926313980424,1,sr,7.741e-16
7.2750000000000004,0.53008263593410598,1,sr,1.028e-10
7.2875000000000005,0.53081479760697547,1,sr,1.158e-15
7.3000000000000007,0.53154599128671476,1,sr,1.576e-15
7.3125000000000009,0.53227645799262746,1,sr,6.190e-15
7.3250000000000002,0.53300643673016601,1,sr,7.647e-15
7.3375000000000004,0.5337361644334464,1,sr,3.488e-15
7.3500000000000005,0.53446587592840644,1,sr,1.392e-16
7.3625000000000007,0.53519580389166321,1,sr,3.475e-16
7.3750000000000009,0.53592617880503335,1,sr,2.989e-16
7.3875000000000002,0.5366572289056103,1,sr,4.294e-15
7.4000000000000004,0.53738918013129777,1,sr,8.573e-15
7.4125000000000005,0.53812225606171726,1,sr,9.040e-15
7.4250000000000007,0.5388566778543733,1,sr,5.098e-15
7.4375000000000009,0.53959266418577634,1,sr,4.013e-11
7.4500000000000002,0.54033043112942214,1,sr,1.029e-15
7.4625000000000004,0.5410701921743637,1,sr,2.123e-15
7.4750000000000005,0.54181215804473981,1,sr,4.786e-15
7.4875000000000007,0.5425565366597408,1,sr,1.126e-14
7.5000000000000009,0.54330353303021239,1,sr,7.900e-15
7.5125000000000002,0.54405334915983516,1,sr,4.010e-15
7.5250000000000004,0.54480618393104496,1,sr,4.110e-11
7.5375000000000005,0.54556223304576601,1,sr,2.031e-16
7.5500000000000007,0.54632168881084797,1,sr,1.283e-15
7.5625000000000009,0.54708474011834274,1,sr,8.358e-15
7.5750000000000002,0.54785157227051917,1,sr,1.224e-14
7.5875000000000004,0.54862236685968202,1,sr,6.376e-15
7.6000000000000005,0.54939730163293032,1,sr,1.473e-15
7.6125000000000007,0.5501765503517978,1,sr,5.346e-16
7.6250000000000009,0.55096028264695962,1,sr,4.000e-16
7.6375000000000002,0.5517486638680893,1,sr,4.457e-15
7.6500000000000004,0.5525418549290112,1,sr,1.162e-14
7.6625000000000005,0.55334001214827366,1,sr,7.880e-15
7.6750000000000007,0.55414328708541527,1,sr,2.048e-15
7.6875000000000009,0.55495182637243634,1,sr,2.415e-12
7.7000000000000002,0.55576577154498241,1,sr,9.207e-16
7.7125000000000004,0.55658525886090737,1,sr,3.543e-15
7.7250000000000005,0.55741041912749556,1,sr,1.028e-14
7.7375000000000007,0.5582413775167091,1,sr,8.880e-15
7.7500000000000009,0.55907825338137529,1,sr,1.498e-15
7.7625000000000002,0.55992116006715953,1,sr,5.812e-12
7.7750000000000004,0.56077020473144179,1,sr,5.186e-16
7.7875000000000005,0.56162548813903401,1,sr,2.975e-15
7.8000000000000007,0.56248710448625971,1,sr,9.418e-15
7.8125000000000009,0.56335514120289243,1,sr,5.148e-15
7.8250000000000002,0.5642296787631309,1,sr,1.220e-15
7.8375000000000004,0.56511079049609447,1,sr,1.921e-16
7.8500000000000005,0.56599854239783443,1,sr,1.916e-16
7.8625000000000007,0.56689299294561957,1,sr,3.759e-15
7.8750000000000009,0.56779419291518329,1,sr,6.737e-15
7.8875000000000002,0.56870218520164306,1,sr,1.839e-15
7.9000000000000004,0.56961700462063558,1,sr,9.474e-11
7.9125000000000005,0.5705386778604411,1,sr,6.405e-16
7.9250000000000007,0.57146722307578779,1,sr,1.510e-15
7.9375000000000009,0.57240264997445989,1,sr,4.960e-15
7.9500000000000002,0.57334495954726383,1,sr,3.569e-15
7.9625000000000004,0.57429414395237632,1,sr,2.498e-16
7.9750000000000005,0.57525018638494729,1,sr,1.869e-16
7.9875000000000007,0.57621306095705727,1,sr,1.864e-16
8,0.57718273258896291,1,sr,3.162e-15
8.0124999999999993,0.57815915691248287,1,sr,2.597e-15
8.0250000000000004,0.57914228018736946,1,sr,8.637e-16
8.0374999999999996,0.58013203923154422,1,sr,1.231e-16
8.0499999999999989,0.58112836136597812,1,sr,1.044e-15
8.0625,0.58213116437502943,1,sr,2.818e-15
8.0749999999999993,0.58314035648298468,1,sr,1.589e-15
8.0875000000000004,0.58415583634750678,1,sr,1.829e-16
8.0999999999999996,0.58517749307067368,1,sr,6.082e-17
8.1124999999999989,0.58620520622818195,1,sr,4.390e-16
8.125,0.58723884591728737,1,sr,9.081e-16
8.1374999999999993,0.58827827282394851,1,sr,1.812e-15
8.1500000000000004,0.58932333832505945,1,sr,5.853e-11
8.1624999999999996,0.59037388451771711,1,sr,5.412e-16
8.1749999999999989,0.59142974450092967,1,sr,7.200e-16
8.1875,0.59249074236796417,1,sr,1.557e-15
8.1999999999999993,0.59355669345135842,1,sr,2.987e-16
8.2125000000000004,0.59462740448592377,1,sr,3.561e-11
8.2249999999999996,0.59570267386421649,1,sr,9.520e-16
8.2374999999999989,0.59678229177012265,1,sr,4.750e-16
8.25,0.59786604052128023,1,sr,1.249e-15
8.2624999999999993,0.59895369479392879,1,sr,1.909e-11
8.2750000000000004,0.6000450218943939,1,sr,6.218e-12
8.2874999999999996,0.60113978210540964,1,sr,7.071e-16
8.2999999999999989,0.60223772897302985,1,sr,1.176e-16
8.3125,0.6033386096531117,1,sr,4.110e-16
8.3249999999999993,0.60444216525639183,1,sr,4.264e-11
8.3375000000000004,0.60554813127134777,1,sr,4.096e-16
8.3499999999999996,0.60665623783206135,1,sr,4.673e-16
8.3624999999999989,0.60776621022528343,1,sr,2.333e-16
8.375,0.60887776926332748,1,sr,9.366e-11
8.3874999999999993,0.60999063158566058,1,sr,8.837e-15
8.4000000000000004,0.61110451033063951,1,sr,2.322e-16
8.4124999999999996,0.61221911531702644,1,sr,5.797e-16
8.4249999999999989,0.61333415357927978,1,sr,9.436e-11
8.4375,0.61444932990427947,1,sr,1.275e-11
8.4499999999999993,0.61556434705501206,1,sr,5.089e-11
8.4625000000000004,0.61667890635294442,1,sr,4.084e-11
8.4749999999999996,0.61779270820850907,1,sr,4.099e-11
8.4874999999999989,0.61890545238355055,1,sr,1.783e-12
8.5,0.62001683850380185,1,sr,9.485e-16
8.5124999999999993,0.62112656653012077,1,sr,7.403e-13
8.5250000000000004,0.62223433716063536,1,sr,3.745e-11
8.5374999999999996,0.62333985222999888,1,sr,7.194e-11
8.5499999999999989,0.62444281511921629,1,sr,4.356e-11
8.5625,0.6255429313094355,1,sr,1.199e-11
8.5749999999999993,0.62663990853425655,1,sr,9.556e-11
8.5875000000000004,0.62773345726769481,1,sr,1.249e-16
8.5999999999999996,0.62882329123577096,1,sr,7.283e-16
8.6124999999999989,0.62990912755188244,1,sr,6.019e-12
8.625,0.63099068721021112,1,sr,8.571e-11
8.6374999999999993,0.63206769526404749,1,sr,2.424e-16
8.6500000000000004,0.63313988137346244,1,sr,9.977e-17
8.6624999999999996,0.63420697987473995,1,sr,4.554e-16
8.6749999999999989,0.63526873017498808,1,sr,1.265e-11
8.6875,0.63632487697742013,1,sr,1.210e-16
8.6999999999999993,0.6373751705594235,1,sr,3.763e-16
8.7125000000000004,0.6384193669692606,1,sr,7.617e-16
8.7249999999999996,0.63945722825330586,1,sr,4.066e-16
8.7374999999999989,0.64048852266077172,1,sr,5.708e-11
8.75,0.64151302474902738,1,sr,5.445e-16
8.7624999999999993,0.64253051568445163,1,sr,5.090e-16
8.7750000000000004,0.64354078324229314,1,sr,1.189e-15
8.7874999999999996,0.64454362200249837,1,sr,1.545e-15
8.7999999999999989,0.64553883346628615,1,sr,9.229e-11
8.8125,0.64652622603564958,1,sr,9.690e-16
8.8249999999999993,0.6475056153145663,1,sr,5.559e-16
8.8375000000000004,0.64847682394476724,1,sr,3.734e-16
8.8499999999999996,0.64943968176415723,1,sr,1.284e-16
8.8624999999999989,0.65039402583186212,1,sr,6.708e-11
8.875,0.65133970036590794,1,sr,9.140e-16
8.8874999999999993,0.65227655690782926,1,sr,1.200e-15
8.9000000000000004,0.65320445415444184,1,sr,1.121e-15
8.9124999999999996,0.65412325801775795,1,sr,2.289e-16
8.9249999999999989,0.6550328415776232,1,sr,6.579e-13
8.9375,0.65593308503868875,1,sr,5.731e-17
8.9499999999999993,0.65682387567958966,1,sr,1.953e-15
8.9625000000000004,0.65770510778959523,1,sr,1.378e-15
8.9749999999999996,0.65857668259873525,1,sr,9.480e-16
8.9874999999999989,0.65943850819882865,1,sr,2.300e-16
9,0.66029049947022311,1,sr,5.791e-11
9.0124999999999993,0.66113257792284164,1,sr,8.355e-16
9.0250000000000004,0.6619646717277623,1,sr,2.339e-15
9.0374999999999996,0.66278671548054657,1,sr,2.194e-15
9.0499999999999989,0.66359865015624675,1,sr,1.907e-15
9.0625,0.66440042298105206,1,sr,4.050e-16
9.0749999999999993,0.66519198731981022,1,sr,3.122e-11
9.0875000000000004,0.6659733025187885,1,sr,4.640e-16
9.0999999999999996,0.66674433384830989,1,sr,3.600e-15
9.1124999999999989,0.66750505230548496,1,sr,3.605e-15
9.125,0.66825543451772751,1,sr,1.397e-15
9.1374999999999993,0.66899546260336451,1,sr,8.813e-16
9.1500000000000004,0.66972512403774864,1,sr,5.941e-16
9.1624999999999996,0.67044441150627188,1,sr,5.730e-11
9.1749999999999989,0.67115332282969153,1,sr,2.926e-15
9.1875,0.67185186070691616,1,sr,3.692e-15
9.1999999999999993,0.6725400327008807,1,sr,5.105e-15
9.2125000000000004,0.67321785104248344,1,sr,3.350e-15
9.2249999999999996,0.67388533250807159,1,sr,1.000e-15
9.2374999999999989,0.67454249828562551,1,sr,2.947e-16
9.25,0.6751893738502116,1,sr,3.990e-11
9.2624999999999993,0.67582598879180644,1,sr,0.000e+00
9.2750000000000004,0.67645237676698622,1,sr,3.731e-15
9.2874999999999996,0.67706857528916264,1,sr,5.632e-15
9.2999999999999989,0.67767462564301795,1,sr,4.573e-15
9.3125,0.67827057275197833,1,sr,1.195e-15
9.3249999999999993,0.67885646505598185,1,sr,9.594e-16
9.3375000000000004,0.67943235439145211,1,sr,9.609e-16
9.3499999999999996,0.6799982958736045,1,sr,3.119e-14
9.3624999999999989,0.68055434778120361,1,sr,1.197e-15
9.375,0.68110057144371072,1,sr,2.637e-15
9.3874999999999993,0.68163703113110707,1,sr,2.942e-15
9.4000000000000004,0.68216379394622051,1,sr,5.171e-15
9.4124999999999996,0.68268092971973326,1,sr,4.759e-15
9.4249999999999989,0.68318851090784138,1,sr,3.076e-15
9.4375,0.68368661249262996,1,sr,1.695e-15
9.4499999999999993,0.6841753118851297,1,sr,1.694e-15
9.4625000000000004,0.6846546888311007,1,sr,6.061e-17
9.4749999999999996,0.68512482532297803,1,sr,1.853e-11
9.4874999999999989,0.68558580549378079,1,sr,3.041e-16
9.5,0.68603771556557047,1,sr,9.745e-16
9.5124999999999993,0.68648064373143247,1,sr,3.355e-15
9.5250000000000004,0.68691468009197032,1,sr,4.033e-15
9.5374999999999996,0.68733991657367022,1,sr,3.060e-15
9.5499999999999989,0.68775644685331649,1,sr,9.871e-16
9.5625,0.68816436628495337,1,sr,2.026e-15
9.5749999999999993,0.68856377182936768,1,sr,1.845e-16
9.5875000000000004,0.68895476198603867,1,sr,3.696e-16
9.5999999999999996,0.68933743672751424,1,sr,6.786e-16
9.6125000000000007,0.68971189743617278,1,sr,2.472e-16
9.625,0.69007824684428287,1,sr,5.492e-12
9.6374999999999993,0.69043658894695326,1,sr,1.342e-10
9.6500000000000004,0.69078702907333656,1,sr,1.055e-15
9.6624999999999996,0.69112967358691324,1,sr,1.248e-15
9.6750000000000007,0.69146463007406112,1,sr,3.736e-16
9.6875,0.69179200717516509,1,sr,7.483e-16
9.6999999999999993,0.6921119145602006,1,sr,9.433e-16
9.7125000000000004,0.69242446288269799,1,sr,4.378e-16
9.7249999999999996,0.69272976373561346,1,sr,1.441e-15
9.7375000000000007,0.69302792960905268,1,sr,5.645e-16
9.75,0.69331907384979241,1,sr,2.747e-16
9.7624999999999993,0.69360331062254021,1,sr,2.516e-16
9.7750000000000004,0.69388075487288414,1,sr,9.449e-16
9.7874999999999996,0.69415152229187171,1,sr,8.831e-16
9.8000000000000007,0.69441572928216821,1,sr,6.317e-17
9.8125,0.69467349290993019,1,sr,9.513e-11
9.8249999999999993,0.69492493095221497,1,sr,4.743e-12
9.8375000000000004,0.69517016171285184,1,sr,3.268e-12
9.8499999999999996,0.6954093041442716,1,sr,1.845e-11
9.8625000000000007,0.6956424777523601,1,sr,4.264e-11
9.875,0.69586980258141795,1,sr,6.992e-11
9.8874999999999993,0.69609139919048479,1,sr,9.248e-11
9.9000000000000004,0.69630738863013386,1,sr,1.012e-10
9.9124999999999996,0.6965178924203772,1,sr,8.610e-11
9.9250000000000007,0.69672303252963164,1,sr,3.717e-11
9.9375,0.69692293135470185,1,sr,5.518e-11
9.9499999999999993,0.69711771165173775,1,sr,1.124e-10
9.9625000000000004,0.69730749670378245,1,sr,1.091e-15
9.9749999999999996,0.69749241001864093,1,sr,1.478e-15
9.9875000000000007,0.69767257554312723,1,sr,4.502e-16
10,0.69784811754856901,1,sr,4.641e-16
1.7625,14.822164151018228,2,sr,1.952e-13
1.7750000000000001,14.596938808854683,2,sr,9.958e-14
1.7875000000000001,14.376263793271225,2,sr,5.408e-14
1.8,14.16001167085493,2,sr,8.993e-12
1.8125,13.94805946099209,2,sr,8.541e-14
1.825,13.740288459419641,2,sr,2.079e-15
1.8375000000000001,13.536584070391624,2,sr,6.885e-14
1.8500000000000001,13.336835646980683,2,sr,1.322e-13
1.8625,13.140936339089327,2,sr,1.153e-14
1.875,12.948782948756353,2,sr,4.308e-14
1.8875,12.760275792381073,2,sr,1.254e-10
1.9000000000000001,12.575318569456785,2,sr,2.908e-10
1.9125000000000001,12.39381823750527,2,sr,3.645e-14
1.925,12.215684893034197,2,sr,5.078e-14
1.9375,12.040831657742514,2,sr,1.816e-14
1.95,11.869174570276448,2,sr,3.222e-15
1.9625000000000001,11.700632482847993,2,sr,1.258e-14
1.9750000000000001,11.535126962606435,2,sr,5.689e-11
1.9875,11.372582197448573,2,sr,1.648e-14
2,11.212924906149112,2,sr,5.999e-14
2.0125000000000002,11.05608425238181,2,sr,1.715e-14
2.0250000000000004,10.901991762614891,2,sr,2.094e-14
2.0375000000000001,10.75058124755172,2,sr,2.592e-14
2.0500000000000003,10.601788726957938,2,sr,2.666e-14
2.0625000000000004,10.455552357678512,2,sr,2.215e-14
2.0750000000000002,10.311812364661437,2,sr,2.166e-14
2.0875000000000004,10.170510974812533,2,sr,1.744e-14
2.1000000000000001,10.031592353512149,2,sr,2.924e-14
2.1125000000000003,9.8950025436312021,2,sr,2.742e-14
2.1250000000000004,9.7606894068899361,2,sr,8.164e-15
2.1375000000000002,9.6286025674084392,2,sr,1.484e-14
2.1500000000000004,9.498693357303404,2,sr,1.676e-14
2.1625000000000001,9.3709147641909638,2,sr,2.735e-14
2.1750000000000003,9.2452213804735326,2,sr,6.985e-11
2.1875000000000004,9.1215693541871534,2,sr,1.055e-15
2.2000000000000002,8.9999163415514616,2,sr,6.062e-11
2.2125000000000004,8.8802214607330061,2,sr,5.192e-11
2.2250000000000001,8.7624452468340621,2,sr,1.975e-15
2.2375000000000003,8.6465496083841469,2,sr,7.745e-15
2.2500000000000004,8.5324977844985632,2,sr,2.848e-15
2.2625000000000002,8.4202543032497523,2,sr,4.545e-11
2.2750000000000004,8.3097849407585187,2,sr,8.221e-15
2.2875000000000001,8.2010566812388586,2,sr,3.585e-15
2.3000000000000003,8.0940376775113929,2,sr,1.275e-14
2.3125000000000004,7.9886972122967537,2,sr,1.036e-14
2.3250000000000002,7.8850056599830651,2,sr,1.314e-14
2.3375000000000004,7.7829344488798702,2,sr,3.331e-15
2.3500000000000001,7.6824560238886628,2,sr,6.136e-15
2.3625000000000003,7.5835438095380843,2,sr,4.823e-15
2.3750000000000004,7.4861721733395807,2,sr,3.951e-16
2.3875000000000002,7.3903163894351396,2,sr,2.605e-11
2.4000000000000004,7.2959526024465893,2,sr,1.260e-14
2.4125000000000005,7.2030577916895053,2,sr,1.878e-15
2.4250000000000003,7.1116097354310952,2,sr,4.804e-15
2.4375000000000004,7.0215869754941354,2,sr,4.727e-15
2.4500000000000002,6.932968782025462,2,sr,2.863e-15
2.4625000000000004,6.845735118478613,2,sr,5.653e-11
2.4750000000000005,6.7598666069598927,2,sr,4.588e-11
2.4875000000000003,6.6753444936277218,2,sr,1.492e-11
2.5000000000000004,6.5921506145300537,2,sr,2.694e-15
2.5125000000000002,6.510267361924269,2,sr,7.832e-12
2.5250000000000004,6.4296776506970552,2,sr,5.563e-15
2.5375000000000005,6.3503648854730104,2,sr,1.191e-11
2.5500000000000003,6.2723129280677759,2,sr,4.137e-15
2.5625000000000004,6.1955060656578693,2,sr,1.841e-11
2.5750000000000002,6.1199289793919904,2,sr,9.042e-12
2.5875000000000004,6.0455667139609783,2,sr,1.928e-11
2.6000000000000005,5.9724046475981654,2,sr,6.037e-16
2.6125000000000003,5.9004284633049044,2,sr,1.006e-11
2.6250000000000004,5.8296241206374777,2,sr,2.650e-15
2.6375000000000002,5.7599778287398324,2,sr,7.093e-13
2.6500000000000004,5.6914760202402359,2,sr,3.006e-11
2.6625000000000005,5.6241053264486522,2,sr,5.685e-16
2.6750000000000003,5.557852553448611,2,sr,4.497e-15
2.6875000000000004,5.4927046597595783,2,sr,4.726e-15
2.7000000000000002,5.4286487350260613,2,sr,5.500e-16
2.7125000000000004,5.3656719801401263,2,sr,1.280e-11
2.7250000000000005,5.3037616886592875,2,sr,2.693e-15
2.7375000000000003,5.2429052297328722,2,sr,2.400e-15
2.7500000000000004,5.183090032279436,2,sr,5.281e-16
2.7625000000000002,5.1243035707066182,2,sr,3.923e-15
2.7750000000000004,5.0665333520320734,2,sr,3.176e-11
2.7875000000000005,5.0097669043267627,2,sr,2.808e-11
2.8000000000000003,4.9539917667750455,2,sr,1.110e-16
2.8125000000000004,4.8991954809853837,2,sr,2.523e-16
2.8250000000000002,4.8453655836020175,2,sr,2.534e-12
2.8375000000000004,4.7924896004156254,2,sr,3.353e-11
2.8500000000000005,4.7405550415489408,2,sr,4.844e-12
2.8625000000000003,4.6895493982005894,2,sr,1.710e-15
2.8750000000000004,4.6394601401639273,2,sr,7.358e-16
2.8875000000000002,4.5902747147458189,2,sr,1.147e-12
2.9000000000000004,4.5419805466611409,2,sr,2.366e-11
2.9125000000000005,4.4945650388193874,2,sr,2.373e-16
2.9250000000000003,4.4480155742815022,2,sr,2.593e-15
2.9375000000000004,4.4023195187252018,2,sr,2.231e-11
2.9500000000000002,4.357464223852257,2,sr,2.159e-11
2.9625000000000004,4.3134370315370374,2,sr,2.085e-15
2.9750000000000005,4.2702252785122399,2,sr,5.723e-13
2.9875000000000003,4.2278163015098524,2,sr,4.572e-16
3.0000000000000004,4.186197443032083,2,sr,9.547e-12
3.0125000000000002,4.1453560573732426,2,sr,1.202e-12
3.0250000000000004,4.1052795170993095,2,sr,7.339e-13
3.0375000000000005,4.0659552196389797,2,sr,6.100e-12
3.0500000000000003,4.0273705941548448,2,sr,1.552e-11
3.0625000000000004,3.9895131084983384,2,sr,1.330e-15
3.0750000000000002,3.9523702763550119,2,sr,1.444e-11
3.0875000000000004,3.9159296641527948,2,sr,5.064e-12
3.1000000000000005,3.8801788982660068,2,sr,2.519e-13
3.1125000000000003,3.845105671889796,2,sr,8.786e-14
3.1250000000000004,3.8106977519159138,2,sr,2.881e-12
3.1375000000000002,3.7769429856395931,2,sr,1.107e-11
3.1500000000000004,3.7438293072497548,2,sr,2.152e-16
3.1625000000000005,3.7113447442114431,2,sr,7.091e-12
3.1750000000000003,3.6794774232171226,2,sr,1.541e-16
3.1875000000000004,3.6482155761023249,2,sr,6.388e-16
3.2000000000000002,3.6175475453044643,2,sr,1.592e-15
3.2125000000000004,3.587461789142953,2,sr,1.037e-11
3.2250000000000005,3.5579468867043302,2,sr,2.109e-16
3.2375000000000003,3.5289915425615512,2,sr,6.308e-16
3.2500000000000004,3.50058459099409,2,sr,1.611e-12
3.2625000000000002,3.4727150000187539,2,sr,9.410e-16
3.2750000000000004,3.4453718750675209,2,sr,6.835e-13
3.2875000000000005,3.418544462323502,2,sr,0.000e+00
3.3000000000000003,3.3922221517800333,2,sr,8.563e-12
3.3125000000000004,3.3663944799268535,2,sr,5.514e-12
3.3250000000000002,3.3410511322316885,2,sr,3.670e-12
3.3375000000000004,3.3161819452254209,2,sr,4.260e-12
3.3500000000000005,3.291776908348417,2,sr,6.782e-12
3.3625000000000003,3.2678261655008263,2,sr,3.079e-16
3.3750000000000004,3.244320016366566,2,sr,1.024e-16
3.3875000000000002,3.2212489174033485,2,sr,4.287e-12
3.4000000000000004,3.1986034826347729,2,sr,1.225e-15
3.4125000000000005,3.1763744842365838,2,sr,4.709e-12
3.4250000000000003,3.154552852825852,2,sr,2.579e-11
3.4375000000000004,3.1331296775208002,2,sr,1.015e-15
3.4500000000000002,3.1120962060481219,2,sr,6.809e-12
3.4625000000000004,3.0914438442319692,2,sr,4.749e-12
3.4750000000000005,3.0711641557003881,2,sr,3.540e-12
3.4875000000000003,3.0512488612176756,2,sr,3.857e-12
3.5000000000000004,3.0316898379254487,2,sr,5.478e-12
3.5125000000000002,3.0124791184340709,2,sr,6.843e-12
3.5250000000000004,2.9936088897787561,2,sr,1.811e-15
3.5375000000000005,2.9750714922857631,2,sr,2.241e-14
3.5500000000000003,2.956859418266355,2,sr,5.792e-12
3.5625000000000004,2.9389653106448796,2,sr,2.006e-16
3.5750000000000002,2.9213819615438301,2,sr,4.170e-12
3.5875000000000004,2.9041023106666617,2,sr,5.006e-16
3.6000000000000005,2.8871194437442154,2,sr,6.220e-12
3.6125000000000003,2.8704265907767592,2,sr,6.189e-13
3.6250000000000004,2.8540171243565795,2,sr,3.996e-16
3.6375000000000002,2.8378845578142013,2,sr,8.985e-16
3.6500000000000004,2.8220225433994184,2,sr,5.984e-12
3.6625000000000005,2.8064248703703085,2,sr,4.243e-12
3.6750000000000003,2.7910854631097153,2,sr,2.937e-12
3.6875000000000004,2.7759983791517282,2,sr,2.593e-12
3.7000000000000002,2.7611578072171059,2,sr,3.227e-12
3.7125000000000004,2.7465580652242503,2,sr,4.725e-12
3.7250000000000005,2.7321935982851846,2,sr,6.301e-12
3.7375000000000003,2.7180589766862369,2,sr,2.984e-16
3.7500000000000004,2.7041488938928655,2,sr,8.948e-16
3.7625000000000002,2.6904581644901859,2,sr,7.083e-13
3.7750000000000004,2.6769817221844932,2,sr,6.024e-12
3.7875000000000005,2.6637146177574214,2,sr,2.981e-16
3.8000000000000003,2.6506520170964785,2,sr,1.340e-12
3.8125000000000004,2.6377891991331555,2,sr,1.093e-15
3.8250000000000002,2.6251215538806596,2,sr,5.770e-14
3.8375000000000004,2.6126445804301617,2,sr,2.979e-16
3.8500000000000005,2.600353884983293,2,sr,4.610e-13
3.8625000000000003,2.5882451788891818,2,sr,9.931e-16
3.8750000000000004,2.5763142767083638,2,sr,4.141e-12
3.8875000000000002,2.5645570942487295,2,sr,2.023e-11
3.9000000000000004,2.5529696467759377,2,sr,1.987e-16
3.9125000000000005,2.5415480469276384,2,sr,5.213e-12
3.9250000000000003,2.5302885030054481,2,sr,3.337e-13
3.9375000000000004,2.519187317079858,2,sr,3.975e-16
3.9500000000000002,2.5082408831381353,2,sr,6.957e-16
3.9625000000000004,2.4974456853010945,2,sr,7.569e-12
3.9750000000000005,2.4867982960088781,2,sr,6.436e-12
3.9875000000000003,2.4762953742948106,2,sr,4.487e-12
4,2.4659336640183129,2,sr,2.826e-12
4.0125000000000002,2.4557099921497625,2,sr,1.835e-12
4.0250000000000004,2.4456212670730886,2,sr,1.480e-12
4.0375000000000005,2.4356644769108109,2,sr,1.684e-12
4.0500000000000007,2.4258366878713651,2,sr,2.505e-12
4.0625,2.4161350426186377,2,sr,4.049e-12
4.0750000000000002,2.406556758663736,2,sr,6.182e-12
4.0875000000000004,2.3970991267790533,2,sr,8.174e-12
4.1000000000000005,2.3877595094282147,2,sr,1.297e-15
4.1125000000000007,2.3785353392534283,2,sr,7.987e-16
4.125,2.3694241175373567,2,sr,3.050e-11
4.1375000000000002,2.3604234126181232,2,sr,8.485e-13
4.1500000000000004,2.3515308586386534,2,sr,6.617e-12
4.1625000000000005,2.3427441538450187,2,sr,1.300e-15
4.1750000000000007,2.3340610593116047,2,sr,7.006e-16
4.1875,2.3254793974617898,2,sr,1.127e-12
4.2000000000000002,2.3169970507045003,2,sr,9.037e-12
4.2125000000000004,2.3086119600357509,2,sr,9.023e-16
4.2250000000000005,2.3003221237488076,2,sr,5.679e-13
4.2375000000000007,2.2921255960502642,2,sr,9.832e-12
4.25,2.2840204857544784,2,sr,1.306e-15
4.2625000000000002,2.2760049550605674,2,sr,4.260e-12
4.2750000000000004,2.2680772182030782,2,sr,7.039e-16
4.2875000000000005,2.2602355402720784,2,sr,3.362e-13
4.3000000000000007,2.252478235957196,2,sr,1.113e-11
4.3125,2.2448036683175987,2,sr,4.828e-12
4.3250000000000002,2.2372102476936617,2,sr,1.106e-11
4.3375000000000004,2.2296964303850211,2,sr,1.124e-11
4.3500000000000005,2.2222607177002192,2,sr,1.147e-11
4.3625000000000007,2.2149016546115896,2,sr,1.234e-12
4.375,2.2076178288502484,2,sr,1.011e-16
4.3875000000000002,2.2004078696858613,2,sr,1.036e-12
4.4000000000000004,2.1932704469102688,2,sr,2.530e-16
4.4125000000000005,2.1862042697874928,2,sr,6.441e-12
4.4250000000000007,2.1792080860023764,2,sr,9.765e-12
4.4375,2.172280680671586,2,sr,1.246e-11
4.4500000000000002,2.1654208753318764,2,sr,1.153e-12
4.4625000000000004,2.1586275270014181,2,sr,7.615e-16
4.4750000000000005,2.1518995271854,2,sr,1.141e-11
4.4875000000000007,2.1452358009294801,2,sr,3.979e-13
4.5,2.1386353059697969,2,sr,0.000e+00
4.5125000000000002,2.1320970317683767,2,sr,1.253e-11
4.5250000000000004,2.1256199986269579,2,sr,2.391e-12
4.5375000000000005,2.1192032569014727,2,sr,1.936e-11
4.5500000000000007,2.1128458860292145,2,sr,9.754e-16
4.5625,2.106546993853621,2,sr,9.646e-12
4.5750000000000002,2.1003057156603897,2,sr,6.661e-13
4.5875000000000004,2.0941212135113707,2,sr,1.537e-11
4.6000000000000005,2.0879926753519134,2,sr,1.023e-16
4.6125000000000007,2.0819193143801589,2,sr,1.202e-11
4.625,2.0759003681711885,2,sr,4.489e-12
4.6375000000000002,2.0699350980582851,2,sr,4.013e-13
4.6500000000000004,2.0640227883780828,2,sr,1.482e-11
4.6625000000000005,2.0581627457400642,2,sr,1.026e-15
4.6750000000000007,2.0523542984562604,2,sr,1.333e-11
4.6875,2.046596795753167,2,sr,9.721e-12
4.7000000000000002,2.0408896072252962,2,sr,4.206e-12
4.7125000000000004,2.0352321221630585,2,sr,3.687e-13
4.7250000000000005,2.0296237489394073,2,sr,9.408e-12
4.7375000000000007,2.0240639144599708,2,sr,3.909e-11
4.75,2.0185520634149832,2,sr,4.117e-16
4.7625000000000002,2.0130876579923029,2,sr,0.000e+00
4.7750000000000004,2.0076701770675638,2,sr,2.061e-16
4.7875000000000005,2.0022991157905055,2,sr,1.155e-11
4.8000000000000007,1.9969739850092616,2,sr,1.018e-11
4.8125000000000009,1.9916943108004974,2,sr,8.499e-12
4.8250000000000002,1.9864596339429168,2,sr,6.846e-12
4.8375000000000004,1.9812695094394961,2,sr,5.424e-12
4.8500000000000005,1.976123506045921,2,sr,4.309e-12
4.8625000000000007,1.9710212058119607,2,sr,3.510e-12
4.8750000000000009,1.9659622036355084,2,sr,2.988e-12
4.8875000000000002,1.9609461068290635,2,sr,2.701e-12
4.9000000000000004,1.9559725346983834,2,sr,2.596e-12
4.9125000000000005,1.9510411181330869,2,sr,2.635e-12
4.9250000000000007,1.9461514992089275,2,sr,2.772e-12
4.9375000000000009,1.9413033308015306,2,sr,2.957e-12
4.9500000000000002,1.9364962762113218,2,sr,3.135e-12
4.9625000000000004,1.9317300087994009,2,sr,3.234e-12
4.9750000000000005,1.9270042116341359,2,sr,3.189e-12
4.9875000000000007,1.922318577148201,2,sr,2.953e-12
5.0000000000000009,1.9176728068036026,2,sr,1.680e-12
5.0125000000000002,1.9130666107788119,2,sr,3.468e-13
5.0250000000000004,1.9084997076388717,2,sr,2.146e-13
5.0375000000000005,1.9039718240445789,2,sr,2.547e-13
5.0500000000000007,1.8994826944544212,2,sr,8.610e-14
5.0625000000000009,1.8950320608391309,2,sr,3.264e-15
5.0750000000000002,1.8906196724055822,2,sr,1.302e-12
5.0875000000000004,1.8862452853283609,2,sr,5.739e-12
5.1000000000000005,1.8819086624888959,2,sr,1.353e-11
5.1125000000000007,1.8776095732081242,2,sr,7.012e-12
5.1250000000000009,1.8733477930608404,2,sr,5.702e-12
5.1375000000000002,1.8691231035612874,2,sr,2.499e-12
5.1500000000000004,1.8649352919790869,2,sr,2.037e-14
5.1625000000000005,1.8607841511170673,2,sr,1.619e-11
5.1750000000000007,1.856669479037907,2,sr,3.814e-11
5.1875000000000009,1.85259107902252,2,sr,1.534e-11
5.2000000000000002,1.8485487591291658,2,sr,1.047e-11
5.2125000000000004,1.8445423321791297,2,sr,1.703e-12
5.2250000000000005,1.8405716155025815,2,sr,2.117e-11
5.2375000000000007,1.8366364307270873,2,sr,1.682e-16
5.2500000000000009,1.8327366036836135,2,sr,2.287e-11
5.2625000000000002,1.8288719641809326,2,sr,1.128e-11
5.2750000000000004,1.8250423458069811,2,sr,2.252e-13
5.2875000000000005,1.8212475858131503,2,sr,4.393e-16
5.3000000000000007,1.8174875249573934,2,sr,1.033e-16
5.3125000000000009,1.8137620073260265,2,sr,1.701e-11
5.3250000000000002,1.8100708802338084,2,sr,9.402e-13
5.3375000000000004,1.8064139939953818,2,sr,6.193e-16
5.3500000000000005,1.8027912018552157,2,sr,3.738e-11
5.3625000000000007,1.7992023598913029,2,sr,1.086e-11
5.3750000000000009,1.7956473267356747,2,sr,9.324e-12
5.3875000000000002,1.7921259635965241,2,sr,1.262e-15
5.4000000000000004,1.7886381340377435,2,sr,2.843e-11
5.4125000000000005,1.7851837039677634,2,sr,1.101e-11
5.4250000000000007,1.7817625413426701,2,sr,3.599e-16
5.4375000000000009,1.7783745162250231,2,sr,4.043e-11
5.4500000000000002,1.7750195006475962,2,sr,1.614e-13
5.4625000000000004,1.7716973683520061,2,sr,5.132e-16
5.4750000000000005,1.7684079948483129,2,sr,4.475e-11
5.4875000000000007,1.7651512573250816,2,sr,1.134e-11
5.5000000000000009,1.7619270343296163,2,sr,4.097e-16
5.5125000000000002,1.7587352059148089,2,sr,3.762e-11
5.5250000000000004,1.7555756534708753,2,sr,2.556e-16
5.5375000000000005,1.7524482595011375,2,sr,5.109e-17
5.5500000000000007,1.7493529076921381,2,sr,1.458e-11
5.5625000000000009,1.7462894827671251,2,sr,1.428e-15
5.5750000000000002,1.743257870364511,2,sr,4.228e-11
5.5875000000000004,1.7402579569414798,2,sr,5.039e-11
5.6000000000000005,1.7372896297312825,2,sr,1.526e-16
5.6125000000000007,1.7343527766923041,2,sr,1.711e-11
5.6250000000000009,1.7314472863259787,2,sr,8.632e-16
5.6375000000000002,1.728573047631679,2,sr,4.779e-11
5.6500000000000004,1.7257299499677941,2,sr,1.267e-15
5.6625000000000005,1.7229178831562262,2,sr,1.630e-11
5.6750000000000007,1.7201367371584566,2,sr,2.020e-11
5.6875000000000009,1.717386402131478,2,sr,2.526e-16
5.7000000000000002,1.7146667683382142,2,sr,6.249e-12
5.7125000000000004,1.7119777260242686,2,sr,1.008e-16
5.7250000000000005,1.7093191653352098,2,sr,2.363e-11
5.7375000000000007,1.7066909763078917,2,sr,3.521e-16
5.7500000000000009,1.7040930486477046,2,sr,3.958e-11
5.7625000000000002,1.7015252718476142,2,sr,2.309e-15
5.7750000000000004,1.6989875348483177,2,sr,4.892e-11
5.7875000000000005,1.6964797262584574,2,sr,7.511e-16
5.8000000000000007,1.6940017339348936,2,sr,4.979e-11
5.8125000000000009,1.6915534452534142,2,sr,6.994e-16
5.8250000000000002,1.6891347466668318,2,sr,4.132e-11
5.8375000000000004,1.6867455239628959,2,sr,9.967e-17
5.8500000000000005,1.6843856618656885,2,sr,2.413e-11
5.8625000000000007,1.6820550442142719,2,sr,2.585e-15
5.8750000000000009,1.6797535536688493,2,sr,4.677e-12
5.8875000000000002,1.677481071761006,2,sr,7.030e-16
5.9000000000000004,1.6752374787275537,2,sr,9.904e-16
5.9125000000000005,1.6730226534515784,2,sr,1.586e-15
5.9250000000000007,1.6708364733594279,2,sr,1.975e-16
5.9375000000000009,1.6686788143391258,2,sr,2.192e-11
5.9500000000000002,1.6665495505956052,2,sr,2.266e-15
5.9625000000000004,1.6644485546435972,2,sr,2.270e-11
5.9750000000000005,1.6623756971618269,2,sr,8.842e-16
5.9875000000000007,1.6603308468404521,2,sr,9.811e-17
6.0000000000000009,1.6583138703734479,2,sr,8.818e-16
6.0125000000000002,1.6563246323047833,2,sr,9.784e-17
6.0250000000000004,1.6543629949209169,2,sr,3.073e-11
6.0375000000000005,1.6524288182152347,2,sr,5.958e-16
6.0500000000000007,1.6505219596413623,2,sr,6.820e-16
6.0625000000000009,1.6486422741483509,2,sr,9.002e-12
6.0750000000000002,1.6467896139801739,2,sr,7.772e-16
6.0875000000000004,1.6449638286188202,2,sr,1.327e-13
6.1000000000000005,1.643164764630306,2,sr,1.937e-16
6.1125000000000007,1.6413922655696778,2,sr,9.674e-16
6.1250000000000009,1.6396461718559756,2,sr,1.133e-11
6.1375000000000002,1.6379263206799139,2,sr,8.681e-16
6.1500000000000004,1.6362325458330529,2,sr,8.669e-16
6.1625000000000005,1.6345646776311915,2,sr,1.679e-11
6.1750000000000007,1.6329225428050405,2,sr,9.604e-17
6.1875000000000009,1.6313059643056764,2,sr,8.632e-16
6.2000000000000002,1.6297147612535889,2,sr,7.738e-12
6.2125000000000004,1.6281487487929907,2,sr,1.434e-15
6.2250000000000005,1.626607737938172,2,sr,0.000e+00
6.2375000000000007,1.6250915354947695,2,sr,2.709e-11
6.2500000000000009,1.623599943852799,2,sr,8.570e-16
6.2625000000000002,1.6221327609869793,2,sr,1.620e-15
6.2750000000000004,1.6206897802048037,2,sr,9.496e-17
6.2875000000000005,1.6192707900617684,2,sr,4.187e-11
6.3000000000000007,1.6178755743178941,2,sr,1.042e-15
6.3125000000000009,1.6165039116181306,2,sr,1.702e-15
6.3250000000000002,1.6151555755461029,2,sr,2.767e-11
6.3375000000000004,1.613830334476569,2,sr,2.193e-11
6.3500000000000005,1.6125279512925372,2,sr,7.534e-16
6.3625000000000007,1.6112481834919392,2,sr,4.232e-16
6.3750000000000009,1.6099907829022464,2,sr,8.547e-15
6.3875000000000002,1.6087554956330239,2,sr,1.542e-11
6.4000000000000004,1.6075420619146994,2,sr,7.026e-16
6.4125000000000005,1.6063502160577672,2,sr,1.403e-15
6.4250000000000007,1.6051796862724932,2,sr,1.308e-15
6.4375000000000009,1.6040301946204591,2,sr,4.462e-11
6.4500000000000002,1.6029014568030442,2,sr,3.728e-16
6.4625000000000004,1.6017931822731728,2,sr,6.517e-16
6.4750000000000005,1.6007050739372519,2,sr,3.720e-16
6.4875000000000007,1.5996368281689772,2,sr,1.122e-11
6.5000000000000009,1.5985881347387785,2,sr,5.219e-12
6.5125000000000002,1.5975586766776766,2,sr,0.000e+00
6.5250000000000004,1.5965481302898303,2,sr,9.719e-16
6.5375000000000005,1.5955561650457215,2,sr,9.246e-17
6.5500000000000007,1.5945824435454072,2,sr,1.377e-11
6.5625000000000009,1.593626621516014,2,sr,1.345e-11
6.5750000000000002,1.592688347686773,2,sr,5.070e-16
6.5875000000000004,1.5917672638979656,2,sr,4.144e-16
6.6000000000000005,1.5908630049978689,2,sr,1.247e-15
6.6125000000000007,1.5899751988844764,2,sr,5.336e-14
6.6250000000000009,1.5891034664929373,2,sr,4.729e-11
6.6375000000000002,1.5882474219351139,2,sr,1.101e-15
6.6500000000000004,1.5874066723191935,2,sr,5.501e-16
6.6625000000000005,1.5865808180277663,2,sr,6.412e-16
6.6750000000000007,1.5857694526767501,2,sr,2.288e-16
6.6875000000000009,1.5849721632227314,2,sr,6.192e-14
6.7000000000000002,1.584188530046466,2,sr,3.659e-11
6.7125000000000004,1.5834181271622276,2,sr,1.427e-11
6.7250000000000005,1.582660522144925,2,sr,3.651e-16
6.7375000000000007,1.581915276519839,2,sr,8.211e-16
6.7500000000000009,1.581181945776293,2,sr,0.000e+00
6.7625000000000002,1.5804600796034745,2,sr,2.051e-16
6.7750000000000004,1.5797492220846703,2,sr,3.973e-12
6.7875000000000005,1.5790489119083415,2,sr,4.096e-11
6.8000000000000007,1.5783586826964286,2,sr,2.317e-11
6.8125000000000009,1.5776780630340199,2,sr,2.218e-12
6.8250000000000002,1.57700657703405,2,sr,6.367e-16
6.8375000000000004,1.5763437444386976,2,sr,1.432e-15
6.8500000000000005,1.5756890809965955,2,sr,0.000e+00
6.8625000000000007,1.5750420987908362,2,sr,3.577e-12
6.8750000000000009,1.5744023065720703,2,sr,1.612e-11
6.8875000000000002,1.5737692101581722,2,sr,4.918e-11
6.9000000000000004,1.5731423128567277,2,sr,2.995e-11
6.9125000000000005,1.5725211156595849,2,sr,2.062e-11
6.9250000000000007,1.5719051179458936,2,sr,1.272e-15
6.9375000000000009,1.5712938177645375,2,sr,7.725e-16
6.9500000000000002,1.5706867122803645,2,sr,9.984e-16
6.9625000000000004,1.5700832982769461,2,sr,9.998e-12
6.9750000000000005,1.5694830725958224,2,sr,9.906e-12
6.9875000000000007,1.5688855326799045,2,sr,3.375e-11
7.0000000000000009,1.5682901770836364,2,sr,5.171e-11
7.0125000000000002,1.5676965057942538,2,sr,4.143e-11
7.0250000000000004,1.5671040210252702,2,sr,1.616e-15
7.0375000000000005,1.5665122276206631,2,sr,5.693e-17
7.0500000000000007,1.5659206335309233,2,sr,3.532e-16
7.0625000000000009,1.5653287504150577,2,sr,1.632e-11
7.0750000000000002,1.5647360941983579,2,sr,2.140e-12
7.0875000000000004,1.5641421855361262,2,sr,1.674e-11
7.1000000000000005,1.5635465504440089,2,sr,3.407e-11
7.1125000000000007,1.5629487207908466,2,sr,4.532e-11
7.1250000000000009,1.5623482348627025,2,sr,1.491e-15
7.1375000000000002,1.5617446378062301,2,sr,5.953e-16
7.1500000000000004,1.5611374822913275,2,sr,9.625e-16
7.1625000000000005,1.5605263289397802,2,sr,1.023e-12
7.1750000000000007,1.5599107468556923,2,sr,1.718e-13
7.1875000000000009,1.5592903141135837,2,sr,7.965e-12
7.2000000000000002,1.5586646182543018,2,sr,1.952e-11
7.2125000000000004,1.5580332567474127,2,sr,2.745e-11
7.2250000000000005,1.5573958374530954,2,sr,2.767e-16
7.2375000000000007,1.5567519790036164,2,sr,3.232e-16
7.2500000000000009,1.5561013113018323,2,sr,3.698e-16
7.2625000000000002,1.5554434758736733,2,sr,2.186e-11
7.2750000000000004,1.5547781262060785,2,sr,4.710e-13
7.2875000000000005,1.5541049281942432,2,sr,5.015e-12
7.3000000000000007,1.5534235603779301,2,sr,9.439e-12
7.3125000000000009,1.5527337142897082,2,sr,1.060e-11
7.3250000000000002,1.5520350947424466,2,sr,3.637e-11
7.3375000000000004,1.5513274199916955,2,sr,9.942e-12
7.3500000000000005,1.5506104221263988,2,sr,9.023e-13
7.3625000000000007,1.5498838471323899,2,sr,2.177e-16
7.3750000000000009,1.5491474551081916,2,sr,1.565e-12
7.3875000000000002,1.5484010204092129,2,sr,1.282e-11
7.4000000000000004,1.5476443317651456,2,sr,4.180e-11
7.4125000000000005,1.546877192413743,2,sr,1.021e-11
7.4250000000000007,1.5460994200181835,2,sr,6.527e-12
7.4375000000000009,1.5453108468814489,2,sr,8.799e-13
7.4500000000000002,1.5445113198444376,2,sr,2.185e-11
7.4625000000000004,1.5437007003278698,2,sr,1.661e-15
7.4750000000000005,1.5428788642024684,2,sr,4.279e-16
7.4875000000000007,1.5420457018213902,2,sr,3.144e-11
7.5000000000000009,1.5412011178233318,2,sr,1.935e-11
7.5125000000000002,1.5403450311132136,2,sr,2.578e-12
7.5250000000000004,1.539477374682686,2,sr,4.247e-11
7.5375000000000005,1.5385980953570648,2,sr,8.160e-16
7.5500000000000007,1.5377071537977745,2,sr,1.975e-15
7.5625000000000009,1.5368045241444253,2,sr,5.111e-11
7.5750000000000002,1.5358901937831106,2,sr,2.164e-11
7.5875000000000004,1.5349641632475814,2,sr,8.146e-13
7.6000000000000005,1.5340264458458714,2,sr,1.648e-15
7.6125000000000007,1.533077067399818,2,sr,5.829e-16
7.6250000000000009,1.5321160659654232,2,sr,4.610e-11
7.6375000000000002,1.5311434916284004,2,sr,4.546e-11
7.6500000000000004,1.530159405928154,2,sr,1.444e-12
7.6625000000000005,1.5291638818836941,2,sr,9.795e-16
7.6750000000000007,1.5281570034039065,2,sr,1.963e-16
7.6875000000000009,1.5271388650391873,2,sr,1.878e-11
7.7000000000000002,1.526109571676096,2,sr,5.892e-11
7.7125000000000004,1.5250692380034185,2,sr,3.769e-13
7.7250000000000005,1.524017988442298,2,sr,4.949e-16
7.7375000000000007,1.5229559565310162,2,sr,2.281e-15
7.7500000000000009,1.5218832846749424,2,sr,3.558e-13
7.7625000000000002,1.5208001237757178,2,sr,4.605e-11
7.7750000000000004,1.519706632779019,2,sr,2.994e-16
7.7875000000000005,1.5186029784744981,2,sr,1.500e-15
7.8000000000000007,1.5174893349622924,2,sr,1.804e-15
7.8125000000000009,1.5163658833646838,2,sr,1.918e-11
7.8250000000000002,1.515232811483155,2,sr,6.233e-12
7.8375000000000004,1.5140903133609283,2,sr,1.512e-15
7.8500000000000005,1.5129385890172964,2,sr,5.052e-16
7.8625000000000007,1.5117778440415539,2,sr,1.519e-15
7.8750000000000009,1.5106082892800088,2,sr,4.292e-11
7.8875000000000002,1.5094301404208303,2,sr,7.116e-16
7.9000000000000004,1.5082436178072469,2,sr,7.130e-16
7.9125000000000005,1.5070489459639957,2,sr,0.000e+00
7.9250000000000007,1.5058463533296527,2,sr,6.330e-11
7.9375000000000009,1.5046360720349965,2,sr,6.147e-16
7.9500000000000002,1.5034183373869179,2,sr,1.540e-15
7.9625000000000004,1.5021933877825733,2,sr,2.057e-16
7.9750000000000005,1.5009614643042479,2,sr,3.274e-11
7.9875000000000007,1.4997228105131999,2,sr,1.445e-15
8,1.4984776720709165,2,sr,7.325e-16
8.0124999999999993,1.4972262965822012,2,sr,8.290e-16
8.0250000000000004,1.495968933280641,2,sr,1.994e-11
8.0374999999999996,1.4947058328248162,2,sr,1.040e-15
8.0499999999999989,1.4934372469974793,2,sr,1.563e-15
8.0625,1.4921634285402976,2,sr,0.000e+00
8.0749999999999993,1.4908846308931001,2,sr,2.929e-11
8.0875000000000004,1.4896011080344727,2,sr,8.901e-16
8.0999999999999996,1.4883131141880481,2,sr,9.965e-16
8.1124999999999989,1.4870209037194138,2,sr,1.418e-15
8.125,1.4857247308862596,2,sr,6.121e-11
8.1374999999999993,1.4844248497630732,2,sr,2.003e-15
8.1500000000000004,1.483121513885832,2,sr,1.478e-15
8.1624999999999996,1.4818149762767951,2,sr,2.643e-16
8.1749999999999989,1.480505489215665,2,sr,5.913e-11
8.1875,1.4791933040245659,2,sr,8.484e-16
8.1999999999999993,1.4778786711056835,2,sr,1.593e-16
8.2125000000000004,1.4765618396345466,2,sr,1.595e-15
8.2249999999999996,1.4752430575288689,2,sr,1.600e-11
8.2374999999999989,1.4739225712908586,2,sr,2.186e-15
8.25,1.4726006259437476,2,sr,1.602e-15
8.2624999999999993,1.4712774648816607,2,sr,5.882e-16
8.2750000000000004,1.4699533297933534,2,sr,8.209e-12
8.2874999999999996,1.4686284605781774,2,sr,1.876e-15
8.2999999999999989,1.467303095237469,2,sr,1.181e-15
8.3125,1.4659774698184831,2,sr,1.451e-15
8.3249999999999993,1.4646518183286885,2,sr,2.313e-15
8.3375000000000004,1.463326372669393,2,sr,9.155e-16
8.3499999999999996,1.4620013625721102,2,sr,3.936e-15
8.3624999999999989,1.4606770155204134,2,sr,7.018e-11
8.375,1.4593535567927132,2,sr,2.701e-16
8.3874999999999993,1.458031209218885,2,sr,2.001e-15
8.4000000000000004,1.4567101933286646,2,sr,4.330e-16
8.4124999999999996,1.4553907272245679,2,sr,4.077e-11
8.4249999999999989,1.4540730265085824,2,sr,1.030e-15
8.4375,1.4527573043591058,2,sr,3.365e-15
8.4499999999999993,1.4514437713901989,2,sr,1.629e-16
8.4625000000000004,1.4501326356814179,2,sr,4.951e-12
8.4749999999999996,1.4488241027365341,2,sr,9.519e-16
8.4874999999999989,1.4475183754761363,2,sr,2.776e-15
8.5,1.446215654206666,2,sr,2.424e-15
8.5124999999999993,1.4449161366078163,2,sr,1.570e-11
8.5250000000000004,1.4436200177393108,2,sr,1.745e-15
8.5374999999999996,1.4423274899894691,2,sr,7.912e-16
8.5499999999999989,1.4410387431073555,2,sr,4.615e-12
8.5625,1.4397539642053649,2,sr,8.896e-11
8.5749999999999993,1.4384733376322412,2,sr,4.126e-15
8.5875000000000004,1.4371970452135152,2,sr,2.706e-15
8.5999999999999996,1.4359252659999322,2,sr,5.752e-11
8.6124999999999989,1.4346581764709465,2,sr,4.712e-11
8.625,1.4333959503065712,2,sr,2.695e-15
8.6374999999999993,1.4321387586594556,2,sr,1.492e-15
8.6500000000000004,1.4308867699428049,2,sr,9.108e-11
8.6624999999999996,1.4296401500480467,2,sr,8.260e-11
8.6749999999999989,1.4283990620050353,2,sr,2.041e-15
8.6875,1.4271636664299068,2,sr,2.068e-15
8.6999999999999993,1.4259341212321253,2,sr,8.779e-11
8.7125000000000004,1.4247105816297512,2,sr,4.829e-11
8.7249999999999996,1.423493200419472,2,sr,1.404e-15
8.7374999999999989,1.4222821276469984,2,sr,2.740e-16
8.75,1.4210775108671667,2,sr,7.175e-11
8.7624999999999993,1.4198794949833804,2,sr,4.734e-12
8.7750000000000004,1.418688222455889,2,sr,2.212e-15
8.7874999999999996,1.4175038331245968,2,sr,3.260e-15
8.7999999999999989,1.4163264643332618,2,sr,4.358e-11
8.8125,1.4151562508650479,2,sr,1.874e-13
8.8249999999999993,1.4139933250556138,2,sr,3.430e-11
8.8375000000000004,1.412837816740929,2,sr,2.310e-12
8.8499999999999996,1.4116898532348048,2,sr,1.020e-11
8.8624999999999989,1.410549559432241,2,sr,2.034e-12
8.875,1.4094170577530103,2,sr,4.679e-12
8.8874999999999993,1.4082924681770135,2,sr,9.742e-12
8.9000000000000004,1.4071759082786723,2,sr,3.013e-11
8.9124999999999996,1.4060674931829431,2,sr,6.603e-11
8.9249999999999989,1.4049673355994807,2,sr,2.620e-15
8.9375,1.4038755458961885,2,sr,4.568e-11
8.9499999999999993,1.4027922320501862,2,sr,2.710e-11
8.9625000000000004,1.4017174995871517,2,sr,1.581e-15
8.9749999999999996,1.4006514517355118,2,sr,6.085e-11
8.9874999999999989,1.3995941893839643,2,sr,1.523e-11
9,1.3985458110119811,2,sr,2.932e-11
9.0124999999999993,1.3975064127650023,2,sr,2.174e-15
9.0250000000000004,1.396476088494663,2,sr,1.358e-15
9.0374999999999996,1.3954549296824703,2,sr,3.285e-11
9.0499999999999989,1.3944430255103484,2,sr,5.211e-11
9.0625,1.3934404628412504,2,sr,6.504e-16
9.0749999999999993,1.3924473261761707,2,sr,1.895e-15
9.0875000000000004,1.3914636977417121,2,sr,2.056e-15
9.0999999999999996,1.3904896574367915,2,sr,3.784e-16
9.1124999999999989,1.389525282831769,2,sr,5.685e-11
9.125,1.3885706492355381,2,sr,1.673e-15
9.1374999999999993,1.3876258295579611,2,sr,4.313e-16
9.1500000000000004,1.3866908944427143,2,sr,4.847e-16
9.1624999999999996,1.3857659121954251,2,sr,1.237e-15
9.1749999999999989,1.3848509487901697,2,sr,8.196e-12
9.1875,1.3839460678729723,2,sr,1.020e-15
9.1999999999999993,1.3830513307348109,2,sr,3.218e-16
9.2125000000000004,1.3821667963225024,2,sr,0.000e+00
9.2249999999999996,1.3812925212190517,2,sr,4.281e-16
9.2374999999999989,1.3804285596344703,2,sr,1.550e-15
9.25,1.3795749633748553,2,sr,7.758e-11
9.2624999999999993,1.3787317819212845,2,sr,9.067e-16
9.2750000000000004,1.3778990622296208,2,sr,1.065e-16
9.2874999999999996,1.3770768488993581,2,sr,9.577e-16
9.2999999999999989,1.3762651840633455,2,sr,1.435e-15
9.3125,1.3754641073872498,2,sr,1.061e-16
9.3249999999999993,1.3746736560355624,2,sr,5.668e-11
9.3375000000000004,1.3738938647176289,2,sr,1.751e-15
9.3499999999999996,1.3731247655287409,2,sr,3.542e-15
9.3624999999999989,1.372366388061192,2,sr,1.320e-15
9.375,1.371618759310403,2,sr,1.582e-15
9.3874999999999993,1.3708819036610111,2,sr,1.264e-15
9.4000000000000004,1.370155842847965,2,sr,4.168e-11
9.4124999999999996,1.3694405959837093,2,sr,3.068e-11
9.4249999999999989,1.3687361793892925,2,sr,4.196e-16
9.4375,1.368042606735288,2,sr,2.724e-15
9.4499999999999993,1.3673598888832721,2,sr,1.674e-15
9.4625000000000004,1.3666880338968093,2,sr,1.776e-15
9.4749999999999996,1.3660270469967148,2,sr,5.215e-16
9.4874999999999989,1.3653769305223507,2,sr,2.083e-15
9.5,1.3647376838798311,2,sr,4.837e-11
9.5124999999999993,1.3641093035593201,2,sr,3.116e-16
9.5250000000000004,1.3634917829750324,2,sr,1.037e-15
9.5374999999999996,1.3628851125386545,2,sr,3.728e-15
9.5499999999999989,1.362289279555543,2,sr,2.378e-15
9.5625,1.3617042681901714,2,sr,9.293e-16
9.5749999999999993,1.3611300594186955,2,sr,1.134e-15
9.5875000000000004,1.3605666309804787,2,sr,8.237e-16
9.5999999999999996,1.3600139573291181,2,sr,2.098e-12
9.6125000000000007,1.3594720095827337,2,sr,1.339e-11
9.625,1.3589407554613882,2,sr,3.075e-16
9.6374999999999993,1.3584201592627529,2,sr,2.456e-15
9.6500000000000004,1.3579101817790347,2,sr,4.190e-15
9.6624999999999996,1.3574107802595319,2,sr,3.878e-15
9.6750000000000007,1.3569219083534927,2,sr,2.242e-15
9.6875,1.3564435160558479,2,sr,1.119e-15
9.6999999999999993,1.3559755496526902,2,sr,3.455e-15
9.7125000000000004,1.3555179516666074,2,sr,1.725e-15
9.7249999999999996,1.3550706608171008,2,sr,6.063e-11
9.7375000000000007,1.3546336118656266,2,sr,9.961e-11
9.75,1.3542067358367542,2,sr,7.071e-16
9.7624999999999993,1.3537899595645817,2,sr,3.329e-15
9.7750000000000004,1.3533832059637416,2,sr,3.930e-15
9.7874999999999996,1.3529863938375455,2,sr,6.035e-15
9.8000000000000007,1.3525994378514163,2,sr,1.607e-15
9.8125,1.3522222484826425,2,sr,3.561e-15
9.8249999999999993,1.3518547319715148,2,sr,1.703e-15
9.8375000000000004,1.3514967902740616,2,sr,2.901e-15
9.8499999999999996,1.3511483210166315,2,sr,2.497e-16
9.8625000000000007,1.3508092174525248,2,sr,7.981e-16
9.875,1.3504793684209466,2,sr,5.978e-16
9.8874999999999993,1.3501586583085141,2,sr,1.642e-15
9.9000000000000004,1.3498469670090538,2,sr,1.776e-11
9.9124999999999996,1.3495441699282673,2,sr,5.698e-11
9.9250000000000007,1.3492501378363146,2,sr,2.726e-15
9.9375,1.3489647370333153,2,sr,2.376e-15
9.9499999999999993,1.3486878291593267,2,sr,1.335e-15
9.9625000000000004,1.348419271254339,2,sr,3.061e-15
9.9749999999999996,1.3481589157308345,2,sr,4.439e-15
9.9875000000000007,1.3479066103657433,2,sr,4.237e-15
10,1.3476621982975403,2,sr,5.167e-15
2.5875000000000004,14.935252628407722,3,sr,3.944e-12
2.6000000000000005,14.775426660103916,3,sr,9.685e-12
2.6125000000000003,14.617992430047488,3,sr,2.403e-15
2.6250000000000004,14.462914031035451,3,sr,4.207e-15
2.6375000000000002,14.310156454769634,3,sr,1.163e-12
2.6500000000000004,14.159685547522157,3,sr,6.908e-15
2.6625000000000005,14.011467966726187,3,sr,3.026e-11
2.6750000000000003,13.865471138691593,3,sr,7.435e-12
2.6875000000000004,13.721663217054838,3,sr,2.708e-11
2.7000000000000002,13.580013042909057,3,sr,4.858e-16
2.7125000000000004,13.440490105445342,3,sr,6.503e-12
2.7250000000000005,13.303064504339646,3,sr,5.452e-15
2.7375000000000003,13.167706913159645,3,sr,1.031e-14
2.7500000000000004,13.034388544118386,3,sr,1.624e-15
2.7625000000000002,12.903081114250899,3,sr,2.749e-15
2.7750000000000004,12.773756812982009,3,sr,4.661e-16
2.7875000000000005,12.646388271177836,3,sr,2.326e-11
2.8000000000000003,12.520948531596629,3,sr,1.285e-11
2.8125000000000004,12.397411021058426,3,sr,2.935e-11
2.8250000000000002,12.27574952411117,3,sr,7.892e-12
2.8375000000000004,12.155938157957676,3,sr,1.073e-11
2.8500000000000005,12.037951349538703,3,sr,2.128e-15
2.8625000000000003,11.921763813840757,3,sr,2.186e-11
2.8750000000000004,11.807350533785128,3,sr,2.487e-11
2.8875000000000002,11.69468674193574,3,sr,1.449e-15
2.9000000000000004,11.583747903690815,3,sr,2.463e-15
2.9125000000000005,11.47450970189271,3,sr,1.831e-15
2.9250000000000003,11.36694802320199,3,sr,1.879e-11
2.9375000000000004,11.261038945764374,3,sr,8.582e-12
2.9500000000000002,11.156758728586372,3,sr,1.586e-11
2.9625000000000004,11.054083802009282,3,sr,5.914e-16
2.9750000000000005,10.952990759870524,3,sr,3.522e-15
2.9875000000000003,10.853456352689038,3,sr,3.109e-15
3.0000000000000004,10.755457482292842,3,sr,1.795e-12
3.0125000000000002,10.658971197536959,3,sr,1.342e-15
3.0250000000000004,10.563974691178045,3,sr,4.191e-15
3.0375000000000005,10.470445297760918,3,sr,1.545e-12
3.0500000000000003,10.378360492496016,3,sr,1.696e-15
3.0625000000000004,10.287697891050625,3,sr,6.357e-15
3.0750000000000002,10.198435250137845,3,sr,3.346e-15
3.0875000000000004,10.110550468884332,3,sr,2.013e-12
3.1000000000000005,10.024021590856183,3,sr,4.046e-15
3.1125000000000003,9.9388268067250678,3,sr,1.830e-16
3.1250000000000004,9.8549444574268055,3,sr,1.861e-12
3.1375000000000002,9.7723530378428638,3,sr,1.188e-11
3.1500000000000004,9.6910312007685331,3,sr,4.988e-12
3.1625000000000005,9.6109577614209076,3,sr,4.367e-12
3.1750000000000003,9.5321117020002912,3,sr,1.070e-11
3.1875000000000004,9.4544721765623887,3,sr,1.960e-15
3.2000000000000002,9.37801851613143,3,sr,2.662e-15
3.2125000000000004,9.302730233739366,3,sr,3.536e-16
3.2250000000000005,9.2285870296743902,3,sr,1.233e-15
3.2375000000000003,9.1555687966794501,3,sr,1.674e-12
3.2500000000000004,9.0836556251228568,3,sr,1.751e-15
3.2625000000000002,9.0128278081302486,3,sr,3.490e-16
3.2750000000000004,8.9430658465788078,3,sr,3.480e-16
3.2875000000000005,8.8743504539874785,3,sr,2.083e-15
3.3000000000000003,8.8066625612454317,3,sr,7.735e-12
3.3125000000000004,8.7399833211068927,3,sr,1.502e-13
3.3250000000000002,8.6742941126115483,3,sr,3.618e-15
3.3375000000000004,8.609576545107096,3,sr,3.094e-15
3.3500000000000005,8.5458124621692999,3,sr,2.825e-12
3.3625000000000003,8.482983945197935,3,sr,1.541e-15
3.3750000000000004,8.4210733168133363,3,sr,4.315e-12
3.3875000000000002,8.3600631438917432,3,sr,2.236e-14
3.4000000000000004,8.2999362404430492,3,sr,2.100e-12
3.4125000000000005,8.2406756701114539,3,sr,2.060e-12
3.4250000000000003,8.182264748432079,3,sr,9.346e-12
3.4375000000000004,8.1246870447972004,3,sr,1.018e-15
3.4500000000000002,8.0679263842225524,3,sr,0.000e+00
3.4625000000000004,8.0119668486865674,3,sr,8.718e-12
3.4750000000000005,7.9567927782871974,3,sr,8.128e-12
3.4875000000000003,7.9023887721713866,3,sr,9.632e-12
3.5000000000000004,7.8487396890895669,3,sr,4.226e-16
3.5125000000000002,7.7958306478212087,3,sr,2.982e-12
3.5250000000000004,7.7436470271950872,3,sr,4.222e-16
3.5375000000000005,7.6921744660420819,3,sr,9.589e-12
3.5500000000000003,7.6413988627376401,3,sr,6.475e-12
3.5625000000000004,7.5913063746993359,3,sr,5.996e-12
3.5750000000000002,7.5418834175146676,3,sr,8.979e-12
3.5875000000000004,7.4931166639191442,3,sr,1.266e-15
3.6000000000000005,7.4449930426334863,3,sr,2.355e-14
3.6125000000000003,7.3974997368937521,3,sr,1.055e-11
3.6250000000000004,7.350624182848156,3,sr,2.020e-12
3.6375000000000002,7.3043540678869912,3,sr,7.604e-16
3.6500000000000004,7.2586773286259794,3,sr,8.452e-16
3.6625000000000005,7.2135821488620993,3,sr,1.353e-15
3.6750000000000003,7.1690569573491914,3,sr,1.185e-15
3.6875000000000004,7.1250904254359479,3,sr,5.470e-14
3.7000000000000002,7.0816714645877976,3,sr,9.164e-12
3.7125000000000004,7.0387892237337963,3,sr,2.884e-15
3.7250000000000005,6.9964330866519129,3,sr,7.973e-12
3.7375000000000003,6.9545926690141187,3,sr,1.614e-15
3.7500000000000004,6.9132578156007121,3,sr,8.505e-16
3.7625000000000002,6.8724185972202454,3,sr,1.258e-11
3.7750000000000004,6.8320653076175617,3,sr,1.204e-11
3.7875000000000005,6.7921884603903715,3,sr,1.263e-11
3.8000000000000003,6.7527787857005395,3,sr,3.418e-16
3.8125000000000004,6.7138272270638106,3,sr,2.040e-16
3.8250000000000002,6.6753249379413804,3,sr,8.047e-13
3.8375000000000004,6.6372632784227301,3,sr,1.380e-11
3.8500000000000005,6.599633811736564,3,sr,3.523e-15
3.8625000000000003,6.5624283009388797,3,sr,1.459e-11
3.8750000000000004,6.5256387052355684,3,sr,2.930e-12
3.8875000000000002,6.4892571766703897,3,sr,1.812e-15
3.9000000000000004,6.4532760564777751,3,sr,1.037e-15
3.9125000000000005,6.4176878715895453,3,sr,1.732e-16
3.9250000000000003,6.3824853311060874,3,sr,1.614e-11
3.9375000000000004,6.3476613226712049,3,sr,3.215e-15
3.9500000000000002,6.3132089090742198,3,sr,6.093e-16
3.9625000000000004,6.279121324557833,3,sr,6.975e-16
3.9750000000000005,6.2453919713598349,3,sr,1.440e-12
3.9875000000000003,6.2120144161843394,3,sr,1.650e-11
4,6.1789823866347708,3,sr,1.140e-15
4.0125000000000002,6.1462897678706545,3,sr,1.082e-11
4.0250000000000004,6.1139305989542789,3,sr,1.760e-16
4.0375000000000005,6.0818990695938284,3,sr,1.714e-11
4.0500000000000007,6.0501895165481123,3,sr,4.140e-13
4.0625,6.018796420440788,3,sr,7.967e-16
4.0750000000000002,5.9877144022587503,3,sr,3.548e-16
4.0875000000000004,5.9569382201275429,3,sr,1.885e-11
4.1000000000000005,5.9264627659577531,3,sr,1.456e-11
4.1125000000000007,5.8962830623196512,3,sr,1.260e-11
4.125,5.8663942591740783,3,sr,1.428e-11
4.1375000000000002,5.8367916307434227,3,sr,1.909e-11
4.1500000000000004,5.8074705724075786,3,sr,2.311e-11
4.1625000000000005,5.7784265976323868,3,sr,1.080e-15
4.1750000000000007,5.7496553350410728,3,sr,1.803e-16
4.1875,5.7211525253432969,3,sr,1.216e-11
4.2000000000000002,5.6929140184558502,3,sr,1.177e-15
4.2125000000000004,5.6649357707198176,3,sr,3.032e-12
4.2250000000000005,5.6372138420290128,3,sr,2.503e-11
4.2375000000000007,5.6097443930184525,3,sr,1.912e-11
4.25,5.582523682498139,3,sr,3.927e-15
4.2625000000000002,5.5555480647503259,3,sr,4.049e-12
4.2750000000000004,5.5288139868733071,3,sr,2.201e-15
4.2875000000000005,5.5023179863479657,3,sr,2.757e-11
4.3000000000000007,5.4760566884142339,3,sr,1.241e-11
4.3125,5.4500268038163,3,sr,1.283e-14
4.3250000000000002,5.424225126310251,3,sr,1.757e-15
4.3375000000000004,5.3986485303541647,3,sr,1.857e-15
4.3500000000000005,5.3732939688667498,3,sr,1.671e-15
4.3625000000000007,5.3481584710056334,3,sr,5.210e-15
4.375,5.3232391400085692,3,sr,4.792e-16
4.3875000000000002,5.2985331510881544,3,sr,3.924e-15
4.4000000000000004,5.2740377493795103,3,sr,5.616e-16
4.4125000000000005,5.249750247963541,3,sr,3.310e-11
4.4250000000000007,5.2256680258092061,3,sr,6.678e-12
4.4375,5.2017885261021002,3,sr,2.691e-11
4.4500000000000002,5.178109254123922,3,sr,2.830e-16
4.4625000000000004,5.154627775709927,3,sr,1.749e-15
4.4750000000000005,5.1313417153330514,3,sr,1.991e-11
4.4875000000000007,5.108248754428006,3,sr,4.270e-16
4.5,5.0853466298588188,3,sr,2.134e-12
4.5125000000000002,5.0626331321775027,3,sr,2.286e-15
4.5250000000000004,5.0401061041500546,3,sr,2.199e-13
4.5375000000000005,5.0177634392193067,3,sr,9.557e-17
4.5500000000000007,4.9956030800529323,3,sr,5.803e-12
4.5625,4.9736230171017768,3,sr,1.391e-15
4.5750000000000002,4.9518212872785385,3,sr,2.816e-11
4.5875000000000004,4.9301959724969224,3,sr,7.182e-13
4.6000000000000005,4.9087451985727171,3,sr,1.210e-16
4.6125000000000007,4.8874671338136881,3,sr,3.273e-11
4.625,4.8663599878014452,3,sr,1.990e-11
4.6375000000000002,4.8454220103446275,3,sr,2.936e-12
4.6500000000000004,4.8246514902767279,3,sr,4.049e-11
4.6625000000000005,4.8040467542295211,3,sr,2.526e-15
4.6750000000000007,4.7836061658384343,3,sr,3.405e-16
4.6875,4.763328124463686,3,sr,1.705e-15
4.7000000000000002,4.7432110643167986,3,sr,1.805e-15
4.7125000000000004,4.7232534534743627,3,sr,2.100e-15
4.7250000000000005,4.7034537929488609,3,sr,1.516e-15
4.7375000000000007,4.6838106157910602,3,sr,4.456e-15
4.75,4.6643224862244228,3,sr,2.221e-12
4.7625000000000002,4.6449879988016303,3,sr,2.528e-14
4.7750000000000004,4.6258057776135297,3,sr,6.859e-12
4.7875000000000005,4.6067744754878284,3,sr,1.960e-11
4.8000000000000007,4.5878927732268098,3,sr,2.315e-15
4.8125000000000009,4.5691593789621789,3,sr,1.664e-11
4.8250000000000002,4.5505730273177099,3,sr,3.047e-12
4.8375000000000004,4.5321324788820201,3,sr,1.803e-11
4.8500000000000005,4.513836519426274,3,sr,1.196e-11
4.8625000000000007,4.4956839593765512,3,sr,3.182e-12
4.8750000000000009,4.4776736331659173,3,sr,1.139e-15
4.8875000000000002,4.4598043986515306,3,sr,1.610e-12
4.9000000000000004,4.4420751365699438,3,sr,1.032e-11
4.9125000000000005,4.4244847499597491,3,sr,5.466e-12
4.9250000000000007,4.4070321637241863,3,sr,6.715e-12
4.9375000000000009,4.3897163240222046,3,sr,7.311e-13
4.9500000000000002,4.3725361978820105,3,sr,4.878e-12
4.9625000000000004,4.3554907726906276,3,sr,8.603e-14
4.9750000000000005,4.3385790557482675,3,sr,4.097e-13
4.9875000000000007,4.3218000738604685,3,sr,1.941e-12
5.0000000000000009,4.3051528729116209,3,sr,1.667e-13
5.0125000000000002,4.2886365174777241,3,sr,3.635e-12
5.0250000000000004,4.2722500904686473,3,sr,3.987e-11
5.0375000000000005,4.2559926926554112,3,sr,2.278e-11
5.0500000000000007,4.2398634424876063,3,sr,1.300e-13
5.0625000000000009,4.2238614756533526,3,sr,7.787e-12
5.0750000000000002,4.2079859447534611,3,sr,1.846e-11
5.0875000000000004,4.1922360190378072,3,sr,8.267e-16
5.1000000000000005,4.176610884040298,3,sr,2.307e-16
5.1125000000000007,4.1611097413685698,3,sr,3.990e-16
5.1250000000000009,4.1457318083752668,3,sr,2.158e-11
5.1375000000000002,4.1304763179809125,3,sr,4.103e-11
5.1500000000000004,4.1153425182200634,3,sr,2.563e-11
5.1625000000000005,4.1003296722680904,3,sr,2.743e-11
5.1750000000000007,4.0854370579831301,3,sr,4.535e-11
5.1875000000000009,4.0706639679235028,3,sr,1.868e-15
5.2000000000000002,4.0560097088107545,3,sr,3.995e-15
5.2125000000000004,4.0414736016121289,3,sr,2.214e-15
5.2250000000000005,4.0270549812169252,3,sr,3.357e-16
5.2375000000000007,4.0127531962921754,3,sr,3.895e-11
5.2500000000000009,3.9985676089848305,3,sr,4.281e-11
5.2625000000000002,3.9844975950484174,3,sr,8.593e-12
5.2750000000000004,3.9705425432911796,3,sr,6.298e-16
5.2875000000000005,3.956701855687828,3,sr,1.734e-16
5.3000000000000007,3.9429749471586355,3,sr,2.656e-11
5.3125000000000009,3.9293612453512745,3,sr,1.597e-11
5.3250000000000002,3.9158601906788313,3,sr,1.384e-15
5.3375000000000004,3.9024712359759568,3,sr,4.196e-16
5.3500000000000005,3.889193846504071,3,sr,2.680e-11
5.3625000000000007,3.8760274998430768,3,sr,1.724e-15
5.3750000000000009,3.8629716856528411,3,sr,6.674e-12
5.3875000000000002,3.8500259056775614,3,sr,9.364e-13
5.4000000000000004,3.8371896736019644,3,sr,1.472e-16
5.4125000000000005,3.8244625149240994,3,sr,1.605e-11
5.4250000000000007,3.8118439669064621,3,sr,1.472e-15
5.4375000000000009,3.79933357838632,3,sr,2.482e-11
5.4500000000000002,3.7869309098220501,3,sr,1.610e-15
5.4625000000000004,3.7746355330351489,3,sr,8.944e-12
5.4750000000000005,3.762447031274434,3,sr,1.070e-15
5.4875000000000007,3.7503649990240087,3,sr,6.886e-16
5.5000000000000009,3.7383890419752825,3,sr,2.374e-15
5.5125000000000002,3.7265187769219255,3,sr,9.674e-16
5.5250000000000004,3.7147538316802211,3,sr,4.846e-12
5.5375000000000005,3.7030938450203816,3,sr,1.542e-15
5.5500000000000007,3.6915384665623536,3,sr,7.695e-16
5.5625000000000009,3.680087356730414,3,sr,2.091e-11
5.5750000000000002,3.6687401866159965,3,sr,1.385e-11
5.5875000000000004,3.6574966379692158,3,sr,7.168e-16
5.6000000000000005,3.6463564030824922,3,sr,1.431e-15
5.6125000000000007,3.6353191846909612,3,sr,1.195e-15
5.6250000000000009,3.6243846958973123,3,sr,2.995e-11
5.6375000000000002,3.6135526601537258,3,sr,1.468e-15
5.6500000000000004,3.6028228110226501,3,sr,1.186e-15
5.6625000000000005,3.5921948922352978,3,sr,1.791e-15
5.6750000000000007,3.5816686575211367,3,sr,6.110e-16
5.6875000000000009,3.5712438705236238,3,sr,3.047e-15
5.7000000000000002,3.5609203046964066,3,sr,8.416e-16
5.7125000000000004,3.550697743194505,3,sr,1.072e-15
5.7250000000000005,3.5405759787598634,3,sr,3.255e-16
5.7375000000000007,3.5305548136007197,3,sr,3.153e-15
5.7500000000000009,3.5206340592641534,3,sr,2.127e-15
5.7625000000000002,3.510813536501149,3,sr,9.220e-17
5.7750000000000004,3.5010930751235212,3,sr,7.354e-16
5.7875000000000005,3.4914725138519747,3,sr,5.499e-16
5.8000000000000007,3.4819517001545544,3,sr,0.000e+00
5.8125000000000009,3.4725304900747078,3,sr,0.000e+00
5.8250000000000002,3.4632087480481597,3,sr,7.263e-16
5.8375000000000004,3.4539863467174747,3,sr,1.851e-11
5.8500000000000005,3.4448631666740543,3,sr,2.054e-12
5.8625000000000007,3.4358390963391647,3,sr,1.798e-15
5.8750000000000009,3.4269140316186326,3,sr,6.272e-16
5.8875000000000002,3.4180878757098032,3,sr,8.929e-16
5.9000000000000004,3.4093605387973751,3,sr,3.597e-11
5.9125000000000005,3.4007319378636329,3,sr,2.660e-16
5.9250000000000007,3.3922019961880703,3,sr,4.555e-16
5.9375000000000009,3.3837706432137753,3,sr,8.803e-16
5.9500000000000002,3.3754378141018662,3,sr,3.508e-16
5.9625000000000004,3.3672034493791445,3,sr,1.223e-15
5.9750000000000005,3.3590674945564616,3,sr,2.582e-11
5.9875000000000007,3.3510298996356696,3,sr,8.673e-16
6.0000000000000009,3.3430906188038967,3,sr,5.184e-16
6.0125000000000002,3.3352496098134128,3,sr,1.467e-15
6.0250000000000004,3.3275068335457778,3,sr,0.000e+00
6.0375000000000005,3.3198622534574835,3,sr,1.906e-12
6.0500000000000007,3.3123158350130835,3,sr,1.701e-16
6.0625000000000009,3.3048675450661253,3,sr,1.721e-12
6.0750000000000002,3.2975173512310025,3,sr,6.009e-16
6.0875000000000004,3.2902652211853294,3,sr,2.184e-15
6.1000000000000005,3.2831111219584153,3,sr,1.004e-15
6.1125000000000007,3.2760550191618329,3,sr,5.833e-16
6.1250000000000009,3.2690968762009063,3,sr,3.169e-11
6.1375000000000002,3.2622366533271037,3,sr,2.479e-16
6.1500000000000004,3.2554743069241741,3,sr,3.620e-15
6.1625000000000005,3.2488097883747749,3,sr,7.746e-12
6.1750000000000007,3.2422430431292066,3,sr,8.973e-16
6.1875000000000009,3.2357740096788068,3,sr,8.935e-16
6.2000000000000002,3.2294026183855982,3,sr,2.370e-11
6.2125000000000004,3.2231287904130097,3,sr,4.831e-16
6.2250000000000005,3.2169524363523281,3,sr,2.325e-15
6.2375000000000007,3.2108734550855722,3,sr,1.044e-15
6.2500000000000009,3.2048917323686279,3,sr,8.714e-13
6.2625000000000002,3.1990071394623696,3,sr,3.061e-11
6.2750000000000004,3.193219531561267,3,sr,0.000e+00
6.2875000000000005,3.1875287464602007,3,sr,5.490e-16
6.3000000000000007,3.1819346027597817,3,sr,3.904e-16
6.3125000000000009,3.1764368983010409,3,sr,1.244e-15
6.3250000000000002,3.1710354084176129,3,sr,2.322e-16
6.3375000000000004,3.1657298841420536,3,sr,7.706e-16
6.3500000000000005,3.1605200503474049,3,sr,8.512e-16
6.3625000000000007,3.1554056038248981,3,sr,0.000e+00
6.3750000000000009,3.1503862112991703,3,sr,1.293e-15
6.3875000000000002,3.1454615073828354,3,sr,2.528e-16
6.4000000000000004,3.1406310924727974,3,sr,1.131e-15
6.4125000000000005,3.1358945305912815,3,sr,3.003e-16
6.4250000000000007,3.1312513471752066,3,sr,1.271e-15
6.4375000000000009,3.1267010268181847,3,sr,8.187e-16
6.4500000000000002,3.1222430109702226,3,sr,5.188e-16
6.4625000000000004,3.1178766956039801,3,sr,4.309e-12
6.4750000000000005,3.1136014288522449,3,sr,2.707e-11
6.4875000000000007,3.109416508545515,3,sr,1.078e-11
6.5000000000000009,3.1053211800104785,3,sr,1.166e-15
6.5125000000000002,3.1013146334085233,3,sr,1.089e-15
6.5250000000000004,3.0973960015060289,3,sr,7.232e-17
6.5375000000000005,3.0935643572580389,3,sr,3.267e-11
6.5500000000000007,3.089818711343201,3,sr,9.746e-13
6.5625000000000009,3.0861580101000361,3,sr,2.505e-15
6.5750000000000002,3.0825811330470434,3,sr,2.163e-11
6.5875000000000004,3.0790868907439712,3,sr,1.520e-11
6.6000000000000005,3.0756740229018362,3,sr,1.980e-15
6.6125000000000007,3.0723411961352172,3,sr,1.339e-15
6.6250000000000009,3.0690870023050527,3,sr,1.277e-11
6.6375000000000002,3.0659099567997639,3,sr,1.091e-15
6.6500000000000004,3.0628084968997213,3,sr,3.077e-11
6.6625000000000005,3.0597809806590766,3,sr,8.319e-13
6.6750000000000007,3.0568256854990299,3,sr,9.015e-16
6.6875000000000009,3.0539408075523804,3,sr,1.155e-11
6.7000000000000002,3.051124460964648,3,sr,2.758e-16
6.7125000000000004,3.0483746774573124,3,sr,1.729e-11
6.7250000000000005,3.0456894064359608,3,sr,2.043e-16
6.7375000000000007,3.0430665150637464,3,sr,1.734e-11
6.7500000000000009,3.0405037890896405,3,sr,1.468e-15
6.7625000000000002,3.037998933603276,3,sr,1.508e-11
6.7750000000000004,3.0355495746022365,3,sr,3.058e-16
6.7875000000000005,3.0331532605410536,3,sr,1.193e-11
6.8000000000000007,3.0308074646741745,3,sr,6.433e-16
6.8125000000000009,3.0285095874717491,3,sr,7.986e-12
6.8250000000000002,3.0262569597702824,3,sr,8.606e-16
6.8375000000000004,3.0240468460998504,3,sr,3.557e-12
6.8500000000000005,3.0218764486535479,3,sr,1.683e-16
6.8625000000000007,3.0197429115400012,3,sr,2.877e-13
6.8750000000000009,3.0176433255576516,3,sr,6.696e-12
6.8875000000000002,3.0155747333666505,3,sr,2.602e-16
6.9000000000000004,3.0135341350011511,3,sr,3.649e-12
6.9125000000000005,3.0115184938882384,3,sr,8.301e-16
6.9250000000000007,3.0095247431016054,3,sr,4.859e-13
6.9375000000000009,3.0075497920411913,3,sr,3.581e-12
6.9500000000000002,3.0055905333753374,3,sr,4.758e-16
6.9625000000000004,3.0036438502284906,3,sr,1.675e-12
6.9750000000000005,3.0017066236520891,3,sr,1.514e-15
6.9875000000000007,2.9997757402142557,3,sr,5.775e-14
7.0000000000000009,2.9978480997678836,3,sr,1.564e-12
7.0125000000000002,2.9959206232873665,3,sr,1.472e-15
7.0250000000000004,2.9939902607288844,3,sr,4.469e-13
7.0375000000000005,2.9920539988974499,3,sr,6.491e-16
7.0500000000000007,2.9901088692173277,3,sr,2.765e-13
7.0625000000000009,2.9881519553895153,3,sr,3.535e-13
7.0750000000000002,2.9861804008703752,3,sr,2.725e-12
7.0875000000000004,2.9841914160993488,3,sr,3.633e-15
7.1000000000000005,2.9821822854871001,3,sr,2.186e-13
7.1125000000000007,2.980150374024741,3,sr,7.025e-15
7.1250000000000009,2.9780931335609879,3,sr,4.256e-12
7.1375000000000002,2.9760081086296326,3,sr,4.138e-13
7.1500000000000004,2.9738929418805919,3,sr,9.623e-16
7.1625000000000005,2.9717453789683161,3,sr,1.411e-12
7.1750000000000007,2.9695632729503516,3,sr,2.587e-11
7.1875000000000009,2.9673445882791927,3,sr,2.625e-12
7.2000000000000002,2.9650874039205402,3,sr,1.702e-14
7.2125000000000004,2.9627899163589815,3,sr,5.588e-16
7.2250000000000005,2.9604504417011563,3,sr,4.984e-13
7.2375000000000007,2.958067417366709,3,sr,1.759e-16
7.2500000000000009,2.9556394032001774,3,sr,1.296e-12
7.2625000000000002,2.9531650820280655,3,sr,1.418e-16
7.2750000000000004,2.950643259708134,3,sr,1.791e-12
7.2875000000000005,2.9480728646400913,3,sr,6.883e-16
7.3000000000000007,2.945452946823893,3,sr,1.300e-12
7.3125000000000009,2.9427826764201628,3,sr,9.017e-16
7.3250000000000002,2.9400613419121138,3,sr,3.724e-14
7.3375000000000004,2.9372883478521286,3,sr,1.776e-11
7.3500000000000005,2.9344632121824925,3,sr,7.679e-16
7.3625000000000007,2.93158556340869,3,sr,1.737e-11
7.3750000000000009,2.9286551371628531,3,sr,1.407e-15
7.3875000000000002,2.9256717728620187,3,sr,6.343e-12
7.4000000000000004,2.922635409808072,3,sr,4.611e-16
7.4125000000000005,2.9195460833411255,3,sr,1.124e-15
7.4250000000000007,2.916403920696923,3,sr,2.668e-11
7.4375000000000009,2.9132091367093924,3,sr,1.515e-16
7.4500000000000002,2.9099620296417701,3,sr,4.276e-12
7.4625000000000004,2.9066629766119285,3,sr,3.846e-11
7.4750000000000005,2.9033124293327717,3,sr,9.300e-16
7.4875000000000007,2.8999109094250288,3,sr,2.870e-11
7.5000000000000009,2.8964590042695151,3,sr,3.502e-11
7.5125000000000002,2.8929573624272238,3,sr,1.100e-15
7.5250000000000004,2.8894066892851784,3,sr,1.101e-15
7.5375000000000005,2.8858077429232809,3,sr,2.799e-11
7.5500000000000007,2.8821613297702702,3,sr,4.769e-16
7.5625000000000009,2.8784683007066345,3,sr,1.598e-15
7.5750000000000002,2.8747295469468201,3,sr,1.045e-15
7.5875000000000004,2.8709459962612724,3,sr,4.374e-11
7.6000000000000005,2.8671186093793088,3,sr,8.125e-17
7.6125000000000007,2.8632483761972973,3,sr,1.068e-15
7.6250000000000009,2.8593363126034101,3,sr,2.629e-15
7.6375000000000002,2.8553834571082777,3,sr,1.402e-11
7.6500000000000004,2.851390867727122,3,sr,9.135e-16
7.6625000000000005,2.8473596191005606,3,sr,1.670e-15
7.6750000000000007,2.8432907996276078,3,sr,4.198e-16
7.6875000000000009,2.8391855088604809,3,sr,4.221e-16
7.7000000000000002,2.8350448550096847,3,sr,3.027e-13
7.7125000000000004,2.8308699525962608,3,sr,2.084e-11
7.7250000000000005,2.8266619203132,3,sr,3.431e-16
7.7375000000000007,2.8224218788804887,3,sr,4.312e-16
7.7500000000000009,2.8181509492398247,3,sr,1.734e-16
7.7625000000000002,2.813850250736734,3,sr,7.844e-16
7.7750000000000004,2.8095208994933909,3,sr,2.365e-15
7.7875000000000005,2.8051640069006343,3,sr,5.726e-12
7.8000000000000007,2.8007806782115914,3,sr,1.102e-11
7.8125000000000009,2.7963720113179336,3,sr,1.334e-15
7.8250000000000002,2.7919390955152124,3,sr,2.238e-15
7.8375000000000004,2.7874830105071151,3,sr,1.438e-15
7.8500000000000005,2.7830048254233768,3,sr,2.928e-16
7.8625000000000007,2.7785055979640014,3,sr,1.996e-15
7.8750000000000009,2.7739863736286612,3,sr,2.188e-15
7.8875000000000002,2.7694481850309356,3,sr,3.829e-16
7.9000000000000004,2.7648920512924353,3,sr,2.762e-16
7.9125000000000005,2.7603189775243222,3,sr,3.166e-11
7.9250000000000007,2.7557299543050835,3,sr,1.115e-15
7.9375000000000009,2.7511259574093079,3,sr,1.213e-15
7.9500000000000002,2.746507947351001,3,sr,1.594e-15
7.9625000000000004,2.7418768691693209,3,sr,1.887e-15
7.9750000000000005,2.7372336521934808,3,sr,7.946e-15
7.9875000000000007,2.7325792098694071,3,sr,1.710e-15
8,2.7279144396320989,3,sr,3.817e-16
8.0124999999999993,2.7232402228203183,3,sr,6.707e-16
8.0250000000000004,2.718557424630192,3,sr,1.443e-15
8.0374999999999996,2.7138668941046955,3,sr,2.125e-15
8.0499999999999989,2.7091694641560164,3,sr,2.134e-15
8.0625,2.7044659516180451,3,sr,1.948e-15
8.0749999999999993,2.6997571573263568,3,sr,2.151e-15
8.0875000000000004,2.6950438662235605,3,sr,1.018e-12
8.0999999999999996,2.6903268475024991,3,sr,5.149e-11
8.1124999999999989,2.6856068546720979,3,sr,1.582e-15
8.125,2.6808846258924808,3,sr,3.076e-15
8.1374999999999993,2.6761608839884157,3,sr,4.480e-16
8.1500000000000004,2.6714363367331715,3,sr,5.345e-15
8.1624999999999996,2.6667116770429011,3,sr,2.456e-15
8.1749999999999989,2.6619875831999043,3,sr,3.671e-15
8.1875,2.6572647190861822,3,sr,5.853e-15
8.1999999999999993,2.6525437344259641,3,sr,5.974e-15
8.2125000000000004,2.6478252650359626,3,sr,1.675e-15
8.2249999999999996,2.6431099330823078,3,sr,2.241e-15
8.2374999999999989,2.6383983473430193,3,sr,4.699e-15
8.25,2.6336911034751487,3,sr,3.074e-16
8.2624999999999993,2.6289887842856716,3,sr,1.387e-15
8.2750000000000004,2.6242919600053192,3,sr,3.606e-16
8.2874999999999996,2.6196011885646278,3,sr,1.033e-16
8.2999999999999989,2.6149170158489783,3,sr,7.723e-11
8.3125,2.6102399760996753,3,sr,3.407e-11
8.3249999999999993,2.6055705919163321,3,sr,5.770e-12
8.3375000000000004,2.600909374868031,3,sr,1.878e-15
8.3499999999999996,2.5962568255433163,3,sr,1.359e-15
8.3624999999999989,2.591613433915724,3,sr,1.572e-16
8.375,2.5869796796011899,3,sr,3.256e-15
8.3874999999999993,2.5823560321335366,3,sr,2.684e-15
8.4000000000000004,2.5777429512362087,3,sr,2.900e-15
8.4124999999999996,2.5731408870916757,3,sr,3.170e-16
8.4249999999999989,2.5685502806082465,3,sr,1.535e-15
8.4375,2.5639715636840634,3,sr,2.068e-15
8.4499999999999993,2.5594051594681173,3,sr,1.062e-15
8.4625000000000004,2.554851482631086,3,sr,4.831e-11
8.4749999999999996,2.5503109395673143,3,sr,4.654e-11
8.4874999999999989,2.545783928713635,3,sr,2.535e-15
8.5,2.5412708407915252,3,sr,4.622e-15
8.5124999999999993,2.5367720589914033,3,sr,3.478e-15
8.5250000000000004,2.532287959262149,3,sr,4.259e-15
8.5374999999999996,2.5278189105350823,3,sr,3.192e-15
8.5499999999999989,2.5233652749565558,3,sr,2.255e-15
8.5625,2.5189274081167059,3,sr,6.424e-15
8.5749999999999993,2.5145056592742869,3,sr,1.695e-15
8.5875000000000004,2.5101003715784675,3,sr,3.410e-12
8.5999999999999996,2.505711882264527,3,sr,6.592e-11
8.6124999999999989,2.5013405229601946,3,sr,2.090e-15
8.625,2.4969866197169228,3,sr,1.498e-15
8.6374999999999993,2.4926504933884868,3,sr,1.944e-15
8.6500000000000004,2.4883324597468008,3,sr,0.000e+00
8.6624999999999996,2.4840328296961278,3,sr,6.758e-16
8.6749999999999989,2.479751909454647,3,sr,4.698e-11
8.6875,2.4754900008094065,3,sr,2.524e-11
8.6999999999999993,2.4712474011292382,3,sr,9.106e-11
8.7125000000000004,2.4670244038354028,3,sr,2.688e-11
8.7249999999999996,2.4628212982626203,3,sr,2.121e-15
8.7374999999999989,2.4586383700204184,3,sr,6.883e-11
8.75,2.4544759011941681,3,sr,6.826e-12
8.7624999999999993,2.4503341703379924,3,sr,4.932e-13
8.7750000000000004,2.4462134528023571,3,sr,1.308e-11
8.7874999999999996,2.4421140208249685,3,sr,7.262e-11
8.7999999999999989,2.4380361436575506,3,sr,7.689e-11
8.8125,2.4339800877564834,3,sr,5.759e-11
8.8249999999999993,2.4299461170281629,3,sr,2.404e-13
8.8375000000000004,2.4259344927281985,3,sr,3.698e-15
8.8499999999999996,2.4219454738200903,3,sr,3.925e-15
8.8624999999999989,2.4179793170225392,3,sr,4.583e-16
8.875,2.4140362769661241,3,sr,4.008e-11
8.8874999999999993,2.4101166062788058,3,sr,2.226e-11
8.9000000000000004,2.4062205557824328,3,sr,2.420e-16
8.9124999999999996,2.4023483745706078,3,sr,3.949e-15
8.9249999999999989,2.3985003101210483,3,sr,4.321e-15
8.9375,2.3946766084173885,3,sr,3.915e-11
8.9499999999999993,2.3908775141018319,3,sr,2.276e-15
8.9625000000000004,2.3871032704850896,3,sr,1.310e-15
8.9749999999999996,2.3833541197445864,3,sr,7.745e-16
8.9874999999999989,2.3796303029578874,3,sr,6.696e-11
9,2.3759320602885587,3,sr,2.983e-15
9.0124999999999993,2.3722596309109383,3,sr,1.276e-15
9.0250000000000004,2.3686132532602175,3,sr,1.009e-15
9.0374999999999996,2.364993165030846,3,sr,2.916e-14
9.0499999999999989,2.3613996032693505,3,sr,2.699e-15
9.0625,2.3578328044458741,3,sr,8.135e-15
9.0749999999999993,2.3542930045210761,3,sr,8.964e-16
9.0875000000000004,2.3507804390080009,3,sr,1.105e-15
9.0999999999999996,2.3472953430288657,3,sr,6.303e-15
9.1124999999999989,2.3438379513666083,3,sr,1.835e-15
9.125,2.3404084985109828,3,sr,8.369e-16
9.1374999999999993,2.3370072186990392,3,sr,3.967e-15
9.1500000000000004,2.3336343459497657,3,sr,2.500e-15
9.1624999999999996,2.3302901140926644,3,sr,2.546e-15
9.1749999999999989,2.3269747567900749,3,sr,4.199e-15
9.1875,2.3236885075529377,3,sr,1.551e-16
9.1999999999999993,2.3204315997497766,3,sr,2.579e-16
9.2125000000000004,2.3172042666086141,3,sr,1.055e-14
9.2249999999999996,2.3140067412115251,3,sr,3.284e-15
9.2374999999999989,2.3108392564814824,3,sr,1.536e-15
9.25,2.3077020451612578,3,sr,7.351e-15
9.2624999999999993,2.3045953397940946,3,sr,3.925e-11
9.2750000000000004,2.3015193726346865,3,sr,2.335e-15
9.2874999999999996,2.2984743757036004,3,sr,5.264e-15
9.2999999999999989,2.2954605806288071,3,sr,1.565e-15
9.3125,2.2924782186298933,3,sr,1.006e-14
9.3249999999999993,2.2895275204308856,3,sr,3.562e-15
9.3375000000000004,2.2866087161724415,3,sr,4.351e-15
9.3499999999999996,2.2837220353128291,3,sr,3.789e-15
9.3624999999999989,2.2808677065170881,3,sr,6.957e-16
9.375,2.2780459575339793,3,sr,1.169e-14
9.3874999999999993,2.2752570150600842,3,sr,3.950e-16
9.4000000000000004,2.2725011045906323,3,sr,1.506e-14
9.4124999999999996,2.2697784502421423,3,sr,5.193e-11
9.4249999999999989,2.267089274645794,3,sr,8.016e-15
9.4375,2.2644337986128429,3,sr,8.767e-16
9.4499999999999993,2.2618122410680752,3,sr,8.834e-15
9.4625000000000004,2.2592248187541815,3,sr,1.838e-15
9.4749999999999996,2.2566717460042103,3,sr,8.674e-15
9.4874999999999989,2.2541532344822919,3,sr,3.265e-15
9.5,2.2516694929059966,3,sr,4.784e-15
9.5124999999999993,2.2492207267498303,3,sr,2.193e-15
9.5250000000000004,2.2468071379290215,3,sr,5.414e-15
9.5374999999999996,2.2444289244630946,3,sr,3.785e-16
9.5499999999999989,2.2420862801183943,3,sr,1.103e-14
9.5625,2.2397793940154229,3,sr,4.665e-11
9.5749999999999993,2.2375084502956,3,sr,1.927e-14
9.5875000000000004,2.2352736275606371,3,sr,1.304e-15
9.5999999999999996,2.233075098561041,3,sr,1.606e-14
9.6125000000000007,2.2309130296558473,3,sr,1.756e-15
9.625,2.2287875803295658,3,sr,6.445e-15
9.6374999999999993,2.226698902670087,3,sr,6.052e-15
9.6500000000000004,2.2246471408402679,3,sr,6.320e-11
9.6624999999999996,2.222632430407391,3,sr,1.328e-14
9.6750000000000007,2.2206548979357246,3,sr,3.715e-15
9.6875,2.2187146601660972,3,sr,4.512e-15
9.6999999999999993,2.2168118234579333,3,sr,5.033e-15
9.7125000000000004,2.2149464830875774,3,sr,2.336e-12
9.7249999999999996,2.2131187225430557,3,sr,1.025e-14
9.7375000000000007,2.2113286127806648,3,sr,7.990e-16
9.75,2.2095762114818309,3,sr,3.852e-11
9.7624999999999993,2.2078615621977873,3,sr,9.158e-15
9.7750000000000004,2.2061846936589209,3,sr,7.893e-16
9.7874999999999996,2.2045456188197439,3,sr,3.043e-11
9.8000000000000007,2.2029443340055064,3,sr,8.699e-15
9.8125,2.2013808181111378,3,sr,2.426e-15
9.8249999999999993,2.1998550315859968,3,sr,1.281e-11
9.8375000000000004,2.1983669155740095,3,sr,6.273e-15
9.8499999999999996,2.196916390910451,3,sr,5.136e-15
9.8625000000000007,2.1955033571981333,3,sr,2.302e-15
9.875,2.1941276918045971,3,sr,5.095e-16
9.8874999999999993,2.1927892488734768,3,sr,6.513e-15
9.9000000000000004,2.1914878583227382,3,sr,5.898e-16
9.9124999999999996,2.1902233248374854,3,sr,1.007e-15
9.9250000000000007,2.1889954268608611,3,sr,2.928e-15
9.9375,2.1878039155871072,3,sr,5.664e-15
9.9499999999999993,2.186648513961075,3,sr,2.323e-15
9.9625000000000004,2.1855289156889195,3,sr,4.134e-16
9.9749999999999996,2.1844447842785315,3,sr,3.716e-11
9.9875000000000007,2.1833957520205161,3,sr,3.242e-15
10,2.1823814191995785,3,sr,3.271e-15
3.4125000000000005,14.998114177122581,4,sr,3.615e-15
3.4250000000000003,14.890665853376051,4,sr,2.035e-12
3.4375000000000004,14.78460768541099,4,sr,1.110e-16
3.4500000000000002,14.679914651866762,4,sr,4.956e-12
3.4625000000000004,14.576562121478533,4,sr,7.213e-12
3.4750000000000005,14.474525854456768,4,sr,1.252e-15
3.4875000000000003,14.373782003788843,4,sr,2.033e-15
3.5000000000000004,14.274307115946558,4,sr,6.255e-16
3.5125000000000002,14.176078131441809,4,sr,4.641e-12
3.5250000000000004,14.07907238495811,4,sr,2.032e-15
3.5375000000000005,13.983267605246917,4,sr,3.440e-15
3.5500000000000003,13.888641914582745,4,sr,3.128e-16
3.5625000000000004,13.795173827980287,4,sr,1.893e-13
3.5750000000000002,13.70284225205743,4,sr,1.110e-16
3.5875000000000004,13.611626483605471,4,sr,8.472e-12
3.6000000000000005,13.521506207798804,4,sr,7.912e-12
3.6125000000000003,13.432461496220871,4,sr,1.138e-11
3.6250000000000004,13.344472804459883,4,sr,2.040e-15
3.6375000000000002,13.25752096959398,4,sr,1.497e-15
3.6500000000000004,13.171587207232211,4,sr,8.971e-12
3.6625000000000005,13.086653108405297,4,sr,9.537e-12
3.6750000000000003,13.002700636232907,4,sr,2.210e-15
3.6875000000000004,12.919712122330864,4,sr,1.263e-15
3.7000000000000002,12.83767026293655,4,sr,2.529e-15
3.7125000000000004,12.756558114942997,4,sr,9.675e-12
3.7250000000000005,12.676359091628949,4,sr,8.399e-12
3.7375000000000003,12.597056958342211,4,sr,1.286e-11
3.7500000000000004,12.518635827853542,4,sr,1.591e-15
3.7625000000000002,12.441080155754575,4,sr,6.536e-12
3.7750000000000004,12.364374735461023,4,sr,3.991e-16
3.7875000000000005,12.28850469336486,4,sr,2.959e-15
3.8000000000000003,12.213455483650606,4,sr,1.843e-15
3.8125000000000004,12.139212883130121,4,sr,2.411e-15
3.8250000000000002,12.065762985947345,4,sr,4.252e-12
3.8375000000000004,11.993092198183254,4,sr,3.064e-15
3.8500000000000005,11.921187232468888,4,sr,8.733e-12
3.8625000000000003,11.850035102396278,4,sr,1.417e-14
3.8750000000000004,11.779623117086324,4,sr,3.573e-15
3.8875000000000002,11.709938875507607,4,sr,3.612e-12
3.9000000000000004,11.640970260938364,4,sr,7.142e-12
3.9125000000000005,11.572705435258479,4,sr,4.169e-15
3.9250000000000003,11.505132833423994,4,sr,2.051e-13
3.9375000000000004,11.43824115774156,4,sr,1.889e-15
3.9500000000000002,11.372019372303022,4,sr,1.867e-11
3.9625000000000004,11.306456697289574,4,sr,1.402e-11
3.9750000000000005,11.241542603516734,4,sr,1.533e-11
3.9875000000000003,11.177266806779816,4,sr,2.125e-11
4,11.113619262338238,4,sr,4.495e-15
4.0125000000000002,11.050590159550175,4,sr,3.894e-12
4.0250000000000004,10.988169916287546,4,sr,1.422e-15
4.0375000000000005,10.92634917370219,4,sr,1.466e-11
4.0500000000000007,10.865118790791238,4,sr,2.012e-13
4.0625,10.804469839302255,4,sr,1.434e-15
4.0750000000000002,10.744393598417826,4,sr,2.876e-15
4.0875000000000004,10.684881549700513,4,sr,1.530e-11
4.1000000000000005,10.625925372124804,4,sr,9.592e-12
4.1125000000000007,10.567516936945664,4,sr,1.962e-15
4.125,10.509648303046289,4,sr,4.191e-15
4.1375000000000002,10.452311712021208,4,sr,2.804e-11
4.1500000000000004,10.395499583412176,4,sr,3.705e-12
4.1625000000000005,10.339204510308626,4,sr,4.830e-15
4.1750000000000007,10.283419254612799,4,sr,1.816e-15
4.1875,10.228136742692502,4,sr,5.118e-15
4.2000000000000002,10.173350061028515,4,sr,8.699e-16
4.2125000000000004,10.119052451959483,4,sr,3.402e-15
4.2250000000000005,10.065237309523734,4,sr,1.054e-12
4.2375000000000007,10.011898175412799,4,sr,2.944e-11
4.25,9.9590287348902642,4,sr,2.639e-15
4.2625000000000002,9.9066228131600891,4,sr,2.639e-11
4.2750000000000004,9.854674371247226,4,sr,2.477e-15
4.2875000000000005,9.8031775026286176,4,sr,4.169e-15
4.3000000000000007,9.7521264293794463,4,sr,3.085e-11
4.3125,9.701515498906069,4,sr,2.616e-11
4.3250000000000002,9.6513391801910906,4,sr,2.285e-11
4.3375000000000004,9.6015920608356442,4,sr,2.847e-11
4.3500000000000005,9.5522688435497916,4,sr,2.990e-11
4.3625000000000007,9.5033643432764467,4,sr,1.533e-15
4.375,9.4548734837506494,4,sr,1.673e-11
4.3875000000000002,9.4067912949173653,4,sr,3.373e-11
4.4000000000000004,9.3591129096654839,4,sr,5.361e-15
4.4125000000000005,9.3118335614297933,4,sr,3.520e-11
4.4250000000000007,9.2649485810340888,4,sr,2.660e-12
4.4375,9.2184533944359011,4,sr,3.113e-15
4.4500000000000002,9.1723435198449579,4,sr,3.059e-11
4.4625000000000004,9.12661456550269,4,sr,3.224e-11
4.4750000000000005,9.0812622269269081,4,sr,2.408e-11
4.4875000000000007,9.0362822849384816,4,sr,2.472e-11
4.5,8.9916706031682594,4,sr,3.397e-11
4.5125000000000002,8.9474231258577124,4,sr,3.195e-11
4.5250000000000004,8.9035358759551269,4,sr,1.397e-16
4.5375000000000005,8.8600049526805407,4,sr,2.053e-15
4.5500000000000007,8.8168265298618014,4,sr,3.730e-11
4.5625,8.7739968537518624,4,sr,9.375e-17
4.5750000000000002,8.7315122414408375,4,sr,3.065e-11
4.5875000000000004,8.6893690787063598,4,sr,4.849e-15
4.6000000000000005,8.6475638185797585,4,sr,2.123e-15
4.6125000000000007,8.6060929794452807,4,sr,1.965e-11
4.625,8.5649531434386859,4,sr,1.387e-12
4.6375000000000002,8.5241409549724008,4,sr,3.607e-15
4.6500000000000004,8.4836531190744058,4,sr,5.563e-15
4.6625000000000005,8.443486399980225,4,sr,2.239e-15
4.6750000000000007,8.403637619688201,4,sr,3.818e-16
4.6875,8.3641036565807685,4,sr,3.968e-15
4.7000000000000002,8.3248814440882359,4,sr,6.259e-12
4.7125000000000004,8.2859679694293167,4,sr,1.449e-11
4.7250000000000005,8.2473602723104218,4,sr,3.732e-11
4.7375000000000007,8.2090554437396417,4,sr,5.248e-15
4.75,8.1710506249931658,4,sr,1.503e-11
4.7625000000000002,8.1333430062812653,4,sr,9.656e-16
4.7750000000000004,8.095929825865845,4,sr,1.152e-11
4.7875000000000005,8.0588083688780401,4,sr,9.200e-16
4.8000000000000007,8.0219759664407029,4,sr,2.714e-11
4.8125000000000009,7.9854299945505209,4,sr,2.602e-12
4.8250000000000002,7.9491678733255728,4,sr,6.368e-15
4.8375000000000004,7.913187065960142,4,sr,2.920e-15
4.8500000000000005,7.8774850779337884,4,sr,2.341e-11
4.8625000000000007,7.8420594561141401,4,sr,1.961e-11
4.8750000000000009,7.8069077880362601,4,sr,1.658e-11
4.8875000000000002,7.7720277010690824,4,sr,1.541e-11
4.9000000000000004,7.7374168616831991,4,sr,1.479e-11
4.9125000000000005,7.7030729747435949,4,sr,3.077e-11
4.9250000000000007,7.6689937827572443,4,sr,1.624e-11
4.9375000000000009,7.6351770653716953,4,sr,7.862e-14
4.9500000000000002,7.6016206385137961,4,sr,2.638e-12
4.9625000000000004,7.568322353931098,4,sr,6.731e-13
4.9750000000000005,7.5352800985558535,4,sr,3.593e-14
4.9875000000000007,7.5024917939304387,4,sr,3.775e-12
5.0000000000000009,7.469955395662943,4,sr,8.621e-15
5.0125000000000002,7.4376688929152488,4,sr,9.889e-12
5.0250000000000004,7.405630307913297,4,sr,1.136e-11
5.0375000000000005,7.3738376953900415,4,sr,7.454e-12
5.0500000000000007,7.3422891422530334,4,sr,5.178e-15
5.0625000000000009,7.3109827670036909,4,sr,2.786e-11
5.0750000000000002,7.2799167194605632,4,sr,1.043e-13
5.0875000000000004,7.2490891801800608,4,sr,1.014e-11
5.1000000000000005,7.2184983602320232,4,sr,2.362e-11
5.1125000000000007,7.1881425007506419,4,sr,3.315e-11
5.1250000000000009,7.1580198725930142,4,sr,3.865e-11
5.1375000000000002,7.1281287760077525,4,sr,4.041e-11
5.1500000000000004,7.0984675403179587,4,sr,3.578e-11
5.1625000000000005,7.0690345236177974,4,sr,2.040e-11
5.1750000000000007,7.0398281124787339,4,sr,9.680e-13
5.1875000000000009,7.0108467216751222,4,sr,4.253e-15
5.2000000000000002,6.9820887939553078,4,sr,3.538e-15
5.2125000000000004,6.9535527997460749,4,sr,4.786e-11
5.2250000000000005,6.9252372370735849,4,sr,4.079e-11
5.2375000000000007,6.8971406310050174,4,sr,3.874e-15
5.2500000000000009,6.8692615338845817,4,sr,2.091e-11
5.2625000000000002,6.8415985248724605,4,sr,2.203e-15
5.2750000000000004,6.8141502097778837,4,sr,2.921e-11
5.2875000000000005,6.7869152210560646,4,sr,1.270e-15
5.3000000000000007,6.7598922174603464,4,sr,7.026e-13
5.3125000000000009,6.7330798840671466,4,sr,3.389e-12
5.3250000000000002,6.7064769320673205,4,sr,7.546e-16
5.3375000000000004,6.680082098695646,4,sr,1.084e-11
5.3500000000000005,6.6538941471075024,4,sr,4.316e-11
5.3625000000000007,6.6279118662466114,4,sr,1.915e-15
5.3750000000000009,6.602134070929865,4,sr,4.720e-15
5.3875000000000002,6.5765596015941554,4,sr,2.175e-15
5.4000000000000004,6.5511873243465644,4,sr,5.018e-15
5.4125000000000005,6.5260161309014171,4,sr,4.287e-15
5.4250000000000007,6.5010449385501294,4,sr,8.173e-16
5.4375000000000009,6.4762726901420304,4,sr,4.895e-15
5.4500000000000002,6.4516983540760542,4,sr,4.789e-16
5.4625000000000004,6.427320924303193,4,sr,2.342e-15
5.4750000000000005,6.4031394203395298,4,sr,3.577e-15
5.4875000000000007,6.3791528873134826,4,sr,4.679e-11
5.5000000000000009,6.355360395881144,4,sr,4.463e-15
5.5125000000000002,6.331761042507436,4,sr,3.458e-15
5.5250000000000004,6.3083539492831653,4,sr,7.088e-16
5.5375000000000005,6.2851382640937858,4,sr,2.717e-11
5.5500000000000007,6.2621131607388927,4,sr,7.052e-16
5.5625000000000009,6.2392778388538357,4,sr,4.478e-11
5.5750000000000002,6.2166315242563472,4,sr,7.996e-15
5.5875000000000004,6.194173468769435,4,sr,3.922e-11
5.6000000000000005,6.1719029504749541,4,sr,6.463e-15
5.6125000000000007,6.1498192739191095,4,sr,3.741e-12
5.6250000000000009,6.127921770070798,4,sr,2.172e-15
5.6375000000000002,6.1062097965400213,4,sr,2.027e-15
5.6500000000000004,6.0846827377155597,4,sr,1.124e-11
5.6625000000000005,6.0633400049367925,4,sr,3.479e-15
5.6750000000000007,6.042181036595756,4,sr,4.562e-16
5.6875000000000009,6.0212052983621627,4,sr,1.227e-15
5.7000000000000002,6.00041228332615,4,sr,9.966e-16
5.7125000000000004,5.9798015121796997,4,sr,4.779e-12
5.7250000000000005,5.9593725333912975,4,sr,3.984e-11
5.7375000000000007,5.9391249234881593,4,sr,2.289e-11
5.7500000000000009,5.9190582870042157,4,sr,1.385e-11
5.7625000000000002,5.8991722569789671,4,sr,2.766e-11
5.7750000000000004,5.8794664949088808,4,sr,3.020e-11
5.7875000000000005,5.8599406911888865,4,sr,4.570e-13
5.8000000000000007,5.8405945650202966,4,sr,3.250e-15
5.8125000000000009,5.8214278648415734,4,sr,1.749e-16
5.8250000000000002,5.8024403684292443,4,sr,1.045e-15
5.8375000000000004,5.7836318831068159,4,sr,3.468e-16
5.8500000000000005,5.7650022459338954,4,sr,3.910e-14
5.8625000000000007,5.7465513238886574,4,sr,2.320e-15
5.8750000000000009,5.7282790140425819,4,sr,2.908e-15
5.8875000000000002,5.7101852437248217,4,sr,1.958e-15
5.9000000000000004,5.6922699706748405,4,sr,5.675e-15
5.9125000000000005,5.6745331831673402,4,sr,2.243e-11
5.9250000000000007,5.6569749001999554,4,sr,1.678e-15
5.9375000000000009,5.6395951714522967,4,sr,1.694e-11
5.9500000000000002,5.6223940775488295,4,sr,2.657e-15
5.9625000000000004,5.6053717299445047,4,sr,2.808e-15
5.9750000000000005,5.5885282710642521,4,sr,4.026e-15
5.9875000000000007,5.5718638742436566,4,sr,9.807e-16
6.0000000000000009,5.5553787436936073,4,sr,3.251e-15
6.0125000000000002,5.5390731144229886,4,sr,1.537e-11
6.0250000000000004,5.5229472520568779,4,sr,3.215e-15
6.0375000000000005,5.5070014527486535,4,sr,2.478e-15
6.0500000000000007,5.4912360428411793,4,sr,1.669e-15
6.0625000000000009,5.4756513786101957,4,sr,2.291e-15
6.0750000000000002,5.4602478458799304,4,sr,1.414e-15
6.0875000000000004,5.4450258595749421,4,sr,4.772e-12
6.1000000000000005,5.4299858631687172,4,sr,1.808e-14
6.1125000000000007,5.4151283280877722,4,sr,6.270e-16
6.1250000000000009,5.4004537529511545,4,sr,3.069e-15
6.1375000000000002,5.3859626627477626,4,sr,4.571e-16
6.1500000000000004,5.371655607874394,4,sr,1.514e-15
6.1625000000000005,5.3575331630466003,4,sr,3.009e-16
6.1750000000000007,5.343595926067783,4,sr,1.794e-15
6.1875000000000009,5.329844516443444,4,sr,1.790e-12
6.2000000000000002,5.3162795738369724,4,sr,8.854e-16
6.2125000000000004,5.3029017563265235,4,sr,2.639e-15
6.2250000000000005,5.2897117384902543,4,sr,5.263e-12
6.2375000000000007,5.2767102092873559,4,sr,1.956e-15
6.2500000000000009,5.2638978696765664,4,sr,1.645e-11
6.2625000000000002,5.2512754299965438,4,sr,1.284e-15
6.2750000000000004,5.2388436072306552,4,sr,1.546e-11
6.2875000000000005,5.2266031216972486,4,sr,1.830e-15
6.3000000000000007,5.2145546938053258,4,sr,9.286e-12
6.3125000000000009,5.202699040226582,4,sr,1.527e-15
6.3250000000000002,5.1910368698193983,4,sr,1.792e-15
6.3375000000000004,5.1795688792727539,4,sr,7.651e-12
6.3500000000000005,5.1682957483197374,4,sr,1.318e-13
6.3625000000000007,5.1572181345110808,4,sr,1.889e-15
6.3750000000000009,5.1463366677015969,4,sr,5.360e-16
6.3875000000000002,5.1356519440123805,4,sr,6.744e-16
6.4000000000000004,5.125164519387627,4,sr,9.247e-16
6.4125000000000005,5.1148749026817582,4,sr,5.368e-13
6.4250000000000007,5.1047835482703521,4,sr,1.470e-12
6.4375000000000009,5.0948908481697082,4,sr,3.691e-13
6.4500000000000002,5.0851971236447664,4,sr,1.091e-15
6.4625000000000004,5.0757026163191092,4,sr,3.187e-16
6.4750000000000005,5.0664074787570286,4,sr,1.519e-15
6.4875000000000007,5.0573117645289507,4,sr,1.068e-15
6.5000000000000009,5.0484154177849936,4,sr,2.404e-11
6.5125000000000002,5.0397182621794254,4,sr,1.542e-12
6.5250000000000004,5.0312199896618779,4,sr,6.154e-16
6.5375000000000005,5.0229201483305808,4,sr,2.187e-11
6.5500000000000007,5.014818130092519,4,sr,5.337e-13
6.5625000000000009,5.0069131580922335,4,sr,8.515e-16
6.5750000000000002,4.9992042733635262,4,sr,6.610e-12
6.5875000000000004,4.991690321567023,4,sr,1.190e-15
6.6000000000000005,4.9843699392549441,4,sr,3.751e-12
6.6125000000000007,4.9772415401803816,4,sr,1.532e-15
6.6250000000000009,4.9703033013950675,4,sr,2.335e-16
6.6375000000000002,4.9635531495190319,4,sr,9.740e-12
6.6500000000000004,4.9569887471914651,4,sr,8.437e-16
6.6625000000000005,4.9506074797044732,4,sr,1.405e-15
6.6750000000000007,4.944406442316347,4,sr,1.802e-12
6.6875000000000009,4.9383824280422459,4,sr,6.951e-12
6.7000000000000002,4.9325319163284425,4,sr,7.935e-12
6.7125000000000004,4.9268510626914317,4,sr,3.114e-15
6.7250000000000005,4.9213356895453764,4,sr,1.954e-15
6.7375000000000007,4.9159812785096619,4,sr,1.083e-15
6.7500000000000009,4.9107829642388454,4,sr,5.807e-16
6.7625000000000002,4.9057355301279415,4,sr,7.158e-16
6.7750000000000004,4.9008334060482666,4,sr,1.371e-16
6.7875000000000005,4.8960706683290889,4,sr,1.065e-15
6.8000000000000007,4.8914410421806505,4,sr,1.905e-16
6.8125000000000009,4.8869379067387886,4,sr,8.678e-16
6.8250000000000002,4.8825543028896572,4,sr,7.650e-13
6.8375000000000004,4.8782829440142175,4,sr,3.315e-13
6.8500000000000005,4.8741162297369298,4,sr,3.623e-14
6.8625000000000007,4.8700462627695931,4,sr,8.063e-13
6.8750000000000009,4.8660648688462844,4,sr,7.229e-16
6.8875000000000002,4.8621636197548401,4,sr,8.821e-16
6.9000000000000004,4.8583338593573488,4,sr,5.040e-13
6.9125000000000005,4.8545667325049751,4,sr,7.251e-14
6.9250000000000007,4.8508532166600968,4,sr,5.996e-17
6.9375000000000009,4.8471841559801589,4,sr,6.027e-16
6.9500000000000002,4.8435502975981475,4,sr,4.862e-13
6.9625000000000004,4.8399423297519988,4,sr,5.982e-16
6.9750000000000005,4.8363509214012268,4,sr,4.982e-16
6.9875000000000007,4.8327667628941224,4,sr,4.423e-13
7.0000000000000009,4.8291806072572392,4,sr,9.796e-14
7.0125000000000002,4.8255833116381917,4,sr,9.038e-13
7.0250000000000004,4.821965878400718,4,sr,7.929e-14
7.0375000000000005,4.8183194954230588,4,sr,3.749e-12
7.0500000000000007,4.8146355751118364,4,sr,1.107e-12
7.0625000000000009,4.810905791625129,4,sr,1.669e-13
7.0750000000000002,4.8071221159948232,4,sr,5.907e-13
7.0875000000000004,4.8032768486506567,4,sr,7.480e-16
7.1000000000000005,4.79936264905598,4,sr,8.185e-12
7.1125000000000007,4.7953725621109884,4,sr,7.236e-14
7.1250000000000009,4.79130004127419,4,sr,5.893e-13
7.1375000000000002,4.7871389679020284,4,sr,9.559e-13
7.1500000000000004,4.7828836670373613,4,sr,5.561e-17
7.1625000000000005,4.7785289193917313,4,sr,8.665e-16
7.1750000000000007,4.7740699696224445,4,sr,0.000e+00
7.1875000000000009,4.7695025309410068,4,sr,1.246e-16
7.2000000000000002,4.7648227861761461,4,sr,1.758e-11
7.2125000000000004,4.7600273855910373,4,sr,2.432e-15
7.2250000000000005,4.7551134412560847,4,sr,7.025e-15
7.2375000000000007,4.7500785189027885,4,sr,9.274e-15
7.2500000000000009,4.744920626837323,4,sr,6.318e-12
7.2625000000000002,4.7396382026559873,4,sr,1.351e-15
7.2750000000000004,4.7342300977838949,4,sr,5.030e-16
7.2875000000000005,4.7286955603902454,4,sr,7.749e-16
7.3000000000000007,4.7230342167480606,4,sr,0.000e+00
7.3125000000000009,4.7172460514799903,4,sr,9.426e-12
7.3250000000000002,4.711331386868264,4,sr,7.150e-12
7.3375000000000004,4.7052908616467999,4,sr,6.742e-13
7.3500000000000005,4.6991254093425301,4,sr,2.229e-15
7.3625000000000007,4.6928362364883291,4,sr,6.242e-16
7.3750000000000009,4.6864248009516745,4,sr,1.510e-11
7.3875000000000002,4.6798927904307837,4,sr,2.258e-11
7.4000000000000004,4.6732421014482162,4,sr,1.791e-15
7.4125000000000005,4.666474818941686,4,sr,2.388e-11
7.4250000000000007,4.6595931962054218,4,sr,2.019e-15
7.4375000000000009,4.6525996361096862,4,sr,5.245e-16
7.4500000000000002,4.6454966726525901,4,sr,6.388e-12
7.4625000000000004,4.6382869536963147,4,sr,6.667e-16
7.4750000000000005,4.6309732246116964,4,sr,2.456e-11
7.4875000000000007,4.6235583126871651,4,sr,1.356e-15
7.5000000000000009,4.6160451128458124,4,sr,3.364e-11
7.5125000000000002,4.6084365740774453,4,sr,5.516e-16
7.5250000000000004,4.6007356867673357,4,sr,2.364e-11
7.5375000000000005,4.5929454712582114,4,sr,2.176e-15
7.5500000000000007,4.5850689672351326,4,sr,3.360e-13
7.5625000000000009,4.577109223815687,4,sr,8.626e-16
7.5750000000000002,4.5690692907333741,4,sr,7.907e-16
7.5875000000000004,4.5609522102246398,4,sr,2.090e-11
7.6000000000000005,4.5527610098015439,4,sr,7.307e-16
7.6125000000000007,4.5444986955601046,4,sr,1.547e-15
7.6250000000000009,4.5361682464606492,4,sr,7.510e-16
7.6375000000000002,4.5277726090596291,4,sr,8.236e-16
7.6500000000000004,4.5193146929364838,4,sr,2.415e-15
7.6625000000000005,4.5107973666670338,4,sr,1.869e-11
7.6750000000000007,4.5022234543923618,4,sr,3.834e-15
7.6875000000000009,4.4935957327135458,4,sr,2.859e-15
7.7000000000000002,4.4849169282591932,4,sr,4.458e-12
7.7125000000000004,4.4761897154887036,4,sr,1.177e-15
7.7250000000000005,4.4674167149779125,4,sr,3.954e-16
7.7375000000000007,4.4586004919907216,4,sr,2.151e-15
7.7500000000000009,4.4497435554029154,4,sr,2.972e-15
7.7625000000000002,4.4408483568967441,4,sr,1.051e-15
7.7750000000000004,4.4319172904160098,4,sr,4.643e-15
7.7875000000000005,4.4229526918534408,4,sr,3.284e-15
7.8000000000000007,4.4139568389463957,4,sr,2.644e-15
7.8125000000000009,4.4049319513723315,4,sr,2.833e-11
7.8250000000000002,4.3958801909285334,4,sr,8.379e-16
7.8375000000000004,4.3868036620618485,4,sr,3.712e-15
7.8500000000000005,4.3777044122566942,4,sr,2.548e-16
7.8625000000000007,4.368584432739623,4,sr,8.623e-16
7.8750000000000009,4.359445659201354,4,sr,1.549e-15
7.8875000000000002,4.3502899726308977,4,sr,3.036e-11
7.9000000000000004,4.3411192001435062,4,sr,4.970e-15
7.9125000000000005,4.3319351160693893,4,sr,7.108e-15
7.9250000000000007,4.322739442829806,4,sr,6.534e-15
7.9375000000000009,4.3135338520548432,4,sr,3.021e-15
7.9500000000000002,4.304319965656811,4,sr,4.022e-15
7.9625000000000004,4.2950993569463503,4,sr,4.877e-12
7.9750000000000005,4.2858735517579349,4,sr,1.809e-15
7.9875000000000007,4.2766440296197787,4,sr,1.264e-14
8,4.2674122248945929,4,sr,8.691e-15
8.0124999999999993,4.2581795279548489,4,sr,7.635e-15
8.0250000000000004,4.2489472863473701,4,sr,9.249e-17
8.0374999999999996,4.2397168059573955,4,sr,6.044e-15
8.0499999999999989,4.2304893521624543,4,sr,1.172e-11
8.0625,4.2212661510034302,4,sr,8.457e-16
8.0749999999999993,4.212048390280323,4,sr,4.911e-15
8.0875000000000004,4.202837220720502,4,sr,8.827e-15
8.0999999999999996,4.1936337570677669,4,sr,3.052e-15
8.1124999999999989,4.1844390791806312,4,sr,2.108e-15
8.125,4.175254233123062,4,sr,4.281e-11
8.1374999999999993,4.1660802321488939,4,sr,5.417e-15
8.1500000000000004,4.1569180578851483,4,sr,1.244e-14
8.1624999999999996,4.1477686612033446,4,sr,1.059e-14
8.1749999999999989,4.1386329632884102,4,sr,5.096e-15
8.1875,4.1295118565987927,4,sr,3.445e-16
8.1999999999999993,4.1204062058053639,4,sr,4.384e-11
8.2125000000000004,4.1113168487925211,4,sr,3.671e-15
8.2249999999999996,4.1022445974272284,4,sr,1.021e-14
8.2374999999999989,4.0931902385862715,4,sr,1.650e-15
8.25,4.0841545349515496,4,sr,3.964e-15
8.2624999999999993,4.0751382258723536,4,sr,1.512e-11
8.2750000000000004,4.0661420281644736,4,sr,7.176e-15
8.2874999999999996,4.0571666369572714,4,sr,7.657e-15
8.2999999999999989,4.0482127264276349,4,sr,7.835e-15
8.3125,4.03928095058252,4,sr,2.042e-15
8.3249999999999993,4.0303719439728924,4,sr,7.122e-11
8.3375000000000004,4.0214863225172426,4,sr,3.646e-15
8.3499999999999996,4.0126246839938018,4,sr,1.082e-14
8.3624999999999989,4.0037876089297955,4,sr,8.368e-15
8.375,3.994975661158076,4,sr,7.839e-12
8.3874999999999993,3.9861893884938606,4,sr,4.726e-15
8.4000000000000004,3.9774293233398499,4,sr,4.217e-15
8.4124999999999996,3.9686959833187534,4,sr,3.862e-15
8.4249999999999989,3.9599898718556261,4,sr,1.108e-12
8.4375,3.9513114787593442,4,sr,2.150e-15
8.4499999999999993,3.9426612807816834,4,sr,1.738e-15
8.4625000000000004,3.9340397421674229,4,sr,1.580e-16
8.4749999999999996,3.9254473151664735,4,sr,6.996e-11
8.4874999999999989,3.916884440646581,4,sr,1.956e-15
8.5,3.9083515484098581,4,sr,3.177e-15
8.5124999999999993,3.899849057884202,4,sr,4.446e-11
8.5250000000000004,3.8913773784491608,4,sr,5.313e-17
8.5374999999999996,3.8829369100389166,4,sr,4.523e-16
8.5499999999999989,3.8745280434792875,4,sr,0.000e+00
8.5625,3.8661511609898565,4,sr,1.574e-15
8.5749999999999993,3.8578066366045194,4,sr,8.066e-15
8.5875000000000004,3.8494948365932626,4,sr,1.872e-15
8.5999999999999996,3.8412161198738137,4,sr,6.049e-15
8.6124999999999989,3.8329708384135381,4,sr,6.818e-15
8.625,3.8247593376430808,4,sr,8.276e-11
8.6374999999999993,3.8165819567346091,4,sr,3.971e-15
8.6500000000000004,3.808439029187535,4,sr,2.591e-15
8.6624999999999996,3.8003308829893698,4,sr,1.902e-11
8.6749999999999989,3.7922578410559944,4,sr,9.744e-16
8.6875,3.7842202216099174,4,sr,4.013e-15
8.6999999999999993,3.7762183384983672,4,sr,8.755e-11
8.7125000000000004,3.7682525014449735,4,sr,7.133e-15
8.7249999999999996,3.7603230165943535,4,sr,1.773e-12
8.7374999999999989,3.7524301866257499,4,sr,2.468e-11
8.75,3.7445743111467902,4,sr,3.510e-12
8.7624999999999993,3.7367556870646594,4,sr,7.616e-11
8.7750000000000004,3.7289746087342346,4,sr,3.981e-11
8.7874999999999996,3.7212313685208289,4,sr,5.686e-15
8.7999999999999989,3.7135262568111487,4,sr,1.199e-11
8.8125,3.7058595624832091,4,sr,1.706e-15
8.8249999999999993,3.6982315731559208,4,sr,1.074e-16
8.8375000000000004,3.6906425754532299,4,sr,1.292e-15
8.8499999999999996,3.6830928552988622,4,sr,5.896e-16
8.8624999999999989,3.6755826981894497,4,sr,8.381e-15
8.875,3.6681123894670429,4,sr,3.157e-15
8.8874999999999993,3.6606822145881588,4,sr,1.737e-15
8.9000000000000004,3.6532924593895757,4,sr,5.071e-16
8.9124999999999996,3.6459434103510047,4,sr,7.997e-16
8.9249999999999989,3.6386353548547943,4,sr,4.526e-16
8.9375,3.6313685814427883,4,sr,4.041e-15
8.9499999999999993,3.6241433800704788,4,sr,1.593e-15
8.9625000000000004,3.6169600423585107,4,sr,3.445e-15
8.9749999999999996,3.6098188618357772,4,sr,2.381e-11
8.9874999999999989,3.6027201342155473,4,sr,1.849e-15
9,3.5956641575804098,4,sr,1.871e-15
9.0124999999999993,3.5886512326833002,4,sr,9.470e-16
9.0250000000000004,3.5816816631573505,4,sr,5.250e-16
9.0374999999999996,3.5747557557456133,4,sr,5.322e-11
9.0499999999999989,3.5678738206028053,4,sr,4.966e-15
9.0625,3.5610361713939631,4,sr,1.304e-15
9.0749999999999993,3.5542431256583704,4,sr,4.214e-15
9.0875000000000004,3.5474950049702176,4,sr,6.798e-15
9.0999999999999996,3.5407921351770097,4,sr,1.346e-15
9.1124999999999989,3.5341348466218854,4,sr,4.181e-15
9.125,3.527523474363051,4,sr,1.725e-14
9.1374999999999993,3.5209583583901831,4,sr,5.133e-16
9.1500000000000004,3.5144398438376054,4,sr,3.122e-15
9.1624999999999996,3.507968281193921,4,sr,1.153e-14
9.1749999999999989,3.5015440265078555,4,sr,1.119e-15
9.1875,3.4951674415900649,4,sr,2.535e-16
9.1999999999999993,3.4888388942103807,4,sr,8.793e-15
9.2125000000000004,3.4825587582902378,4,sr,2.287e-14
9.2249999999999996,3.4763274140897638,4,sr,2.008e-16
9.2374999999999989,3.4701452483890645,4,sr,3.501e-16
9.25,3.4640126546630641,4,sr,5.481e-16
9.2624999999999993,3.4579300332494256,4,sr,2.050e-14
9.2750000000000004,3.4518977915087277,4,sr,1.024e-14
9.2874999999999996,3.4459163439763585,4,sr,4.434e-16
9.2999999999999989,3.4399861125049571,4,sr,2.651e-13
9.3125,3.4341075263973599,4,sr,4.985e-15
9.3249999999999993,3.4282810225273166,4,sr,1.402e-14
9.3375000000000004,3.4225070454496076,4,sr,3.237e-14
9.3499999999999996,3.4167860474958345,4,sr,1.370e-14
9.3624999999999989,3.4111184888562738,4,sr,2.402e-15
9.375,3.4055048376457493,4,sr,2.487e-15
9.3874999999999993,3.3999455699513188,4,sr,3.970e-12
9.4000000000000004,3.3944411698680379,4,sr,3.033e-15
9.4124999999999996,3.3889921294970953,4,sr,8.019e-15
9.4249999999999989,3.3835989489447797,4,sr,1.174e-14
9.4375,3.3782621362800982,4,sr,2.345e-14
9.4499999999999993,3.3729822074731364,4,sr,2.129e-14
9.4625000000000004,3.3677596863039425,4,sr,2.933e-14
9.4749999999999996,3.3625951042406745,4,sr,2.568e-14
9.4874999999999989,3.3574890002845432,4,sr,2.482e-14
9.5,3.3524419207789307,4,sr,2.596e-14
9.5124999999999993,3.3474544191796034,4,sr,2.501e-14
9.5250000000000004,3.342527055783326,4,sr,2.848e-14
9.5374999999999996,3.3376603974113204,4,sr,2.492e-14
9.5499999999999989,3.3328550170445057,4,sr,2.755e-14
9.5625,3.3281114934065656,4,sr,1.649e-14
9.5749999999999993,3.3234304104913091,4,sr,1.587e-14
9.5875000000000004,3.3188123570301822,4,sr,1.008e-14
9.5999999999999996,3.314257925895788,4,sr,2.702e-15
9.6125000000000007,3.3097677134203138,4,sr,4.899e-11
9.625,3.3053423187408342,4,sr,2.240e-15
9.6374999999999993,3.300982342816984,4,sr,2.826e-15
9.6500000000000004,3.2966883876988189,4,sr,9.025e-15
9.6624999999999996,3.2924610554568732,4,sr,1.972e-14
9.6750000000000007,3.2883009471187412,4,sr,1.194e-14
9.6875,3.2842086614900547,4,sr,4.013e-15
9.6999999999999993,3.2801847938710802,4,sr,8.309e-17
9.7125000000000004,3.2762299346628927,4,sr,4.294e-15
9.7249999999999996,3.2723446678575629,4,sr,1.362e-14
9.7375000000000007,3.2685295694063936,4,sr,9.787e-15
9.75,3.2647852054492295,4,sr,2.900e-11
9.7624999999999993,3.2611121304768358,4,sr,2.819e-15
9.7750000000000004,3.257510885187636,4,sr,1.673e-14
9.7874999999999996,3.2539819944214714,4,sr,9.607e-16
9.8000000000000007,3.2505259647771956,4,sr,7.979e-16
9.8125,3.2471432821418555,4,sr,8.401e-15
9.8249999999999993,3.2438344090496454,4,sr,5.071e-15
9.8375000000000004,3.2405997818776702,4,sr,1.322e-15
9.8499999999999996,3.2374398078755289,4,sr,7.933e-15
9.8625000000000007,3.234354862026172,4,sr,1.001e-15
9.875,3.2313452837367103,4,sr,6.083e-16
9.8874999999999993,3.2284113733589481,4,sr,4.988e-15
9.9000000000000004,3.2255533885405168,4,sr,6.108e-16
9.9124999999999996,3.2227715404092363,4,sr,1.030e-14
9.9250000000000007,3.2200659895839552,4,sr,2.392e-11
9.9375,3.217436842093194,4,sr,6.041e-15
9.9499999999999993,3.2148841449824124,4,sr,3.844e-12
9.9625000000000004,3.2124078820082635,4,sr,6.403e-15
9.9749999999999996,3.2100079690207028,4,sr,1.102e-12
9.9875000000000007,3.2076842493318929,4,sr,3.450e-15
10,3.2054364889645757,4,sr,1.429e-16
4.3250000000000002,14.930289110516673,5,sr,1.948e-12
4.3375000000000004,14.850245012088299,5,sr,1.446e-12
4.3500000000000005,14.770882259466992,5,sr,1.435e-11
4.3625000000000007,14.69219278024193,5,sr,2.523e-11
4.375,14.614168653635842,5,sr,2.493e-15
4.3875000000000002,14.536802106345281,5,sr,3.079e-11
4.4000000000000004,14.460085509156219,5,sr,1.931e-13
4.4125000000000005,14.384011372987219,5,sr,7.095e-15
4.4250000000000007,14.30857234561233,5,sr,9.547e-15
4.4375,14.233761208130129,5,sr,1.536e-15
4.4500000000000002,14.159570871671049,5,sr,2.808e-15
4.4625000000000004,14.08599437419398,5,sr,1.908e-11
4.4750000000000005,14.01302487730085,5,sr,9.107e-15
4.4875000000000007,13.940655663350338,5,sr,9.846e-12
4.5,13.868880132359964,5,sr,4.669e-15
4.5125000000000002,13.797691799296359,5,sr,5.783e-15
4.5250000000000004,13.727084291220837,5,sr,2.920e-11
4.5375000000000005,13.657051344730215,5,sr,3.017e-11
4.5500000000000007,13.587586803269073,5,sr,1.572e-15
4.5625,13.518684614619255,5,sr,1.215e-14
4.5750000000000002,13.450338828576196,5,sr,3.050e-12
4.5875000000000004,13.382543594508549,5,sr,1.071e-15
4.6000000000000005,13.315293159122465,5,sr,2.297e-12
4.6125000000000007,13.248581864230303,5,sr,4.118e-15
4.625,13.182404144620628,5,sr,3.204e-11
4.6375000000000002,13.116754526099534,5,sr,3.929e-11
4.6500000000000004,13.051627623198264,5,sr,3.603e-11
4.6625000000000005,12.987018137544126,5,sr,3.884e-11
4.6750000000000007,12.922920855983191,5,sr,3.500e-15
4.6875,12.859330648449609,5,sr,2.512e-15
4.7000000000000002,12.796242466548241,5,sr,2.424e-11
4.7125000000000004,12.733651341643014,5,sr,5.233e-15
4.7250000000000005,12.67155238340013,5,sr,3.061e-11
4.7375000000000007,12.609940777961762,5,sr,1.533e-12
4.75,12.548811786665345,5,sr,7.748e-15
4.7625000000000002,12.488160744351203,5,sr,3.162e-15
4.7750000000000004,12.427983058022415,5,sr,2.975e-15
4.7875000000000005,12.368274205429939,5,sr,4.566e-15
4.8000000000000007,12.309029733726959,5,sr,2.671e-15
4.8125000000000009,12.250245258167388,5,sr,1.037e-12
4.8250000000000002,12.19191646085889,5,sr,2.682e-11
4.8375000000000004,12.134039089476049,5,sr,2.419e-15
4.8500000000000005,12.076608956239461,5,sr,1.940e-11
4.8625000000000007,12.019621936567312,5,sr,1.630e-11
4.8750000000000009,11.963073968204158,5,sr,2.765e-15
4.8875000000000002,11.906961049954857,5,sr,1.713e-11
4.9000000000000004,11.851279240760544,5,sr,8.840e-12
4.9125000000000005,11.796024658724214,5,sr,5.150e-12
4.9250000000000007,11.741193480105663,5,sr,5.027e-12
4.9375000000000009,11.686781938413947,5,sr,6.270e-12
4.9500000000000002,11.632786323507272,5,sr,9.781e-12
4.9625000000000004,11.579202980774006,5,sr,7.397e-13
4.9750000000000005,11.526028310229144,5,sr,4.109e-14
4.9875000000000007,11.473258765775107,5,sr,2.513e-12
5.0000000000000009,11.420890854415276,5,sr,7.282e-12
5.0125000000000002,11.368921135479068,5,sr,4.129e-12
5.0250000000000004,11.317346219963609,5,sr,1.074e-11
5.0375000000000005,11.266162769785597,5,sr,3.947e-11
5.0500000000000007,11.215367497213109,5,sr,1.056e-11
5.0625000000000009,11.164957164036775,5,sr,3.294e-14
5.0750000000000002,11.114928581192897,5,sr,7.884e-14
5.0875000000000004,11.065278608030962,5,sr,1.348e-11
5.1000000000000005,11.016004151763562,5,sr,5.301e-15
5.1125000000000007,10.967102166991339,5,sr,1.837e-15
5.1250000000000009,10.918569655101097,5,sr,3.111e-11
5.1375000000000002,10.870403663865778,5,sr,4.126e-11
5.1500000000000004,10.822601286933354,5,sr,4.046e-11
5.1625000000000005,10.775159663229786,5,sr,1.261e-11
5.1750000000000007,10.728075976857111,5,sr,3.900e-11
5.1875000000000009,10.681347456357402,5,sr,6.488e-15
5.2000000000000002,10.634971374586552,5,sr,3.533e-14
5.2125000000000004,10.588945048146837,5,sr,3.504e-11
5.2250000000000005,10.543265837240046,5,sr,2.878e-11
5.2375000000000007,10.497931145082768,5,sr,1.319e-11
5.2500000000000009,10.452938417898713,5,sr,8.756e-12
5.2625000000000002,10.408285144457013,5,sr,1.759e-11
5.2750000000000004,10.363968855812631,5,sr,4.456e-11
5.2875000000000005,10.319987125241159,5,sr,2.051e-14
5.3000000000000007,10.276337567720486,5,sr,2.206e-15
5.3125000000000009,10.233017839994499,5,sr,4.817e-15
5.3250000000000002,10.190025640272086,5,sr,1.204e-12
5.3375000000000004,10.1473587080859,5,sr,1.569e-15
5.3500000000000005,10.105014824158152,5,sr,4.553e-13
5.3625000000000007,10.062991810272955,5,sr,5.967e-15
5.3750000000000009,10.021287529181413,5,sr,5.044e-16
5.3875000000000002,9.9798998845182947,5,sr,9.019e-13
5.4000000000000004,9.9388268207558674,5,sr,1.974e-11
5.4125000000000005,9.8980663231101413,5,sr,2.675e-15
5.4250000000000007,9.8576164176270318,5,sr,4.578e-15
5.4375000000000009,9.8174751710827017,5,sr,2.997e-15
5.4500000000000002,9.7776406910577158,5,sr,1.377e-15
5.4625000000000004,9.738111125971999,5,sr,6.725e-15
5.4750000000000005,9.6988846651574079,5,sr,1.165e-11
5.4875000000000007,9.6599595389163113,5,sr,1.823e-13
5.5000000000000009,9.6213340186921581,5,sr,3.385e-15
5.5125000000000002,9.5830064171420286,5,sr,1.735e-15
5.5250000000000004,9.5449750883230866,5,sr,7.098e-14
5.5375000000000005,9.5072384278652819,5,sr,5.222e-15
5.5500000000000007,9.469794873170887,5,sr,4.920e-12
5.5625000000000009,9.4326429036539192,5,sr,2.827e-15
5.5750000000000002,9.3957810409648825,5,sr,2.310e-16
5.5875000000000004,9.3592078493103354,5,sr,3.575e-11
5.6000000000000005,9.3229219356463933,5,sr,4.086e-15
5.6125000000000007,9.2869219501950067,5,sr,6.680e-15
5.6250000000000009,9.2512065866077293,5,sr,6.521e-15
5.6375000000000002,9.2157745824378114,5,sr,3.544e-15
5.6500000000000004,9.1806247195264366,5,sr,1.494e-15
5.6625000000000005,9.145755824435021,5,sr,4.059e-16
5.6750000000000007,9.1111667689053117,5,sr,8.986e-17
5.6875000000000009,9.0768564703477406,5,sr,7.161e-16
5.7000000000000002,9.0428238923584274,5,sr,4.636e-15
5.7125000000000004,9.0090680452696628,5,sr,7.863e-12
5.7250000000000005,8.9755879867038804,5,sr,1.158e-14
5.7375000000000007,8.942382822222676,5,sr,5.810e-15
5.7500000000000009,8.9094517059000662,5,sr,3.426e-11
5.7625000000000002,8.876793841107105,5,sr,3.405e-15
5.7750000000000004,8.8444084809900883,5,sr,3.900e-11
5.7875000000000005,8.8122949295031425,5,sr,7.348e-15
5.8000000000000007,8.7804525418495807,5,sr,6.710e-15
5.8125000000000009,8.7488807255150043,5,sr,4.880e-15
5.8250000000000002,8.7175789409792284,5,sr,7.836e-15
5.8375000000000004,8.6865467025928869,5,sr,6.870e-16
5.8500000000000005,8.6557835794632449,5,sr,9.273e-16
5.8625000000000007,8.6252891963707849,5,sr,2.180e-15
5.8750000000000009,8.5950632347357736,5,sr,3.199e-11
5.8875000000000002,8.5651054334983243,5,sr,1.659e-15
5.9000000000000004,8.5354155903183155,5,sr,2.309e-15
5.9125000000000005,8.505993562415588,5,sr,1.312e-15
5.9250000000000007,8.4768392677276587,5,sr,5.463e-15
5.9375000000000009,8.4479526859763059,5,sr,0.000e+00
5.9500000000000002,8.4193338597999716,5,sr,3.612e-11
5.9625000000000004,8.3909828957684631,5,sr,3.763e-15
5.9750000000000005,8.3628999657630896,5,sr,1.353e-15
5.9875000000000007,8.3350853078985985,5,sr,1.670e-11
6.0000000000000009,8.3075392278700448,5,sr,5.499e-16
6.0125000000000002,8.280262100003366,5,sr,1.405e-15
6.0250000000000004,8.2532543685525734,5,sr,2.326e-16
6.0375000000000005,8.226516548829288,5,sr,7.701e-15
6.0500000000000007,8.2000492284034685,5,sr,1.934e-11
6.0625000000000009,8.1738530681966726,5,sr,7.746e-15
6.0750000000000002,8.1479288037542865,5,sr,6.635e-15
6.0875000000000004,8.1222772462156527,5,sr,2.096e-15
6.1000000000000005,8.0968992834441149,5,sr,1.046e-15
6.1125000000000007,8.0717958810223074,5,sr,6.124e-15
6.1250000000000009,8.0469680831944217,5,sr,9.518e-16
6.1375000000000002,8.0224170137277291,5,sr,5.886e-15
6.1500000000000004,7.9981438766773385,5,sr,2.670e-15
6.1625000000000005,7.9741499570547463,5,sr,2.343e-11
6.1750000000000007,7.9504366212525204,5,sr,6.388e-16
6.1875000000000009,7.9270053175868025,5,sr,8.449e-16
6.2000000000000002,7.9038575762975691,5,sr,4.667e-12
6.2125000000000004,7.8809950095926604,5,sr,9.697e-16
6.2250000000000005,7.8584193114017893,5,sr,8.930e-16
6.2375000000000007,7.8361322568027818,5,sr,1.499e-15
6.2500000000000009,7.814135701221268,5,sr,2.644e-11
6.2625000000000002,7.7924315791251395,5,sr,3.348e-15
6.2750000000000004,7.7710219026749865,5,sr,2.191e-15
6.2875000000000005,7.7499087594821301,5,sr,4.318e-13
6.3000000000000007,7.7290943102462109,5,sr,2.647e-11
6.3125000000000009,7.708580785563516,5,sr,3.453e-12
6.3250000000000002,7.6883704825041752,5,sr,3.203e-16
6.3375000000000004,7.6684657600780577,5,sr,2.574e-12
6.3500000000000005,7.6488690342636128,5,sr,1.958e-11
6.3625000000000007,7.6295827720368647,5,sr,5.707e-12
6.3750000000000009,7.6106094847755399,5,sr,3.459e-15
6.3875000000000002,7.5919517202489963,5,sr,5.504e-16
6.4000000000000004,7.5736120539287981,5,sr,1.530e-11
6.4125000000000005,7.5555930788296264,5,sr,7.202e-16
6.4250000000000007,7.5378973943676018,5,sr,4.060e-12
6.4375000000000009,7.5205275934829219,5,sr,1.590e-15
6.4500000000000002,7.503486248592095,5,sr,1.725e-11
6.4625000000000004,7.4867758956353052,5,sr,1.444e-15
6.4750000000000005,7.4703990167748282,5,sr,1.659e-15
6.4875000000000007,7.454358020843201,5,sr,6.162e-12
6.5000000000000009,7.4386552221646864,5,sr,1.755e-11
6.5125000000000002,7.423292817254934,5,sr,1.999e-11
6.5250000000000004,7.4082728590535583,5,sr,1.957e-11
6.5375000000000005,7.393597229726125,5,sr,1.425e-11
6.5500000000000007,7.3792676101394168,5,sr,4.979e-12
6.5625000000000009,7.3652854477125311,5,sr,2.139e-16
6.5750000000000002,7.3516519216095446,5,sr,3.178e-16
6.5875000000000004,7.3383679055525342,5,sr,1.138e-11
6.6000000000000005,7.3254339283569507,5,sr,0.000e+00
6.6125000000000007,7.312850131960615,5,sr,1.129e-11
6.6250000000000009,7.300616227693876,5,sr,2.041e-16
6.6375000000000002,7.2887314501042955,5,sr,5.267e-12
6.6500000000000004,7.2771945095109327,5,sr,1.454e-15
6.6625000000000005,7.2660035427886394,5,sr,4.472e-16
6.6750000000000007,7.2551560633888217,5,sr,2.990e-12
6.6875000000000009,7.2446489107349494,5,sr,3.516e-13
6.7000000000000002,7.2344781996502396,5,sr,6.005e-13
6.7125000000000004,7.2246392705857447,5,sr,2.539e-13
6.7250000000000005,7.2151266412861723,5,sr,1.421e-11
6.7375000000000007,7.2059339606912385,5,sr,4.405e-16
6.7500000000000009,7.1970539664587321,5,sr,9.404e-16
6.7625000000000002,7.1884784463401488,5,sr,8.942e-13
6.7750000000000004,7.1801982053012798,5,sr,6.527e-12
6.7875000000000005,7.1722030390907427,5,sr,2.559e-16
6.8000000000000007,7.1644817153990203,5,sr,2.033e-14
6.8125000000000009,7.1570219640756543,5,sr,1.026e-15
6.8250000000000002,7.1498104771646744,5,sr,5.807e-15
6.8375000000000004,7.1428329200189671,5,sr,4.984e-13
6.8500000000000005,7.1360739543267453,5,sr,1.461e-16
6.8625000000000007,7.1295172738316879,5,sr,9.119e-14
6.8750000000000009,7.1231456532580246,5,sr,7.048e-13
6.8875000000000002,7.1169410107565154,5,sr,5.899e-16
6.9000000000000004,7.1108844838752825,5,sr,2.110e-16
6.9125000000000005,7.1049565187040153,5,sr,7.038e-16
6.9250000000000007,7.0991369715726194,5,sr,2.449e-13
6.9375000000000009,7.0934052222660666,5,sr,5.073e-13
6.9500000000000002,7.0877402974117416,5,sr,5.622e-13
6.9625000000000004,7.0821210023514967,5,sr,2.409e-16
6.9750000000000005,7.0765260595055652,5,sr,1.211e-11
6.9875000000000007,7.0709342511564364,5,sr,1.883e-12
7.0000000000000009,7.0653245637817612,5,sr,5.562e-15
7.0125000000000002,7.0596763322655391,5,sr,1.404e-13
7.0250000000000004,7.0539693805500727,5,sr,6.039e-12
7.0375000000000005,7.0481841569071291,5,sr,6.606e-16
7.0500000000000007,7.0423018610361625,5,sr,6.095e-13
7.0625000000000009,7.0363045612850126,5,sr,4.573e-13
7.0750000000000002,7.0301752997453733,5,sr,1.542e-14
7.0875000000000004,7.0238981839533796,5,sr,4.334e-16
7.1000000000000005,7.0174584639599837,5,sr,1.102e-12
7.1125000000000007,7.0108425940359478,5,sr,3.654e-13
7.1250000000000009,7.0040382786275055,5,sr,6.372e-16
7.1375000000000002,6.9970345026381038,5,sr,1.077e-12
7.1500000000000004,6.9898215463753877,5,sr,1.068e-11
7.1625000000000005,6.9823909859715387,5,sr,9.343e-13
7.1750000000000007,6.9747356799704239,5,sr,6.228e-16
7.1875000000000009,6.9668497437887948,5,sr,3.738e-13
7.2000000000000002,6.9587285129107803,5,sr,1.072e-15
7.2125000000000004,6.9503684965748382,5,sr,3.526e-14
7.2250000000000005,6.9417673234163892,5,sr,8.916e-13
7.2375000000000007,6.932923680581264,5,sr,2.857e-15
7.2500000000000009,6.9238372478487644,5,sr,8.603e-16
7.2625000000000002,6.914508628146022,5,sr,2.044e-15
7.2750000000000004,6.9049392758209542,5,sr,5.228e-12
7.2875000000000005,6.8951314239058883,5,sr,6.839e-14
7.3000000000000007,6.8850880113119715,5,sr,3.579e-14
7.3125000000000009,6.8748126111340335,5,sr,3.196e-16
7.3250000000000002,6.8643093606168666,5,sr,1.992e-15
7.3375000000000004,6.8535828935864069,5,sr,2.286e-15
7.3500000000000005,6.8426382758215931,5,sr,1.265e-15
7.3625000000000007,6.8314809437906732,5,sr,1.398e-11
7.3750000000000009,6.8201166469314662,5,sr,1.948e-13
7.3875000000000002,6.8085513939950202,5,sr,5.117e-16
7.4000000000000004,6.7967914029850682,5,sr,2.114e-11
7.4125000000000005,6.7848430554213328,5,sr,0.000e+00
7.4250000000000007,6.7727128541010568,5,sr,3.939e-15
7.4375000000000009,6.7604073851606312,5,sr,4.127e-12
7.4500000000000002,6.747933283489691,5,sr,6.007e-16
7.4625000000000004,6.7352972018935375,5,sr,2.917e-12
7.4750000000000005,6.7225057835063478,5,sr,2.643e-15
7.4875000000000007,6.7095656374786943,5,sr,8.070e-16
7.5000000000000009,6.6964833175512011,5,sr,1.149e-12
7.5125000000000002,6.6832653034334433,5,sr,2.537e-16
7.5250000000000004,6.6699179847036829,5,sr,1.172e-11
7.5375000000000005,6.6564476470067113,5,sr,2.820e-16
7.5500000000000007,6.6428604605134289,5,sr,6.549e-17
7.5625000000000009,6.6291624701274854,5,sr,1.390e-15
7.5750000000000002,6.6153595875944236,5,sr,1.019e-11
7.5875000000000004,6.601457585080456,5,sr,8.784e-16
7.6000000000000005,6.5874620902864898,5,sr,1.092e-15
7.6125000000000007,6.5733785826643132,5,sr,8.350e-16
7.6250000000000009,6.5592123908629985,5,sr,2.366e-16
7.6375000000000002,6.5449686911050131,5,sr,1.146e-11
7.6500000000000004,6.5306525064621974,5,sr,2.757e-11
7.6625000000000005,6.5162687068793046,5,sr,3.444e-15
7.6750000000000007,6.501822009733516,5,sr,2.173e-15
7.6875000000000009,6.4873169812081661,5,sr,1.463e-16
7.7000000000000002,6.4727580379223504,5,sr,2.510e-15
7.7125000000000004,6.4581494490731952,5,sr,2.682e-15
7.7250000000000005,6.4434953389052003,5,sr,1.654e-15
7.7375000000000007,6.4287996894665396,5,sr,1.370e-15
7.7500000000000009,6.4140663436004424,5,sr,2.909e-15
7.7625000000000002,6.3992990081257215,5,sr,1.004e-15
7.7750000000000004,6.3845012571657405,5,sr,3.896e-15
7.7875000000000005,6.3696765355901386,5,sr,4.322e-15
7.8000000000000007,6.3548281625379115,5,sr,6.341e-16
7.8125000000000009,6.339959334978106,5,sr,3.204e-11
7.8250000000000002,6.3250731314000435,5,sr,1.836e-12
7.8375000000000004,6.310172515266756,5,sr,1.035e-11
7.8500000000000005,6.2952603387830495,5,sr,2.388e-11
7.8625000000000007,6.2803393464026183,5,sr,4.119e-11
7.8750000000000009,6.26541217834394,5,sr,4.512e-11
7.8875000000000002,6.2504813742925451,5,sr,2.320e-11
7.9000000000000004,6.2355493765460475,5,sr,6.417e-15
7.9125000000000005,6.2206185335877224,5,sr,1.531e-15
7.9250000000000007,6.205691103380957,5,sr,1.199e-15
7.9375000000000009,6.1907692565753516,5,sr,3.710e-15
7.9500000000000002,6.1758550796773086,5,sr,1.651e-15
7.9625000000000004,6.1609505781287188,5,sr,4.462e-15
7.9750000000000005,6.1460576793023103,5,sr,2.995e-15
7.9875000000000007,6.1311782354123228,5,sr,2.483e-15
8,6.1163140263397855,5,sr,4.016e-15
8.0124999999999993,6.1014667623721559,5,sr,1.105e-14
8.0250000000000004,6.0866380868576009,5,sr,4.791e-15
8.0374999999999996,6.0718295787744694,5,sr,4.820e-15
8.0499999999999989,6.0570427552169752,5,sr,9.699e-15
8.0625,6.0422790737982455,5,sr,1.648e-14
8.0749999999999993,6.0275399349722392,5,sr,1.333e-14
8.0875000000000004,6.0128266842760052,5,sr,8.193e-15
8.0999999999999996,5.9981406144943277,5,sr,1.036e-15
8.1124999999999989,5.9834829677483405,5,sr,1.196e-14
8.125,5.9688549375102919,5,sr,1.893e-16
8.1374999999999993,5.9542576705464976,5,sr,4.091e-15
8.1500000000000004,5.9396922687904512,5,sr,4.207e-15
8.1624999999999996,5.9251597911554539,5,sr,2.093e-11
8.1749999999999989,5.9106612552394582,5,sr,4.007e-15
8.1875,5.896197639072227,5,sr,5.870e-15
8.1999999999999993,5.8817698826605085,5,sr,6.044e-15
8.2125000000000004,5.8673788895797516,5,sr,1.860e-14
8.2249999999999996,5.8530255284666595,5,sr,8.507e-15
8.2374999999999989,5.8387106344638271,5,sr,1.333e-15
8.25,5.8244350106116487,5,sr,6.397e-15
8.2624999999999993,5.8101994292000612,5,sr,3.489e-11
8.2750000000000004,5.7960046330067936,5,sr,6.799e-15
8.2874999999999996,5.7818513366501447,5,sr,1.255e-14
8.2999999999999989,5.7677402276812852,5,sr,2.267e-15
8.3125,5.7536719677946815,5,sr,4.147e-15
8.3249999999999993,5.7396471939324041,5,sr,9.233e-15
8.3375000000000004,5.7256665193592573,5,sr,3.410e-15
8.3499999999999996,5.7117305346997185,5,sr,8.835e-15
8.3624999999999989,5.6978398089382267,5,sr,1.486e-14
8.375,5.6839948903843647,5,sr,1.028e-15
8.3874999999999993,5.6701963076137289,5,sr,3.253e-11
8.4000000000000004,5.6564445703213631,5,sr,1.137e-15
8.4124999999999996,5.6427401702825186,5,sr,1.177e-14
8.4249999999999989,5.6290835820999785,5,sr,8.575e-15
8.4375,5.6154752640549566,5,sr,2.318e-11
8.4499999999999993,5.6019156589141801,5,sr,7.834e-16
8.4625000000000004,5.588405194624964,5,sr,6.648e-15
8.4749999999999996,5.5749442851051407,5,sr,3.030e-11
8.4874999999999989,5.5615333309630888,5,sr,3.207e-15
8.5,5.5481727201112436,5,sr,7.402e-15
8.5124999999999993,5.534862828528345,5,sr,4.868e-11
8.5250000000000004,5.5216040208015817,5,sr,3.358e-15
8.5374999999999996,5.5083966508921112,5,sr,5.350e-15
8.5499999999999989,5.4952410626242951,5,sr,3.137e-11
8.5625,5.4821375903020693,5,sr,1.567e-15
8.5749999999999993,5.4690865593542304,5,sr,5.001e-15
8.5875000000000004,5.456088286813312,5,sr,4.528e-15
8.5999999999999996,5.4431430819024893,5,sr,1.085e-14
8.6124999999999989,5.4302512465651223,5,sr,2.237e-11
8.625,5.4174130759549595,5,sr,7.401e-15
8.6374999999999993,5.4046288589996436,5,sr,5.255e-15
8.6500000000000004,5.3918988788381332,5,sr,7.627e-15
8.6624999999999996,5.3792234133328352,5,sr,1.075e-14
8.6749999999999989,5.3666027355370494,5,sr,1.272e-14
8.6875,5.3540371141584036,5,sr,8.711e-17
8.6999999999999993,5.3415268139928269,5,sr,8.162e-11
8.7125000000000004,5.3290720964529896,5,sr,7.817e-11
8.7249999999999996,5.3166732199013023,5,sr,6.386e-12
8.7374999999999989,5.3043304400833264,5,sr,6.572e-12
8.75,5.2920440106619662,5,sr,3.769e-11
8.7624999999999993,5.2798141835115731,5,sr,5.020e-13
8.7750000000000004,5.2676412092354932,5,sr,6.320e-15
8.7874999999999996,5.2555253374727178,5,sr,4.883e-11
8.7999999999999989,5.2434668174071648,5,sr,2.009e-15
8.8125,5.2314658980350863,5,sr,2.878e-15
8.8249999999999993,5.2195228286665705,5,sr,5.737e-11
8.8375000000000004,5.2076378593274546,5,sr,1.370e-16
8.8499999999999996,5.1958112410184158,5,sr,8.719e-15
8.8624999999999989,5.1840432262432703,5,sr,1.214e-15
8.875,5.1723340693227833,5,sr,5.223e-15
8.8874999999999993,5.160684026792187,5,sr,4.817e-15
8.9000000000000004,5.1490933577835225,5,sr,8.532e-15
8.9124999999999996,5.1375623244074538,5,sr,1.911e-15
8.9249999999999989,5.1260911921349415,5,sr,2.544e-15
8.9375,5.1146802301614755,5,sr,7.104e-11
8.9499999999999993,5.1033297118780112,5,sr,3.671e-15
8.9625000000000004,5.092039915077752,5,sr,1.635e-15
8.9749999999999996,5.0808111225178614,5,sr,2.658e-15
8.9874999999999989,5.0696436222404708,5,sr,9.056e-11
9,5.0585377078654838,5,sr,5.503e-15
9.0124999999999993,5.0474936792090128,5,sr,7.059e-15
9.0250000000000004,5.036511842450035,5,sr,2.661e-15
9.0374999999999996,5.0255925106410002,5,sr,9.055e-15
9.0499999999999989,5.0147360040662834,5,sr,7.527e-11
9.0625,5.0039426507420588,5,sr,1.191e-15
9.0749999999999993,4.9932127866324629,5,sr,8.260e-15
9.0875000000000004,4.9825467562534573,5,sr,1.467e-14
9.0999999999999996,4.9719449129934974,5,sr,1.057e-14
9.1124999999999989,4.9614076195539001,5,sr,8.749e-15
9.125,4.9509352483748499,5,sr,6.631e-16
9.1374999999999993,4.9405281820664824,5,sr,8.032e-15
9.1500000000000004,4.9301868138451086,5,sr,5.066e-15
9.1624999999999996,4.9199115479718447,5,sr,1.110e-11
9.1749999999999989,4.9097028002330223,5,sr,7.048e-11
9.1875,4.8995609982691795,5,sr,1.955e-15
9.1999999999999993,4.8894865822503508,5,sr,1.348e-15
9.2125000000000004,4.8794800051366476,5,sr,3.780e-15
9.2249999999999996,4.8695417332439028,5,sr,8.494e-16
9.2374999999999989,4.8596722467084641,5,sr,3.514e-11
9.25,4.8498720399111406,5,sr,2.430e-11
9.2624999999999993,4.8401416220913696,5,sr,8.657e-15
9.2750000000000004,4.8304815176715588,5,sr,3.555e-15
9.2874999999999996,4.8208922668652017,5,sr,2.569e-15
9.2999999999999989,4.8113744261296061,5,sr,6.900e-15
9.3125,4.8019285686717632,5,sr,1.565e-14
9.3249999999999993,4.7925552849498567,5,sr,3.125e-14
9.3375000000000004,4.783255183176216,5,sr,2.682e-14
9.3499999999999996,4.7740288898211025,5,sr,4.258e-15
9.3624999999999989,4.7648770501093525,5,sr,2.195e-11
9.375,4.7558003285545594,5,sr,4.214e-15
9.3874999999999993,4.7467994093923087,5,sr,1.807e-14
9.4000000000000004,4.7378749971392926,5,sr,3.455e-14
9.4124999999999996,4.7290278170479656,5,sr,1.124e-14
9.4249999999999989,4.72025861559211,5,sr,2.473e-15
9.4375,4.7115681609349123,5,sr,1.411e-14
9.4499999999999993,4.7029572433839322,5,sr,3.395e-14
9.4625000000000004,4.6944266758298303,5,sr,8.998e-16
9.4749999999999996,4.685977294166082,5,sr,3.220e-15
9.4874999999999989,4.6776099576856991,5,sr,3.644e-14
9.5,4.6693255494514379,5,sr,2.031e-15
9.5124999999999993,4.6611249766352101,5,sr,7.021e-15
9.5250000000000004,4.6530091708216439,5,sr,3.069e-14
9.5374999999999996,4.6449790882706772,5,sr,5.194e-13
9.5499999999999989,4.6370357101347048,5,sr,1.428e-14
9.5625,4.6291800426199616,5,sr,6.838e-15
9.5749999999999993,4.6214131170916515,5,sr,1.146e-14
9.5875000000000004,4.6137359901090829,5,sr,1.298e-14
9.5999999999999996,4.6061497433859699,5,sr,1.841e-15
9.6125000000000007,4.5986554836660014,5,sr,1.612e-14
9.625,4.5912543425036452,5,sr,3.465e-15
9.6374999999999993,4.5839474759398362,5,sr,6.960e-15
9.6500000000000004,4.5767360640606523,5,sr,5.690e-15
9.6624999999999996,4.5696213104350702,5,sr,2.143e-11
9.6750000000000007,4.5626044413594764,5,sr,2.242e-14
9.6875,4.5556867050699505,5,sr,4.608e-15
9.6999999999999993,4.5488693706142564,5,sr,1.072e-14
9.7125000000000004,4.5421537266587499,5,sr,9.543e-15
9.7249999999999996,4.5355410800372278,5,sr,2.406e-15
9.7375000000000007,4.5290327540804629,5,sr,9.546e-15
9.75,4.52263008669805,5,sr,1.512e-14
9.7624999999999993,4.5163344281906177,5,sr,7.575e-16
9.7750000000000004,4.5101471387697467,5,sr,3.005e-15
9.7874999999999996,4.5040695857613731,5,sr,1.941e-15
9.8000000000000007,4.4981031404677587,5,sr,1.316e-14
9.8125,4.4922491746617679,5,sr,8.282e-15
9.8249999999999993,4.486509056686514,5,sr,3.634e-15
9.8375000000000004,4.4808841471324534,5,sr,4.324e-16
9.8499999999999996,4.4753757940639067,5,sr,2.072e-15
9.8625000000000007,4.4699853277661967,5,sr,8.227e-14
9.875,4.4647140549720374,5,sr,2.651e-11
9.8874999999999993,4.4595632526536022,5,sr,4.398e-11
9.9000000000000004,4.4545341609394669,5,sr,3.978e-11
9.9124999999999996,4.4496279759017572,5,sr,3.524e-11
9.9250000000000007,4.4448458415005376,5,sr,6.159e-12
9.9375,4.4401888406410208,5,sr,1.284e-15
9.9499999999999993,4.4356579860619521,5,sr,1.335e-16
9.9625000000000004,4.4312542102476096,5,sr,1.589e-15
9.9749999999999996,4.4269783547512764,5,sr,4.660e-15
9.9875000000000007,4.4228311588484734,5,sr,2.018e-15
10,4.4188132475225972,5,sr,3.098e-15
5.2125000000000004,14.949564885541545,6,sr,8.392e-12
5.2250000000000005,14.883051967776156,6,sr,1.582e-11
5.2375000000000007,14.817033356813509,6,sr,4.954e-15
5.2500000000000009,14.751505126699081,6,sr,1.599e-14
5.2625000000000002,14.686463412005219,6,sr,3.029e-15
5.2750000000000004,14.621904407453977,6,sr,2.421e-17
5.2875000000000005,14.557824367514836,6,sr,5.996e-15
5.3000000000000007,14.494219606020705,6,sr,3.359e-11
5.3125000000000009,14.431086495913089,6,sr,4.340e-16
5.3250000000000002,14.36842146876036,6,sr,1.363e-14
5.3375000000000004,14.306221014642786,6,sr,1.483e-14
5.3500000000000005,14.244481681801272,6,sr,1.954e-11
5.3625000000000007,14.183200076475165,6,sr,8.745e-15
5.3750000000000009,14.122372862603306,6,sr,1.555e-15
5.3875000000000002,14.061996761751434,6,sr,1.475e-14
5.4000000000000004,14.002068552920433,6,sr,5.575e-15
5.4125000000000005,13.942585072443377,6,sr,3.994e-15
5.4250000000000007,13.883543213902607,6,sr,7.070e-15
5.4375000000000009,13.824939928077082,6,sr,3.976e-13
5.4500000000000002,13.766772222921887,6,sr,2.503e-15
5.4625000000000004,13.709037163589338,6,sr,2.552e-11
5.4750000000000005,13.651731872407799,6,sr,2.914e-15
5.4875000000000007,13.594853529085478,6,sr,2.485e-12
5.5000000000000009,13.538399370694751,6,sr,4.674e-17
5.5125000000000002,13.482366691867929,6,sr,3.962e-15
5.5250000000000004,13.426752844975255,6,sr,1.394e-16
5.5375000000000005,13.371555240332913,6,sr,2.595e-15
5.5500000000000007,13.316771346455685,6,sr,1.386e-15
5.5625000000000009,13.26239869034643,6,sr,5.526e-16
5.5750000000000002,13.208434857824587,6,sr,9.179e-17
5.5875000000000004,13.154877493893823,6,sr,2.008e-12
5.6000000000000005,13.101724303157491,6,sr,7.749e-16
5.6125000000000007,13.048973050260642,6,sr,1.862e-15
5.6250000000000009,12.996621560397299,6,sr,2.036e-15
5.6375000000000002,12.944667719839387,6,sr,1.407e-11
5.6500000000000004,12.893109476564508,6,sr,3.592e-15
5.6625000000000005,12.841944840816499,6,sr,2.907e-15
5.6750000000000007,12.791171885868238,6,sr,1.118e-14
5.6875000000000009,12.740788748721496,6,sr,8.249e-15
5.7000000000000002,12.690793630905681,6,sr,3.091e-15
5.7125000000000004,12.641184799323815,6,sr,1.061e-15
5.7250000000000005,12.591960587155288,6,sr,5.339e-15
5.7375000000000007,12.543119394817285,6,sr,1.011e-14
5.7500000000000009,12.494659690978171,6,sr,1.512e-11
5.7625000000000002,12.44658001368559,6,sr,4.455e-16
5.7750000000000004,12.398878971429445,6,sr,6.268e-15
5.7875000000000005,12.351555244445166,6,sr,1.623e-15
5.8000000000000007,12.304607585944849,6,sr,1.939e-11
5.8125000000000009,12.258034823540656,6,sr,8.960e-15
5.8250000000000002,12.211835860561621,6,sr,2.270e-15
5.8375000000000004,12.166009677675943,6,sr,5.100e-15
5.8500000000000005,12.120555334420137,6,sr,7.399e-15
5.8625000000000007,12.075471970878098,6,sr,7.439e-16
5.8750000000000009,12.030758809432399,6,sr,3.371e-15
5.8875000000000002,11.986415156601696,6,sr,1.552e-15
5.9000000000000004,11.942440404966607,6,sr,3.897e-15
5.9125000000000005,11.898834035186676,6,sr,5.163e-15
5.9250000000000007,11.855595618110458,6,sr,6.813e-15
5.9375000000000009,11.8127248169812,6,sr,7.247e-15
5.9500000000000002,11.770221389740145,6,sr,1.582e-15
5.9625000000000004,11.728085191429315,6,sr,2.200e-15
5.9750000000000005,11.68631617669568,6,sr,4.838e-15
5.9875000000000007,11.644914402397506,6,sr,8.666e-13
6.0000000000000009,11.603880030318129,6,sr,7.233e-15
6.0125000000000002,11.563213329975662,6,sr,1.227e-15
6.0250000000000004,11.522914681549537,6,sr,7.355e-15
6.0375000000000005,11.482984578903039,6,sr,2.634e-15
6.0500000000000007,11.443423632713341,6,sr,1.572e-15
6.0625000000000009,11.404232573720464,6,sr,2.319e-11
6.0750000000000002,11.365412255973155,6,sr,3.235e-15
6.0875000000000004,11.326963660428417,6,sr,1.750e-15
6.1000000000000005,11.288887898299524,6,sr,4.557e-15
6.1125000000000007,11.251186214746877,6,sr,2.870e-16
6.1250000000000009,11.213859992543627,6,sr,1.280e-15
6.1375000000000002,11.176910755826801,6,sr,4.584e-15
6.1500000000000004,11.14034017390494,6,sr,4.335e-15
6.1625000000000005,11.104150065124962,6,sr,1.998e-11
6.1750000000000007,11.068342400665172,6,sr,3.228e-15
6.1875000000000009,11.03291930858305,6,sr,2.110e-15
6.2000000000000002,10.997883077513587,6,sr,3.574e-15
6.2125000000000004,10.963236160571297,6,sr,3.874e-15
6.2250000000000005,10.928981179086646,6,sr,1.228e-11
6.2375000000000007,10.895120926178217,6,sr,1.904e-15
6.2500000000000009,10.861658370333384,6,sr,1.752e-15
6.2625000000000002,10.828596658560716,6,sr,2.570e-16
6.2750000000000004,10.795939119444435,6,sr,3.117e-15
6.2875000000000005,10.763689265806132,6,sr,2.692e-12
6.3000000000000007,10.731850796958391,6,sr,1.869e-15
6.3125000000000009,10.700427600510439,6,sr,5.550e-16
6.3250000000000002,10.669423753525564,6,sr,1.132e-11
6.3375000000000004,10.638843523112669,6,sr,1.468e-11
6.3500000000000005,10.608691365929015,6,sr,1.015e-11
6.3625000000000007,10.578971927160881,6,sr,2.112e-11
6.3750000000000009,10.549690037932749,6,sr,2.875e-12
6.3875000000000002,10.520850711893081,6,sr,1.155e-16
6.4000000000000004,10.492459139876704,6,sr,4.113e-15
6.4125000000000005,10.464520683243858,6,sr,5.207e-12
6.4250000000000007,10.43704086516362,6,sr,1.345e-15
6.4375000000000009,10.410025359675252,6,sr,2.328e-12
6.4500000000000002,10.383479978414188,6,sr,1.449e-11
6.4625000000000004,10.357410654410815,6,sr,1.186e-15
6.4750000000000005,10.331823423043648,6,sr,1.012e-15
6.4875000000000007,10.306724399197778,6,sr,1.421e-15
6.5000000000000009,10.282119750833544,6,sr,1.092e-15
6.5125000000000002,10.258015668208754,6,sr,1.456e-11
6.5250000000000004,10.234418328300205,6,sr,3.467e-12
6.5375000000000005,10.211333854427487,6,sr,9.533e-16
6.5500000000000007,10.188768269777336,6,sr,9.261e-12
6.5625000000000009,10.166727445364062,6,sr,1.959e-16
6.5750000000000002,10.145217041065331,6,sr,3.242e-15
6.5875000000000004,10.124242440034122,6,sr,3.196e-12
6.6000000000000005,10.103808675564798,6,sr,5.651e-12
6.6125000000000007,10.083920350315852,6,sr,4.340e-12
6.6250000000000009,10.064581547555751,6,sr,7.808e-13
6.6375000000000002,10.045795734281089,6,sr,1.094e-15
6.6500000000000004,10.027565656173852,6,sr,6.240e-12
6.6625000000000005,10.009893224564097,6,sr,3.598e-14
6.6750000000000007,9.9927793955434776,6,sr,4.433e-12
6.6875000000000009,9.9762240422602773,6,sr,5.224e-16
6.7000000000000002,9.9602258207063272,6,sr,7.751e-16
6.7125000000000004,9.9447820307393595,6,sr,7.199e-14
6.7250000000000005,9.9298884735571384,6,sr,1.412e-14
6.7375000000000007,9.9155393078012892,6,sr,5.216e-16
6.7500000000000009,9.901726906663864,6,sr,1.101e-15
6.7625000000000002,9.8884417188744997,6,sr,5.803e-13
6.7750000000000004,9.8756721368970624,6,sr,6.083e-17
6.7875000000000005,9.8634043760449099,6,sr,1.646e-13
6.8000000000000007,9.8516223686635715,6,sr,3.788e-16
6.8125000000000009,9.8403076777147032,6,sr,3.956e-17
6.8250000000000002,9.8294394343535245,6,sr,5.328e-14
6.8375000000000004,9.8189943040468783,6,sr,1.821e-13
6.8500000000000005,9.8089464856429984,6,sr,2.292e-13
6.8625000000000007,9.7992677474136318,6,sr,1.417e-13
6.8750000000000009,9.7899275034762638,6,sr,1.357e-15
6.8875000000000002,9.7808929331504366,6,sr,5.159e-16
6.9000000000000004,9.7721291447095346,6,sr,1.476e-15
6.9125000000000005,9.7635993836910764,6,sr,3.517e-13
6.9250000000000007,9.7552652844496688,6,sr,2.782e-12
6.9375000000000009,9.7470871620332424,6,sr,2.365e-18
6.9500000000000002,9.7390243400024037,6,sr,1.305e-13
6.9625000000000004,9.7310355079575928,6,sr,6.279e-12
6.9750000000000005,9.7230791014813427,6,sr,1.153e-13
6.9875000000000007,9.7151136961342122,6,sr,1.214e-15
7.0000000000000009,9.7070984056945999,6,sr,9.611e-14
7.0125000000000002,9.6989932754503343,6,sr,4.782e-12
7.0250000000000004,9.690759660644229,6,sr,8.873e-14
7.0375000000000005,9.6823605807756543,6,sr,4.469e-13
7.0500000000000007,9.6737610418953839,6,sr,6.189e-16
7.0625000000000009,9.6649283194796709,6,sr,3.159e-13
7.0750000000000002,9.6558321967117955,6,sr,2.250e-13
7.0875000000000004,9.6464451543051037,6,sr,5.362e-13
7.1000000000000005,9.6367425099699151,6,sr,6.857e-13
7.1125000000000007,9.6267025072899148,6,sr,6.764e-13
7.1250000000000009,9.6163063554465076,6,sr,4.852e-13
7.1375000000000002,9.605538222623192,6,sr,1.061e-13
7.1500000000000004,9.5943851870923584,6,sr,7.021e-16
7.1625000000000005,9.5828371508644548,6,sr,2.504e-16
7.1750000000000007,9.5708867213462465,6,sr,5.949e-14
7.1875000000000009,9.5585290667612561,6,sr,8.961e-16
7.2000000000000002,9.5457617511117459,6,sr,1.526e-13
7.2125000000000004,9.5325845542827921,6,sr,4.806e-16
7.2250000000000005,9.5189992825306149,6,sr,2.089e-16
7.2375000000000007,9.505009574099887,6,sr,2.687e-16
7.2500000000000009,9.490620704160655,6,sr,6.437e-13
7.2625000000000002,9.4758393926179618,6,sr,1.394e-12
7.2750000000000004,9.460673617743625,6,sr,1.242e-12
7.2875000000000005,9.4451324379572199,6,sr,7.494e-14
7.3000000000000007,9.4292258235169157,6,sr,1.195e-15
7.3125000000000009,9.4129644993562103,6,sr,1.066e-15
7.3250000000000002,9.396359799894352,6,sr,8.032e-12
7.3375000000000004,9.3794235361175513,6,sr,2.090e-15
7.3500000000000005,9.3621678752839603,6,sr,1.728e-11
7.3625000000000007,9.3446052324936772,6,sr,1.125e-15
7.3750000000000009,9.32674817460925,6,sr,1.868e-11
7.3875000000000002,9.3086093350799608,6,sr,9.978e-16
7.4000000000000004,9.2902013394165248,6,sr,7.704e-13
7.4125000000000005,9.2715367408995224,6,sr,1.559e-11
7.4250000000000007,9.252627965225745,6,sr,4.046e-15
7.4375000000000009,9.2334872633726395,6,sr,2.216e-15
7.4500000000000002,9.2141266724141637,6,sr,1.244e-16
7.4625000000000004,9.1945579828919577,6,sr,1.706e-16
7.4750000000000005,9.174792712412593,6,sr,1.325e-15
7.4875000000000007,9.1548420846579166,6,sr,8.172e-16
7.5000000000000009,9.1347170131892792,6,sr,1.774e-15
7.5125000000000002,9.1144280894558776,6,sr,1.633e-16
7.5250000000000004,9.0939855744665277,6,sr,1.758e-15
7.5375000000000005,9.0733993936327764,6,sr,1.110e-16
7.5500000000000007,9.0526791343386641,6,sr,1.678e-15
7.5625000000000009,9.0318340458376376,6,sr,2.768e-15
7.5750000000000002,9.0108730411105018,6,sr,1.126e-11
7.5875000000000004,8.9898047004325754,6,sr,3.867e-16
7.6000000000000005,8.9686372761741016,6,sr,2.608e-16
7.6125000000000007,8.9473786989135853,6,sr,3.364e-15
7.6250000000000009,8.9260365843218477,6,sr,5.453e-16
7.6375000000000002,8.9046182408242949,6,sr,2.430e-15
7.6500000000000004,8.8831306778129608,6,sr,8.872e-16
7.6625000000000005,8.8615806142764946,6,sr,2.070e-15
7.6750000000000007,8.8399744877207436,6,sr,9.262e-12
7.6875000000000009,8.8183184633203453,6,sr,1.485e-15
7.7000000000000002,8.7966184430811651,6,sr,4.276e-15
7.7125000000000004,8.7748800751596185,6,sr,2.376e-15
7.7250000000000005,8.7531087630561135,6,sr,2.619e-15
7.7375000000000007,8.7313096747631,6,sr,8.820e-16
7.7500000000000009,8.7094877517808698,6,sr,6.459e-15
7.7625000000000002,8.6876477179726379,6,sr,1.027e-14
7.7750000000000004,8.665794088231026,6,sr,2.195e-15
7.7875000000000005,8.6439311769339593,6,sr,3.057e-16
7.8000000000000007,8.6220631061729094,6,sr,4.397e-15
7.8125000000000009,8.6001938137477154,6,sr,1.232e-11
7.8250000000000002,8.5783270608727662,6,sr,5.737e-15
7.8375000000000004,8.5564664397272718,6,sr,1.431e-15
7.8500000000000005,8.5346153806159428,6,sr,5.118e-15
7.8625000000000007,8.5127771589696604,6,sr,1.113e-14
7.8750000000000009,8.4909549020488591,6,sr,2.685e-15
7.8875000000000002,8.4691515953982393,6,sr,5.332e-15
7.9000000000000004,8.4473700890498105,6,sr,7.030e-15
7.9125000000000005,8.4256131034791952,6,sr,6.670e-16
7.9250000000000007,8.4038832353205777,6,sr,1.182e-15
7.9375000000000009,8.382182962846608,6,sr,5.251e-15
7.9500000000000002,8.3605146512198374,6,sr,6.828e-15
7.9625000000000004,8.3388805575226694,6,sr,2.408e-15
7.9750000000000005,8.3172828355731756,6,sr,1.680e-14
7.9875000000000007,8.295723540534107,6,sr,6.195e-15
8,8.2742046333225279,6,sr,5.360e-15
8.0124999999999993,8.2527279848277306,6,sr,1.451e-14
8.0250000000000004,8.2312953799446635,6,sr,6.236e-15
8.0374999999999996,8.2099085214305099,6,sr,1.614e-15
8.0499999999999989,8.1885690335913157,6,sr,4.425e-15
8.0625,8.1672784658061133,6,sr,1.999e-14
8.0749999999999993,8.146038295895341,6,sr,1.554e-15
8.0875000000000004,8.1248499333401387,6,sr,2.299e-15
8.0999999999999996,8.1037147223594399,6,sr,3.331e-15
8.1124999999999989,8.0826339448508389,6,sr,2.001e-14
8.125,8.0616088232015688,6,sr,1.133e-14
8.1374999999999993,8.0406405229755524,6,sr,3.766e-15
8.1500000000000004,8.0197301554819127,6,sr,6.154e-15
8.1624999999999996,7.9988787802308554,6,sr,3.616e-15
8.1749999999999989,7.9780874072818078,6,sr,3.350e-15
8.1875,7.9573569994890869,6,sr,2.351e-14
8.1999999999999993,7.9366884746498814,6,sr,1.295e-14
8.2125000000000004,7.9160827075590579,6,sr,4.175e-15
8.2249999999999996,7.8955405319754561,6,sr,6.439e-15
8.2374999999999989,7.875062742504948,6,sr,3.869e-12
8.25,7.8546500963958064,6,sr,6.400e-15
8.2624999999999993,7.83430331527605,6,sr,3.758e-15
8.2750000000000004,7.8140230867934175,6,sr,1.539e-15
8.2874999999999996,7.7938100662045926,6,sr,1.649e-15
8.2999999999999989,7.7736648778911457,6,sr,6.457e-15
8.3125,7.753588116814111,6,sr,1.106e-15
8.3249999999999993,7.7335803499089737,6,sr,1.059e-15
8.3375000000000004,7.7136421174240253,6,sr,1.012e-14
8.3499999999999996,7.6937739342048639,6,sr,2.947e-15
8.3624999999999989,7.6739762909277562,6,sr,5.352e-15
8.375,7.6542496552843078,6,sr,6.649e-16
8.3874999999999993,7.6345944731200088,6,sr,8.979e-15
8.4000000000000004,7.6150111695288567,6,sr,1.246e-13
8.4124999999999996,7.5955001499061305,6,sr,4.026e-15
8.4249999999999989,7.5760618009621208,6,sr,8.747e-15
8.4375,7.5566964916976103,6,sr,5.086e-15
8.4499999999999993,7.5374045743442473,6,sr,1.020e-14
8.4625000000000004,7.5181863852709334,6,sr,8.920e-15
8.4749999999999996,7.4990422458582158,6,sr,5.438e-15
8.4874999999999989,7.4799724633402915,6,sr,7.583e-12
8.5,7.4609773316304882,6,sr,8.587e-15
8.5124999999999993,7.442057132089043,6,sr,5.815e-15
8.5250000000000004,7.4232121343057997,6,sr,7.645e-16
8.5374999999999996,7.404442596828134,6,sr,1.769e-15
8.5499999999999989,7.3857487678780815,6,sr,2.831e-15
8.5625,7.3671308860457962,6,sr,6.889e-16
8.5749999999999993,7.3485891809625903,6,sr,3.449e-16
8.5875000000000004,7.3301238739566568,6,sr,7.364e-12
8.5999999999999996,7.3117351786793643,6,sr,6.890e-15
8.6124999999999989,7.2934233017430383,6,sr,5.300e-15
8.625,7.2751884433079752,6,sr,1.195e-11
8.6374999999999993,7.2570307976648403,6,sr,4.431e-15
8.6500000000000004,7.2389505538374053,6,sr,1.803e-15
8.6624999999999996,7.220947896099144,6,sr,5.708e-11
8.6749999999999989,7.2030230046097801,6,sr,4.753e-15
8.6875,7.1851760558073927,6,sr,2.707e-12
8.6999999999999993,7.1674072230771442,6,sr,1.873e-15
8.7125000000000004,7.14971667720254,6,sr,9.732e-12
8.7249999999999996,7.1321045868989117,6,sr,1.330e-11
8.7374999999999989,7.1145711192796135,6,sr,3.917e-12
8.75,7.0971164404282021,6,sr,9.844e-11
8.7624999999999993,7.0797407157296695,6,sr,2.702e-12
8.7750000000000004,7.0624441106119127,6,sr,4.154e-15
8.7874999999999996,7.0452267907861463,6,sr,4.178e-11
8.7999999999999989,7.0280889227989851,6,sr,6.402e-15
8.8125,7.0110306745807813,6,sr,7.613e-16
8.8249999999999993,6.9940522158129976,6,sr,5.485e-15
8.8375000000000004,6.977153718448359,6,sr,3.454e-15
8.8499999999999996,6.9603353571678444,6,sr,4.316e-15
8.8624999999999989,6.9435973098476023,6,sr,1.490e-15
8.875,6.9269397580261503,6,sr,7.975e-15
8.8874999999999993,6.9103628873725444,6,sr,6.584e-15
8.9000000000000004,6.8938668881561265,6,sr,3.950e-15
8.9124999999999996,6.8774519557186053,6,sr,3.018e-15
8.9249999999999989,6.8611182909490411,6,sr,4.678e-15
8.9375,6.8448661007587743,6,sr,1.487e-11
8.9499999999999993,6.8286955985829172,6,sr,9.111e-15
8.9625000000000004,6.8126070048310838,6,sr,2.181e-15
8.9749999999999996,6.7966005474180324,6,sr,1.233e-14
8.9874999999999989,6.7806764622448998,6,sr,3.114e-15
9,6.7648349937023511,6,sr,2.897e-11
9.0124999999999993,6.7490763952216879,6,sr,1.563e-14
9.0250000000000004,6.7334009297243362,6,sr,4.053e-15
9.0374999999999996,6.7178088702269667,6,sr,8.032e-15
9.0499999999999989,6.7023005003463894,6,sr,8.475e-15
9.0625,6.6868761148589035,6,sr,2.216e-15
9.0749999999999993,6.6715360202634111,6,sr,5.343e-15
9.0875000000000004,6.6562805353564052,6,sr,3.432e-15
9.0999999999999996,6.6411099918195431,6,sr,2.399e-15
9.1124999999999989,6.6260247348204757,6,sr,2.188e-15
9.125,6.6110251236277291,6,sr,8.519e-15
9.1374999999999993,6.596111532240311,6,sr,8.084e-15
9.1500000000000004,6.5812843500327869,6,sr,4.782e-15
9.1624999999999996,6.5665439824165626,6,sr,7.021e-15
9.1749999999999989,6.5518908515181229,6,sr,1.209e-14
9.1875,6.537325396874869,6,sr,2.597e-14
9.1999999999999993,6.5228480761494243,6,sr,2.636e-14
9.2125000000000004,6.5084593658628451,6,sr,1.687e-14
9.2249999999999996,6.4941597621478682,6,sr,6.582e-15
9.2374999999999989,6.4799497815212295,6,sr,4.136e-12
9.25,6.4658299616841379,6,sr,9.199e-15
9.2624999999999993,6.4518008623271443,6,sr,1.967e-14
9.2750000000000004,6.437863065980487,6,sr,2.926e-14
9.2874999999999996,6.4240171788698976,6,sr,1.401e-14
9.2999999999999989,6.4102638318029568,6,sr,2.959e-15
9.3125,6.3966036810779245,6,sr,9.306e-15
9.3249999999999993,6.3830374094169775,6,sr,4.099e-14
9.3375000000000004,6.3695657269238222,6,sr,5.354e-15
9.3499999999999996,6.3561893720663223,6,sr,1.028e-15
9.3624999999999989,6.342909112683679,6,sr,3.929e-14
9.375,6.3297257470353552,6,sr,5.447e-11
9.3874999999999993,6.3166401047740033,6,sr,1.689e-14
9.4000000000000004,6.3036530481944011,6,sr,2.582e-14
9.4124999999999996,6.2907654731703389,6,sr,2.357e-15
9.4249999999999989,6.2779783103666071,6,sr,4.172e-14
9.4375,6.2652925263719368,6,sr,3.044e-15
9.4499999999999993,6.2527091248698552,6,sr,4.464e-14
9.4625000000000004,6.2402291478282272,6,sr,5.742e-15
9.4749999999999996,6.2278536767064576,6,sr,4.308e-14
9.4874999999999989,6.2155838336769715,6,sr,1.830e-15
9.5,6.2034207828591175,6,sr,2.699e-14
9.5124999999999993,6.191365731561226,6,sr,7.473e-15
9.5250000000000004,6.1794199315276455,6,sr,5.713e-15
9.5374999999999996,6.1675846801855405,6,sr,4.232e-14
9.5499999999999989,6.1558613218864693,6,sr,2.772e-15
9.5625,6.1442512491365937,6,sr,1.000e-15
9.5749999999999993,6.132755903808083,6,sr,4.028e-14
9.5875000000000004,6.1213767783239641,6,sr,5.416e-15
9.5999999999999996,6.110115416807222,6,sr,8.140e-16
9.6125000000000007,6.098973416183143,6,sr,1.437e-14
9.625,6.0879524272236356,6,sr,3.107e-14
9.6374999999999993,6.0770541555196154,6,sr,1.628e-14
9.6500000000000004,6.0662803623666539,6,sr,4.015e-15
9.6624999999999996,6.0556328655463787,6,sr,3.590e-15
9.6750000000000007,6.0451135399850644,6,sr,4.565e-15
9.6875,6.0347243182444963,6,sr,5.387e-11
9.6999999999999993,6.0244671909835228,6,sr,3.118e-15
9.7125000000000004,6.014344206877265,6,sr,8.358e-16
9.7249999999999996,6.0043574727752755,6,sr,2.164e-15
9.7375000000000007,5.9945091532550903,6,sr,6.653e-16
9.75,5.9848014700110799,6,sr,2.254e-11
9.7624999999999993,5.97523670095031,6,sr,9.494e-16
9.7750000000000004,5.9658171787533716,6,sr,3.735e-15
9.7874999999999996,5.9565452892213049,6,sr,4.980e-15
9.8000000000000007,5.9474234689869556,6,sr,1.515e-14
9.8125,5.9384542027552154,6,sr,1.137e-14
9.8249999999999993,5.92964001996065,6,sr,4.714e-11
9.8375000000000004,5.9209834906142662,6,sr,2.598e-15
9.8499999999999996,5.9124872207832126,6,sr,9.812e-15
9.8625000000000007,5.9041538467657304,6,sr,1.942e-15
9.875,5.8959860287394354,6,sr,3.514e-15
9.8874999999999993,5.8879864432794173,6,sr,5.708e-15
9.9000000000000004,5.8801577748262241,6,sr,2.922e-15
9.9124999999999996,5.8725027059835222,6,sr,5.719e-15
9.9250000000000007,5.8650239065528629,6,sr,1.130e-11
9.9375,5.8577240211561694,6,sr,5.411e-15
9.9499999999999993,5.8506056554875618,6,sr,1.273e-16
9.9625000000000004,5.84367136085209,6,sr,2.464e-16
9.9749999999999996,5.8369236171324648,6,sr,1.097e-15
9.9875000000000007,5.8303648139452013,6,sr,6.031e-17
10,5.8239972299478637,6,sr,3.581e-15
6.1125000000000007,14.955713380507493,7,sr,1.761e-15
6.1250000000000009,14.903609103001164,7,sr,1.748e-15
6.1375000000000002,14.851990119181783,7,sr,7.686e-16
6.1500000000000004,14.800858292064589,7,sr,6.507e-15
6.1625000000000005,14.750215701974383,7,sr,2.035e-15
6.1750000000000007,14.700064654494698,7,sr,2.598e-11
6.1875000000000009,14.650407688850429,7,sr,4.124e-15
6.2000000000000002,14.601247586236221,7,sr,3.951e-16
6.2125000000000004,14.552587378882212,7,sr,6.612e-16
6.2250000000000005,14.504430359025028,7,sr,1.649e-11
6.2375000000000007,14.456780088354273,7,sr,8.298e-16
6.2500000000000009,14.40964040741326,7,sr,6.534e-12
6.2625000000000002,14.363015445534996,7,sr,2.686e-15
6.2750000000000004,14.31690963058888,7,sr,2.780e-15
6.2875000000000005,14.271327699038849,7,sr,7.330e-16
6.3000000000000007,14.226274705913829,7,sr,2.416e-16
6.3125000000000009,14.181756034763122,7,sr,2.627e-15
6.3250000000000002,14.137777407457527,7,sr,2.481e-15
6.3375000000000004,14.09434489371557,7,sr,1.282e-11
6.3500000000000005,14.051464920323507,7,sr,1.330e-15
6.3625000000000007,14.009144279563962,7,sr,1.751e-11
6.3750000000000009,13.967390137324033,7,sr,2.023e-15
6.3875000000000002,13.926210039718109,7,sr,1.110e-15
6.4000000000000004,13.885611919006964,7,sr,1.260e-15
6.4125000000000005,13.845604097689005,7,sr,1.461e-15
6.4250000000000007,13.806195290875651,7,sr,1.602e-15
6.4375000000000009,13.767394606414305,7,sr,7.377e-16
6.4500000000000002,13.729211542318518,7,sr,9.118e-12
6.4625000000000004,13.691655981082981,7,sr,2.308e-15
6.4750000000000005,13.654738180031199,7,sr,1.072e-12
6.4875000000000007,13.618468757518505,7,sr,1.510e-11
6.5000000000000009,13.582858673624569,7,sr,1.047e-11
6.5125000000000002,13.54791920521329,7,sr,1.195e-11
6.5250000000000004,13.513661913681272,7,sr,1.147e-11
6.5375000000000005,13.480098605164629,7,sr,9.079e-12
6.5500000000000007,13.447241281208845,7,sr,5.117e-16
6.5625000000000009,13.415102079489197,7,sr,8.913e-12
6.5750000000000002,13.383693202936628,7,sr,7.200e-12
6.5875000000000004,13.353026835595497,7,sr,9.781e-12
6.6000000000000005,13.323115044313351,7,sr,8.348e-12
6.6125000000000007,13.293969664304262,7,sr,3.557e-12
6.6250000000000009,13.265602167323102,7,sr,2.005e-15
6.6375000000000002,13.238023510917257,7,sr,5.741e-12
6.6500000000000004,13.211243967476388,7,sr,9.950e-16
6.6625000000000005,13.185272931633165,7,sr,4.631e-16
6.6750000000000007,13.160118705570394,7,sr,9.718e-12
6.6875000000000009,13.135788261437835,7,sr,8.025e-16
6.7000000000000002,13.112286980707161,7,sr,7.839e-16
6.7125000000000004,13.089618371861826,7,sr,1.722e-13
6.7250000000000005,13.067783767234037,7,sr,1.673e-12
6.7375000000000007,13.046782002069973,7,sr,7.532e-17
6.7500000000000009,13.026609079412884,7,sr,5.206e-16
6.7625000000000002,13.007257826158598,7,sr,1.169e-16
6.7750000000000004,12.988717546875511,7,sr,2.567e-13
6.7875000000000005,12.97097368383397,7,sr,3.768e-16
6.8000000000000007,12.954007493205696,7,sr,2.389e-14
6.8125000000000009,12.937795749043138,7,sr,8.556e-14
6.8250000000000002,12.922310487969495,7,sr,3.306e-16
6.8375000000000004,12.907518808594624,7,sr,2.824e-13
6.8500000000000005,12.893382740153264,7,sr,2.600e-13
6.8625000000000007,12.879859194756786,7,sr,4.974e-15
6.8750000000000009,12.866900016629659,7,sr,4.523e-16
6.8875000000000002,12.854452139798603,7,sr,5.922e-14
6.9000000000000004,12.842457862769518,7,sr,5.674e-16
6.9125000000000005,12.830855244784809,7,sr,5.901e-16
6.9250000000000007,12.819578623453591,7,sr,2.934e-14
6.9375000000000009,12.808559248098911,7,sr,1.675e-13
6.9500000000000002,12.797726017371659,7,sr,1.828e-13
6.9625000000000004,12.787006304015067,7,sr,7.594e-12
6.9750000000000005,12.77632684429345,7,sr,4.872e-13
6.9875000000000007,12.765614666109633,7,sr,7.441e-15
7.0000000000000009,12.754798025719504,7,sr,1.135e-13
7.0125000000000002,12.743807323504933,7,sr,6.378e-12
7.0250000000000004,12.732575968543131,7,sr,5.540e-16
7.0375000000000005,12.721041165406087,7,sr,1.532e-13
7.0500000000000007,12.709144599390589,7,sr,1.191e-16
7.0625000000000009,12.696833003136195,7,sr,4.095e-13
7.0750000000000002,12.684058592560161,7,sr,3.287e-16
7.0875000000000004,12.67077936690468,7,sr,1.485e-13
7.1000000000000005,12.656959273777741,7,sr,4.912e-13
7.1125000000000007,12.642568245511059,7,sr,6.960e-16
7.1250000000000009,12.627582117795068,7,sr,1.878e-15
7.1375000000000002,12.611982445003868,7,sr,3.231e-13
7.1500000000000004,12.595756228799912,7,sr,5.314e-14
7.1625000000000005,12.57889557771837,7,sr,7.131e-16
7.1750000000000007,12.561397315468053,7,sr,1.793e-13
7.1875000000000009,12.543262554813117,7,sr,1.930e-15
7.2000000000000002,12.524496252475847,7,sr,2.741e-16
7.2125000000000004,12.505106758555927,7,sr,1.073e-14
7.2250000000000005,12.485105371857001,7,sr,1.566e-14
7.2375000000000007,12.464505910283153,7,sr,8.195e-17
7.2500000000000009,12.443324303342052,7,sr,4.162e-16
7.2625000000000002,12.42157821181911,7,sr,3.707e-12
7.2750000000000004,12.399286677877951,7,sr,4.724e-16
7.2875000000000005,12.376469807556555,7,sr,5.261e-12
7.3000000000000007,12.353148485912863,7,sr,1.330e-15
7.3125000000000009,12.329344124871589,7,sr,4.954e-16
7.3250000000000002,12.305078442135647,7,sr,5.066e-14
7.3375000000000004,12.28037326986664,7,sr,1.198e-12
7.3500000000000005,12.255250390870398,7,sr,6.658e-13
7.3625000000000007,12.229731400127044,7,sr,1.919e-15
7.3750000000000009,12.20383758925853,7,sr,3.900e-16
7.3875000000000002,12.177589851601239,7,sr,1.931e-15
7.4000000000000004,12.151008605597491,7,sr,1.360e-11
7.4125000000000005,12.124113734175978,7,sr,1.889e-15
7.4250000000000007,12.096924538459369,7,sr,1.296e-12
7.4375000000000009,12.069459703271374,7,sr,1.579e-16
7.4500000000000002,12.041737273329044,7,sr,1.443e-15
7.4625000000000004,12.013774638236081,7,sr,2.007e-15
7.4750000000000005,11.985588524973409,7,sr,1.173e-11
7.4875000000000007,11.957194996581592,7,sr,2.178e-15
7.5000000000000009,11.928609456218263,7,sr,4.118e-16
7.5125000000000002,11.899846655189368,7,sr,3.735e-15
7.5250000000000004,11.870920704582074,7,sr,1.315e-11
7.5375000000000005,11.841845089609555,7,sr,1.182e-16
7.5500000000000007,11.812632685881413,7,sr,2.458e-15
7.5625000000000009,11.783295777527879,7,sr,1.821e-16
7.5750000000000002,11.753846076286033,7,sr,2.030e-15
7.5875000000000004,11.724294741455051,7,sr,1.870e-15
7.6000000000000005,11.694652400323148,7,sr,2.465e-15
7.6125000000000007,11.664929168828669,7,sr,4.228e-12
7.6250000000000009,11.63513467222438,7,sr,2.318e-12
7.6375000000000002,11.605278065641819,7,sr,1.007e-11
7.6500000000000004,11.575368054296659,7,sr,1.835e-11
7.6625000000000005,11.545412913366604,7,sr,2.443e-11
7.6750000000000007,11.515420507361016,7,sr,2.717e-11
7.6875000000000009,11.485398308950614,7,sr,2.645e-11
7.7000000000000002,11.455353417206178,7,sr,2.275e-11
7.7125000000000004,11.425292575212499,7,sr,1.713e-11
7.7250000000000005,11.395222187035483,7,sr,1.087e-11
7.7375000000000007,11.365148334030186,7,sr,5.326e-12
7.7500000000000009,11.335076790485493,7,sr,1.562e-12
7.7625000000000002,11.305013038607553,7,sr,4.796e-14
7.7750000000000004,11.274962282832442,7,sr,2.852e-11
7.7875000000000005,11.244929463597803,7,sr,7.497e-17
7.8000000000000007,11.214919270235768,7,sr,1.212e-15
7.8125000000000009,11.184936153589655,7,sr,1.479e-12
7.8250000000000002,11.154984337780192,7,sr,5.579e-12
7.8375000000000004,11.125067831532267,7,sr,1.824e-12
7.8500000000000005,11.095190438874878,7,sr,1.439e-11
7.8625000000000007,11.065355769379648,7,sr,4.925e-11
7.8750000000000009,11.035567247785169,7,sr,1.923e-15
7.8875000000000002,11.005828123395574,7,sr,2.345e-15
7.9000000000000004,10.976141478619351,7,sr,3.589e-15
7.9125000000000005,10.946510237397316,7,sr,9.707e-15
7.9250000000000007,10.916937173067211,7,sr,1.045e-14
7.9375000000000009,10.887424915852714,7,sr,1.347e-14
7.9500000000000002,10.857975959971478,7,sr,8.938e-15
7.9625000000000004,10.828592670381239,7,sr,6.035e-15
7.9750000000000005,10.799277289182431,7,sr,5.310e-15
7.9875000000000007,10.77003194169493,7,sr,6.876e-13
8,10.740858642223944,7,sr,4.434e-15
8.0124999999999993,10.711759299537157,7,sr,1.261e-14
8.0250000000000004,10.682735722058409,7,sr,1.394e-14
8.0374999999999996,10.653789622802604,7,sr,6.929e-15
8.0499999999999989,10.624922624059925,7,sr,8.767e-15
8.0625,10.596136261844393,7,sr,5.945e-15
8.0749999999999993,10.567431990119292,7,sr,1.432e-14
8.0875000000000004,10.53881118481131,7,sr,3.923e-15
8.0999999999999996,10.510275147646896,7,sr,6.019e-11
8.1124999999999989,10.48182510966689,7,sr,1.275e-14
8.125,10.453462234893696,7,sr,1.301e-14
8.1374999999999993,10.425187623398006,7,sr,3.092e-11
8.1500000000000004,10.397002314471582,7,sr,5.924e-15
8.1624999999999996,10.36890728967928,7,sr,5.484e-15
8.1749999999999989,10.340903475571897,7,sr,1.122e-14
8.1875,10.312991746426956,7,sr,1.749e-14
8.1999999999999993,10.285172926805151,7,sr,2.861e-11
8.2125000000000004,10.257447793939665,7,sr,1.729e-14
8.2249999999999996,10.229817080152511,7,sr,4.755e-15
8.2374999999999989,10.202281474972946,7,sr,1.492e-14
8.25,10.174841627295164,7,sr,6.221e-15
8.2624999999999993,10.147498147381761,7,sr,3.061e-14
8.2750000000000004,10.120251608803823,7,sr,6.157e-11
8.2874999999999996,10.093102550179538,7,sr,5.212e-15
8.2999999999999989,10.066051477116089,7,sr,1.595e-15
8.3125,10.039098863692734,7,sr,1.076e-14
8.3249999999999993,10.012245154155657,7,sr,1.809e-14
8.3375000000000004,9.9854907644287927,7,sr,1.311e-15
8.3499999999999996,9.9588360835775447,7,sr,9.467e-15
8.3624999999999989,9.9322814752100577,7,sr,1.895e-14
8.375,9.9058272788192951,7,sr,9.890e-15
8.3874999999999993,9.8794738110691487,7,sr,8.184e-16
8.4000000000000004,9.8532213670276469,7,sr,3.900e-15
8.4124999999999996,9.8270702213501053,7,sr,7.206e-15
8.4249999999999989,9.801020629414916,7,sr,2.684e-15
8.4375,9.7750728284159667,7,sr,4.909e-12
8.4499999999999993,9.7492270384046673,7,sr,6.073e-15
8.4625000000000004,9.723483463312327,7,sr,8.222e-15
8.4749999999999996,9.6978422919077296,7,sr,1.539e-15
8.4874999999999989,9.6723036987394178,7,sr,2.588e-15
8.5,9.6468678450362653,7,sr,4.062e-15
8.5124999999999993,9.621534879577748,7,sr,2.889e-15
8.5250000000000004,9.5963049395343383,7,sr,9.420e-15
8.5374999999999996,9.5711781512799003,7,sr,7.908e-17
8.5499999999999989,9.5461546311775667,7,sr,1.479e-15
8.5625,9.5212344863408926,7,sr,1.111e-14
8.5749999999999993,9.4964178153716894,7,sr,5.007e-15
8.5875000000000004,9.4717047090760502,7,sr,3.077e-15
8.5999999999999996,9.4470952511599808,7,sr,7.198e-15
8.6124999999999989,9.4225895189059834,7,sr,2.609e-15
8.625,9.3981875838318771,7,sr,8.000e-15
8.6374999999999993,9.3738895123331627,7,sr,2.238e-15
8.6500000000000004,9.3496953663266638,7,sr,6.561e-11
8.6624999999999996,9.3256052037968171,7,sr,6.459e-11
8.6749999999999989,9.3016190794801368,7,sr,4.152e-15
8.6875,9.2777370454502517,7,sr,2.471e-15
8.6999999999999993,9.2539591516215882,7,sr,2.514e-11
8.7125000000000004,9.2302854463499031,7,sr,1.456e-12
8.7249999999999996,9.2067159770347082,7,sr,1.903e-11
8.7374999999999989,9.1832507906245571,7,sr,1.154e-11
8.75,9.1598899341632212,7,sr,8.616e-14
8.7624999999999993,9.136633455338508,7,sr,9.315e-15
8.7750000000000004,9.1134814030211544,7,sr,1.750e-15
8.7874999999999996,9.0904338277746142,7,sr,3.947e-11
8.7999999999999989,9.0674907824331132,7,sr,2.376e-15
8.8125,9.0446523225195161,7,sr,3.382e-11
8.8249999999999993,9.0219185069076691,7,sr,3.732e-16
8.8375000000000004,8.999289398218755,7,sr,2.724e-11
8.8499999999999996,8.976765063403775,7,sr,4.616e-15
8.8624999999999989,8.9543455742953757,7,sr,9.119e-12
8.875,8.9320310080636673,7,sr,1.585e-14
8.8874999999999993,8.9098214477966824,7,sr,2.068e-11
8.9000000000000004,8.8877169830299199,7,sr,1.366e-14
8.9124999999999996,8.8657177102443452,7,sr,7.161e-15
8.9249999999999989,8.8438237334593275,7,sr,2.480e-15
8.9375,8.8220351647573985,7,sr,1.119e-14
8.9499999999999993,8.800352124847505,7,sr,1.472e-15
8.9625000000000004,8.7787747436315122,7,sr,1.206e-15
8.9749999999999996,8.7573031607803014,7,sr,1.936e-15
8.9874999999999989,8.7359375263202228,7,sr,3.264e-15
9,8.7146780012529241,7,sr,8.643e-11
9.0124999999999993,8.6935247580560961,7,sr,3.689e-15
9.0250000000000004,8.6724779815264998,7,sr,1.238e-14
9.0374999999999996,8.6515378691991032,7,sr,2.997e-15
9.0499999999999989,8.6307046321106125,7,sr,5.307e-15
9.0625,8.609978495448086,7,sr,6.683e-13
9.0749999999999993,8.5893596992383667,7,sr,1.898e-15
9.0875000000000004,8.568848499053928,7,sr,1.684e-15
9.0999999999999996,8.5484451667424892,7,sr,1.175e-14
9.1124999999999989,8.5281499911754857,7,sr,1.769e-14
9.125,8.5079632790204265,7,sr,1.727e-14
9.1374999999999993,8.4878853555371414,7,sr,2.194e-14
9.1500000000000004,8.4679165653994932,7,sr,2.561e-14
9.1624999999999996,8.4480572735439949,7,sr,2.546e-14
9.1749999999999989,8.4283078660467012,7,sr,3.107e-14
9.1875,8.4086687510299107,7,sr,4.703e-15
9.1999999999999993,8.3891403596002334,7,sr,6.457e-15
9.2125000000000004,8.3697231468361686,7,sr,5.996e-11
9.2249999999999996,8.3504175927101194,7,sr,2.198e-15
9.2374999999999989,8.3312242032969586,7,sr,1.011e-14
9.25,8.3121435116865801,7,sr,1.920e-14
9.2624999999999993,8.2931760791865443,7,sr,3.802e-14
9.2750000000000004,8.2743224964657909,7,sr,4.357e-15
9.2874999999999996,8.2555833847585625,7,sr,2.858e-15
9.2999999999999989,8.2369593971130719,7,sr,2.283e-14
9.3125,8.2184512196873438,7,sr,1.866e-14
9.3249999999999993,8.2000595730937107,7,sr,9.181e-15
9.3375000000000004,8.1817852137942566,7,sr,1.183e-14
9.3499999999999996,8.1636289355487826,7,sr,2.380e-14
9.3624999999999989,8.1455915709172917,7,sr,6.902e-15
9.375,8.1276739928191919,7,sr,4.673e-14
9.3874999999999993,8.1098771161429806,7,sr,2.353e-11
9.4000000000000004,8.092201899461319,7,sr,3.964e-14
9.4124999999999996,8.0746493466955052,7,sr,3.500e-15
9.4249999999999989,8.0572205089930566,7,sr,3.635e-14
9.4375,8.0399164865549526,7,sr,1.033e-11
9.4499999999999993,8.0227384305944316,7,sr,4.805e-14
9.4625000000000004,8.0056875453044629,7,sr,2.529e-15
9.4749999999999996,7.9887650899626106,7,sr,1.697e-14
9.4874999999999989,7.9719723810531038,7,sr,2.750e-14
9.5,7.9553107944793497,7,sr,2.047e-15
9.5124999999999993,7.9387817678420269,7,sr,1.396e-14
9.5250000000000004,7.9223868027860886,7,sr,3.996e-14
9.5374999999999996,7.9061274674153816,7,sr,8.328e-16
9.5499999999999989,7.890005398773221,7,sr,1.432e-12
9.5625,7.8740223053831979,7,sr,1.384e-14
9.5749999999999993,7.8581799698574279,7,sr,2.697e-14
9.5875000000000004,7.8424802515490111,7,sr,4.453e-14
9.5999999999999996,7.8269250892619819,7,sr,2.067e-14
9.6125000000000007,7.8115165039996111,7,sr,7.357e-15
9.625,7.7962566017468014,7,sr,1.490e-15
9.6374999999999993,7.7811475762748046,7,sr,3.187e-15
9.6500000000000004,7.766191711955722,7,sr,7.541e-15
9.6624999999999996,7.7513913865715853,7,sr,8.003e-15
9.6750000000000007,7.7367490741000742,7,sr,1.578e-14
9.6875,7.7222673474559231,7,sr,2.444e-14
9.6999999999999993,7.707948881163408,7,sr,2.354e-14
9.7125000000000004,7.6937964539313342,7,sr,5.422e-15
9.7249999999999996,7.6798129510873645,7,sr,2.197e-11
9.7375000000000007,7.666001366906718,7,sr,7.250e-15
9.75,7.6523648065710992,7,sr,2.287e-14
9.7624999999999993,7.6389064880758824,7,sr,8.853e-15
9.7750000000000004,7.6256297436601193,7,sr,1.112e-15
9.7874999999999996,7.6125380209157978,7,sr,2.021e-14
9.8000000000000007,7.5996348834489922,7,sr,3.788e-11
9.8125,7.5869240108777376,7,sr,6.320e-15
9.8249999999999993,7.5744091985018196,7,sr,4.654e-16
9.8375000000000004,7.5620943558238976,7,sr,8.478e-15
9.8499999999999996,7.5499835045198989,7,sr,1.021e-13
9.8625000000000007,7.5380807752982388,7,sr,7.384e-15
9.875,7.5263904036443199,7,sr,2.411e-15
9.8874999999999993,7.5149167242694208,7,sr,1.943e-12
9.9000000000000004,7.5036641640930863,7,sr,3.098e-16
9.9124999999999996,7.4926372335404414,7,sr,8.815e-15
9.9250000000000007,7.481840515985053,7,sr,1.512e-15
9.9375,7.4712786550657739,7,sr,6.571e-16
9.9499999999999993,7.4609563396568976,7,sr,3.011e-15
9.9625000000000004,7.4508782862208962,7,sr,2.098e-15
9.9749999999999996,7.4410492182677768,7,sr,3.165e-15
9.9875000000000007,7.4314738426317763,7,sr,1.194e-15
10,7.4221568222673318,7,sr,3.705e-15
7.3625000000000007,-9.9137693937385798,8,sr,3.395e-16
7.3750000000000009,-9.2782492473628047,8,sr,2.164e-16
7.3875000000000002,-8.6980985316723523,8,sr,2.316e-16
7.4000000000000004,-8.1670932576974558,8,sr,7.721e-17
7.4125000000000005,-7.6798592165481061,8,sr,3.519e-17
7.4250000000000007,-7.2317365409292371,8,sr,1.187e-16
7.4375000000000009,-6.8186687895211655,8,sr,8.263e-16
7.4500000000000002,-6.4371116089418194,8,sr,2.325e-16
7.4625000000000004,-6.0839571221450974,8,sr,7.399e-16
7.4750000000000005,-5.7564710237652879,8,sr,2.127e-16
7.4875000000000007,-5.4522399997222779,8,sr,1.119e-16
7.5000000000000009,-5.1691275794249938,8,sr,1.323e-15
7.5125000000000002,-4.905236910034434,8,sr,2.233e-13
7.5250000000000004,-4.6588792398908954,8,sr,2.519e-15
7.5375000000000005,-4.4285471322600083,8,sr,4.424e-15
7.5500000000000007,-4.2128916151082176,8,sr,7.494e-15
7.5625000000000009,-4.0107026198426121,8,sr,6.470e-17
7.5750000000000002,-3.8208921789609271,8,sr,1.921e-16
7.5875000000000004,-3.6424799468525677,8,sr,5.675e-17
7.6000000000000005,-3.4745806838714115,8,sr,1.467e-15
7.6125000000000007,-3.3163934053214459,8,sr,2.079e-16
7.6250000000000009,-3.1671919470408993,8,sr,2.827e-17
7.6375000000000002,-3.0263167401644893,8,sr,3.912e-17
7.6500000000000004,-2.8931676211868775,8,sr,3.086e-14
7.6625000000000005,-2.7671975310795403,8,sr,1.449e-16
7.6750000000000007,-2.6479069800356769,8,sr,4.741e-14
7.6875000000000009,-2.5348391733825881,8,sr,7.308e-16
7.7000000000000002,-2.4275757099279089,8,sr,7.005e-14
7.7125000000000004,-2.3257327772239735,8,sr,5.922e-16
7.7250000000000005,-2.2289577792039759,8,sr,4.226e-14
7.7375000000000007,-2.1369263409814989,8,sr,4.740e-17
7.7500000000000009,-2.0493396433501672,8,sr,2.776e-14
7.7625000000000002,-1.9659220461859936,8,sr,1.381e-16
7.7750000000000004,-1.8864189655047838,8,sr,1.762e-16
7.7875000000000005,-1.8105949737221376,8,sr,8.303e-17
7.8000000000000007,-1.7382320966921212,8,sr,2.040e-13
7.8125000000000009,-1.6691282845891096,8,sr,9.410e-14
7.8250000000000002,-1.6030960366254188,8,sr,2.911e-13
7.8375000000000004,-1.5399611622137583,8,sr,5.514e-16
7.8500000000000005,-1.4795616632715956,8,sr,4.484e-14
7.8625000000000007,-1.4217467243790267,8,sr,3.280e-17
7.8750000000000009,-1.3663757990096863,8,sr,3.478e-17
7.8875000000000002,-1.3133177815648394,8,sr,5.282e-13
7.9000000000000004,-1.2624502561282649,8,sr,2.243e-16
7.9125000000000005,-1.2136588138831139,8,sr,5.356e-13
7.9250000000000007,-1.1668364322042433,8,sr,7.875e-18
7.9375000000000009,-1.1218829090240428,8,sr,3.301e-16
7.9500000000000002,-1.0787043470335496,8,sr,7.635e-13
7.9625000000000004,-1.0372126827024455,8,sr,2.363e-16
7.9750000000000005,-0.99732525571184627,8,sr,5.797e-16
7.9875000000000007,-0.95896441496222184,8,sr,8.237e-13
8,-0.92205715758431506,8,sr,2.307e-16
8.0124999999999993,-0.88653479783227951,8,sr,1.522e-16
8.0250000000000004,-0.85233266313836753,8,sr,3.317e-16
8.0374999999999996,-0.81938981473263195,8,sr,5.802e-13
8.0499999999999989,-0.78764879063883086,8,sr,3.549e-12
8.0625,-0.75705536904229487,8,sr,1.671e-16
8.0749999999999993,-0.7275583500621926,8,sr,4.559e-12
8.0875000000000004,-0.69910935464496604,8,sr,1.766e-12
8.0999999999999996,-0.67166263859681907,8,sr,1.366e-16
8.1124999999999989,-0.64517492092112594,8,sr,2.347e-16
8.125,-0.61960522494263415,8,sr,6.234e-13
8.1374999999999993,-0.5949147312389258,8,sr,3.739e-14
8.1500000000000004,-0.57106664137507079,8,sr,1.422e-16
8.1624999999999996,-0.54802605155603845,8,sr,9.569e-12
8.1749999999999989,-0.52575983547508909,8,sr,1.363e-16
8.1875,-0.50423653524979828,8,sr,3.533e-12
8.1999999999999993,-0.48342626044249787,8,sr,1.101e-11
8.2125000000000004,-0.46330059388292144,8,sr,1.336e-11
8.2249999999999996,-0.44383250408803537,8,sr,9.515e-12
8.2374999999999989,-0.42499626372603672,8,sr,4.009e-16
8.25,-0.40676737360273429,8,sr,2.984e-16
8.2624999999999993,-0.38912249184723763,8,sr,8.702e-12
8.2750000000000004,-0.37203936780000185,8,sr,6.968e-19
8.2874999999999996,-0.35549678016486352,8,sr,6.664e-17
8.2999999999999989,-0.33947447945756931,8,sr,5.116e-12
8.3125,-0.32395313404069648,8,sr,1.768e-11
8.3249999999999993,-0.30891427978190028,8,sr,1.878e-11
8.3375000000000004,-0.29434027257049455,8,sr,1.050e-11
8.3499999999999996,-0.28021424462766986,8,sr,2.416e-16
8.3624999999999989,-0.26652006263304029,8,sr,2.112e-16
8.375,-0.25324228918773251,8,sr,2.521e-16
8.3874999999999993,-0.24036614632899531,8,sr,3.091e-16
8.4000000000000004,-0.22787748138802916,8,sr,9.281e-16
8.4124999999999996,-0.21576273492249431,8,sr,2.587e-16
8.4249999999999989,-0.20400891060139853,8,sr,8.214e-12
8.4375,-0.19260354685324438,8,sr,1.085e-15
8.4499999999999993,-0.18153469032534267,8,sr,6.372e-16
8.4625000000000004,-0.17079087075663041,8,sr,3.943e-17
8.4749999999999996,-0.1603610774429656,8,sr,1.524e-16
8.4874999999999989,-0.15023473702682491,8,sr,2.257e-16
8.5,-0.14040169257771326,8,sr,1.015e-16
8.5124999999999993,-0.13085218387110725,8,sr,7.835e-17
8.5250000000000004,-0.12157682878782208,8,sr,9.644e-16
8.5374999999999996,-0.112566605761265,8,sr,3.756e-15
8.5499999999999989,-0.10381283720500928,8,sr,1.589e-15
8.5625,-0.095307173858006078,8,sr,1.082e-16
8.5749999999999993,-0.087041579988877474,8,sr,3.667e-15
8.5875000000000004,-0.079008319404960448,8,sr,1.668e-15
8.5999999999999996,-0.071199942215362452,8,sr,8.722e-16
8.6124999999999989,-0.063609272300889058,8,sr,4.507e-15
8.625,-0.056229395446698215,8,sr,1.461e-15
8.6374999999999993,-0.049053648096820661,8,sr,2.632e-15
8.6500000000000004,-0.042075606692066836,8,sr,8.521e-15
8.6624999999999996,-0.035289077555875653,8,sr,1.474e-16
8.6749999999999989,-0.028688087294513814,8,sr,7.901e-15
8.6875,-0.022266873680803614,8,sr,1.566e-14
8.6999999999999993,-0.016019876992286429,8,sr,1.536e-15
8.7125000000000004,-0.0099417317754642975,8,sr,2.030e-12
8.75,0.0073304973637647337,8,sr,3.548e-14
8.7624999999999993,0.012783272156550656,8,sr,3.102e-14
8.7750000000000004,0.018091370035533547,8,sr,2.375e-14
8.7874999999999996,0.023259142814396127,8,sr,2.050e-14
8.7999999999999989,0.028290795641536273,8,sr,2.184e-14
8.8125,0.033190392599739937,8,sr,2.889e-14
8.8249999999999993,0.037961862054646779,8,sr,4.483e-14
8.8375000000000004,0.042609001765824932,8,sr,7.334e-14
8.8499999999999996,0.047135483773239076,8,sr,8.439e-14
8.8624999999999989,0.05154485907166069,8,sr,6.211e-14
8.875,0.05584056208316536,8,sr,1.928e-14
8.8874999999999993,0.060025914940214774,8,sr,1.295e-12
8.9000000000000004,0.06410413158492119,8,sr,6.113e-15
8.9124999999999996,0.068078321704084496,8,sr,8.139e-14
8.9249999999999989,0.071951494491844514,8,sr,1.460e-13
8.9375,0.07572656226565333,8,sr,2.272e-14
8.9499999999999993,0.079406343931296114,8,sr,1.936e-15
8.9625000000000004,0.082993568310091539,8,sr,1.364e-13
8.9749999999999996,0.086490877332140795,8,sr,1.466e-13
8.9874999999999989,0.08990082910419768,8,sr,1.015e-16
9,0.093225900855483199,8,sr,1.291e-13
9.0124999999999993,0.096468491769871059,8,sr,1.883e-13
9.0250000000000004,0.099630925708441398,8,sr,5.271e-16
9.0374999999999996,0.10271545382623777,8,sr,3.273e-13
9.0499999999999989,0.10572425709022194,8,sr,5.146e-14
9.0625,0.10865944870221411,8,sr,8.549e-14
9.0749999999999993,0.111523076428706,8,sr,3.112e-13
9.0875000000000004,0.11431712484586483,8,sr,9.245e-15
9.0999999999999996,0.11704351749842802,8,sr,5.501e-13
9.1124999999999989,0.11970411898169402,8,sr,2.720e-16
9.125,0.12230073694325348,8,sr,7.040e-13
9.1374999999999993,0.12483512401570426,8,sr,7.962e-16
9.1500000000000004,0.12730897967409177,8,sr,8.221e-13
9.1624999999999996,0.1297239520312867,8,sr,1.196e-15
9.1749999999999989,0.132081639562866,8,sr,8.867e-13
9.1875,0.13438359277592285,8,sr,1.227e-14
9.1999999999999993,0.13663131581202562,8,sr,7.468e-13
9.2125000000000004,0.13882626799905332,8,sr,1.396e-13
9.2249999999999996,0.14096986534210706,8,sr,3.019e-13
9.2374999999999989,0.14306348196695451,8,sr,7.414e-13
9.25,0.14510845148618104,8,sr,1.069e-10
9.2624999999999993,0.14710606844934834,8,sr,1.429e-12
9.2750000000000004,0.14905758942290845,8,sr,9.094e-14
9.2874999999999996,0.15096423445065227,8,sr,4.045e-13
9.2999999999999989,0.15282718815562596,8,sr,1.344e-12
9.3125,0.15464760092133895,8,sr,2.585e-15
9.3249999999999993,0.15642659001830481,8,sr,1.088e-12
9.3375000000000004,0.15816524068658014,8,sr,1.022e-12
9.3499999999999996,0.15986460718111725,8,sr,7.759e-16
9.3624999999999989,0.1615257137859212,8,sr,1.427e-12
9.375,0.16314955578889501,8,sr,1.215e-12
9.3874999999999993,0.16473710042227865,8,sr,6.768e-16
9.4000000000000004,0.16628928777736754,8,sr,1.191e-12
9.4124999999999996,0.16780703168215388,8,sr,2.143e-12
9.4249999999999989,0.16929122054869802,8,sr,6.182e-14
9.4375,0.17074271819907394,8,sr,3.780e-13
9.4499999999999993,0.17216236465407714,8,sr,3.055e-12
9.4625000000000004,0.17355097690331492,8,sr,7.941e-13
9.4749999999999996,0.17490934964086463,8,sr,4.961e-16
9.4874999999999989,0.17623825598639931,8,sr,1.410e-12
9.5,0.17753844817506578,8,sr,3.514e-12
9.5124999999999993,0.17881065822274472,8,sr,4.800e-13
9.5250000000000004,0.18005559859256054,8,sr,9.604e-11
9.5374999999999996,0.18127396274714136,8,sr,1.659e-12
9.5499999999999989,0.18246642588968298,8,sr,4.153e-12
9.5625,0.18363364541457919,8,sr,8.338e-13
9.5749999999999993,0.18477626153558671,8,sr,1.951e-15
9.5875000000000004,0.18589489782443297,8,sr,8.048e-13
9.5999999999999996,0.18699016173576097,8,sr,3.813e-12
9.6125000000000007,0.18806264512133927,8,sr,2.457e-12
9.625,0.18911292471929728,8,sr,2.145e-13
9.6374999999999993,0.19014156264019344,8,sr,2.949e-15
9.6500000000000004,0.19114910682487271,8,sr,1.490e-12
9.6624999999999996,0.19213609149496613,8,sr,4.273e-12
9.6750000000000007,0.19310303758771943,8,sr,2.412e-12
9.6875,0.19405045317130859,8,sr,2.842e-13
9.6999999999999993,0.19497883383474579,8,sr,2.043e-10
9.7125000000000004,0.19588866319565318,8,sr,8.008e-13
9.7249999999999996,0.19678041304547064,8,sr,3.340e-12
9.7375000000000007,0.19765454395812579,8,sr,3.826e-12
9.75,0.19851150552405494,8,sr,1.188e-12
9.7624999999999993,0.19935173672777889,8,sr,7.124e-14
9.7750000000000004,0.20017566627913913,8,sr,8.420e-15
9.7874999999999996,0.20098371294022618,8,sr,9.078e-13
9.8000000000000007,0.20177628584146878,8,sr,2.961e-12
9.8125,0.20255378478870659,8,sr,3.630e-12
9.8249999999999993,0.20331660055616252,8,sr,1.491e-12
9.8375000000000004,0.20406511518020021,8,sr,2.319e-13
9.8499999999999996,0.20479970223487556,8,sr,3.039e-16
9.8625000000000007,0.20552072710398944,8,sr,1.373e-13
9.875,0.20622854724438655,8,sr,1.135e-12
9.8874999999999993,0.20692351244161522,8,sr,2.500e-12
9.9000000000000004,0.20760596505852549,8,sr,2.563e-12
9.9124999999999996,0.20827624027370664,8,sr,1.173e-12
9.9250000000000007,0.20893466631956797,8,sr,2.651e-13
9.9375,0.20958156470726394,8,sr,8.400e-15
9.9499999999999993,0.21021725044853831,8,sr,6.719e-15
9.9625000000000004,0.21084203227089501,8,sr,2.656e-13
9.9749999999999996,0.21145621282688815,8,sr,8.912e-13
9.9875000000000007,0.21206008889773736,8,sr,1.505e-12
10,0.21265395159173098,8,sr,1.291e-12
7.5250000000000004,14.999397701091917,9,sr,1.301e-15
7.5375000000000005,14.960512124615454,9,sr,1.554e-11
7.5500000000000007,14.921500991060853,9,sr,6.994e-16
7.5625000000000009,14.882379270736449,9,sr,1.124e-15
7.5750000000000002,14.843161120287741,9,sr,1.919e-15
7.5875000000000004,14.803859922904175,9,sr,1.947e-15
7.6000000000000005,14.764488327326092,9,sr,8.094e-16
7.6125000000000007,14.725058285603271,9,sr,4.193e-13
7.6250000000000009,14.685581089454805,9,sr,2.479e-11
7.6375000000000002,14.646067405306747,9,sr,6.420e-17
7.6500000000000004,14.606527307525054,9,sr,9.105e-16
7.6625000000000005,14.566970310551588,9,sr,1.186e-15
7.6750000000000007,14.527405399224975,9,sr,5.937e-15
7.6875000000000009,14.487841057734412,9,sr,3.243e-15
7.7000000000000002,14.448285297092948,9,sr,1.982e-15
7.7125000000000004,14.408745681189577,9,sr,1.867e-15
7.7250000000000005,14.369229351465343,9,sr,2.939e-15
7.7375000000000007,14.329743050263628,9,sr,5.238e-15
7.7500000000000009,14.290293142921442,9,sr,2.128e-11
7.7625000000000002,14.250885638562547,9,sr,2.244e-15
7.7750000000000004,14.211526209930982,9,sr,4.390e-15
7.7875000000000005,14.172220211850325,9,sr,9.541e-15
7.8000000000000007,14.132972698834861,9,sr,4.260e-15
7.8125000000000009,14.093788441624648,9,sr,8.005e-15
7.8250000000000002,14.054671942791851,9,sr,4.653e-15
7.8375000000000004,14.015627451455943,9,sr,2.311e-15
7.8500000000000005,13.976658977157474,9,sr,1.867e-15
7.8625000000000007,13.937770302937741,9,sr,9.741e-15
7.8750000000000009,13.898964997669717,9,sr,3.251e-15
7.8875000000000002,13.860246427697424,9,sr,2.785e-11
7.9000000000000004,13.821617767727993,9,sr,1.405e-14
7.9125000000000005,13.783082011305602,9,sr,9.370e-15
7.9250000000000007,13.744641980420724,9,sr,1.808e-15
7.9375000000000009,13.706300334773218,9,sr,2.736e-15
7.9500000000000002,13.668059580431887,9,sr,7.524e-16
7.9625000000000004,13.629922078018517,9,sr,2.360e-15
7.9750000000000005,13.591890050431884,9,sr,1.198e-14
7.9875000000000007,13.553965590139178,9,sr,1.370e-15
8,13.516150666060867,9,sr,1.131e-14
8.0124999999999993,13.478447130073489,9,sr,8.610e-15
8.0250000000000004,13.440856723153081,9,sr,1.288e-14
8.0374999999999996,13.403381081181081,9,sr,3.265e-15
8.0499999999999989,13.366021740432513,9,sr,4.177e-15
8.0625,13.328780142765897,9,sr,4.833e-15
8.0749999999999993,13.291657640532303,9,sr,1.108e-14
8.0875000000000004,13.254655501220521,9,sr,9.525e-15
8.0999999999999996,13.21777491185386,9,sr,1.287e-14
8.1124999999999989,13.181016983153404,9,sr,9.281e-15
8.125,13.144382753481546,9,sr,1.017e-15
8.1374999999999993,13.10787319257858,9,sr,1.312e-14
8.1500000000000004,13.071489205104703,9,sr,1.001e-14
8.1624999999999996,13.035231634015897,9,sr,4.948e-11
8.1749999999999989,12.999101263664619,9,sr,1.098e-14
8.1875,12.963098822994363,9,sr,9.994e-15
8.1999999999999993,12.927224988239447,9,sr,2.258e-14
8.2125000000000004,12.891480385736875,9,sr,1.664e-14
8.2249999999999996,12.855865594499788,9,sr,4.399e-15
8.2374999999999989,12.820381148673524,9,sr,2.004e-11
8.25,12.785027539909864,9,sr,8.292e-13
8.2624999999999993,12.749805219529442,9,sr,6.033e-15
8.2750000000000004,12.71471460070935,9,sr,1.212e-14
8.2874999999999996,12.67975606046797,9,sr,7.919e-16
8.2999999999999989,12.644929941610448,9,sr,4.493e-11
8.3125,12.610236554511376,9,sr,5.669e-11
8.3249999999999993,12.57567617891528,9,sr,5.362e-15
8.3375000000000004,12.541249065639757,9,sr,6.641e-15
8.3499999999999996,12.506955438066766,9,sr,8.585e-15
8.3624999999999989,12.472795493736546,9,sr,1.485e-14
8.375,12.43876940578553,9,sr,4.223e-15
8.3874999999999993,12.404877324338036,9,sr,1.082e-14
8.4000000000000004,12.371119377837882,9,sr,3.738e-15
8.4124999999999996,12.337495674323733,9,sr,1.459e-14
8.4249999999999989,12.304006302651107,9,sr,5.152e-17
8.4375,12.270651333664198,9,sr,1.705e-15
8.4499999999999993,12.237430821320448,9,sr,3.834e-15
8.4625000000000004,12.204344803770418,9,sr,5.715e-16
8.4749999999999996,12.171393304395771,9,sr,6.172e-15
8.4874999999999989,12.138576332807618,9,sr,9.111e-15
8.5,12.105893885807712,9,sr,1.123e-14
8.5124999999999993,12.073345948314664,9,sr,1.733e-14
8.5250000000000004,12.040932494257174,9,sr,3.731e-15
8.5374999999999996,12.008653487436547,9,sr,4.660e-15
8.5499999999999989,11.97650888236012,9,sr,3.877e-15
8.5625,11.944498625047638,9,sr,3.884e-15
8.5749999999999993,11.912622653812255,9,sr,8.706e-15
8.5875000000000004,11.880880900017807,9,sr,4.346e-15
8.5999999999999996,11.84927328881404,9,sr,4.856e-15
8.6124999999999989,11.817799739851223,9,sr,1.045e-14
8.625,11.786460167975758,9,sr,4.534e-15
8.6374999999999993,11.755254483913026,9,sr,1.937e-11
8.6500000000000004,11.724182594904468,9,sr,4.889e-15
8.6624999999999996,11.693244405403458,9,sr,3.040e-15
8.6749999999999989,11.662439817659223,9,sr,9.998e-15
8.6875,11.631768732362062,9,sr,2.131e-14
8.6999999999999993,11.601231049264367,9,sr,6.578e-11
8.7125000000000004,11.570826667696995,9,sr,2.931e-12
8.7249999999999996,11.540555487326984,9,sr,4.489e-12
8.7374999999999989,11.510417408576306,9,sr,9.077e-12
8.75,11.480412333272884,9,sr,3.104e-11
8.7624999999999993,11.450540165171823,9,sr,9.874e-11
8.7750000000000004,11.420800810693706,9,sr,5.887e-15
8.7874999999999996,11.391194179177576,9,sr,1.542e-14
8.7999999999999989,11.36172018372258,9,sr,5.801e-15
8.8125,11.332378741616694,9,sr,1.266e-15
8.8249999999999993,11.303169774919912,9,sr,1.824e-15
8.8375000000000004,11.27409321102359,9,sr,9.724e-15
8.8499999999999996,11.245148983232744,9,sr,8.533e-11
8.8624999999999989,11.216337031224192,9,sr,8.840e-15
8.875,11.187657301825814,9,sr,8.749e-15
8.8874999999999993,11.15910974937767,9,sr,1.641e-15
8.9000000000000004,11.130694336416319,9,sr,1.665e-15
8.9124999999999996,11.10241103423928,9,sr,1.504e-15
8.9249999999999989,11.074259823498714,9,sr,5.559e-15
8.9375,11.046240694804411,9,sr,9.309e-15
8.9499999999999993,11.018353649337094,9,sr,3.700e-15
8.9625000000000004,10.990598699473278,9,sr,2.619e-17
8.9749999999999996,10.962975869422896,9,sr,6.009e-15
8.9874999999999989,10.935485195880801,9,sr,5.708e-15
9,10.908126728693583,9,sr,1.040e-16
9.0124999999999993,10.88090053154284,9,sr,4.772e-15
9.0250000000000004,10.853806682646317,9,sr,9.879e-15
9.0374999999999996,10.826845275478327,9,sr,8.871e-15
9.0499999999999989,10.800016419512364,9,sr,6.073e-12
9.0625,10.773320240976499,9,sr,8.714e-15
9.0749999999999993,10.746756883656031,9,sr,1.993e-15
9.0875000000000004,10.720326509690054,9,sr,1.120e-15
9.0999999999999996,10.694029300418528,9,sr,1.964e-14
9.1124999999999989,10.667865457248643,9,sr,3.205e-14
9.125,10.64183520255329,9,sr,1.828e-14
9.1374999999999993,10.615938780601974,9,sr,4.516e-16
9.1500000000000004,10.590176458525919,9,sr,6.347e-15
9.1624999999999996,10.564548527319804,9,sr,1.145e-14
9.1749999999999989,10.539055302881877,9,sr,4.113e-15
9.1875,10.513697127094899,9,sr,9.670e-15
9.1999999999999993,10.488474368950232,9,sr,2.672e-14
9.2125000000000004,10.463387425717377,9,sr,3.451e-14
9.2249999999999996,10.438436724161679,9,sr,2.841e-14
9.2374999999999989,10.4136227218127,9,sr,2.164e-14
9.25,10.388945908286122,9,sr,5.298e-15
9.2624999999999993,10.364406806662066,9,sr,3.354e-15
9.2750000000000004,10.340005974923249,9,sr,1.659e-12
9.2874999999999996,10.315744007452878,9,sr,2.843e-16
9.2999999999999989,10.291621536605586,9,sr,2.215e-14
9.3125,10.267639234338029,9,sr,5.210e-14
9.3249999999999993,10.243797813919409,9,sr,1.975e-14
9.3375000000000004,10.220098031715894,9,sr,3.333e-15
9.3499999999999996,10.196540689055604,9,sr,1.067e-14
9.3624999999999989,10.173126634178116,9,sr,4.626e-14
9.375,10.149856764261759,9,sr,3.300e-11
9.3874999999999993,10.126732027607007,9,sr,2.418e-14
9.4000000000000004,10.103753425758958,9,sr,2.554e-14
9.4124999999999996,10.080922015941811,9,sr,5.696e-15
9.4249999999999989,10.05823891344204,9,sr,4.551e-14
9.4375,10.035705294165279,9,sr,6.229e-15
9.4499999999999993,10.013322397298852,9,sr,3.596e-14
9.4625000000000004,9.991091528094433,9,sr,7.346e-15
9.4749999999999996,9.9690140607766775,9,sr,1.552e-14
9.4874999999999989,9.947091441581712,9,sr,3.233e-14
9.5,9.9253251919312575,9,sr,3.039e-15
9.5124999999999993,9.9037169117462014,9,sr,1.515e-14
9.5250000000000004,9.8822682829048638,9,sr,3.636e-14
9.5374999999999996,9.8609810728500431,9,sr,5.021e-15
9.5499999999999989,9.8398571383392319,9,sr,2.379e-11
9.5625,9.818898429406671,9,sr,1.294e-14
9.5749999999999993,9.7981069933465204,9,sr,2.942e-14
9.5875000000000004,9.7774849790414446,9,sr,4.035e-14
9.5999999999999996,9.7570346413165261,9,sr,2.809e-14
9.6125000000000007,9.7367583455112356,9,sr,1.754e-14
9.625,9.7166585722050094,9,sr,1.775e-14
9.6374999999999993,9.6967379221024945,9,sr,2.262e-14
9.6500000000000004,9.6769991210743544,9,sr,2.081e-14
9.6624999999999996,9.6574450253469291,9,sr,3.034e-14
9.6750000000000007,9.6380786268314829,9,sr,3.106e-14
9.6875,9.6189030585804804,9,sr,1.064e-14
9.6999999999999993,9.5999216003530563,9,sr,4.446e-12
9.7125000000000004,9.5811376842835418,9,sr,5.242e-15
9.7249999999999996,9.5625549005832511,9,sr,2.386e-14
9.7375000000000007,9.544177003318481,9,sr,5.266e-15
9.75,9.5260079161521798,9,sr,5.761e-15
9.7624999999999993,9.5080517380474436,9,sr,1.825e-14
9.7750000000000004,9.4903127488630581,9,sr,2.713e-16
9.7874999999999996,9.4727954147773463,9,sr,1.803e-14
9.8000000000000007,9.4555043934622152,9,sr,2.714e-15
9.8125,9.4384445389163165,9,sr,1.262e-14
9.8249999999999993,9.4216209058493572,9,sr,3.359e-15
9.8375000000000004,9.4050387535176263,9,sr,4.014e-11
9.8499999999999996,9.3887035486930355,9,sr,1.516e-15
9.8625000000000007,9.3726209681132886,9,sr,9.139e-15
9.875,9.3567968993605977,9,sr,5.830e-15
9.8874999999999993,9.3412374408057719,9,sr,2.788e-15
9.9000000000000004,9.3259488998486031,9,sr,1.793e-15
9.9124999999999996,9.3109377893380234,9,sr,2.240e-15
9.9250000000000007,9.2962108218207256,9,sr,2.268e-15
9.9375,9.2817749012503832,9,sr,1.606e-15
9.9499999999999993,9.2676371117451239,9,sr,2.263e-15
9.9625000000000004,9.2538047029339143,9,sr,1.618e-15
9.9749999999999996,9.2402850713835019,9,sr,1.210e-15
9.9875000000000007,9.2270857375471653,9,sr,1.085e-16
10,9.214214317632722,9,sr,6.977e-12
8.4625000000000004,14.960796201262875,10,sr,2.906e-15
8.4749999999999996,14.919721365244571,10,sr,8.169e-15
8.4874999999999989,14.878816684084752,10,sr,8.866e-15
8.5,14.838081962232691,10,sr,2.318e-14
8.5124999999999993,14.797516993188378,10,sr,3.222e-15
8.5250000000000004,14.757121560431081,10,sr,1.530e-14
8.5374999999999996,14.716895438314936,10,sr,5.287e-15
8.5499999999999989,14.676838392933698,10,sr,4.295e-15
8.5625,14.636950182956701,10,sr,8.447e-16
8.5749999999999993,14.597230560437845,10,sr,1.137e-14
8.5875000000000004,14.557679271599524,10,sr,4.369e-15
8.5999999999999996,14.518296057593254,10,sr,1.093e-15
8.6124999999999989,14.479080655238626,10,sr,7.141e-15
8.625,14.440032797742345,10,sr,4.127e-13
8.6374999999999993,14.401152215398236,10,sr,6.212e-15
8.6500000000000004,14.362438636271749,10,sr,1.247e-14
8.6624999999999996,14.323891786866957,10,sr,4.130e-15
8.6749999999999989,14.285511392789799,10,sr,3.518e-11
8.6875,14.247297179344908,10,sr,3.848e-15
8.6999999999999993,14.209248872278252,10,sr,9.792e-11
8.7125000000000004,14.171366198189549,10,sr,1.498e-11
8.7249999999999996,14.133648885418133,10,sr,1.888e-11
8.7374999999999989,14.096096664414622,10,sr,3.430e-11
8.75,14.058709268411388,10,sr,6.287e-11
8.7624999999999993,14.021486434124533,10,sr,6.757e-15
8.7750000000000004,13.984427902108727,10,sr,4.311e-11
8.7874999999999996,13.94753341758928,10,sr,1.973e-15
8.7999999999999989,13.910802730851257,10,sr,7.356e-15
8.8125,13.874235597954261,10,sr,4.112e-11
8.8249999999999993,13.837831781210715,10,sr,1.800e-14
8.8375000000000004,13.80159104988272,10,sr,2.312e-14
8.8499999999999996,13.765513180667439,10,sr,2.350e-15
8.8624999999999989,13.729597958317596,10,sr,8.726e-11
8.875,13.693845176336019,10,sr,1.269e-14
8.8874999999999993,13.658254637361939,10,sr,1.124e-14
8.9000000000000004,13.622826153997947,10,sr,8.610e-15
8.9124999999999996,13.587559549321075,10,sr,1.028e-15
8.9249999999999989,13.552454657533751,10,sr,3.580e-15
8.9375,13.517511324604611,10,sr,1.111e-14
8.9499999999999993,13.482729408921909,10,sr,1.914e-15
8.9625000000000004,13.448108781961057,10,sr,7.586e-16
8.9749999999999996,13.413649328967566,10,sr,1.221e-14
8.9874999999999989,13.379350949656871,10,sr,4.556e-15
9,13.345213558932594,10,sr,1.298e-14
9.0124999999999993,13.31123708762467,10,sr,6.475e-15
9.0250000000000004,13.27742148324903,10,sr,2.583e-14
9.0374999999999996,13.243766710790528,10,sr,1.308e-14
9.0499999999999989,13.210272753510646,10,sr,1.540e-16
9.0625,13.176939613782142,10,sr,8.547e-15
9.0749999999999993,13.143767313952237,10,sr,1.178e-14
9.0875000000000004,13.110755897236288,10,sr,8.642e-16
9.0999999999999996,13.077905428644407,10,sr,8.560e-15
9.1124999999999989,13.045215995942613,10,sr,1.802e-14
9.125,13.012687710651319,10,sr,2.302e-14
9.1374999999999993,12.980320709083172,10,sr,1.422e-14
9.1500000000000004,12.948115153422993,10,sr,1.755e-14
9.1624999999999996,12.916071232852167,10,sr,2.780e-15
9.1749999999999989,12.884189164720611,10,sr,2.818e-15
9.1875,12.852469195768871,10,sr,4.345e-14
9.1999999999999993,12.820911603403728,10,sr,1.592e-14
9.2125000000000004,12.789516697030157,10,sr,3.900e-15
9.2249999999999996,12.758284819443549,10,sr,3.686e-14
9.2374999999999989,12.727216348285202,10,sr,4.459e-14
9.25,12.696311697565472,10,sr,6.577e-15
9.2624999999999993,12.66557131925787,10,sr,7.210e-15
9.2750000000000004,12.634995704968965,10,sr,3.433e-14
9.2874999999999996,12.604585387688164,10,sr,1.218e-14
9.2999999999999989,12.57434094362196,10,sr,2.910e-15
9.3125,12.544262994117906,10,sr,1.307e-14
9.3249999999999993,12.51435220768321,10,sr,1.725e-14
9.3375000000000004,12.484609302103514,10,sr,7.005e-15
9.3499999999999996,12.455035046688065,10,sr,6.478e-11
9.3624999999999989,12.425630264504607,10,sr,5.368e-15
9.375,12.396395835038243,10,sr,1.085e-15
9.3874999999999993,12.367332696568079,10,sr,4.955e-14
9.4000000000000004,12.338441848981596,10,sr,3.832e-14
9.4124999999999996,12.309724356618572,10,sr,3.709e-11
9.4249999999999989,12.281181351208765,10,sr,7.291e-15
9.4375,12.252814035150688,10,sr,6.565e-14
9.4499999999999993,12.224623684706573,10,sr,4.672e-15
9.4625000000000004,12.196611653556372,10,sr,1.554e-14
9.4749999999999996,12.168779376459335,10,sr,2.010e-14
9.4874999999999989,12.1411283731198,10,sr,1.132e-14
9.5,12.113660252255068,10,sr,1.441e-14
9.5124999999999993,12.086376715875026,10,sr,8.719e-15
9.5250000000000004,12.059279563784891,10,sr,1.976e-15
9.5374999999999996,12.032370698321333,10,sr,3.974e-14
9.5499999999999989,12.005652129333688,10,sr,1.132e-14
9.5625,11.979125979420928,10,sr,1.482e-14
9.5749999999999993,11.952794489436474,10,sr,4.643e-14
9.5875000000000004,11.92666002427138,10,sr,1.918e-14
9.5999999999999996,11.900725078927891,10,sr,2.586e-16
9.6125000000000007,11.87499228489326,10,sr,5.626e-14
9.625,11.84946441682529,10,sr,1.686e-14
9.6374999999999993,11.824144399557897,10,sr,5.210e-15
9.6500000000000004,11.799035315436576,10,sr,5.679e-15
9.6624999999999996,11.774140411989841,10,sr,4.509e-15
9.6750000000000007,11.74946310994255,10,sr,6.801e-15
9.6875,11.725007011575194,10,sr,2.058e-12
9.6999999999999993,11.700775909422163,10,sr,1.287e-15
9.7125000000000004,11.676773795326813,10,sr,1.477e-14
9.7249999999999996,11.653004869810689,10,sr,2.061e-14
9.7375000000000007,11.629473551778467,10,sr,2.762e-16
9.75,11.60618448851876,10,sr,4.570e-15
9.7624999999999993,11.583142565979676,10,sr,1.334e-14
9.7750000000000004,11.560352919281934,10,sr,2.930e-15
9.7874999999999996,11.537820943421634,10,sr,1.761e-14
9.8000000000000007,11.515552304101066,10,sr,2.791e-15
9.8125,11.493552948611285,10,sr,1.178e-14
9.8249999999999993,11.471829116670335,10,sr,1.642e-15
9.8375000000000004,11.450387351100371,10,sr,2.867e-15
9.8499999999999996,11.429234508200429,10,sr,3.935e-15
9.8625000000000007,11.408377767642538,10,sr,6.548e-15
9.875,11.387824641683808,10,sr,5.440e-15
9.8874999999999993,11.36758298344723,10,sr,7.484e-15
9.9000000000000004,11.347660993977842,10,sr,7.493e-15
9.9124999999999996,11.328067227727937,10,sr,9.330e-15
9.9250000000000007,11.308810596064633,10,sr,1.977e-15
9.9375,11.28990036832335,10,sr,1.795e-12
9.9499999999999993,11.271346169864897,10,sr,1.094e-16
9.9625000000000004,11.253157976467893,10,sr,2.910e-15
9.9749999999999996,11.235346104372574,10,sr,9.550e-16
9.9875000000000007,11.217921195087271,10,sr,3.082e-15
10,11.200894194035513,10,sr,3.548e-15
9.3375000000000004,14.975382362177896,11,sr,4.042e-15
9.3499999999999996,14.93917867632323,11,sr,9.218e-15
9.3624999999999989,14.903172632551316,11,sr,4.406e-14
9.375,14.867365057284177,11,sr,5.114e-14
9.3874999999999993,14.831756842511023,11,sr,2.217e-14
9.4000000000000004,14.796348948917792,11,sr,1.944e-14
9.4124999999999996,14.761142409191498,11,sr,4.543e-16
9.4249999999999989,14.726138331509333,11,sr,6.383e-15
9.4375,14.691337903224525,11,sr,8.677e-16
9.4499999999999993,14.656742394760997,11,sr,2.935e-14
9.4625000000000004,14.622353163729757,11,sr,5.269e-14
9.4749999999999996,14.588171659280807,11,sr,3.142e-14
9.4874999999999989,14.554199426704763,11,sr,3.527e-15
9.5,14.520438112300193,11,sr,4.414e-15
9.5124999999999993,14.486889468521877,11,sr,3.070e-14
9.5250000000000004,14.453555359427826,11,sr,1.579e-14
9.5374999999999996,14.420437766442419,11,sr,6.079e-15
9.5499999999999989,14.387538794455008,11,sr,5.733e-14
9.5625,14.354860678263918,11,sr,2.226e-11
9.5749999999999993,14.322405789450672,11,sr,4.710e-14
9.5875000000000004,14.290176643514897,11,sr,3.822e-15
9.5999999999999996,14.258175907609433,11,sr,3.335e-14
9.6125000000000007,14.226406408581811,11,sr,1.521e-14
9.625,14.194871141528598,11,sr,1.568e-11
9.6374999999999993,14.163573278872041,11,sr,1.631e-14
9.6500000000000004,14.132516179845824,11,sr,3.567e-14
9.6624999999999996,14.101703400659042,11,sr,1.566e-14
9.6750000000000007,14.071138705117493,11,sr,3.545e-15
9.6875,14.040826075872504,11,sr,6.437e-16
9.6999999999999993,14.010769726270961,11,sr,3.536e-15
9.7125000000000004,13.980974112833641,11,sr,1.173e-14
9.7249999999999996,13.951443948379987,11,sr,1.063e-14
9.7375000000000007,13.922184215813781,11,sr,1.595e-14
9.75,13.893200182579795,11,sr,1.857e-14
9.7624999999999993,13.864497415795237,11,sr,2.856e-15
9.7750000000000004,13.836081798053009,11,sr,2.885e-15
9.7874999999999996,13.807959543883092,11,sr,1.643e-14
9.8000000000000007,13.780137216847633,11,sr,7.659e-16
9.8125,13.752621747230089,11,sr,1.530e-14
9.8249999999999993,13.72542045026022,11,sr,7.326e-15
9.8375000000000004,13.698541044795657,11,sr,4.040e-15
9.8499999999999996,13.671991672352695,11,sr,1.243e-14
9.8625000000000007,13.645780916347473,11,sr,7.132e-16
9.875,13.619917821367503,11,sr,1.878e-12
9.8874999999999993,13.59441191225809,11,sr,1.326e-15
9.9000000000000004,13.569273212714091,11,sr,4.146e-15
9.9124999999999996,13.544512263093592,11,sr,2.050e-11
9.9250000000000007,13.520140136867404,11,sr,4.952e-16
9.9375,13.496168455555726,11,sr,6.335e-15
9.9499999999999993,13.472609400951249,11,sr,7.671e-15
9.9625000000000004,13.449475724468138,11,sr,2.312e-11
9.9749999999999996,13.426780752238821,11,sr,4.019e-15
9.9875000000000007,13.404538385427115,11,sr,2.104e-11
10,13.382763093912134,11,sr,3.387e-15
